# https://github.com/mikedh/trimesh
mtllib material.mtl
usemtl Body
v -0.03322330 0.07297974 0.01304378
v -0.03501088 0.06825075 0.00440344
v -0.03361949 0.06803677 0.01301979
v -0.03547354 0.07349648 0.00414515
v -0.03360780 0.07843811 0.01302657
v -0.04217553 0.07362163 -0.00412883
v -0.04217381 0.06843290 -0.00455958
v -0.05190022 0.06912480 -0.00943292
v -0.03616054 0.07899412 0.00417515
v -0.03387479 0.08598129 0.01326170
v -0.04255595 0.07901595 -0.00400969
v -0.03677980 0.08664056 0.00426614
v -0.03368454 0.09625471 0.01400811
v -0.05208997 0.07411291 -0.00802143
v -0.03698304 0.09708685 0.00461889
v -0.03314437 0.10763782 0.01506420
v -0.04278645 0.08668243 -0.00389577
v -0.03685499 0.10855857 0.00514722
v -0.03237019 0.11853947 0.01615690
v -0.06154981 0.07372224 -0.00325016
v -0.06117730 0.06839164 -0.00455915
v -0.06803681 0.06769103 0.00561640
v -0.05237510 0.07928929 -0.00757907
v -0.04268061 0.09723003 -0.00361151
v -0.03647701 0.11946311 0.00579084
v -0.03111475 0.13070235 0.01732801
v -0.06793119 0.07323613 0.00651298
v -0.06892751 0.06719365 0.01661655
v -0.06174831 0.07913233 -0.00257634
v -0.05251678 0.08702675 -0.00720432
v -0.04238984 0.10880585 -0.00321048
v -0.06192300 0.08691612 -0.00209458
v -0.05225987 0.09772029 -0.00678403
v -0.06793081 0.07881376 0.00715952
v -0.06181301 0.09757783 -0.00198681
v -0.04206734 0.11999018 -0.00269992
v -0.05187839 0.10936872 -0.00651964
v -0.06176658 0.10919046 -0.00208091
v -0.03584922 0.13105273 0.00622798
v -0.03497999 0.14476101 0.00614364
v -0.02913013 0.14588600 0.01867485
v -0.04178769 0.13149346 -0.00253401
v -0.05167342 0.12051815 -0.00654738
v -0.06213407 0.12036031 -0.00216767
v -0.03419866 0.15755056 0.00582248
v -0.02724384 0.15999681 0.01973438
v -0.03384686 0.16653919 0.00550025
v -0.02628706 0.16900809 0.01999735
v -0.03367081 0.17419811 0.00511042
v -0.02580784 0.17593682 0.01981978
v -0.03339311 0.18322285 0.00464140
v -0.02534874 0.18397689 0.01958675
v -0.02503666 0.19279683 0.01924612
v -0.04071588 0.17347291 -0.00536372
v -0.04113087 0.16537473 -0.00471198
v -0.04142893 0.15637104 -0.00402925
v -0.03297191 0.19267465 0.00406917
v -0.02499883 0.20203422 0.01875541
v -0.04022948 0.18291561 -0.00617949
v -0.03238415 0.20163792 0.00333137
v -0.02528181 0.21197794 0.01810821
v -0.04161207 0.14438221 -0.00314235
v -0.03973631 0.19262938 -0.00717450
v -0.03179765 0.21107003 0.00261924
v -0.02592799 0.22283924 0.01730669
v -0.05159182 0.13179971 -0.00693096
v -0.03926135 0.20162588 -0.00833900
v -0.06269930 0.13160203 -0.00238750
v -0.05150836 0.15560280 -0.00864510
v -0.05153720 0.14410780 -0.00772439
v -0.06323194 0.14362794 -0.00287163
v -0.05152164 0.16460755 -0.00941002
v -0.06374826 0.15489967 -0.00349150
v -0.05157105 0.17293663 -0.01021088
v -0.06425170 0.16410376 -0.00413452
v -0.06473648 0.17278448 -0.00493249
v -0.05162897 0.18261349 -0.01122678
v -0.05157663 0.19251566 -0.01240542
v -0.06521997 0.18267943 -0.00598800
v -0.05130607 0.20172383 -0.01370064
v -0.07522074 0.15449321 0.01081046
v -0.07625356 0.16364017 0.01081295
v -0.07715708 0.17225409 0.01054873
v -0.07801379 0.18234250 0.00971145
v -0.07397649 0.14305666 0.01085284
v -0.07262890 0.13086294 0.01068561
v -0.07127998 0.11964885 0.01002301
v -0.07002874 0.10860319 0.00918415
v -0.06896726 0.09711771 0.00849166
v -0.07268937 0.10778780 0.02210755
v -0.06822714 0.08661105 0.00784835
v -0.07122951 0.09627485 0.02021732
v -0.07008154 0.08577481 0.01871400
v -0.06951156 0.07805736 0.01780014
v -0.06613118 0.08517709 0.02911254
v -0.06931748 0.07251160 0.01726258
v -0.06588162 0.07751679 0.02792424
v -0.06585708 0.07198792 0.02746496
v -0.06560937 0.06643112 0.02714825
v -0.06677099 0.09550724 0.03150027
v -0.05906415 0.08448170 0.03723846
v -0.05895120 0.07691360 0.03572383
v -0.05874575 0.07147565 0.03504547
v -0.05846667 0.06583758 0.03506389
v -0.05385599 0.07061913 0.04007888
v -0.05356600 0.06518989 0.03943677
v -0.05374493 0.07619184 0.04093121
v -0.04622991 0.07046071 0.04110853
v -0.04602251 0.06542013 0.04088497
v -0.04073063 0.06595483 0.03647307
v -0.04597002 0.07581638 0.04174595
v -0.04056600 0.07084948 0.03624722
v -0.03932301 0.06622062 0.02998140
v -0.05371936 0.08391709 0.04217323
v -0.04570365 0.08366791 0.04286908
v -0.03915012 0.07130341 0.02978211
v -0.03559658 0.06733266 0.02179019
v -0.04048473 0.07604383 0.03655060
v -0.03512775 0.07218811 0.02183909
v -0.03361949 0.06803677 0.01301979
v -0.03322330 0.07297974 0.01304378
v -0.03884972 0.07651381 0.03024298
v -0.03527938 0.07750529 0.02184431
v -0.03360780 0.07843811 0.01302657
v -0.04011547 0.08345228 0.03729731
v -0.03513043 0.08491765 0.02235223
v -0.03387479 0.08598129 0.01326170
v -0.03840430 0.08379169 0.03101361
v -0.03923099 0.09416775 0.03867352
v -0.03431865 0.09526031 0.02378228
v -0.03368454 0.09625471 0.01400811
v -0.03726265 0.09455852 0.03333790
v -0.03322333 0.10685769 0.02579294
v -0.03314437 0.10763782 0.01506420
v -0.03237019 0.11853947 0.01615690
v -0.03740260 0.10604818 0.03877096
v -0.03220614 0.11800372 0.02786550
v -0.03111475 0.13070235 0.01732801
v -0.04559079 0.09429067 0.04427890
v -0.03078614 0.13059458 0.03013043
v -0.02913013 0.14588600 0.01867485
v -0.04550344 0.10590588 0.04614655
v -0.05414480 0.09477680 0.04361298
v -0.03625257 0.11739496 0.04044335
v -0.04525923 0.11693522 0.04863994
v -0.05868711 0.09503637 0.03989130
v -0.05634267 0.10607814 0.04427452
v -0.06778637 0.10680470 0.03436470
v -0.05717215 0.11722889 0.04670468
v -0.04503082 0.12901595 0.05177251
v -0.07418035 0.11881614 0.02414719
v -0.06918672 0.11784607 0.03692057
v -0.07590977 0.13009916 0.02597705
v -0.05826694 0.12893669 0.04971966
v -0.03480985 0.12983711 0.04274762
v -0.07808135 0.14250398 0.02722998
v -0.07097932 0.12933332 0.03939737
v -0.04500348 0.14353627 0.05545733
v -0.03317562 0.14518651 0.04608725
v -0.08018472 0.15421587 0.02801514
v -0.07316825 0.14208107 0.04199499
v -0.05986252 0.14255287 0.05301229
v -0.08172270 0.16355611 0.02841078
v -0.06152442 0.15538000 0.05593066
v -0.07530963 0.15417397 0.04425966
v -0.08290942 0.17224826 0.02828291
v -0.04516414 0.15712632 0.05878655
v -0.07697060 0.16385290 0.04570281
v -0.06284677 0.16491187 0.05779935
v -0.08395709 0.18228127 0.02753404
v -0.03172800 0.15938856 0.04930434
v -0.04548585 0.16656768 0.06083317
v -0.06406516 0.17328988 0.05898330
v -0.07831282 0.17275883 0.04649581
v -0.07949879 0.18278478 0.04679008
v -0.02849014 0.14658238 0.03274137
v -0.02724384 0.15999681 0.01973438
v -0.02628395 0.16135228 0.03498610
v -0.02628706 0.16900809 0.01999735
v -0.03081439 0.16860934 0.05122259
v -0.02512211 0.17034250 0.03616169
v -0.02580784 0.17593682 0.01981978
v -0.04593480 0.17432275 0.06224481
v -0.03040389 0.17579925 0.05259774
v -0.02455418 0.17696543 0.03680098
v -0.02534874 0.18397689 0.01958675
v -0.04651154 0.18307500 0.06370749
v -0.03050816 0.18402524 0.05419444
v -0.02412966 0.18470415 0.03743088
v -0.06538963 0.18275525 0.05986816
v -0.02399113 0.19336957 0.03764333
v -0.02503666 0.19279683 0.01924612
v -0.04713942 0.19238433 0.06467098
v -0.03100636 0.19309795 0.05526536
v -0.06651484 0.19251905 0.06020654
v -0.02428324 0.20266590 0.03702857
v -0.02499883 0.20203422 0.01875541
v -0.04774349 0.20169890 0.06453886
v -0.03181019 0.20265239 0.05508400
v -0.08038895 0.19287582 0.04630385
v -0.02496050 0.21279463 0.03584771
v -0.02528181 0.21197794 0.01810821
v -0.06715140 0.20183562 0.05971720
v -0.04816338 0.21202020 0.06263669
v -0.03271187 0.21307199 0.05354654
v -0.08468822 0.19243400 0.02639050
v -0.02598337 0.22404835 0.03436882
v -0.02592799 0.22283924 0.01730669
v -0.08083969 0.20206906 0.04475407
v -0.03347335 0.22492023 0.05050572
v -0.07863789 0.19258380 0.00844861
v -0.02702997 0.23583750 0.03216981
v -0.02676071 0.23386206 0.01622471
v -0.06704127 0.21192300 0.05770000
v -0.04823934 0.22423038 0.05840598
v -0.08492935 0.20159790 0.02504819
v -0.06557458 0.19267680 -0.00718744
v -0.08034222 0.21184824 0.04220718
v -0.06598873 0.22374642 0.05357787
v -0.07884404 0.20180355 0.00690814
v -0.06565107 0.20180309 -0.00843282
v -0.08451317 0.21124265 0.02328127
v -0.07845619 0.22347474 0.03875704
v -0.06451000 0.23679221 0.04802650
v -0.07859070 0.21128477 0.00498368
v -0.06547248 0.21106371 -0.00983651
v -0.08328477 0.22269182 0.02085486
v -0.04821115 0.23745324 0.05258115
v -0.03422840 0.23762545 0.04598286
v -0.04827756 0.24974963 0.04617343
v -0.07609592 0.23618306 0.03449501
v -0.07784088 0.22252454 0.00257565
v -0.03445406 0.25056329 0.03894390
v -0.06396633 0.25111991 0.04090304
v -0.08154730 0.23500361 0.01771210
v -0.02748245 0.24727130 0.02824590
v -0.02734592 0.24403222 0.01448341
v -0.02619895 0.25277874 0.01235767
v -0.02766139 0.25650024 0.02604593
v -0.03720882 0.25648049 0.03862416
v -0.02648468 0.26422682 0.02134884
v -0.02432369 0.26583225 0.01032478
v -0.02320879 0.27888986 0.00854036
v -0.07449195 0.24890989 0.02921248
v -0.04842838 0.25485963 0.04465741
v -0.04822536 0.26759848 0.04277062
v -0.03237998 0.26378915 0.02972050
v -0.02586890 0.28042981 0.01925274
v -0.02257684 0.29241177 0.00545899
v -0.06083533 0.25695312 0.04095016
v -0.07355174 0.25620264 0.02763201
v -0.07953788 0.24688572 0.01362927
v -0.03703745 0.26656431 0.03721309
v -0.03087533 0.28193265 0.02684894
v -0.02511730 0.29475895 0.01757249
v -0.02085148 0.30406535 0.00455956
v -0.02526579 0.30496159 0.01988532
v -0.02911549 0.29574767 0.02417947
v -0.03680000 0.28290975 0.03603772
v -0.03617468 0.29757160 0.03432242
v -0.03438265 0.30918050 0.03267471
v -0.04846023 0.28138331 0.04143866
v -0.04866764 0.29765320 0.03963247
v -0.04855445 0.31045973 0.03808793
v -0.06202846 0.30919030 0.03381427
v -0.06086018 0.29596663 0.03559345
v -0.07479547 0.30509749 0.02237802
v -0.06032646 0.27873164 0.03782883
v -0.06982191 0.29353729 0.02755156
v -0.05981021 0.26657411 0.03966961
v -0.07612416 0.29240644 0.02095304
v -0.07932736 0.30218649 0.00463337
v -0.06882726 0.27551708 0.03053541
v -0.06751370 0.26334894 0.03348773
v -0.07502239 0.26348352 0.02472180
v -0.07581554 0.27465853 0.02313316
v -0.07899112 0.29029721 0.00638105
v -0.07838081 0.25503853 0.01145007
v -0.07886108 0.27751246 0.00844708
v -0.07677932 0.29694983 -0.00884144
v -0.07569318 0.30577913 -0.01755473
v -0.07681114 0.28746709 -0.00596505
v -0.07858504 0.26656783 0.00985573
v -0.07277505 0.29526794 -0.01836267
v -0.07643516 0.27585727 -0.00473576
v -0.07600623 0.26506063 -0.00367412
v -0.07565331 0.25476691 -0.00272917
v -0.06428170 0.30208629 -0.02938046
v -0.06534193 0.30939457 -0.02918663
v -0.04917983 0.30902639 -0.03585528
v -0.07229689 0.28654101 -0.01653546
v -0.07069962 0.26246458 -0.01339087
v -0.06357566 0.29328439 -0.02932146
v -0.04885686 0.30091977 -0.03494602
v -0.03357523 0.30735257 -0.02599792
v -0.07129250 0.27461374 -0.01515206
v -0.03407962 0.30053383 -0.02554529
v -0.02526592 0.30243257 -0.01093035
v -0.02613411 0.29269519 -0.00804348
v -0.02085148 0.30406535 0.00455956
v -0.02257684 0.29241177 0.00545899
v -0.03466683 0.29223543 -0.02499941
v -0.04876071 0.29221922 -0.03415734
v -0.06352987 0.28398857 -0.02812126
v -0.06352588 0.27371436 -0.02577464
v -0.02747755 0.28401962 -0.00628299
v -0.02320879 0.27888986 0.00854036
v -0.03542134 0.28325930 -0.02393885
v -0.04885786 0.28318232 -0.03276672
v -0.06337874 0.26368412 -0.02290065
v -0.02628275 0.27622375 -0.00181046
v -0.02432369 0.26583225 0.01032478
v -0.02953538 0.27442718 -0.00873013
v -0.02700781 0.26413018 -0.00013778
v -0.02619895 0.25277874 0.01235767
v -0.04907874 0.27309185 -0.03000164
v -0.03611713 0.27358064 -0.02253280
v -0.02891752 0.25060877 0.00088114
v -0.02734592 0.24403222 0.01448341
v -0.03090383 0.26174054 -0.00875657
v -0.03694655 0.26355419 -0.02112995
v -0.04926237 0.26318055 -0.02664432
v -0.03045011 0.24189295 0.00144647
v -0.02676071 0.23386206 0.01622471
v -0.03721160 0.25607640 -0.01894363
v -0.03281317 0.25009745 -0.00865082
v -0.06380386 0.25550011 -0.02035802
v -0.03105940 0.23227261 0.00176403
v -0.04918727 0.25474280 -0.02439095
v -0.03811637 0.24770994 -0.01608526
v -0.03729568 0.24152564 -0.01186342
v -0.06928617 0.25107372 -0.01287206
v -0.03139902 0.22160190 0.00213053
v -0.04926687 0.24637920 -0.02187618
v -0.06274340 0.24735068 -0.01846007
v -0.07590272 0.24508281 -0.00191849
v -0.03764326 0.23182310 -0.01058747
v -0.04944868 0.23977832 -0.01899732
v -0.06472886 0.24148296 -0.01460483
v -0.07683116 0.23409556 0.00005438
v -0.06458572 0.23228011 -0.01315926
v -0.06506750 0.22174266 -0.01150446
v -0.04965610 0.23140861 -0.01748274
v -0.05084288 0.21103659 -0.01502428
v -0.05022102 0.22134255 -0.01626312
v -0.03810401 0.22140732 -0.00999935
v -0.03872751 0.21089342 -0.00937821
v 0.03501086 0.06825069 0.00440342
v 0.03322330 0.07297974 0.01304378
v 0.03361949 0.06803676 0.01301979
v 0.03547353 0.07349648 0.00414515
v 0.03360780 0.07843812 0.01302657
v 0.04217552 0.07362165 -0.00412883
v 0.04217380 0.06843292 -0.00455959
v 0.05190021 0.06912481 -0.00943292
v 0.03616053 0.07899412 0.00417515
v 0.03387479 0.08598129 0.01326169
v 0.04255595 0.07901596 -0.00400970
v 0.03677979 0.08664056 0.00426614
v 0.03368454 0.09625471 0.01400811
v 0.05208996 0.07411291 -0.00802144
v 0.03698303 0.09708685 0.00461888
v 0.03314437 0.10763782 0.01506420
v 0.04278644 0.08668244 -0.00389577
v 0.03685498 0.10855857 0.00514722
v 0.03237019 0.11853947 0.01615690
v 0.06154980 0.07372226 -0.00325016
v 0.06117729 0.06839166 -0.00455915
v 0.06803680 0.06769103 0.00561639
v 0.05237509 0.07928929 -0.00757908
v 0.04268060 0.09723003 -0.00361152
v 0.03647701 0.11946312 0.00579084
v 0.03111474 0.13070235 0.01732801
v 0.06174830 0.07913233 -0.00257634
v 0.06793118 0.07323614 0.00651298
v 0.06892750 0.06719366 0.01661654
v 0.05251677 0.08702676 -0.00720433
v 0.04238983 0.10880585 -0.00321049
v 0.06192299 0.08691613 -0.00209459
v 0.05225986 0.09772028 -0.00678403
v 0.06793080 0.07881377 0.00715952
v 0.06181300 0.09757783 -0.00198681
v 0.06931747 0.07251161 0.01726257
v 0.06951155 0.07805736 0.01780013
v 0.06585708 0.07198793 0.02746495
v 0.06560937 0.06643113 0.02714824
v 0.06588163 0.07751679 0.02792423
v 0.05874574 0.07147565 0.03504547
v 0.05846666 0.06583758 0.03506389
v 0.05895119 0.07691362 0.03572382
v 0.05385599 0.07061914 0.04007888
v 0.05356600 0.06518990 0.03943677
v 0.05374493 0.07619184 0.04093120
v 0.04622991 0.07046071 0.04110852
v 0.04602251 0.06542014 0.04088497
v 0.04073062 0.06595484 0.03647307
v 0.04597002 0.07581638 0.04174595
v 0.04056600 0.07084949 0.03624722
v 0.03932299 0.06622060 0.02998142
v 0.03915011 0.07130343 0.02978210
v 0.03559658 0.06733268 0.02179018
v 0.04048472 0.07604383 0.03655060
v 0.04570365 0.08366792 0.04286907
v 0.05371936 0.08391709 0.04217323
v 0.03512775 0.07218812 0.02183909
v 0.03361949 0.06803676 0.01301979
v 0.03322330 0.07297974 0.01304378
v 0.03884972 0.07651381 0.03024298
v 0.03527938 0.07750529 0.02184430
v 0.03360780 0.07843812 0.01302657
v 0.04011547 0.08345228 0.03729731
v 0.03840429 0.08379169 0.03101361
v 0.03513043 0.08491765 0.02235223
v 0.03387479 0.08598129 0.01326169
v 0.03923099 0.09416776 0.03867352
v 0.03431865 0.09526032 0.02378228
v 0.03368454 0.09625471 0.01400811
v 0.03726264 0.09455853 0.03333791
v 0.03322333 0.10685770 0.02579294
v 0.03314437 0.10763782 0.01506420
v 0.03237019 0.11853947 0.01615690
v 0.03740260 0.10604819 0.03877096
v 0.03220614 0.11800372 0.02786550
v 0.03111474 0.13070235 0.01732801
v 0.04559079 0.09429068 0.04427890
v 0.03078613 0.13059458 0.03013042
v 0.02913013 0.14588600 0.01867485
v 0.04550344 0.10590588 0.04614655
v 0.05414480 0.09477681 0.04361298
v 0.03625257 0.11739496 0.04044335
v 0.04525923 0.11693522 0.04863993
v 0.02849014 0.14658238 0.03274136
v 0.02724384 0.15999681 0.01973438
v 0.05906415 0.08448170 0.03723845
v 0.05634267 0.10607815 0.04427451
v 0.02628395 0.16135228 0.03498609
v 0.02628706 0.16900809 0.01999735
v 0.06613119 0.08517709 0.02911253
v 0.05868711 0.09503637 0.03989130
v 0.06677099 0.09550724 0.03150025
v 0.07008153 0.08577481 0.01871399
v 0.07122950 0.09627485 0.02021731
v 0.06822713 0.08661106 0.00784835
v 0.06896725 0.09711771 0.00849165
v 0.07268936 0.10778781 0.02210754
v 0.06778638 0.10680471 0.03436469
v 0.07002874 0.10860319 0.00918415
v 0.06176657 0.10919046 -0.00208092
v 0.07127997 0.11964886 0.01002300
v 0.05187838 0.10936872 -0.00651964
v 0.05717215 0.11722889 0.04670467
v 0.07418034 0.11881614 0.02414718
v 0.06918672 0.11784607 0.03692057
v 0.04503082 0.12901595 0.05177251
v 0.06213406 0.12036031 -0.00216767
v 0.04206733 0.11999018 -0.00269993
v 0.07590978 0.13009916 0.02597704
v 0.05826694 0.12893669 0.04971965
v 0.03480985 0.12983711 0.04274762
v 0.04500348 0.14353627 0.05545733
v 0.03317562 0.14518651 0.04608725
v 0.07097933 0.12933332 0.03939736
v 0.07262889 0.13086294 0.01068560
v 0.03172800 0.15938856 0.04930435
v 0.05986252 0.14255287 0.05301229
v 0.07808135 0.14250398 0.02722997
v 0.04516414 0.15712632 0.05878655
v 0.07316826 0.14208107 0.04199497
v 0.06152442 0.15538000 0.05593064
v 0.06269929 0.13160203 -0.00238751
v 0.07397648 0.14305666 0.01085283
v 0.08018473 0.15421587 0.02801513
v 0.07530963 0.15417397 0.04425965
v 0.06284678 0.16491187 0.05779934
v 0.04548585 0.16656768 0.06083317
v 0.05167342 0.12051816 -0.00654739
v 0.03081439 0.16860934 0.05122259
v 0.02512211 0.17034250 0.03616168
v 0.02580784 0.17593682 0.01981977
v 0.02455418 0.17696543 0.03680098
v 0.02534874 0.18397689 0.01958675
v 0.03040389 0.17579925 0.05259774
v 0.04593481 0.17432275 0.06224481
v 0.06406516 0.17328988 0.05898329
v 0.04651155 0.18307500 0.06370747
v 0.03050816 0.18402526 0.05419444
v 0.02412966 0.18470415 0.03743086
v 0.02399113 0.19336957 0.03764332
v 0.02503666 0.19279683 0.01924612
v 0.03100636 0.19309795 0.05526536
v 0.04713943 0.19238433 0.06467097
v 0.02428324 0.20266590 0.03702857
v 0.02499882 0.20203422 0.01875541
v 0.03181019 0.20265239 0.05508399
v 0.02496050 0.21279463 0.03584770
v 0.02528180 0.21197794 0.01810821
v 0.06538963 0.18275525 0.05986816
v 0.04774350 0.20169890 0.06453884
v 0.03271187 0.21307199 0.05354654
v 0.02598337 0.22404835 0.03436882
v 0.02592798 0.22283924 0.01730669
v 0.06651483 0.19251905 0.06020653
v 0.04816339 0.21202020 0.06263667
v 0.03347335 0.22492023 0.05050572
v 0.02702997 0.23583750 0.03216980
v 0.02676071 0.23386206 0.01622471
v 0.06715140 0.20183562 0.05971719
v 0.04823934 0.22423038 0.05840598
v 0.03422840 0.23762545 0.04598286
v 0.02748245 0.24727130 0.02824590
v 0.02734592 0.24403222 0.01448341
v 0.02619894 0.25277874 0.01235766
v 0.03445406 0.25056329 0.03894390
v 0.04821115 0.23745324 0.05258115
v 0.02766138 0.25650024 0.02604592
v 0.04827756 0.24974963 0.04617343
v 0.06451000 0.23679221 0.04802649
v 0.06598873 0.22374642 0.05357786
v 0.02648468 0.26422682 0.02134884
v 0.02432368 0.26583225 0.01032478
v 0.02320879 0.27888986 0.00854036
v 0.03720882 0.25648049 0.03862415
v 0.06704128 0.21192300 0.05769999
v 0.02586890 0.28042981 0.01925273
v 0.02257684 0.29241177 0.00545899
v 0.03237998 0.26378915 0.02972049
v 0.03087533 0.28193265 0.02684893
v 0.02511730 0.29475895 0.01757248
v 0.02085148 0.30406535 0.00455955
v 0.02526579 0.30496159 0.01988532
v 0.02911549 0.29574767 0.02417947
v 0.03703745 0.26656431 0.03721308
v 0.04822536 0.26759848 0.04277062
v 0.03679999 0.28290975 0.03603771
v 0.03617467 0.29757160 0.03432241
v 0.03438265 0.30918050 0.03267470
v 0.04846023 0.28138331 0.04143865
v 0.04866764 0.29765320 0.03963246
v 0.04855445 0.31045973 0.03808792
v 0.06202846 0.30919030 0.03381426
v 0.06086018 0.29596663 0.03559344
v 0.07479546 0.30509749 0.02237801
v 0.06032646 0.27873164 0.03782882
v 0.06982191 0.29353729 0.02755154
v 0.07612415 0.29240644 0.02095303
v 0.07932735 0.30218649 0.00463336
v 0.06882727 0.27551708 0.03053540
v 0.05981021 0.26657411 0.03966960
v 0.07899112 0.29029721 0.00638104
v 0.07581554 0.27465853 0.02313314
v 0.07677931 0.29694983 -0.00884145
v 0.07569317 0.30577913 -0.01755474
v 0.06083533 0.25695312 0.04095015
v 0.06751371 0.26334894 0.03348772
v 0.07502240 0.26348352 0.02472179
v 0.07886108 0.27751246 0.00844707
v 0.07681113 0.28746709 -0.00596507
v 0.07277504 0.29526794 -0.01836269
v 0.04842838 0.25485963 0.04465741
v 0.06396634 0.25111991 0.04090302
v 0.07355175 0.25620264 0.02763200
v 0.06428168 0.30208629 -0.02938047
v 0.06534191 0.30939457 -0.02918664
v 0.04917983 0.30902639 -0.03585528
v 0.04885685 0.30091977 -0.03494603
v 0.03357522 0.30735257 -0.02599793
v 0.06357564 0.29328439 -0.02932147
v 0.03407961 0.30053383 -0.02554530
v 0.02526592 0.30243257 -0.01093036
v 0.02613410 0.29269519 -0.00804349
v 0.02085148 0.30406535 0.00455955
v 0.02257684 0.29241177 0.00545899
v 0.03466682 0.29223543 -0.02499942
v 0.02747754 0.28401962 -0.00628300
v 0.02320879 0.27888986 0.00854036
v 0.04876070 0.29221922 -0.03415735
v 0.03542133 0.28325930 -0.02393885
v 0.07229688 0.28654101 -0.01653547
v 0.02628275 0.27622375 -0.00181047
v 0.02432368 0.26583225 0.01032478
v 0.06352985 0.28398857 -0.02812128
v 0.02953537 0.27442718 -0.00873014
v 0.02700780 0.26413020 -0.00013778
v 0.02619894 0.25277874 0.01235766
v 0.04885785 0.28318232 -0.03276673
v 0.02891752 0.25060877 0.00088114
v 0.02734592 0.24403222 0.01448341
v 0.06352586 0.27371436 -0.02577465
v 0.03611711 0.27358064 -0.02253281
v 0.03090382 0.26174054 -0.00875658
v 0.03045011 0.24189295 0.00144646
v 0.02676071 0.23386206 0.01622471
v 0.04907874 0.27309185 -0.03000165
v 0.03694654 0.26355419 -0.02112996
v 0.03281317 0.25009745 -0.00865082
v 0.03105939 0.23227261 0.00176403
v 0.02592798 0.22283924 0.01730669
v 0.03721159 0.25607640 -0.01894364
v 0.04926236 0.26318055 -0.02664433
v 0.06337874 0.26368412 -0.02290067
v 0.03729567 0.24152564 -0.01186342
v 0.03811635 0.24770994 -0.01608527
v 0.04918725 0.25474280 -0.02439095
v 0.07129249 0.27461374 -0.01515207
v 0.06380385 0.25550011 -0.02035804
v 0.04926686 0.24637920 -0.02187619
v 0.07643516 0.27585727 -0.00473578
v 0.07069961 0.26246458 -0.01339088
v 0.06274340 0.24735068 -0.01846008
v 0.04944867 0.23977832 -0.01899733
v 0.07858504 0.26656783 0.00985571
v 0.06928617 0.25107372 -0.01287207
v 0.07600622 0.26506063 -0.00367414
v 0.07838080 0.25503853 0.01145006
v 0.07565331 0.25476691 -0.00272918
v 0.06472885 0.24148296 -0.01460484
v 0.07953788 0.24688572 0.01362925
v 0.07590271 0.24508281 -0.00191850
v 0.07683115 0.23409556 0.00005437
v 0.07449196 0.24890989 0.02921247
v 0.08154729 0.23500361 0.01771208
v 0.07609593 0.23618306 0.03449499
v 0.07845619 0.22347474 0.03875702
v 0.08328477 0.22269182 0.02085485
v 0.08034223 0.21184824 0.04220716
v 0.06458572 0.23228011 -0.01315927
v 0.07784087 0.22252454 0.00257563
v 0.08451316 0.21124265 0.02328126
v 0.08083969 0.20206906 0.04475405
v 0.06506749 0.22174266 -0.01150447
v 0.07859069 0.21128477 0.00498367
v 0.08492935 0.20159790 0.02504817
v 0.08038896 0.19287582 0.04630383
v 0.06547248 0.21106371 -0.00983652
v 0.07884403 0.20180355 0.00690813
v 0.08468822 0.19243400 0.02639049
v 0.07949880 0.18278478 0.04679007
v 0.06565106 0.20180309 -0.00843283
v 0.07863788 0.19258380 0.00844860
v 0.08395710 0.18228127 0.02753403
v 0.07831283 0.17275883 0.04649580
v 0.08290943 0.17224826 0.02828290
v 0.07697061 0.16385290 0.04570280
v 0.08172271 0.16355611 0.02841076
v 0.07801379 0.18234250 0.00971144
v 0.07715707 0.17225409 0.01054871
v 0.07625356 0.16364017 0.01081294
v 0.07522073 0.15449321 0.01081046
v 0.06323193 0.14362794 -0.00287163
v 0.06374826 0.15489967 -0.00349151
v 0.06425169 0.16410376 -0.00413452
v 0.06473647 0.17278448 -0.00493250
v 0.06521996 0.18267943 -0.00598801
v 0.05159181 0.13179971 -0.00693096
v 0.05153720 0.14410780 -0.00772440
v 0.05150835 0.15560280 -0.00864511
v 0.04178768 0.13149346 -0.00253402
v 0.04161206 0.14438221 -0.00314235
v 0.05152163 0.16460755 -0.00941003
v 0.03584922 0.13105273 0.00622798
v 0.03497998 0.14476101 0.00614364
v 0.02913013 0.14588600 0.01867485
v 0.04142893 0.15637104 -0.00402925
v 0.03419865 0.15755056 0.00582248
v 0.02724384 0.15999681 0.01973438
v 0.04113086 0.16537473 -0.00471199
v 0.03384685 0.16653919 0.00550024
v 0.02628706 0.16900809 0.01999735
v 0.05157105 0.17293663 -0.01021089
v 0.03367080 0.17419811 0.00511042
v 0.02580784 0.17593682 0.01981977
v 0.04071588 0.17347291 -0.00536373
v 0.05162896 0.18261349 -0.01122678
v 0.03339311 0.18322285 0.00464139
v 0.02534874 0.18397689 0.01958675
v 0.02503666 0.19279683 0.01924612
v 0.04022947 0.18291561 -0.00617950
v 0.03297190 0.19267465 0.00406917
v 0.02499882 0.20203422 0.01875541
v 0.05157662 0.19251566 -0.01240542
v 0.03238414 0.20163792 0.00333137
v 0.02528180 0.21197794 0.01810821
v 0.03973630 0.19262938 -0.00717450
v 0.03179764 0.21107003 0.00261923
v 0.03926134 0.20162588 -0.00833900
v 0.03139901 0.22160190 0.00213052
v 0.06557457 0.19267680 -0.00718745
v 0.05130605 0.20172383 -0.01370064
v 0.05084287 0.21103659 -0.01502429
v 0.03872750 0.21089342 -0.00937821
v 0.05022101 0.22134255 -0.01626313
v 0.03810400 0.22140732 -0.00999936
v 0.04965609 0.23140861 -0.01748274
v 0.03764325 0.23182310 -0.01058747
v -0.39905575 0.73060864 0.00828997
v -0.39932668 0.73495156 0.00963337
v -0.39957511 0.73422688 0.00987628
v -0.40064058 0.73015118 0.01126999
v -0.39469478 0.72456211 0.01541550
v -0.40070054 0.72792459 0.01351488
v -0.40059814 0.72963870 0.01720117
v -0.39282337 0.72501338 0.00603176
v -0.39916372 0.72879159 0.00491825
v -0.39272204 0.72984326 -0.00084205
v -0.39919379 0.73007321 0.00056019
v -0.38607711 0.72946143 -0.00285131
v -0.38759902 0.72419536 0.00537815
v -0.38798290 0.72332001 0.01658116
v -0.39372012 0.72529811 0.02334923
v -0.38251939 0.72146696 0.01114581
v -0.37630710 0.72115159 0.01482639
v -0.40041342 0.72936285 0.02046273
v -0.40030009 0.73315084 0.01900350
v -0.40070418 0.73380846 0.01895121
v -0.40054068 0.72783440 0.02353154
v -0.40031341 0.72953230 0.02675107
v -0.38676941 0.72372007 0.02365725
v -0.37633261 0.72221124 0.02406050
v -0.36683917 0.72040921 0.01781745
v -0.36751312 0.72178906 0.02482523
v -0.35698923 0.72081029 0.01869549
v -0.37511942 0.72560018 0.03180528
v -0.35710865 0.72377491 0.02510917
v -0.35209143 0.72181475 0.01848833
v -0.35273311 0.72455865 0.02501755
v -0.36739522 0.72586972 0.03089322
v -0.35772851 0.72675246 0.02950284
v -0.35325673 0.72729415 0.02871900
v -0.35407761 0.73256642 0.03205230
v -0.35831580 0.73257422 0.03243648
v -0.35473320 0.73688167 0.03069122
v -0.36813286 0.73229039 0.03424158
v -0.35876927 0.73774034 0.03098516
v -0.35502887 0.74022758 0.02785497
v -0.35972151 0.74051136 0.02720603
v -0.35561079 0.74281549 0.02173771
v -0.36922804 0.73757398 0.03279073
v -0.37562862 0.73176366 0.03530135
v -0.36045972 0.74300402 0.02119419
v -0.35571411 0.74293232 0.01426715
v -0.38525602 0.72595167 0.03386433
v -0.36955366 0.74095577 0.02908733
v -0.36072174 0.74282837 0.01360066
v -0.35510519 0.73998666 0.00507981
v -0.36977354 0.74312454 0.02148247
v -0.37662807 0.74067312 0.03022532
v -0.37608021 0.73735017 0.03388826
v -0.39237070 0.72552437 0.03147809
v -0.39734772 0.72918105 0.02912372
v -0.39885902 0.73321480 0.02921500
v -0.39997527 0.73378080 0.02866643
v -0.39733219 0.72790891 0.03200507
v -0.39081451 0.72757715 0.03549930
v -0.39696470 0.73001289 0.03552337
v -0.38357574 0.73160809 0.03649902
v -0.39041030 0.73233169 0.03758511
v -0.39624417 0.73322552 0.03682374
v -0.39535388 0.73697299 0.03615908
v -0.38272515 0.73742712 0.03562951
v -0.38959864 0.73685324 0.03655742
v -0.38381365 0.74059486 0.03194055
v -0.38591236 0.74235266 0.02295094
v -0.37763187 0.74231702 0.02211637
v -0.38781577 0.74134284 0.02796773
v -0.36993471 0.74240452 0.01303595
v -0.37761161 0.74151009 0.01358540
v -0.38575450 0.74116540 0.01385618
v -0.38398346 0.73865163 0.00461124
v -0.37737468 0.73817688 0.00474814
v -0.38455036 0.73566294 0.00079976
v -0.36901745 0.73930311 0.00442509
v -0.37442222 0.73612547 -0.00292286
v -0.37717003 0.73406476 -0.00807464
v -0.35950011 0.73933023 0.00431150
v -0.36704609 0.73739320 0.00014776
v -0.35506576 0.73434240 -0.00194433
v -0.35323972 0.73535329 -0.00042938
v -0.35040811 0.72738707 -0.00181822
v -0.36872709 0.73095530 -0.00886209
v -0.35714850 0.73353148 -0.00364050
v -0.35252979 0.72548169 -0.00362654
v -0.34943065 0.71973914 0.00400280
v -0.35473952 0.72395110 -0.00529828
v -0.35272169 0.71670151 0.00261361
v -0.35080796 0.71925825 0.01163230
v -0.36299834 0.73237884 -0.00618968
v -0.36038563 0.72276056 -0.00778529
v -0.35604510 0.71461141 0.00112795
v -0.35715127 0.71619111 0.01020160
v -0.36630601 0.72246861 -0.01040000
v -0.35698923 0.72081029 0.01869549
v -0.35209143 0.72181475 0.01848833
v -0.36683917 0.72040921 0.01781745
v -0.36198670 0.71313161 -0.00273062
v -0.36521679 0.71281588 0.00510274
v -0.37654263 0.71682119 0.00820931
v -0.37630710 0.72115159 0.01482639
v -0.38251939 0.72146696 0.01114581
v -0.37234151 0.71414226 -0.00073699
v -0.38198197 0.71894294 0.00036754
v -0.38759902 0.72419536 0.00537815
v -0.36918193 0.71450651 -0.00649548
v -0.38730776 0.72340465 0.00015326
v -0.38607711 0.72946143 -0.00285131
v -0.38442135 0.72927749 -0.00597948
v -0.38747892 0.72478324 -0.00430747
v -0.38431621 0.72999966 -0.00815074
v -0.38506496 0.71888423 -0.00571456
v -0.37671873 0.71687794 -0.00549179
v -0.38028878 0.71693379 -0.00885528
v -0.37090689 0.72330028 -0.01262569
v -0.37698364 0.71795928 -0.01121829
v -0.37957245 0.71883368 -0.01390146
v -0.37350559 0.71605855 -0.00970756
v -0.37448922 0.71994025 -0.01251857
v -0.37273756 0.73031795 -0.01107855
v -0.37618107 0.72004455 -0.01306003
v -0.37323883 0.72362512 -0.01363934
v -0.37517938 0.72410136 -0.01459114
v -0.37775475 0.72097147 -0.01402302
v -0.37864450 0.72393018 -0.01596343
v -0.37707251 0.72417039 -0.01524974
v -0.37395030 0.72831333 -0.01325107
v -0.37731656 0.72818404 -0.01459717
v -0.37902504 0.72961658 -0.01509258
v -0.37551492 0.72852480 -0.01417112
v -0.37611771 0.73011202 -0.01309717
v -0.38061953 0.73327583 -0.01054843
v -0.38442135 0.72927749 -0.00597948
v -0.38431621 0.72999966 -0.00815074
v -0.38547274 0.73357630 -0.00342749
v -0.38607711 0.72946143 -0.00285131
v -0.39240628 0.73392189 -0.00180096
v -0.39272204 0.72984326 -0.00084205
v -0.39821684 0.73444211 -0.00119504
v -0.39919379 0.73007321 0.00056019
v -0.39215899 0.73650265 -0.00060665
v -0.39741719 0.73803508 -0.00026608
v -0.38849565 0.73779839 0.00192684
v -0.39407343 0.73937619 0.00213600
v -0.39814940 0.73990577 0.00409294
v -0.39150125 0.73871303 0.00169475
v -0.38807318 0.73917794 0.00407926
v -0.39155397 0.73978537 0.00399946
v -0.39469010 0.74003011 0.00400217
v -0.39370519 0.73919702 0.00572644
v -0.39672118 0.73840302 0.00792398
v -0.38857007 0.73953658 0.00596709
v -0.39150786 0.73985648 0.00603490
v -0.38866723 0.73891711 0.00943701
v -0.39210379 0.73848212 0.00897875
v -0.39048368 0.74058872 0.01225699
v -0.39720878 0.73917615 0.01046202
v -0.39932668 0.73495156 0.00963337
v -0.39957511 0.73422688 0.00987628
v -0.39253575 0.74044740 0.01172457
v -0.39274713 0.74172223 0.01400580
v -0.39517796 0.74015325 0.01248364
v -0.39859828 0.73986059 0.01431299
v -0.39586052 0.74070334 0.01428281
v -0.39481691 0.74013269 0.01592384
v -0.39779350 0.73799992 0.01814633
v -0.38972971 0.74136579 0.01388561
v -0.39090341 0.74145871 0.01578785
v -0.39254597 0.74129826 0.01622697
v -0.38960865 0.74173951 0.01859884
v -0.39319026 0.74034011 0.01931612
v -0.39074758 0.74155384 0.02211867
v -0.39252591 0.74059266 0.02166251
v -0.39672932 0.73812968 0.02094802
v -0.40030009 0.73315084 0.01900350
v -0.40070418 0.73380846 0.01895121
v -0.39490235 0.73978281 0.02241633
v -0.39769110 0.73853314 0.02365518
v -0.39539492 0.74011856 0.02421929
v -0.39631441 0.73751223 0.02744482
v -0.39223787 0.74133039 0.02399000
v -0.38973516 0.74192852 0.02353717
v -0.39019746 0.74140424 0.02559427
v -0.39151877 0.74002063 0.02896091
v -0.39484265 0.74004328 0.02588937
v -0.39185050 0.74056655 0.02613572
v -0.39013255 0.73957461 0.03140703
v -0.38838407 0.73960733 0.03161623
v -0.38701421 0.73997426 0.03303759
v -0.38976043 0.73979402 0.03338258
v -0.38792774 0.73890209 0.03462566
v -0.38943651 0.73874801 0.03508731
v -0.39212161 0.73857945 0.03471909
v -0.39265665 0.73895305 0.03345289
v -0.39581025 0.73817432 0.03220470
v -0.39230955 0.73884147 0.03190723
v -0.39527312 0.73639137 0.02971886
v -0.39885902 0.73321480 0.02921500
v -0.39997527 0.73378080 0.02866643
v -0.38376808 0.71737891 -0.01259385
v -0.38506496 0.71888423 -0.00571456
v -0.38028878 0.71693379 -0.00885528
v -0.38754064 0.72037452 -0.01030374
v -0.38747892 0.72478324 -0.00430747
v -0.39014199 0.71853763 -0.01852745
v -0.38862786 0.72600335 -0.00940380
v -0.38431621 0.72999966 -0.00815074
v -0.39209688 0.72084790 -0.01623207
v -0.39466745 0.72067189 -0.01926739
v -0.39281619 0.71864253 -0.02111057
v -0.39283323 0.72448951 -0.01554146
v -0.39949650 0.72057408 -0.02550630
v -0.39841801 0.71875703 -0.02757000
v -0.39569014 0.72438318 -0.01904851
v -0.40029195 0.72070354 -0.02768654
v -0.39939278 0.72022963 -0.02959038
v -0.39965048 0.72212189 -0.03033528
v -0.40008524 0.72331876 -0.02507670
v -0.40045628 0.72264618 -0.02824890
v -0.39990932 0.72471219 -0.02813655
v -0.39922795 0.72421408 -0.02997858
v -0.39804754 0.72610044 -0.02841698
v -0.39936978 0.72557259 -0.02623447
v -0.39210501 0.72854781 -0.02187562
v -0.39443740 0.72771943 -0.01999985
v -0.38992000 0.72902954 -0.01961227
v -0.39205891 0.72800225 -0.01682503
v -0.38667583 0.72933185 -0.01165204
v -0.38399369 0.73193443 -0.01370339
v -0.38061953 0.73327583 -0.01054843
v -0.37902504 0.72961658 -0.01509258
v -0.38091186 0.72915405 -0.01689694
v -0.38044015 0.72364283 -0.01708675
v -0.37864450 0.72393018 -0.01596343
v -0.37957245 0.71883368 -0.01390146
v -0.38765109 0.72704720 -0.02213684
v -0.38892475 0.72681308 -0.02328112
v -0.39003059 0.72642863 -0.02429409
v -0.39804754 0.72610044 -0.02841698
v -0.38178900 0.71866232 -0.01558490
v -0.38757250 0.72290838 -0.02196706
v -0.38858083 0.72280598 -0.02330739
v -0.38376808 0.71737891 -0.01259385
v -0.38028878 0.71693379 -0.00885528
v -0.39014199 0.71853763 -0.01852745
v -0.38826534 0.71929455 -0.02094197
v -0.38925520 0.71934074 -0.02247083
v -0.39281619 0.71864253 -0.02111057
v -0.38970351 0.72274411 -0.02450601
v -0.39818215 0.72196311 -0.03111912
v -0.39036217 0.71939993 -0.02350862
v -0.39841801 0.71875703 -0.02757000
v -0.39749852 0.71884966 -0.02864791
v -0.39939278 0.72022963 -0.02959038
v -0.39818969 0.72003496 -0.03035446
v -0.39965048 0.72212189 -0.03033528
v -0.39922795 0.72421408 -0.02997858
v -0.39785442 0.72394317 -0.03086559
v -0.39703327 0.72561073 -0.02934950
v 0.39783320 0.73346955 0.03677956
v 0.39700904 0.73007482 0.03552331
v 0.39626330 0.73328179 0.03682368
v 0.39838839 0.73023343 0.03546619
v 0.39882335 0.72831380 0.03216473
v 0.39739305 0.72797382 0.03200502
v 0.39739859 0.72924608 0.02912366
v 0.40628219 0.73104703 0.03541458
v 0.40602255 0.73406672 0.03680462
v 0.40645322 0.72995996 0.03270642
v 0.39873359 0.72953784 0.02924781
v 0.39886859 0.73324907 0.02921495
v 0.40907541 0.73177230 0.03539109
v 0.40901348 0.73449701 0.03674383
v 0.40906885 0.73064911 0.03272767
v 0.41644728 0.73237944 0.03507769
v 0.41646829 0.73481905 0.03611876
v 0.41631484 0.73148096 0.03258698
v 0.41945070 0.73233360 0.03504071
v 0.41947967 0.73491746 0.03598295
v 0.41936958 0.73142135 0.03254803
v 0.42599100 0.73308831 0.03242227
v 0.42580432 0.73413044 0.03457551
v 0.42632943 0.73564988 0.03493036
v 0.42741686 0.73475105 0.03364925
v 0.42800057 0.73615873 0.03378927
v 0.42782584 0.73466003 0.03237368
v 0.42843485 0.73625076 0.03233989
v 0.42800200 0.73623401 0.03093570
v 0.42740488 0.73476779 0.03097178
v 0.42609590 0.73586488 0.02980856
v 0.42587644 0.73427922 0.03033420
v 0.41941655 0.73501408 0.02894411
v 0.41937742 0.73247463 0.02999773
v 0.41629291 0.73246574 0.03009997
v 0.40903199 0.73180759 0.03000475
v 0.41630986 0.73502314 0.02890857
v 0.40645984 0.73117697 0.02994699
v 0.40908632 0.73478949 0.02853312
v 0.40626732 0.73450410 0.02843360
v 0.39834908 0.73277503 0.02766969
v 0.39751863 0.73673922 0.02871925
v 0.39527041 0.73641741 0.02971881
v 0.39579189 0.73822349 0.03220465
v 0.40764534 0.73764068 0.02921845
v 0.40619865 0.73733610 0.02905434
v 0.39709410 0.73818612 0.03204823
v 0.40912479 0.73760337 0.02931638
v 0.39704499 0.73711723 0.03624988
v 0.39534360 0.73702216 0.03615902
v 0.39626330 0.73328179 0.03682368
v 0.39783320 0.73346955 0.03677956
v 0.40592337 0.73715001 0.03581656
v 0.40602255 0.73406672 0.03680462
v 0.40614760 0.73814660 0.03259399
v 0.40744516 0.73747289 0.03582185
v 0.40901348 0.73449701 0.03674383
v 0.40760386 0.73838633 0.03258538
v 0.40898627 0.73850125 0.03246256
v 0.40896896 0.73772103 0.03578008
v 0.41636980 0.73770028 0.03519991
v 0.41646829 0.73481905 0.03611876
v 0.41630268 0.73772550 0.02964522
v 0.41633567 0.73835438 0.03253238
v 0.41788042 0.73781079 0.03515169
v 0.41947967 0.73491746 0.03598295
v 0.41784155 0.73780531 0.02965747
v 0.41790020 0.73838878 0.03256605
v 0.41940129 0.73758668 0.03491055
v 0.41938379 0.73820847 0.03238061
v 0.41938853 0.73757166 0.02988769
v 0.42589280 0.73709774 0.03476317
v 0.42632943 0.73564988 0.03493036
v 0.42737779 0.73750478 0.03372202
v 0.42800057 0.73615873 0.03378927
v 0.42773372 0.73751998 0.03226088
v 0.42843485 0.73625076 0.03233989
v 0.42800200 0.73623401 0.03093570
v 0.42734596 0.73738199 0.03092060
v 0.42609590 0.73586488 0.02980856
v 0.42590249 0.73703873 0.02992422
v 0.38506499 0.71888429 -0.00571457
v 0.38376808 0.71737909 -0.01259385
v 0.38028884 0.71693385 -0.00885530
v 0.38754064 0.72037464 -0.01030374
v 0.38747895 0.72478336 -0.00430750
v 0.39014202 0.71853769 -0.01852745
v 0.38862789 0.72600353 -0.00940380
v 0.38431621 0.72999978 -0.00815076
v 0.39209688 0.72084802 -0.01623207
v 0.39466745 0.72067213 -0.01926740
v 0.39281625 0.71864271 -0.02111058
v 0.39283326 0.72448963 -0.01554146
v 0.39949650 0.72057432 -0.02550631
v 0.39841801 0.71875727 -0.02757001
v 0.39569014 0.72438341 -0.01904852
v 0.40029195 0.72070378 -0.02768655
v 0.39939281 0.72022986 -0.02959039
v 0.39965051 0.72212213 -0.03033530
v 0.40008524 0.72331899 -0.02507671
v 0.40045628 0.72264642 -0.02824891
v 0.39990932 0.72471243 -0.02813656
v 0.39922798 0.72421438 -0.02997859
v 0.39804754 0.72610068 -0.02841699
v 0.39936978 0.72557282 -0.02623448
v 0.39210504 0.72854799 -0.02187563
v 0.39443740 0.72771966 -0.01999986
v 0.38992003 0.72902960 -0.01961227
v 0.39205891 0.72800231 -0.01682503
v 0.38667583 0.72933197 -0.01165204
v 0.38399369 0.73193449 -0.01370339
v 0.38061956 0.73327589 -0.01054845
v 0.37902504 0.72961670 -0.01509258
v 0.38091186 0.72915411 -0.01689694
v 0.38044018 0.72364289 -0.01708675
v 0.37864450 0.72393036 -0.01596343
v 0.37957242 0.71883380 -0.01390147
v 0.38765115 0.72704726 -0.02213684
v 0.38892475 0.72681332 -0.02328112
v 0.39003059 0.72642893 -0.02429410
v 0.39804754 0.72610068 -0.02841699
v 0.38178900 0.71866244 -0.01558490
v 0.38757259 0.72290844 -0.02196706
v 0.38858083 0.72280622 -0.02330740
v 0.38376808 0.71737909 -0.01259385
v 0.38028884 0.71693385 -0.00885530
v 0.39014202 0.71853769 -0.01852745
v 0.38826537 0.71929467 -0.02094198
v 0.38925526 0.71934092 -0.02247083
v 0.39281625 0.71864271 -0.02111058
v 0.38970354 0.72274441 -0.02450602
v 0.39818218 0.72196335 -0.03111913
v 0.39036220 0.71940017 -0.02350863
v 0.39841801 0.71875727 -0.02757001
v 0.39749852 0.71884990 -0.02864791
v 0.39939281 0.72022986 -0.02959039
v 0.39818972 0.72003520 -0.03035446
v 0.39965051 0.72212213 -0.03033530
v 0.39922798 0.72421438 -0.02997859
v 0.39785445 0.72394347 -0.03086560
v 0.39703330 0.72561097 -0.02934951
v -0.39696470 0.73001289 0.03552337
v -0.39781547 0.73340100 0.03677962
v -0.39624417 0.73322552 0.03682374
v -0.39834526 0.73016065 0.03546624
v -0.40624520 0.73091221 0.03541463
v -0.40601182 0.73397166 0.03680468
v -0.39876512 0.72823763 0.03216478
v -0.39733219 0.72790891 0.03200507
v -0.39734772 0.72918105 0.02912372
v -0.40640771 0.72982377 0.03270649
v -0.39868498 0.72946233 0.02924787
v -0.39885902 0.73321480 0.02921500
v -0.40907055 0.73176950 0.03539116
v -0.40900892 0.73445064 0.03674391
v -0.40906262 0.73064631 0.03272774
v -0.41644320 0.73236722 0.03507775
v -0.41646668 0.73479998 0.03611883
v -0.41630960 0.73146898 0.03258705
v -0.41944647 0.73233074 0.03504077
v -0.41947860 0.73490900 0.03598300
v -0.41936421 0.73141855 0.03254809
v -0.42598772 0.73307717 0.03242233
v -0.42580232 0.73411953 0.03457558
v -0.42632940 0.73563826 0.03493042
v -0.42741570 0.73473805 0.03364932
v -0.42800117 0.73614496 0.03378933
v -0.42782456 0.73464656 0.03237374
v -0.42843559 0.73623645 0.03233995
v -0.42800272 0.73622024 0.03093576
v -0.42740375 0.73475480 0.03097185
v -0.42609611 0.73585355 0.02980862
v -0.42587465 0.73426813 0.03033427
v -0.41941562 0.73500574 0.02894417
v -0.41937336 0.73247188 0.02999779
v -0.41628894 0.73245376 0.03010005
v -0.40902716 0.73180485 0.03000482
v -0.41630858 0.73500437 0.02890864
v -0.40642387 0.73104072 0.02994704
v -0.40908262 0.73474282 0.02853318
v -0.40625918 0.73440754 0.02843366
v -0.39832592 0.73270237 0.02766974
v -0.39752665 0.73667306 0.02871931
v -0.39527312 0.73639137 0.02971886
v -0.39581025 0.73817432 0.03220470
v -0.40765318 0.73756737 0.02921852
v -0.40620872 0.73722625 0.02905440
v -0.39711344 0.73812318 0.03204829
v -0.40912902 0.73757172 0.02931645
v -0.39705595 0.73705471 0.03624994
v -0.39535388 0.73697299 0.03615908
v -0.39624417 0.73322552 0.03682374
v -0.39781547 0.73340100 0.03677962
v -0.40593225 0.73704201 0.03581663
v -0.40601182 0.73397166 0.03680468
v -0.40616244 0.73804229 0.03259406
v -0.40745223 0.73740053 0.03582191
v -0.40900892 0.73445064 0.03674391
v -0.40761510 0.73831332 0.03258544
v -0.40899327 0.73846579 0.03246263
v -0.40897352 0.73768979 0.03578014
v -0.41637290 0.73767751 0.03519997
v -0.41646668 0.73479998 0.03611883
v -0.41630605 0.73769885 0.02964529
v -0.41788343 0.73779726 0.03515175
v -0.41947860 0.73490900 0.03598300
v -0.41634038 0.73832774 0.03253242
v -0.41784465 0.73778975 0.02965754
v -0.41790417 0.73837310 0.03256610
v -0.41940376 0.73757917 0.03491060
v -0.41938713 0.73820078 0.03238067
v -0.41939107 0.73756433 0.02988776
v -0.42589456 0.73708671 0.03476324
v -0.42632940 0.73563826 0.03493042
v -0.42738011 0.73749185 0.03372208
v -0.42800117 0.73614496 0.03378933
v -0.42773604 0.73750663 0.03226094
v -0.42843559 0.73623645 0.03233995
v -0.42800272 0.73622024 0.03093576
v -0.42734808 0.73736906 0.03092067
v -0.42609611 0.73585355 0.02980862
v -0.42590421 0.73702765 0.02992428
v 0.39932680 0.73495281 0.00963332
v 0.39905599 0.73060912 0.00828991
v 0.39957577 0.73423028 0.00987622
v 0.40064520 0.73015845 0.01126994
v 0.39469826 0.72456294 0.01541544
v 0.40070805 0.72793305 0.01351483
v 0.40060422 0.72964746 0.01720111
v 0.39282352 0.72501355 0.00603171
v 0.39916375 0.72879177 0.00491820
v 0.39272204 0.72984332 -0.00084210
v 0.39919379 0.73007339 0.00056014
v 0.38607717 0.72946155 -0.00285135
v 0.38759902 0.72419554 0.00537810
v 0.38798356 0.72331983 0.01658110
v 0.39372867 0.72530061 0.02334917
v 0.38251945 0.72146702 0.01114576
v 0.37630716 0.72115165 0.01482633
v 0.40042365 0.72937697 0.02046267
v 0.40030399 0.73316425 0.01900345
v 0.40070620 0.73381823 0.01895116
v 0.40055421 0.72784990 0.02353149
v 0.40032530 0.72954965 0.02675102
v 0.38677633 0.72371829 0.02365720
v 0.37633517 0.72220868 0.02406044
v 0.36683923 0.72040945 0.01781739
v 0.36751419 0.72178757 0.02482517
v 0.35698935 0.72081083 0.01869544
v 0.37512174 0.72559690 0.03180522
v 0.35710874 0.72377545 0.02510911
v 0.35209155 0.72181588 0.01848829
v 0.35273331 0.72456002 0.02501751
v 0.36739528 0.72586983 0.03089317
v 0.35772854 0.72675276 0.02950277
v 0.35325679 0.72729540 0.02871895
v 0.35407773 0.73256797 0.03205226
v 0.35831583 0.73257464 0.03243642
v 0.35473320 0.73688281 0.03069116
v 0.36813313 0.73228878 0.03424152
v 0.35876933 0.73774105 0.03098509
v 0.35502884 0.74022877 0.02785491
v 0.35972154 0.74051183 0.02720595
v 0.35561073 0.74281675 0.02173767
v 0.36922812 0.73757404 0.03279067
v 0.37563038 0.73175734 0.03530129
v 0.36045972 0.74300456 0.02119413
v 0.35571405 0.74293357 0.01426711
v 0.38527060 0.72594553 0.03386427
v 0.36955371 0.74095589 0.02908727
v 0.36072180 0.74282891 0.01360061
v 0.35510516 0.73998785 0.00507976
v 0.36977360 0.74312466 0.02148241
v 0.37662813 0.74067318 0.03022525
v 0.37607998 0.73734820 0.03388820
v 0.39240637 0.72553486 0.03147803
v 0.39739859 0.72924608 0.02912366
v 0.39886859 0.73324907 0.02921495
v 0.39997956 0.73380071 0.02866638
v 0.39739305 0.72797382 0.03200502
v 0.39084494 0.72758281 0.03549924
v 0.39700904 0.73007482 0.03552331
v 0.38358256 0.73159844 0.03649896
v 0.39042583 0.73233706 0.03758505
v 0.39626330 0.73328179 0.03682368
v 0.39534360 0.73702216 0.03615902
v 0.38272363 0.73742169 0.03562944
v 0.38959402 0.73685485 0.03655737
v 0.38381138 0.74059242 0.03194050
v 0.38591233 0.74235260 0.02295088
v 0.37763193 0.74231708 0.02211631
v 0.38781378 0.74134237 0.02796767
v 0.36993477 0.74240464 0.01303589
v 0.37761170 0.74151015 0.01358533
v 0.38575459 0.74116546 0.01385612
v 0.38398352 0.73865163 0.00461118
v 0.37737474 0.73817688 0.00474808
v 0.38455045 0.73566300 0.00079970
v 0.36901751 0.73930323 0.00442503
v 0.37442225 0.73612553 -0.00292291
v 0.37717003 0.73406482 -0.00807467
v 0.35950017 0.73933083 0.00431145
v 0.36704615 0.73739344 0.00014771
v 0.35506576 0.73434329 -0.00194438
v 0.35323972 0.73535448 -0.00042943
v 0.35040814 0.72738844 -0.00181827
v 0.36872715 0.73095542 -0.00886213
v 0.35714853 0.73353219 -0.00364055
v 0.35252988 0.72548264 -0.00362659
v 0.34943083 0.71974051 0.00400276
v 0.35473955 0.72395188 -0.00529833
v 0.35272184 0.71670246 0.00261356
v 0.35080811 0.71925950 0.01163226
v 0.36299840 0.73237902 -0.00618972
v 0.36038572 0.72276080 -0.00778534
v 0.35604516 0.71461189 0.00112790
v 0.35715142 0.71619171 0.01020156
v 0.36630607 0.72246873 -0.01040004
v 0.35698935 0.72081083 0.01869544
v 0.35209155 0.72181588 0.01848829
v 0.36683923 0.72040945 0.01781739
v 0.36198676 0.71313184 -0.00273066
v 0.36521688 0.71281612 0.00510270
v 0.37654269 0.71682119 0.00820926
v 0.37630716 0.72115165 0.01482633
v 0.38251945 0.72146702 0.01114576
v 0.37234154 0.71414238 -0.00073703
v 0.38198206 0.71894312 0.00036751
v 0.38759902 0.72419554 0.00537810
v 0.36918202 0.71450663 -0.00649552
v 0.38730779 0.72340471 0.00015322
v 0.38607717 0.72946155 -0.00285135
v 0.38442138 0.72927761 -0.00597952
v 0.38747895 0.72478336 -0.00430750
v 0.38431621 0.72999978 -0.00815076
v 0.38506499 0.71888429 -0.00571457
v 0.37671876 0.71687794 -0.00549182
v 0.38028884 0.71693385 -0.00885530
v 0.37090695 0.72330040 -0.01262572
v 0.37698364 0.71795928 -0.01121831
v 0.37957242 0.71883380 -0.01390147
v 0.37350562 0.71605867 -0.00970759
v 0.37448919 0.71994030 -0.01251860
v 0.37273759 0.73031801 -0.01107857
v 0.37618104 0.72004467 -0.01306006
v 0.37323880 0.72362518 -0.01363936
v 0.37517941 0.72410148 -0.01459115
v 0.37775478 0.72097158 -0.01402303
v 0.37864450 0.72393036 -0.01596343
v 0.37707248 0.72417045 -0.01524974
v 0.37395030 0.72831333 -0.01325109
v 0.37731662 0.72818416 -0.01459717
v 0.37902504 0.72961670 -0.01509258
v 0.37551492 0.72852486 -0.01417113
v 0.37611777 0.73011214 -0.01309718
v 0.38061956 0.73327589 -0.01054845
v 0.38442138 0.72927761 -0.00597952
v 0.38431621 0.72999978 -0.00815076
v 0.38547280 0.73357642 -0.00342754
v 0.38607717 0.72946155 -0.00285135
v 0.39240631 0.73392200 -0.00180102
v 0.39272204 0.72984332 -0.00084210
v 0.39821687 0.73444223 -0.00119509
v 0.39919379 0.73007339 0.00056014
v 0.39215904 0.73650283 -0.00060670
v 0.39741722 0.73803532 -0.00026613
v 0.38849568 0.73779845 0.00192678
v 0.39407340 0.73937637 0.00213595
v 0.39814940 0.73990595 0.00409289
v 0.39150131 0.73871315 0.00169469
v 0.38807327 0.73917800 0.00407920
v 0.39155403 0.73978543 0.00399940
v 0.39469010 0.74003035 0.00400212
v 0.39370513 0.73919719 0.00572638
v 0.39672086 0.73840368 0.00792392
v 0.38857016 0.73953670 0.00596703
v 0.39150786 0.73985654 0.00603484
v 0.38866729 0.73891717 0.00943695
v 0.39210364 0.73848218 0.00897869
v 0.39048356 0.74058867 0.01225693
v 0.39720649 0.73917943 0.01046197
v 0.39932680 0.73495281 0.00963332
v 0.39957577 0.73423028 0.00987622
v 0.39253497 0.74044746 0.01172450
v 0.39274600 0.74172235 0.01400573
v 0.39517593 0.74015468 0.01248358
v 0.39859447 0.73986661 0.01431294
v 0.39585808 0.74070525 0.01428275
v 0.39481482 0.74013400 0.01592378
v 0.39779156 0.73800474 0.01814627
v 0.38972953 0.74136573 0.01388555
v 0.39090329 0.74145877 0.01578778
v 0.39254496 0.74129832 0.01622690
v 0.38960856 0.74173945 0.01859878
v 0.39318910 0.74034053 0.01931606
v 0.39074671 0.74155372 0.02211860
v 0.39252260 0.74059337 0.02166245
v 0.39672682 0.73813504 0.02094796
v 0.40030399 0.73316425 0.01900345
v 0.40070620 0.73381823 0.01895116
v 0.39489841 0.73978597 0.02241627
v 0.39768675 0.73854309 0.02365512
v 0.39539018 0.74012285 0.02421922
v 0.39631155 0.73752254 0.02744476
v 0.39223376 0.74133086 0.02398995
v 0.38973448 0.74192834 0.02353711
v 0.39019653 0.74140406 0.02559421
v 0.39151520 0.74002224 0.02896085
v 0.39483798 0.74004728 0.02588931
v 0.39184687 0.74056703 0.02613566
v 0.39012197 0.73957747 0.03140697
v 0.38837531 0.73960584 0.03161617
v 0.38700360 0.73996919 0.03303753
v 0.38974601 0.73979628 0.03338252
v 0.38791847 0.73889869 0.03462560
v 0.38942486 0.73874915 0.03508726
v 0.39210770 0.73859382 0.03471904
v 0.39264131 0.73896968 0.03345283
v 0.39579189 0.73822349 0.03220465
v 0.39229691 0.73885399 0.03190717
v 0.39527041 0.73641741 0.02971881
v 0.39886859 0.73324907 0.02921495
v 0.39997956 0.73380071 0.02866638
v -0.11518451 0.71500176 -0.01264201
v -0.12486558 0.70300341 -0.00332476
v -0.11276511 0.70345712 -0.00379487
v -0.12405631 0.69789529 0.00807311
v -0.13769796 0.69983983 0.00848316
v -0.12643668 0.71440488 -0.01286919
v -0.11894915 0.72895730 -0.01511941
v -0.13763230 0.70342618 -0.00282771
v -0.14899048 0.70170820 0.00867844
v -0.14839140 0.70480299 -0.00247402
v -0.15908144 0.70391828 0.00906191
v -0.13803613 0.71461612 -0.01243553
v -0.12933163 0.72924978 -0.01469240
v -0.15832487 0.70609176 -0.00234038
v -0.16877988 0.70596510 0.00921806
v -0.14829685 0.71491760 -0.01215449
v -0.16847157 0.70767254 -0.00204451
v -0.17778687 0.70784467 0.00936094
v -0.12679115 0.74259114 -0.00816444
v -0.11798081 0.74228483 -0.00847959
v -0.13896528 0.72941470 -0.01411598
v -0.15836444 0.71596205 -0.01161319
v -0.17814313 0.70941383 -0.00158855
v -0.18608876 0.70934659 0.00928767
v -0.13344751 0.74254954 -0.00808433
v -0.12536976 0.75071901 0.00304887
v -0.11435215 0.75034440 0.00235809
v -0.11783890 0.75221252 0.01775057
v -0.14914906 0.73005164 -0.01355343
v -0.16874783 0.71730822 -0.01079738
v -0.18656795 0.71107608 -0.00103158
v -0.19412220 0.71060103 0.00932623
v -0.13205448 0.75109500 0.00332202
v -0.12854992 0.75223964 0.01797521
v -0.11591388 0.74519593 0.03072220
v -0.12702323 0.74601269 0.03040129
v -0.12187406 0.73384678 0.03803603
v -0.13487698 0.75329238 0.01794520
v -0.13709542 0.75119042 0.00314683
v -0.17870861 0.71882010 -0.00992338
v -0.14153370 0.74267173 -0.00788681
v -0.12981342 0.73542577 0.03806732
v -0.13365582 0.74709725 0.03006593
v -0.12483502 0.72158176 0.03984633
v -0.11520556 0.72060347 0.04005431
v -0.11899849 0.70816445 0.03416399
v -0.15109466 0.74349362 -0.00764322
v -0.14387386 0.75137055 0.00305690
v -0.15932724 0.73046041 -0.01285755
v -0.16987567 0.73115933 -0.01220925
v -0.16123876 0.74387586 -0.00723641
v -0.15281683 0.75134617 0.00292606
v -0.12898168 0.70929360 0.03350534
v -0.12550142 0.69934392 0.02212367
v -0.11257915 0.69837463 0.02258766
v -0.12405631 0.69789529 0.00807311
v -0.13769796 0.69983983 0.00848316
v -0.13828929 0.70197189 0.02212824
v -0.14899048 0.70170820 0.00867844
v -0.13280968 0.72281617 0.03912663
v -0.14923334 0.70397550 0.02204951
v -0.15908144 0.70391828 0.00906191
v -0.13950032 0.71048707 0.03297711
v -0.13597986 0.73645627 0.03753570
v -0.15929289 0.70634341 0.02184197
v -0.16877988 0.70596510 0.00921806
v -0.14997105 0.71202379 0.03202234
v -0.14168009 0.72368270 0.03830630
v -0.13846825 0.74747330 0.02972670
v -0.16896267 0.70853746 0.02103445
v -0.17778687 0.70784467 0.00936094
v -0.15984477 0.71380270 0.03120054
v -0.15141885 0.72468090 0.03701713
v -0.14370343 0.73731023 0.03681890
v -0.17771581 0.71047425 0.02034029
v -0.18608876 0.70934659 0.00928767
v -0.16913722 0.71541822 0.03038058
v -0.16101407 0.72570330 0.03589222
v -0.15308495 0.73805100 0.03568559
v -0.18570203 0.71188742 0.01963217
v -0.19412220 0.71060103 0.00932623
v -0.17747027 0.71685040 0.02985711
v -0.17006692 0.72671038 0.03497194
v -0.14507002 0.74801689 0.02907643
v -0.16284254 0.73879063 0.03448924
v -0.15403052 0.74818671 0.02796608
v -0.19308724 0.71289611 0.01925169
v -0.18495892 0.71801567 0.02930732
v -0.17810860 0.72761732 0.03446098
v -0.17190388 0.73899144 0.03313828
v -0.20104709 0.71335226 0.01902329
v -0.20325772 0.71150291 0.00946659
v -0.19122709 0.71876544 0.02927915
v -0.18496266 0.72842604 0.03418525
v -0.16365796 0.74816883 0.02692326
v -0.17978102 0.73903328 0.03218132
v -0.20764658 0.71353763 0.01921105
v -0.21078575 0.71211016 0.01003309
v -0.17297198 0.74818569 0.02587174
v -0.21805504 0.71313357 0.02050424
v -0.22410724 0.71159887 0.01224939
v -0.16385095 0.75334227 0.01588564
v -0.17333747 0.75332862 0.01537903
v -0.15405954 0.75334197 0.01657752
v -0.14527968 0.75331390 0.01740560
v -0.13928682 0.75333011 0.01779211
v -0.16270536 0.75133020 0.00291568
v -0.17133270 0.74389720 -0.00665316
v -0.17238487 0.75135612 0.00317972
v -0.17991281 0.73203009 -0.01162765
v -0.18207298 0.75331438 0.01516702
v -0.18074641 0.74390060 -0.00614055
v -0.18710214 0.71984452 -0.00914114
v -0.18136705 0.74805290 0.02521149
v -0.18138365 0.75151581 0.00345490
v -0.19004430 0.75285167 0.01471804
v -0.18649781 0.73898983 0.03163125
v -0.18807748 0.73249376 -0.01103904
v -0.19471633 0.71268904 -0.00053915
v -0.20325772 0.71150291 0.00946659
v -0.18891105 0.75138867 0.00353458
v -0.18876356 0.74740416 0.02463940
v -0.18996678 0.72866762 0.03438625
v -0.19512518 0.72082335 -0.00844365
v -0.20396860 0.71403348 -0.00028050
v -0.21078575 0.71211016 0.01003309
v -0.21203227 0.71491426 0.00020437
v -0.22410724 0.71159887 0.01224939
v -0.20466259 0.72181743 -0.00782720
v -0.19576754 0.73289490 -0.01044746
v -0.23213890 0.71408391 0.00336341
v -0.23570554 0.70907325 0.01510848
v -0.21344601 0.72242743 -0.00702965
v -0.24135548 0.71145111 0.00505242
v -0.24493572 0.70785564 0.01695286
v -0.18863866 0.74400216 -0.00572566
v -0.20540689 0.73321337 -0.00991552
v -0.23813821 0.72161996 -0.00329731
v -0.24814525 0.71022123 0.00594859
v -0.25191322 0.70744562 0.01779214
v -0.19608574 0.74412465 -0.00538141
v -0.19593631 0.75128204 0.00350071
v -0.21466467 0.73324811 -0.00910399
v -0.24611413 0.72057718 -0.00260095
v -0.25453517 0.70958036 0.00637345
v -0.25948283 0.70782977 0.01823284
v -0.19704434 0.75235468 0.01455086
v -0.24053043 0.73216516 -0.00498516
v -0.25257871 0.71938711 -0.00251158
v -0.26165321 0.70970231 0.00670430
v -0.26718637 0.70882130 0.01854616
v -0.24765643 0.73104328 -0.00447696
v -0.25795537 0.71874064 -0.00265988
v -0.26899785 0.71039361 0.00708568
v -0.27479088 0.71023923 0.01918174
v -0.25332621 0.73121595 -0.00573258
v -0.26434630 0.71853280 -0.00267723
v -0.27621487 0.71144319 0.00762249
v -0.28356475 0.71208239 0.01972689
v -0.25958923 0.73102719 -0.00647838
v -0.27107888 0.71867830 -0.00246263
v -0.28459421 0.71289790 0.00824467
v -0.29479408 0.71437657 0.01974275
v -0.26518935 0.73098236 -0.00698650
v -0.27762985 0.71912801 -0.00193497
v -0.29550034 0.71482301 0.00893626
v -0.30659932 0.71667093 0.01955722
v -0.30701780 0.71677130 0.00966849
v -0.31704670 0.71848369 0.01938561
v -0.31723171 0.71828932 0.01028626
v -0.32625484 0.71971583 0.01922022
v -0.32628977 0.71931660 0.01075452
v -0.33436760 0.72043824 0.01901871
v -0.33443993 0.71993387 0.01095618
v -0.34203437 0.72118932 0.01874648
v -0.34194577 0.72048986 0.01097718
v -0.34780601 0.72183335 0.01830443
v -0.34682170 0.72058356 0.01109589
v -0.35209143 0.72181475 0.01848833
v -0.35080796 0.71925825 0.01163230
v -0.34943065 0.71973914 0.00400280
v -0.34178531 0.72334361 0.00380285
v -0.34608024 0.72266340 0.00346231
v -0.35040811 0.72738707 -0.00181822
v -0.34749037 0.72911215 -0.00212473
v -0.35323972 0.73535329 -0.00042938
v -0.33434361 0.72322899 0.00310516
v -0.34233177 0.73016298 -0.00151889
v -0.34880900 0.73644358 0.00015719
v -0.35510519 0.73998666 0.00507981
v -0.32626843 0.72337949 0.00262256
v -0.33455330 0.73053241 -0.00124731
v -0.34371096 0.73723418 0.00051200
v -0.35019261 0.74073201 0.00609272
v -0.35571411 0.74293232 0.01426715
v -0.31731611 0.72318989 0.00195758
v -0.34384283 0.74228388 0.00665044
v -0.35055050 0.74344045 0.01504717
v -0.35561079 0.74281549 0.02173771
v -0.33536166 0.73852193 0.00045299
v -0.32637745 0.73106575 -0.00116587
v -0.30728436 0.72252870 0.00111088
v -0.33550450 0.74413311 0.00720698
v -0.34381336 0.74472433 0.01586564
v -0.35036364 0.74296707 0.02314733
v -0.32678676 0.73953110 0.00045529
v -0.31735921 0.73143178 -0.00175352
v -0.29598388 0.72128367 -0.00004174
v -0.32672048 0.74548525 0.00759640
v -0.33525991 0.74607521 0.01670917
v -0.30734819 0.73156440 -0.00287360
v -0.28541401 0.71997601 -0.00113853
v -0.31739318 0.74072516 -0.00007638
v -0.31706893 0.74699181 0.00763858
v -0.29621780 0.73140591 -0.00450085
v -0.28575745 0.73118955 -0.00599764
v -0.30718565 0.74188316 -0.00111514
v -0.32635254 0.74725145 0.01767096
v -0.30678850 0.74859005 0.00731476
v -0.27787921 0.73110980 -0.00682146
v -0.31649208 0.74815220 0.01832538
v -0.27142918 0.73104471 -0.00710198
v -0.26537204 0.74432033 -0.00585425
v -0.27158865 0.74427170 -0.00551961
v -0.27810434 0.74396563 -0.00509236
v -0.25938132 0.74421465 -0.00578889
v -0.28601986 0.74346948 -0.00425503
v -0.25176033 0.74365795 -0.00452942
v -0.24563225 0.74333984 -0.00323709
v -0.24985301 0.75322968 0.00388210
v -0.25774795 0.75412619 0.00400647
v -0.26448935 0.75416517 0.00415129
v -0.27124226 0.75369978 0.00442500
v -0.23757300 0.74283779 -0.00286555
v -0.24297677 0.75212848 0.00408625
v -0.21376055 0.74406600 -0.00504643
v -0.27824959 0.75286651 0.00496447
v -0.23084755 0.75054228 0.00411097
v -0.20522000 0.74422038 -0.00527321
v -0.21227804 0.75092548 0.00315673
v -0.20470946 0.75114608 0.00314446
v -0.20564748 0.75190794 0.01400891
v -0.21309885 0.75148511 0.01412478
v -0.22281939 0.75097030 0.01599215
v -0.23640653 0.75450087 0.01750194
v -0.19491598 0.74687946 0.02438184
v -0.24800405 0.75598067 0.01826389
v -0.19150211 0.73909503 0.03161424
v -0.25627637 0.75586694 0.01871695
v -0.26378119 0.75556654 0.01905932
v -0.27104038 0.75482589 0.01914454
v -0.27822417 0.75386095 0.01908208
v -0.24625544 0.75056648 0.03099633
v -0.25445741 0.75065267 0.03181066
v -0.26245874 0.75040811 0.03209819
v -0.27019662 0.74992406 0.03192487
v -0.23840329 0.75011033 0.02978476
v -0.28622234 0.75258005 0.01896990
v -0.27769256 0.74926800 0.03139803
v -0.28628153 0.75170106 0.00571561
v -0.29623958 0.74278855 -0.00273417
v -0.29614806 0.75021970 0.00657444
v -0.29586387 0.75089198 0.01889280
v -0.30621868 0.74926573 0.01871800
v -0.28586870 0.74843580 0.03054811
v -0.29565012 0.74741095 0.02940237
v -0.31636870 0.74557608 0.02744865
v -0.30609626 0.74639124 0.02826731
v -0.32617116 0.74497855 0.02660952
v -0.33490625 0.74439776 0.02529478
v -0.34345713 0.74371070 0.02407514
v -0.27744853 0.74024481 0.03888781
v -0.28562212 0.74013609 0.03786777
v -0.29539651 0.73989147 0.03659516
v -0.30583572 0.73952824 0.03530820
v -0.31598097 0.73906130 0.03425974
v -0.32685238 0.73860931 0.03341877
v -0.33522469 0.74011910 0.03113667
v -0.28529972 0.73013383 0.03931043
v -0.26987869 0.74031997 0.03963276
v -0.29520458 0.73037261 0.03819644
v -0.30573785 0.73060042 0.03704122
v -0.34342185 0.74032456 0.02957972
v -0.27703792 0.72976846 0.04018422
v -0.26188737 0.74048752 0.04006554
v -0.34919339 0.73976392 0.02767114
v -0.35502887 0.74022758 0.02785497
v -0.34860834 0.73945034 0.03054839
v -0.35473320 0.73688167 0.03069122
v -0.34499669 0.73961592 0.03109619
v -0.34872839 0.73597270 0.03416637
v -0.35407761 0.73256642 0.03205230
v -0.34171098 0.73608494 0.03315096
v -0.34495586 0.73587978 0.03421505
v -0.34866640 0.73036635 0.03277466
v -0.35325673 0.72729415 0.02871900
v -0.33483124 0.73673415 0.03362114
v -0.34222305 0.73041105 0.03330715
v -0.34860557 0.72642368 0.02922312
v -0.35273311 0.72455865 0.02501755
v -0.33405179 0.73080897 0.03449513
v -0.34236187 0.72608596 0.02957356
v -0.34848547 0.72386551 0.02485590
v -0.35209143 0.72181475 0.01848833
v -0.34780601 0.72183335 0.01830443
v -0.34213215 0.72332078 0.02543964
v -0.34203437 0.72118932 0.01874648
v -0.32536840 0.73116559 0.03522481
v -0.33439410 0.72541547 0.03067375
v -0.33438978 0.72245097 0.02555973
v -0.33436760 0.72043824 0.01901871
v -0.32625484 0.71971583 0.01922022
v -0.31585181 0.73097289 0.03605957
v -0.32576084 0.72481257 0.03160882
v -0.32614410 0.72153753 0.02605046
v -0.31704670 0.71848369 0.01938561
v -0.31631696 0.72420067 0.03247436
v -0.31683153 0.72056121 0.02666076
v -0.30659932 0.71667093 0.01955722
v -0.30605358 0.72341323 0.03352349
v -0.30639964 0.71910596 0.02746724
v -0.29495889 0.72242081 0.03479636
v -0.29467154 0.71706182 0.02839472
v -0.29479408 0.71437657 0.01974275
v -0.28452581 0.72140819 0.03596350
v -0.28347892 0.71500295 0.02920747
v -0.28356475 0.71208239 0.01972689
v -0.27628446 0.72060263 0.03674048
v -0.27472895 0.71350878 0.02969718
v -0.27479088 0.71023923 0.01918174
v -0.26941979 0.72941130 0.04088463
v -0.26706731 0.71233445 0.02982916
v -0.26718637 0.70882130 0.01854616
v -0.26886445 0.71984869 0.03717712
v -0.26142496 0.72918069 0.04147149
v -0.25909263 0.71122748 0.02954121
v -0.25948283 0.70782977 0.01823284
v -0.26090217 0.71898293 0.03730717
v -0.25389332 0.74056095 0.04018106
v -0.25113672 0.71046174 0.02881367
v -0.25191322 0.70744562 0.01779214
v -0.25272948 0.71825379 0.03724596
v -0.25353009 0.72898805 0.04190071
v -0.24548820 0.74019587 0.03986309
v -0.24366598 0.71033370 0.02758559
v -0.24493572 0.70785564 0.01695286
v -0.24498039 0.72876710 0.04206606
v -0.23802482 0.73999989 0.03933195
v -0.24473716 0.71793240 0.03712148
v -0.23698790 0.71061647 0.02599269
v -0.23570554 0.70907325 0.01510848
v -0.23740809 0.72896856 0.04172285
v -0.23707606 0.71781945 0.03719638
v -0.23113479 0.71115452 0.02424659
v -0.22945789 0.71682227 0.03502053
v -0.22592548 0.71190298 0.02232685
v -0.22952825 0.73833013 0.03888416
v -0.22952642 0.72921884 0.04112669
v -0.22932269 0.72019339 0.03845518
v -0.22263208 0.71673149 0.03296360
v -0.21835853 0.71715432 0.03095585
v -0.22139135 0.72097534 0.03764936
v -0.22146870 0.72989416 0.04008319
v -0.21359061 0.71762371 0.02949553
v -0.21547529 0.72164965 0.03629601
v -0.20303965 0.71826088 0.02874180
v -0.21082860 0.72177798 0.03437270
v -0.19738525 0.71850699 0.02864391
v -0.20340385 0.72206491 0.03295169
v -0.19662377 0.72094738 0.03185059
v -0.21466605 0.73043060 0.03854445
v -0.20975503 0.73039168 0.03633976
v -0.20288885 0.72988856 0.03495149
v -0.19585244 0.72961986 0.03501422
v -0.19686623 0.73777980 0.03259300
v -0.20396999 0.73767442 0.03265125
v -0.19729333 0.74037224 0.03069361
v -0.21094620 0.73807722 0.03346104
v -0.21636365 0.73865241 0.03520221
v -0.20119478 0.74668866 0.02392550
v -0.20457314 0.74096650 0.02992964
v -0.20731567 0.74651474 0.02398891
v -0.21306309 0.74150914 0.03022060
v -0.21629374 0.74661547 0.02429641
v -0.22252704 0.73853910 0.03726698
v -0.21770242 0.74213958 0.03165771
v -0.21970925 0.74731362 0.02506700
v -0.22365186 0.74238515 0.03382807
v -0.22489037 0.74804765 0.02649505
v -0.22980452 0.74204755 0.03620526
v -0.23178610 0.74914217 0.02858557
v 0.12405633 0.69789511 0.00807309
v 0.12486560 0.70300323 -0.00332478
v 0.11276513 0.70345700 -0.00379489
v 0.13769798 0.69983959 0.00848314
v 0.11518453 0.71500158 -0.01264203
v 0.13763231 0.70342600 -0.00282773
v 0.14899054 0.70170784 0.00867842
v 0.12643668 0.71440464 -0.01286922
v 0.11894917 0.72895712 -0.01511943
v 0.14839141 0.70480281 -0.00247404
v 0.15908149 0.70391804 0.00906189
v 0.13803615 0.71461594 -0.01243555
v 0.12933165 0.72924960 -0.01469243
v 0.15832488 0.70609146 -0.00234041
v 0.16877992 0.70596480 0.00921804
v 0.14829688 0.71491736 -0.01215451
v 0.16847163 0.70767218 -0.00204454
v 0.17778696 0.70784438 0.00936092
v 0.12679116 0.74259090 -0.00816446
v 0.11798084 0.74228466 -0.00847961
v 0.13896532 0.72941452 -0.01411601
v 0.15836449 0.71596181 -0.01161322
v 0.17814317 0.70941347 -0.00158857
v 0.18608886 0.70934629 0.00928764
v 0.12536977 0.75071877 0.00304885
v 0.11435217 0.75034428 0.00235807
v 0.11783893 0.75221235 0.01775056
v 0.13344751 0.74254930 -0.00808435
v 0.14914909 0.73005140 -0.01355346
v 0.16874787 0.71730798 -0.01079741
v 0.18656801 0.71107584 -0.00103161
v 0.19412228 0.71060073 0.00932621
v 0.12854990 0.75223947 0.01797519
v 0.11591391 0.74519581 0.03072218
v 0.14153375 0.74267149 -0.00788683
v 0.15932727 0.73046017 -0.01285758
v 0.17870866 0.71881986 -0.00992341
v 0.19471641 0.71268880 -0.00053918
v 0.20325786 0.71150261 0.00946657
v 0.12702325 0.74601251 0.03040127
v 0.12187409 0.73384660 0.03803603
v 0.15109468 0.74349332 -0.00764325
v 0.16987568 0.73115915 -0.01220928
v 0.18710218 0.71984428 -0.00914117
v 0.20396866 0.71403319 -0.00028053
v 0.21078591 0.71210992 0.01003307
v 0.16123879 0.74387562 -0.00723643
v 0.17991284 0.73202991 -0.01162767
v 0.19512521 0.72082317 -0.00844368
v 0.21203236 0.71491390 0.00020434
v 0.22410753 0.71159893 0.01224937
v 0.17133272 0.74389690 -0.00665319
v 0.18807751 0.73249358 -0.01103908
v 0.20466262 0.72181720 -0.00782723
v 0.23213917 0.71408403 0.00336338
v 0.23570593 0.70907348 0.01510846
v 0.18074644 0.74390030 -0.00614058
v 0.19576758 0.73289472 -0.01044749
v 0.21344605 0.72242725 -0.00702968
v 0.24135581 0.71145147 0.00505239
v 0.24493614 0.70785600 0.01695283
v 0.18863869 0.74400187 -0.00572569
v 0.20540692 0.73321319 -0.00991555
v 0.23813838 0.72162014 -0.00329734
v 0.24814562 0.71022171 0.00594856
v 0.25191361 0.70744616 0.01779211
v 0.19608578 0.74412441 -0.00538144
v 0.21466471 0.73324794 -0.00910403
v 0.24611434 0.72057754 -0.00260098
v 0.25453550 0.70958090 0.00637342
v 0.25948322 0.70783037 0.01823281
v 0.24053045 0.73216546 -0.00498519
v 0.25257894 0.71938765 -0.00251161
v 0.26165360 0.70970303 0.00670427
v 0.26718676 0.70882207 0.01854614
v 0.24765648 0.73104370 -0.00447699
v 0.25795564 0.71874124 -0.00265991
v 0.26899818 0.71039432 0.00708565
v 0.27479130 0.71024019 0.01918172
v 0.25332624 0.73121649 -0.00573261
v 0.26434657 0.71853352 -0.00267726
v 0.27621520 0.71144408 0.00762246
v 0.28356504 0.71208346 0.01972686
v 0.25958923 0.73102772 -0.00647841
v 0.27107912 0.71867913 -0.00246266
v 0.28459451 0.71289891 0.00824464
v 0.29479438 0.71437776 0.01974272
v 0.26518938 0.73098308 -0.00698653
v 0.27763003 0.71912891 -0.00193500
v 0.29550061 0.71482420 0.00893623
v 0.30659962 0.71667230 0.01955718
v 0.30701804 0.71677268 0.00966846
v 0.31704694 0.71848524 0.01938558
v 0.31723195 0.71829093 0.01028623
v 0.32625505 0.71971762 0.01922019
v 0.32629001 0.71931833 0.01075448
v 0.33436781 0.72044009 0.01901868
v 0.33444014 0.71993577 0.01095614
v 0.34203458 0.72119129 0.01874644
v 0.34194598 0.72049189 0.01097714
v 0.34780622 0.72183526 0.01830438
v 0.34682199 0.72058547 0.01109587
v 0.35209155 0.72181588 0.01848829
v 0.35080811 0.71925950 0.01163226
v 0.34943083 0.71974051 0.00400276
v 0.34178552 0.72334564 0.00380281
v 0.34608042 0.72266513 0.00346228
v 0.35040814 0.72738844 -0.00181827
v 0.34749043 0.72911394 -0.00212477
v 0.35323972 0.73535448 -0.00042943
v 0.33434376 0.72323084 0.00310512
v 0.34880891 0.73644537 0.00015715
v 0.35510516 0.73998785 0.00507976
v 0.34233171 0.73016500 -0.00151894
v 0.32626861 0.72338116 0.00262252
v 0.35019252 0.74073392 0.00609268
v 0.35571405 0.74293357 0.01426711
v 0.34371093 0.73723620 0.00051196
v 0.33455336 0.73053426 -0.00124735
v 0.31731626 0.72319138 0.00195754
v 0.35055035 0.74344236 0.01504714
v 0.35561073 0.74281675 0.02173767
v 0.34384266 0.74228597 0.00665040
v 0.33536154 0.73852378 0.00045295
v 0.32637748 0.73106748 -0.00116591
v 0.30728453 0.72253013 0.00111085
v 0.33550426 0.74413496 0.00720695
v 0.34381318 0.74472630 0.01586560
v 0.32678664 0.73953289 0.00045525
v 0.31735921 0.73143339 -0.00175355
v 0.29598409 0.72128487 -0.00004178
v 0.32672024 0.74548697 0.00759636
v 0.30734819 0.73156583 -0.00287363
v 0.28541419 0.71997702 -0.00113856
v 0.31739300 0.74072671 -0.00007642
v 0.29621783 0.73140711 -0.00450089
v 0.28575748 0.73119056 -0.00599767
v 0.33525971 0.74607706 0.01670914
v 0.31706867 0.74699342 0.00763854
v 0.30718550 0.74188459 -0.00111517
v 0.27787924 0.73111069 -0.00682149
v 0.32635233 0.74725318 0.01767093
v 0.30678824 0.74859142 0.00731473
v 0.27142918 0.73104548 -0.00710201
v 0.26537186 0.74432105 -0.00585428
v 0.27158844 0.74427253 -0.00551964
v 0.27810419 0.74396658 -0.00509239
v 0.31649181 0.74815375 0.01832535
v 0.25938118 0.74421525 -0.00578892
v 0.28601965 0.74347055 -0.00425506
v 0.25176018 0.74365836 -0.00452944
v 0.24563207 0.74334019 -0.00323712
v 0.24985270 0.75323009 0.00388208
v 0.25774759 0.75412679 0.00400644
v 0.23757286 0.74283803 -0.00286557
v 0.29623941 0.74278975 -0.00273421
v 0.29614779 0.75022089 0.00657441
v 0.28628123 0.75170213 0.00571558
v 0.30621839 0.74926716 0.01871797
v 0.24297644 0.75212878 0.00408622
v 0.21376057 0.74406582 -0.00504647
v 0.27824926 0.75286740 0.00496444
v 0.29586354 0.75089324 0.01889277
v 0.23084728 0.75054240 0.00411095
v 0.20521998 0.74422020 -0.00527324
v 0.21227801 0.75092524 0.00315670
v 0.20470943 0.75114590 0.00314443
v 0.27124196 0.75370055 0.00442497
v 0.19593632 0.75128186 0.00350068
v 0.26448900 0.75416583 0.00415127
v 0.18891104 0.75138843 0.00353455
v 0.22281913 0.75097024 0.01599213
v 0.21309869 0.75148499 0.01412476
v 0.20564738 0.75190765 0.01400888
v 0.19704427 0.75235438 0.01455083
v 0.23640618 0.75450104 0.01750192
v 0.24800366 0.75598109 0.01826387
v 0.25627604 0.75586754 0.01871693
v 0.26378080 0.75556719 0.01905929
v 0.27104002 0.75482672 0.01914452
v 0.27822384 0.75386190 0.01908206
v 0.28622204 0.75258112 0.01896988
v 0.24625513 0.75056690 0.03099632
v 0.25445715 0.75065321 0.03181065
v 0.26245847 0.75040883 0.03209817
v 0.27019635 0.74992484 0.03192485
v 0.27769223 0.74926895 0.03139801
v 0.28586841 0.74843687 0.03054808
v 0.23840301 0.75011063 0.02978474
v 0.29564989 0.74741220 0.02940235
v 0.25389314 0.74056154 0.04018104
v 0.26188725 0.74048817 0.04006552
v 0.26987857 0.74032080 0.03963273
v 0.24548808 0.74019629 0.03986307
v 0.27744842 0.74024576 0.03888779
v 0.23802470 0.74000019 0.03933194
v 0.28562200 0.74013716 0.03786775
v 0.30609602 0.74639261 0.02826728
v 0.29539636 0.73989266 0.03659513
v 0.28529972 0.73013490 0.03931041
v 0.27703798 0.72976935 0.04018420
v 0.31636846 0.74557769 0.02744862
v 0.30583560 0.73952967 0.03530817
v 0.32617092 0.74498028 0.02660949
v 0.26941985 0.72941214 0.04088460
v 0.29520458 0.73037386 0.03819642
v 0.31598085 0.73906285 0.03425972
v 0.33490604 0.74439967 0.02529475
v 0.26142505 0.72918123 0.04147146
v 0.30573788 0.73060179 0.03704120
v 0.32685226 0.73861104 0.03341874
v 0.34345692 0.74371284 0.02407493
v 0.25353014 0.72898859 0.04190068
v 0.33522454 0.74012101 0.03113665
v 0.35036355 0.74296904 0.02314725
v 0.34342006 0.74032658 0.02958206
v 0.34919345 0.73976582 0.02767118
v 0.35502884 0.74022877 0.02785491
v 0.34860823 0.73945236 0.03054836
v 0.35473320 0.73688281 0.03069116
v 0.34499708 0.73961788 0.03109642
v 0.34171090 0.73608667 0.03315104
v 0.34872836 0.73597473 0.03416634
v 0.35407773 0.73256797 0.03205226
v 0.34495580 0.73588187 0.03421502
v 0.34866634 0.73036808 0.03277462
v 0.35325679 0.72729540 0.02871895
v 0.33483118 0.73673606 0.03362111
v 0.34222308 0.73041308 0.03330712
v 0.34860569 0.72642565 0.02922307
v 0.35273331 0.72456002 0.02501751
v 0.33405179 0.73081082 0.03449510
v 0.34848565 0.72386748 0.02485587
v 0.35209155 0.72181588 0.01848829
v 0.34780622 0.72183526 0.01830438
v 0.34236199 0.72608793 0.02957353
v 0.34213230 0.72332275 0.02543961
v 0.34203458 0.72119129 0.01874644
v 0.32536843 0.73116732 0.03522478
v 0.33439425 0.72541732 0.03067372
v 0.33438995 0.72245276 0.02555970
v 0.33436781 0.72044009 0.01901868
v 0.32625505 0.71971762 0.01922019
v 0.31585181 0.73097444 0.03605954
v 0.32576093 0.72481430 0.03160880
v 0.32614428 0.72153926 0.02605043
v 0.31704694 0.71848524 0.01938558
v 0.31631711 0.72420222 0.03247433
v 0.31683171 0.72056282 0.02666073
v 0.30659962 0.71667230 0.01955718
v 0.30605373 0.72341466 0.03352346
v 0.30639991 0.71910739 0.02746722
v 0.29495904 0.72242200 0.03479633
v 0.29467180 0.71706307 0.02839469
v 0.29479438 0.71437776 0.01974272
v 0.28452596 0.72140926 0.03596348
v 0.28347918 0.71500403 0.02920744
v 0.28356504 0.71208346 0.01972686
v 0.27628464 0.72060353 0.03674046
v 0.27472925 0.71350968 0.02969716
v 0.27479130 0.71024019 0.01918172
v 0.26886466 0.71984947 0.03717709
v 0.26706770 0.71233523 0.02982914
v 0.26718676 0.70882207 0.01854614
v 0.26090240 0.71898359 0.03730715
v 0.25909296 0.71122807 0.02954119
v 0.25948322 0.70783037 0.01823281
v 0.25272971 0.71825433 0.03724593
v 0.25113708 0.71046221 0.02881365
v 0.25191361 0.70744616 0.01779211
v 0.24498047 0.72876751 0.04206605
v 0.24366635 0.71033406 0.02758557
v 0.24493614 0.70785600 0.01695283
v 0.24473742 0.71793282 0.03712146
v 0.23698828 0.71061677 0.02599267
v 0.23570593 0.70907348 0.01510846
v 0.23740815 0.72896880 0.04172283
v 0.23707631 0.71781969 0.03719635
v 0.23113514 0.71115464 0.02424657
v 0.22410753 0.71159893 0.01224937
v 0.22945815 0.71682245 0.03502051
v 0.22592583 0.71190304 0.02232683
v 0.21805532 0.71313334 0.02050423
v 0.21078591 0.71210992 0.01003307
v 0.20764674 0.71353740 0.01921103
v 0.20325786 0.71150261 0.00946657
v 0.20104724 0.71335202 0.01902327
v 0.19412228 0.71060073 0.00932621
v 0.22952648 0.72921896 0.04112667
v 0.22932290 0.72019356 0.03845517
v 0.22263235 0.71673155 0.03296358
v 0.21835878 0.71715432 0.03095583
v 0.21359083 0.71762371 0.02949551
v 0.22139154 0.72097534 0.03764935
v 0.22146876 0.72989410 0.04008317
v 0.21547547 0.72164959 0.03629599
v 0.22952816 0.73833030 0.03888414
v 0.20303975 0.71826065 0.02874178
v 0.21082874 0.72177780 0.03437268
v 0.22252695 0.73853916 0.03726697
v 0.22980437 0.74204773 0.03620524
v 0.21466608 0.73043048 0.03854444
v 0.22365169 0.74238515 0.03382805
v 0.23178585 0.74914235 0.02858555
v 0.22489014 0.74804771 0.02649504
v 0.21636356 0.73865241 0.03520220
v 0.21770227 0.74213958 0.03165769
v 0.21970902 0.74731368 0.02506698
v 0.21629354 0.74661541 0.02429639
v 0.21306297 0.74150902 0.03022058
v 0.20731553 0.74651456 0.02398889
v 0.21094613 0.73807704 0.03346103
v 0.20457305 0.74096626 0.02992962
v 0.20119467 0.74668843 0.02392548
v 0.20975508 0.73039150 0.03633975
v 0.19491591 0.74687916 0.02438182
v 0.20396993 0.73767418 0.03265123
v 0.19729333 0.74037200 0.03069359
v 0.20340393 0.72206473 0.03295167
v 0.20288889 0.72988832 0.03495147
v 0.19686623 0.73777950 0.03259298
v 0.19150209 0.73909479 0.03161422
v 0.18876351 0.74740380 0.02463938
v 0.19738537 0.71850681 0.02864389
v 0.19662388 0.72094715 0.03185057
v 0.19585247 0.72961968 0.03501420
v 0.19122717 0.71876514 0.02927912
v 0.18996683 0.72866738 0.03438623
v 0.18649781 0.73898953 0.03163123
v 0.19004425 0.75285149 0.01471801
v 0.19308735 0.71289581 0.01925167
v 0.18496269 0.72842574 0.03418523
v 0.18136702 0.74805260 0.02521146
v 0.18138367 0.75151551 0.00345487
v 0.18570210 0.71188712 0.01963215
v 0.18608886 0.70934629 0.00928764
v 0.18495901 0.71801537 0.02930729
v 0.17978102 0.73903292 0.03218130
v 0.18207295 0.75331414 0.01516700
v 0.17238489 0.75135589 0.00317970
v 0.17771590 0.71047390 0.02034027
v 0.17778696 0.70784438 0.00936092
v 0.17747036 0.71685010 0.02985709
v 0.17810863 0.72761697 0.03446096
v 0.17297196 0.74818546 0.02587172
v 0.16270539 0.75133002 0.00291566
v 0.17333744 0.75332838 0.01537900
v 0.16896273 0.70853716 0.02103443
v 0.16877992 0.70596480 0.00921804
v 0.17190388 0.73899114 0.03313825
v 0.16913728 0.71541786 0.03038057
v 0.17006695 0.72671008 0.03497192
v 0.16365796 0.74816853 0.02692324
v 0.16385096 0.75334203 0.01588561
v 0.15929294 0.70634317 0.02184196
v 0.15908149 0.70391804 0.00906189
v 0.16284254 0.73879039 0.03448922
v 0.15984485 0.71380252 0.03120052
v 0.16101412 0.72570312 0.03589221
v 0.14923340 0.70397520 0.02204949
v 0.14899054 0.70170784 0.00867842
v 0.15403052 0.74818641 0.02796607
v 0.15308496 0.73805076 0.03568556
v 0.15141888 0.72468066 0.03701711
v 0.14997110 0.71202356 0.03202232
v 0.13828935 0.70197171 0.02212822
v 0.13769798 0.69983959 0.00848314
v 0.13950035 0.71048689 0.03297709
v 0.14168012 0.72368246 0.03830628
v 0.14370345 0.73730999 0.03681888
v 0.14507003 0.74801672 0.02907641
v 0.12550144 0.69934368 0.02212366
v 0.12405633 0.69789511 0.00807309
v 0.11257916 0.69837439 0.02258764
v 0.11899853 0.70816433 0.03416398
v 0.12898172 0.70929337 0.03350532
v 0.13280970 0.72281587 0.03912662
v 0.12483506 0.72158158 0.03984632
v 0.11520559 0.72060329 0.04005430
v 0.12981343 0.73542559 0.03806730
v 0.13597988 0.73645610 0.03753568
v 0.13365585 0.74709702 0.03006591
v 0.13846827 0.74747312 0.02972669
v 0.13487698 0.75329214 0.01794519
v 0.13205451 0.75109482 0.00332200
v 0.13709544 0.75119025 0.00314681
v 0.13928682 0.75332993 0.01779209
v 0.14527968 0.75331372 0.01740558
v 0.14387387 0.75137037 0.00305688
v 0.15405953 0.75334173 0.01657750
v 0.15281685 0.75134599 0.00292603
v -0.04601360 0.01318951 -0.08820094
v -0.04797385 0.01166326 -0.09009106
v -0.04593227 0.01135711 -0.08883717
v -0.04459234 0.01107344 -0.08631032
v -0.04782690 0.01359661 -0.08945378
v -0.04993434 0.01339031 -0.08858036
v -0.05017435 0.01168335 -0.08921352
v -0.05224813 0.01007332 -0.08619529
v -0.04913437 0.01513203 -0.08143616
v -0.04606921 0.01367702 -0.08129315
v -0.05211196 0.01451336 -0.08171789
v -0.04612179 0.01685011 -0.07530922
v -0.04492896 0.01045821 -0.08069456
v -0.04980776 0.01802772 -0.07579619
v -0.05309201 0.01273922 -0.08052460
v -0.05306731 0.01689192 -0.07554385
v -0.05074178 0.01904207 -0.06562593
v -0.05320252 0.01230221 -0.08695372
v -0.05314294 0.01066687 -0.08799877
v -0.05449454 0.01083285 -0.08873015
v -0.04298750 0.01402642 -0.08109918
v -0.04500360 0.01343466 -0.07228803
v -0.04649225 0.01751183 -0.06552760
v -0.04291137 0.01330317 -0.08716460
v -0.04303061 0.01203352 -0.08813625
v -0.04108424 0.01210095 -0.08871125
v -0.04343751 0.01561882 -0.07152884
v -0.03990527 0.01417292 -0.08118510
v -0.04085874 0.01353788 -0.08769861
v -0.03866661 0.01279020 -0.08712716
v -0.03881020 0.01146803 -0.08791963
v -0.03700381 0.01025174 -0.08578521
v -0.03645611 0.01320331 -0.08123904
v -0.03506451 0.00882161 -0.08032357
v -0.03962220 0.01658269 -0.07132273
v -0.03465477 0.01484928 -0.07148451
v -0.03198104 0.00858668 -0.07044274
v -0.03192410 0.00992475 -0.06497018
v -0.04500071 0.01401357 -0.06708237
v -0.04365484 0.01666361 -0.06567883
v -0.03930002 0.01801528 -0.06559280
v -0.03395193 0.01543126 -0.06561729
v -0.04453827 0.02032250 -0.05868178
v -0.03127439 0.01549556 -0.05572564
v -0.03046884 0.01045709 -0.05564108
v -0.02934373 0.00993648 -0.04677033
v -0.03826118 0.02096909 -0.05731888
v -0.03062904 0.01771414 -0.04667681
v -0.02889629 0.01170386 -0.03531595
v -0.03761442 0.02325964 -0.04783572
v -0.05032091 0.02258656 -0.05983833
v -0.05194462 0.02664941 -0.04968616
v -0.05356654 0.01696393 -0.06520038
v -0.05489417 0.02146930 -0.05953974
v -0.05365817 0.01354176 -0.07297258
v -0.03174301 0.02017388 -0.03699664
v -0.03806470 0.02688312 -0.03992508
v -0.03373425 0.02176047 -0.02477044
v -0.03298010 0.01295768 -0.02231194
v -0.03551076 0.01478840 -0.01164251
v -0.05248871 0.03090059 -0.04129443
v -0.06630468 0.02295136 -0.04894029
v -0.05311709 0.03385049 -0.03405510
v -0.03766350 0.03026856 -0.03090451
v -0.03478933 0.02142481 -0.00930389
v -0.03173180 0.01314154 0.00429199
v -0.03695398 0.03122026 -0.01492132
v -0.05980514 0.02096029 -0.05843964
v -0.06673221 0.02608833 -0.04119128
v -0.03200245 0.02092556 0.00597059
v -0.03188891 0.01335991 0.01977835
v -0.02989845 0.02140963 0.02075839
v -0.03530920 0.01511033 0.03552998
v -0.03459251 0.03911457 0.01037627
v -0.03655996 0.04575657 -0.00119074
v -0.05838306 0.01767112 -0.06475356
v -0.05555039 0.01660510 -0.06524702
v -0.05415356 0.01448686 -0.06577861
v -0.05439427 0.01539090 -0.07392238
v -0.05751492 0.01695317 -0.07464021
v -0.05369056 0.01341545 -0.08053748
v -0.05609720 0.01369217 -0.08069623
v -0.05461808 0.01235611 -0.08789902
v -0.05652879 0.01204291 -0.08711498
v -0.05665170 0.01066352 -0.08762451
v -0.05891899 0.01014933 -0.08304333
v -0.05861686 0.01333604 -0.08046506
v -0.06015763 0.01552208 -0.07421509
v -0.05956420 0.01127702 -0.07931404
v -0.06065251 0.01666174 -0.06424340
v -0.06074869 0.01265585 -0.07224373
v -0.06034021 0.01253940 -0.07941175
v -0.06316386 0.01849562 -0.05693727
v -0.06297088 0.01586681 -0.06341459
v -0.06106096 0.01119972 -0.06361898
v -0.05991373 0.01181656 -0.08417848
v -0.05977069 0.01034943 -0.08472550
v -0.06110252 0.01042266 -0.08512507
v -0.06148135 0.01431805 -0.07250216
v -0.06230777 0.01319021 -0.07987646
v -0.06106455 0.01169865 -0.08480501
v -0.06261477 0.01166228 -0.08372559
v -0.06279089 0.01042622 -0.08410849
v -0.06525616 0.00969917 -0.07947103
v -0.06432821 0.01586938 -0.07217017
v -0.06415944 0.01261418 -0.07974441
v -0.06573553 0.01648284 -0.06357569
v -0.06665086 0.01468313 -0.07134542
v -0.06572002 0.01111965 -0.07653535
v -0.06659138 0.01888518 -0.05698221
v -0.06761063 0.01421126 -0.06297429
v -0.07128628 0.01726599 -0.05684118
v -0.06573181 0.01136239 -0.07967564
v -0.06577958 0.01017634 -0.08029565
v -0.06690289 0.01025193 -0.08052672
v -0.07504305 0.01680455 -0.04907650
v -0.06824306 0.01303041 -0.06487150
v -0.06698907 0.01288211 -0.07048319
v -0.06635113 0.01187549 -0.07606128
v -0.06673606 0.01170096 -0.08002136
v -0.06960530 0.01339326 -0.06316752
v -0.06760539 0.01374683 -0.07006203
v -0.06840451 0.01127513 -0.07914197
v -0.06835230 0.01034173 -0.07963707
v -0.07032773 0.00996604 -0.07598454
v -0.06806293 0.01249227 -0.07625959
v -0.06978925 0.01432058 -0.07013710
v -0.06945504 0.01201795 -0.07645463
v -0.07152893 0.01316769 -0.06951665
v -0.07327978 0.01027138 -0.06857918
v -0.07126083 0.01402516 -0.06310748
v -0.07297613 0.01318989 -0.06277666
v -0.07372058 0.01046128 -0.06218278
v -0.07529084 0.01093895 -0.05634581
v -0.07443682 0.01480092 -0.05593374
v -0.07611956 0.01175542 -0.04911963
v -0.07725666 0.01237145 -0.03841414
v -0.07551672 0.01991432 -0.03954038
v -0.07405183 0.02423784 -0.02241272
v -0.07508239 0.01683395 -0.01917635
v -0.06895639 0.02757085 -0.00349970
v -0.06866194 0.01835234 -0.00245212
v -0.06975619 0.02384205 0.01525844
v -0.06969158 0.01394663 0.01573483
v -0.06515161 0.01448613 0.03252995
v -0.06710389 0.03146374 -0.02975099
v -0.06691585 0.03973408 -0.02005097
v -0.06851764 0.03376409 -0.01141132
v -0.06419181 0.02287109 0.03446723
v -0.05643244 0.02267535 0.04231859
v -0.05610919 0.01458368 0.04035251
v -0.04758709 0.01520704 0.04309003
v -0.04750239 0.02335779 0.04564105
v -0.04702190 0.03943659 0.04321525
v -0.05826343 0.04025007 0.03729458
v -0.06618531 0.03829261 0.02286792
v -0.05399852 0.05420128 0.03890513
v -0.04619011 0.05349919 0.04144228
v -0.04609996 0.05962366 0.04120113
v -0.05353851 0.05962138 0.03938176
v -0.04602251 0.06542013 0.04088497
v -0.05356600 0.06518989 0.03943677
v -0.05837348 0.05936941 0.03480961
v -0.05846667 0.06583758 0.03506389
v -0.05805007 0.05408208 0.03420665
v -0.06379680 0.05955008 0.02898522
v -0.06560937 0.06643112 0.02714825
v -0.06334088 0.04505308 0.02952034
v -0.06238586 0.05304641 0.02996293
v -0.06803354 0.06008723 0.02659836
v -0.06997181 0.05251722 0.02538119
v -0.07117277 0.06066786 0.01638530
v -0.06892751 0.06719365 0.01661655
v -0.06889942 0.04482655 0.02439773
v -0.07315936 0.05210802 0.01623262
v -0.07041829 0.06050731 0.00670828
v -0.06803681 0.06769103 0.00561640
v -0.07155861 0.04428833 0.01632554
v -0.07237394 0.05154160 0.00797170
v -0.06777763 0.06099354 0.00256864
v -0.06117730 0.06839164 -0.00455915
v -0.06757500 0.05357684 0.00039670
v -0.07084721 0.04452534 0.00889233
v -0.06852155 0.03706850 0.01581183
v -0.06865091 0.03894940 0.00907915
v -0.06803240 0.04471249 0.00233852
v -0.06548930 0.04479632 -0.00519706
v -0.06190280 0.06319428 -0.00646673
v -0.06218471 0.05693796 -0.00817469
v -0.06355185 0.04822886 -0.01196681
v -0.05204384 0.06449767 -0.01203238
v -0.05190022 0.06912480 -0.00943292
v -0.04217381 0.06843290 -0.00455958
v -0.05259160 0.05945309 -0.01364121
v -0.05277114 0.05288206 -0.01995063
v -0.04222025 0.06392352 -0.00760232
v -0.05329347 0.04340722 -0.02688326
v -0.04233879 0.05741835 -0.01041869
v -0.03584488 0.06305747 0.00087834
v -0.03501088 0.06825075 0.00440344
v -0.03995261 0.04059329 -0.02323753
v -0.04210304 0.04987589 -0.01583925
v -0.03948684 0.04629552 -0.00763616
v -0.03640934 0.05709017 -0.00179090
v -0.03329251 0.04953635 0.00456189
v -0.03163348 0.05714153 0.00364563
v -0.02962626 0.05737410 0.01152956
v -0.03329347 0.06320312 0.00397568
v -0.03162370 0.06326383 0.01226092
v -0.03361949 0.06803677 0.01301979
v -0.03559658 0.06733266 0.02179019
v -0.03057230 0.04803076 0.01137936
v -0.03330635 0.06220013 0.02140787
v -0.03603015 0.04487653 0.02280446
v -0.03802895 0.04026550 0.03519824
v -0.03660500 0.06149893 0.02506085
v -0.03932301 0.06622062 0.02998140
v -0.03278571 0.04956931 0.01832942
v -0.03230971 0.05617612 0.02061720
v -0.03612015 0.05500389 0.02689377
v -0.03877441 0.06049142 0.03044667
v -0.04073063 0.06595483 0.03647307
v -0.03834677 0.05415985 0.03060475
v -0.04045986 0.06017177 0.03619016
v -0.04602251 0.06542013 0.04088497
v -0.04609996 0.05962366 0.04120113
v -0.04029568 0.05413450 0.03575534
v -0.04619011 0.05349919 0.04144228
v -0.04702190 0.03943659 0.04321525
v -0.04021435 0.02310810 0.04262295
v -0.04750239 0.02335779 0.04564105
v -0.04758709 0.01520704 0.04309003
v -0.04082379 0.01510252 0.04051339
v -0.03407541 0.02272998 0.03606556
v -0.04797385 0.01166326 -0.09009106
v -0.05017435 0.01168335 -0.08921352
v -0.05042499 0.00891518 -0.08800555
v -0.05224813 0.01007332 -0.08619529
v -0.04818812 0.00853041 -0.08896185
v -0.04593227 0.01135711 -0.08883717
v -0.04615412 0.00850532 -0.08800063
v -0.04459234 0.01107344 -0.08631032
v -0.05218166 0.00872466 -0.08558393
v -0.05075759 0.00615943 -0.08553338
v -0.05327128 0.00853344 -0.08712394
v -0.05314294 0.01066687 -0.08799877
v -0.05449454 0.01083285 -0.08873015
v -0.05470647 0.00817312 -0.08753973
v -0.05665170 0.01066352 -0.08762451
v -0.05687176 0.00821304 -0.08642438
v -0.05891899 0.01014933 -0.08304333
v -0.05510667 0.00558338 -0.08502588
v -0.05323296 0.00624355 -0.08474588
v -0.05219956 0.00733969 -0.08394901
v -0.05905380 0.00880937 -0.08227507
v -0.05719977 0.00581663 -0.08409194
v -0.06010878 0.00808906 -0.08351045
v -0.05977069 0.01034943 -0.08472550
v -0.06110252 0.01042266 -0.08512507
v -0.05926302 0.00738694 -0.08095689
v -0.06145369 0.00810022 -0.08383907
v -0.06279089 0.01042622 -0.08410849
v -0.06048480 0.00611902 -0.08156358
v -0.06304966 0.00813778 -0.08295278
v -0.06525616 0.00969917 -0.07947103
v -0.06196719 0.00582263 -0.08164825
v -0.05587155 0.00420479 -0.07857972
v -0.05836700 0.00477279 -0.07826026
v -0.05960565 0.00618782 -0.07813127
v -0.06092455 0.00500079 -0.07736625
v -0.05345543 0.00464570 -0.07891810
v -0.05237584 0.00583764 -0.07931050
v -0.05155166 0.00478752 -0.07902920
v -0.04881611 0.00413677 -0.07958990
v -0.05246829 0.00868696 -0.07379413
v -0.05387634 0.00649535 -0.07193337
v -0.05197799 0.00723774 -0.07264373
v -0.04849006 0.00551868 -0.08651244
v -0.04646933 0.00576815 -0.08597896
v -0.05687390 0.00604706 -0.07128042
v -0.05282408 0.00806163 -0.06950098
v -0.05411722 0.00774370 -0.06713066
v -0.05929127 0.00630392 -0.07184960
v -0.05232812 0.00746145 -0.06729858
v -0.05749547 0.00510473 -0.06563114
v -0.04478783 0.00931852 -0.08565135
v -0.06044051 0.00702063 -0.07233682
v -0.04891391 0.00607693 -0.07172102
v -0.05335591 0.00373201 -0.05931156
v -0.04325516 0.00900277 -0.08713584
v -0.04342626 0.00577167 -0.08495487
v -0.04118146 0.00880355 -0.08748398
v -0.04303061 0.01203352 -0.08813625
v -0.04108424 0.01210095 -0.08871125
v -0.03881020 0.01146803 -0.08791963
v -0.04503493 0.00725114 -0.08406056
v -0.04630305 0.00468357 -0.08005796
v -0.03880074 0.00890968 -0.08682892
v -0.03700381 0.01025174 -0.08578521
v -0.03840541 0.00618966 -0.08462872
v -0.03506451 0.00882161 -0.08032357
v -0.04111965 0.00531165 -0.08505543
v -0.03670511 0.00422204 -0.07991263
v -0.03198104 0.00858668 -0.07044274
v -0.04054702 0.00280852 -0.07977014
v -0.04531824 0.00490617 -0.07939639
v -0.04582318 0.00684060 -0.07259942
v -0.04400976 0.00311943 -0.07955874
v -0.04483926 0.00829384 -0.07367982
v -0.04387854 0.00515864 -0.07133846
v -0.03974212 0.00392397 -0.07048662
v -0.04434685 0.00798166 -0.06877130
v -0.04571918 0.00779586 -0.06764767
v -0.04381926 0.00642481 -0.06739547
v -0.03453313 0.00437835 -0.07039189
v -0.04882690 0.00565423 -0.06648867
v -0.03899825 0.00308079 -0.06577002
v -0.03356688 0.00562124 -0.06487313
v -0.03192410 0.00992475 -0.06497018
v -0.04356083 0.00366605 -0.05994260
v -0.04914694 0.00279238 -0.05956300
v -0.03250060 0.00460752 -0.05811485
v -0.03046884 0.01045709 -0.05564108
v -0.03861476 0.00273121 -0.05916506
v -0.03204535 0.00449868 -0.04630985
v -0.02934373 0.00993648 -0.04677033
v -0.04188979 0.00169822 -0.04792121
v -0.05200925 0.00300115 -0.04832047
v -0.03166378 0.00517671 -0.03512333
v -0.02889629 0.01170386 -0.03531595
v -0.03298010 0.01295768 -0.02231194
v -0.04079516 -0.00000025 -0.03552289
v -0.03541695 0.00748336 -0.01979285
v -0.03551076 0.01478840 -0.01164251
v -0.03803725 0.01058430 -0.01029105
v -0.03173180 0.01314154 0.00429199
v -0.05804641 0.00295939 -0.05818691
v -0.06361483 0.00348470 -0.04846577
v -0.05164485 0.00222132 -0.03609797
v -0.04165452 0.00559871 -0.01949152
v -0.06028950 0.00727849 -0.06559134
v -0.06257048 0.00477199 -0.05738409
v -0.06098942 0.00715989 -0.06806587
v -0.06228159 0.00758550 -0.06555312
v -0.06150279 0.00676518 -0.07090641
v -0.06300013 0.00448953 -0.07650623
v -0.06422758 0.00634831 -0.06915976
v -0.06503244 0.00548062 -0.06352778
v -0.06370246 0.00585449 -0.08088635
v -0.06480746 0.00491478 -0.07604250
v -0.06549710 0.00799173 -0.07845820
v -0.06611591 0.00688008 -0.06891445
v -0.06630699 0.00367461 -0.05680513
v -0.06957836 0.00462845 -0.05612355
v -0.06693392 0.00706093 -0.06383471
v -0.06630093 0.00801659 -0.07923224
v -0.06577958 0.01017634 -0.08029565
v -0.06690289 0.01025193 -0.08052672
v -0.06623031 0.00577597 -0.07412986
v -0.06697254 0.00560515 -0.07450763
v -0.06729616 0.00816614 -0.07953731
v -0.06835230 0.01034173 -0.07963707
v -0.06677087 0.00746113 -0.06904605
v -0.06729488 0.00751490 -0.06557649
v -0.06837025 0.00609675 -0.07488138
v -0.06868599 0.00863706 -0.07876375
v -0.07032773 0.00996604 -0.07598454
v -0.06760409 0.00656234 -0.06882690
v -0.06836770 0.00723454 -0.06328274
v -0.07019328 0.00716781 -0.07539733
v -0.07327978 0.01027138 -0.06857918
v -0.06999902 0.00627495 -0.06859547
v -0.07284244 0.00767989 -0.06805792
v -0.07372058 0.01046128 -0.06218278
v -0.07082031 0.00596713 -0.06327452
v -0.07270920 0.00713080 -0.06226553
v -0.07529084 0.01093895 -0.05634581
v -0.07407471 0.00619933 -0.05648154
v -0.07447094 0.00559229 -0.04921451
v -0.07611956 0.01175542 -0.04911963
v -0.07725666 0.01237145 -0.03841414
v -0.07496252 0.00505454 -0.03755962
v -0.06487396 0.00297287 -0.03551169
v -0.07087686 0.00892944 -0.02243216
v -0.07508239 0.01683395 -0.01917635
v -0.06232117 0.00366147 -0.02155469
v -0.06860697 0.01182002 -0.01232256
v -0.06866194 0.01835234 -0.00245212
v -0.05053334 0.00657832 -0.02210280
v -0.06505973 0.01184728 -0.00168652
v -0.06969158 0.01394663 0.01573483
v -0.06010964 0.00841031 -0.01126151
v -0.05029453 0.00877605 -0.01190873
v -0.05883419 0.00590349 0.00078945
v -0.06598237 0.00613146 0.01551293
v -0.04363782 0.00901812 -0.00979622
v -0.05063832 0.00449534 0.00101423
v -0.05018391 0.00287473 0.01385480
v -0.04096953 0.00524485 0.00109140
v -0.03626709 0.00703251 0.00250832
v -0.04101588 0.00408842 0.01556538
v -0.03545053 0.00762985 0.01814801
v -0.03188891 0.01335991 0.01977835
v -0.04232404 0.00585165 0.02627125
v -0.03761292 0.00918291 0.03239649
v -0.03530920 0.01511033 0.03552998
v -0.04082379 0.01510252 0.04051339
v -0.04278768 0.00931350 0.03580809
v -0.04862411 0.00613732 0.02971255
v -0.04860098 0.00948662 0.03868444
v -0.04758709 0.01520704 0.04309003
v -0.05610919 0.01458368 0.04035251
v -0.05592050 0.00807160 0.03520394
v -0.05680803 0.00495217 0.02600532
v -0.06212575 0.00771007 0.03059645
v -0.06515161 0.01448613 0.03252995
v -0.05912234 0.00334752 0.01427529
v -0.04341575 0.01341836 -0.08665209
v -0.04094349 0.01305069 -0.08763068
v -0.04319055 0.01334674 -0.08796538
v -0.04238341 0.01330078 -0.08904251
v -0.04121061 0.01319042 -0.08947139
v -0.03989244 0.01293962 -0.08883645
v -0.03875612 0.01268965 -0.08764540
v -0.04330619 0.01368885 -0.08326487
v -0.04026240 0.01403643 -0.08192249
v -0.04289734 0.01397251 -0.08180033
v -0.03818349 0.01277785 -0.08633311
v -0.04170970 0.01428135 -0.08136159
v -0.03761480 0.01321083 -0.08347640
v -0.04007504 0.01440302 -0.08132230
v -0.03770370 0.01345376 -0.08211134
v -0.03870752 0.01399474 -0.08158068
v -0.05024307 0.01341475 -0.08814555
v -0.04787752 0.01345570 -0.08856208
v -0.04971892 0.01335314 -0.08923670
v -0.04882702 0.01351423 -0.08996772
v -0.04777345 0.01365170 -0.09014886
v -0.04676430 0.01351918 -0.08959033
v -0.04603086 0.01334064 -0.08854686
v -0.05092977 0.01400972 -0.08501679
v -0.04851176 0.01455850 -0.08345449
v -0.05083916 0.01441213 -0.08361429
v -0.04580441 0.01334007 -0.08727305
v -0.04987445 0.01477536 -0.08312184
v -0.04601132 0.01350538 -0.08430971
v -0.04854910 0.01486580 -0.08296897
v -0.04643141 0.01375514 -0.08317256
v -0.04733196 0.01435064 -0.08290987
v -0.05365240 0.01234584 -0.08817881
v -0.05449245 0.01235670 -0.08870753
v -0.05465267 0.01224946 -0.08736032
v -0.05306500 0.01230101 -0.08724730
v -0.05538572 0.01217493 -0.08859348
v -0.05616469 0.01201360 -0.08800327
v -0.05666174 0.01208581 -0.08710343
v -0.05292961 0.01238092 -0.08615302
v -0.05547366 0.01314985 -0.08299269
v -0.05322247 0.01288974 -0.08366230
v -0.05739797 0.01260044 -0.08445119
v -0.05363841 0.01310154 -0.08271755
v -0.05739943 0.01292252 -0.08323100
v -0.05449017 0.01322863 -0.08246326
v -0.05664352 0.01323743 -0.08276579
v -0.05555573 0.01342270 -0.08258341
v -0.05968333 0.01179792 -0.08416434
v -0.06107850 0.01167250 -0.08427233
v -0.05959665 0.01202121 -0.08316582
v -0.06020579 0.01168073 -0.08498663
v -0.06186624 0.01294306 -0.08041389
v -0.05984265 0.01228287 -0.08103456
v -0.06094736 0.01169025 -0.08545335
v -0.06020702 0.01247783 -0.08017680
v -0.06173593 0.01152980 -0.08535270
v -0.06096546 0.01286812 -0.07998823
v -0.06242363 0.01138769 -0.08483183
v -0.06285843 0.01156262 -0.08403772
v -0.06352934 0.01211191 -0.08175074
v -0.06192378 0.01319744 -0.08007241
v -0.06355378 0.01256421 -0.08068963
v -0.06290245 0.01295162 -0.08025110
v -0.06905715 0.01192695 -0.07709961
v -0.06765626 0.01211138 -0.07677216
v -0.06886505 0.01166875 -0.07803853
v -0.06852321 0.01231997 -0.07668554
v -0.06773953 0.01250945 -0.07643164
v -0.06700908 0.01228410 -0.07625487
v -0.06634536 0.01185362 -0.07643604
v -0.06595445 0.01162863 -0.07718075
v -0.06663258 0.01125064 -0.08021826
v -0.06808792 0.01114804 -0.08009174
v -0.06550905 0.01133466 -0.07916206
v -0.06771730 0.01107260 -0.08078607
v -0.06550865 0.01127986 -0.08003237
v -0.06705967 0.01110406 -0.08122620
v -0.06585057 0.01131427 -0.08080487
v -0.06640939 0.01130123 -0.08127198
v 0.06690288 0.01025193 -0.08052671
v 0.06573179 0.01136238 -0.07967564
v 0.06577957 0.01017633 -0.08029564
v 0.06525615 0.00969916 -0.07947101
v 0.06673604 0.01170095 -0.08002135
v 0.06840450 0.01127512 -0.07914197
v 0.06835228 0.01034172 -0.07963706
v 0.07032771 0.00996603 -0.07598453
v 0.06635112 0.01187548 -0.07606127
v 0.06806292 0.01249227 -0.07625958
v 0.06945503 0.01201794 -0.07645462
v 0.07152893 0.01316769 -0.06951664
v 0.07327977 0.01027137 -0.06857917
v 0.06978925 0.01432058 -0.07013709
v 0.07297613 0.01318988 -0.06277665
v 0.07372057 0.01046128 -0.06218278
v 0.07529081 0.01093898 -0.05634580
v 0.07126082 0.01402516 -0.06310747
v 0.07443678 0.01480094 -0.05593374
v 0.07611954 0.01175546 -0.04911964
v 0.06760538 0.01374682 -0.07006203
v 0.06960529 0.01339326 -0.06316751
v 0.07504304 0.01680459 -0.04907651
v 0.07725663 0.01237150 -0.03841415
v 0.07128625 0.01726601 -0.05684118
v 0.06630465 0.02295140 -0.04894029
v 0.06698906 0.01288211 -0.07048318
v 0.06824305 0.01303040 -0.06487149
v 0.06761062 0.01421125 -0.06297428
v 0.06572001 0.01111964 -0.07653534
v 0.06665085 0.01468312 -0.07134541
v 0.06659135 0.01888520 -0.05698221
v 0.06415942 0.01261417 -0.07974440
v 0.06573552 0.01648283 -0.06357569
v 0.06297088 0.01586681 -0.06341458
v 0.06432820 0.01586937 -0.07217016
v 0.06261475 0.01166227 -0.08372557
v 0.06279087 0.01042622 -0.08410847
v 0.06110249 0.01042265 -0.08512505
v 0.06230775 0.01319020 -0.07987645
v 0.06106453 0.01169865 -0.08480500
v 0.05991371 0.01181655 -0.08417846
v 0.05977067 0.01034942 -0.08472548
v 0.05891896 0.01014933 -0.08304331
v 0.06148132 0.01431804 -0.07250214
v 0.06034018 0.01253939 -0.07941173
v 0.06074867 0.01265585 -0.07224371
v 0.05956418 0.01127701 -0.07931402
v 0.05861684 0.01333604 -0.08046504
v 0.06015761 0.01552208 -0.07421508
v 0.05652876 0.01204290 -0.08711498
v 0.05665167 0.01066351 -0.08762451
v 0.05449452 0.01083284 -0.08873015
v 0.06106093 0.01119971 -0.06361897
v 0.06065249 0.01666173 -0.06424338
v 0.06316383 0.01849565 -0.05693727
v 0.05980512 0.02096030 -0.05843963
v 0.05838304 0.01767112 -0.06475356
v 0.05751490 0.01695316 -0.07464020
v 0.05609718 0.01369216 -0.08069623
v 0.05461805 0.01235610 -0.08789902
v 0.05320249 0.01230220 -0.08695372
v 0.05314292 0.01066686 -0.08799877
v 0.05224811 0.01007331 -0.08619529
v 0.05489415 0.02146931 -0.05953971
v 0.05555037 0.01660510 -0.06524701
v 0.05439425 0.01539090 -0.07392238
v 0.05369054 0.01341544 -0.08053748
v 0.05309199 0.01273921 -0.08052460
v 0.05194460 0.02664945 -0.04968616
v 0.05356652 0.01696392 -0.06520038
v 0.05415354 0.01448686 -0.06577861
v 0.05365815 0.01354175 -0.07297257
v 0.05306729 0.01689191 -0.07554385
v 0.05211194 0.01451335 -0.08171789
v 0.05032089 0.02258657 -0.05983832
v 0.05074176 0.01904207 -0.06562593
v 0.04993432 0.01339030 -0.08858036
v 0.05017433 0.01168334 -0.08921352
v 0.04797382 0.01166325 -0.09009106
v 0.04980774 0.01802771 -0.07579619
v 0.04913435 0.01513203 -0.08143616
v 0.04782688 0.01359660 -0.08945378
v 0.04601358 0.01318950 -0.08820094
v 0.04593225 0.01135710 -0.08883717
v 0.04459231 0.01107343 -0.08631032
v 0.04612177 0.01685010 -0.07530922
v 0.04606919 0.01367701 -0.08129315
v 0.04649223 0.01751182 -0.06552760
v 0.04492894 0.01045820 -0.08069456
v 0.04500357 0.01343466 -0.07228803
v 0.04298747 0.01402642 -0.08109918
v 0.04453826 0.02032252 -0.05868177
v 0.04291134 0.01330317 -0.08716460
v 0.04303059 0.01203351 -0.08813625
v 0.04108422 0.01210094 -0.08871125
v 0.04500068 0.01401356 -0.06708236
v 0.04343749 0.01561881 -0.07152884
v 0.04365482 0.01666360 -0.06567883
v 0.03990525 0.01417292 -0.08118510
v 0.04085871 0.01353787 -0.08769861
v 0.03866658 0.01279019 -0.08712716
v 0.03881017 0.01146802 -0.08791963
v 0.03700379 0.01025173 -0.08578521
v 0.03645609 0.01320331 -0.08123904
v 0.03506449 0.00882160 -0.08032357
v 0.03962218 0.01658269 -0.07132273
v 0.03465475 0.01484927 -0.07148451
v 0.03198101 0.00858667 -0.07044274
v 0.03192408 0.00992474 -0.06497017
v 0.03930000 0.01801528 -0.06559280
v 0.03395191 0.01543125 -0.06561729
v 0.03826116 0.02096911 -0.05731887
v 0.03127437 0.01549559 -0.05572564
v 0.03046882 0.01045711 -0.05564107
v 0.02934371 0.00993651 -0.04677033
v 0.03761440 0.02325968 -0.04783571
v 0.03062902 0.01771418 -0.04667681
v 0.02889627 0.01170391 -0.03531595
v 0.05248869 0.03090064 -0.04129443
v 0.03806468 0.02688317 -0.03992508
v 0.05311707 0.03385054 -0.03405510
v 0.06673218 0.02608837 -0.04119129
v 0.03174300 0.02017392 -0.03699663
v 0.07551669 0.01991436 -0.03954038
v 0.03373423 0.02176053 -0.02477044
v 0.03298007 0.01295773 -0.02231195
v 0.03551074 0.01478846 -0.01164251
v 0.03766349 0.03026861 -0.03090451
v 0.06710386 0.03146379 -0.02975100
v 0.07405183 0.02423789 -0.02241273
v 0.07508238 0.01683400 -0.01917635
v 0.06895638 0.02757090 -0.00349971
v 0.06866193 0.01835239 -0.00245213
v 0.06975619 0.02384210 0.01525844
v 0.06969157 0.01394668 0.01573482
v 0.06515162 0.01448617 0.03252994
v 0.06691583 0.03973413 -0.02005097
v 0.06851763 0.03376414 -0.01141132
v 0.03995259 0.04059333 -0.02323754
v 0.05329345 0.04340727 -0.02688326
v 0.03695396 0.03122031 -0.01492132
v 0.03478931 0.02142485 -0.00930389
v 0.03173178 0.01314159 0.00429199
v 0.03200243 0.02092561 0.00597059
v 0.03188890 0.01335996 0.01977835
v 0.02989844 0.02140968 0.02075838
v 0.03530919 0.01511037 0.03552998
v 0.03459250 0.03911461 0.01037627
v 0.03655995 0.04575662 -0.00119074
v 0.03948683 0.04629557 -0.00763617
v 0.04210302 0.04987593 -0.01583925
v 0.05277111 0.05288211 -0.01995063
v 0.04233878 0.05741839 -0.01041869
v 0.03640933 0.05709020 -0.00179090
v 0.03329250 0.04953638 0.00456189
v 0.06355184 0.04822891 -0.01196682
v 0.06548928 0.04479636 -0.00519706
v 0.06218470 0.05693800 -0.00817470
v 0.05259158 0.05945313 -0.01364122
v 0.04222023 0.06392355 -0.00760232
v 0.06803238 0.04471253 0.00233851
v 0.06757499 0.05357687 0.00039669
v 0.06190279 0.06319430 -0.00646674
v 0.05204382 0.06449770 -0.01203238
v 0.06865089 0.03894944 0.00907914
v 0.03584487 0.06305750 0.00087834
v 0.04217380 0.06843292 -0.00455959
v 0.05190021 0.06912481 -0.00943292
v 0.06117729 0.06839166 -0.00455915
v 0.03501086 0.06825069 0.00440342
v 0.06777762 0.06099356 0.00256864
v 0.06803680 0.06769103 0.00561639
v 0.07041828 0.06050732 0.00670828
v 0.06892750 0.06719366 0.01661654
v 0.03163347 0.05714155 0.00364563
v 0.02962625 0.05737412 0.01152956
v 0.03329346 0.06320313 0.00397568
v 0.03162370 0.06326385 0.01226092
v 0.03361949 0.06803676 0.01301979
v 0.03559658 0.06733268 0.02179018
v 0.07237393 0.05154163 0.00797169
v 0.07117276 0.06066787 0.01638529
v 0.06560937 0.06643113 0.02714824
v 0.03330636 0.06220014 0.02140787
v 0.07084717 0.04452537 0.00889233
v 0.03660500 0.06149894 0.02506084
v 0.03932299 0.06622060 0.02998142
v 0.07315935 0.05210805 0.01623262
v 0.07155859 0.04428837 0.01632553
v 0.03230970 0.05617614 0.02061720
v 0.03877440 0.06049144 0.03044667
v 0.04073062 0.06595484 0.03647307
v 0.03612014 0.05500391 0.02689376
v 0.03278571 0.04956933 0.01832942
v 0.04045985 0.06017178 0.03619016
v 0.04602251 0.06542014 0.04088497
v 0.04609995 0.05962367 0.04120113
v 0.03057229 0.04803079 0.01137935
v 0.03603015 0.04487656 0.02280446
v 0.03802894 0.04026553 0.03519824
v 0.03834676 0.05415987 0.03060474
v 0.04029567 0.05413453 0.03575534
v 0.04619010 0.05349922 0.04144228
v 0.04702189 0.03943663 0.04321525
v 0.03407540 0.02273003 0.03606556
v 0.04021434 0.02310814 0.04262295
v 0.04750238 0.02335783 0.04564105
v 0.04082379 0.01510257 0.04051338
v 0.04758708 0.01520708 0.04309003
v 0.06852154 0.03706854 0.01581182
v 0.06618530 0.03829265 0.02286791
v 0.06889940 0.04482658 0.02439772
v 0.06997181 0.05251724 0.02538118
v 0.06419182 0.02287114 0.03446722
v 0.06334088 0.04505311 0.02952033
v 0.06803355 0.06008724 0.02659835
v 0.05643243 0.02267539 0.04231859
v 0.05610919 0.01458373 0.04035250
v 0.04758708 0.01520708 0.04309003
v 0.04750238 0.02335783 0.04564105
v 0.04702189 0.03943663 0.04321525
v 0.05826343 0.04025010 0.03729457
v 0.06238585 0.05304643 0.02996293
v 0.06379681 0.05955009 0.02898521
v 0.05846666 0.06583758 0.03506389
v 0.05805006 0.05408210 0.03420665
v 0.05399851 0.05420130 0.03890513
v 0.04619010 0.05349922 0.04144228
v 0.04609995 0.05962367 0.04120113
v 0.05837347 0.05936942 0.03480961
v 0.05356600 0.06518990 0.03943677
v 0.05353850 0.05962140 0.03938176
v 0.04602251 0.06542014 0.04088497
v 0.04007502 0.01440301 -0.08132230
v 0.04170968 0.01428134 -0.08136159
v 0.04026238 0.01403643 -0.08192249
v 0.03870750 0.01399473 -0.08158068
v 0.04289732 0.01397251 -0.08180033
v 0.03770368 0.01345375 -0.08211134
v 0.03761478 0.01321082 -0.08347640
v 0.04330616 0.01368884 -0.08326487
v 0.04094346 0.01305068 -0.08763068
v 0.04341572 0.01341835 -0.08665209
v 0.03818347 0.01277784 -0.08633311
v 0.04319053 0.01334674 -0.08796538
v 0.03875609 0.01268964 -0.08764540
v 0.04238339 0.01330077 -0.08904251
v 0.03989241 0.01293962 -0.08883645
v 0.04121059 0.01319041 -0.08947139
v 0.04854907 0.01486579 -0.08296897
v 0.04987443 0.01477535 -0.08312184
v 0.04851174 0.01455849 -0.08345449
v 0.04733193 0.01435063 -0.08290987
v 0.05083914 0.01441212 -0.08361429
v 0.04643138 0.01375513 -0.08317256
v 0.04601130 0.01350537 -0.08430971
v 0.05092975 0.01400971 -0.08501679
v 0.04787750 0.01345569 -0.08856208
v 0.05024305 0.01341475 -0.08814555
v 0.04580439 0.01334006 -0.08727305
v 0.04971890 0.01335313 -0.08923670
v 0.04603083 0.01334063 -0.08854686
v 0.04882700 0.01351422 -0.08996772
v 0.04676428 0.01351917 -0.08959033
v 0.04777342 0.01365169 -0.09014886
v 0.05555570 0.01342269 -0.08258341
v 0.05664349 0.01323742 -0.08276579
v 0.05547364 0.01314984 -0.08299269
v 0.05449015 0.01322863 -0.08246326
v 0.05739941 0.01292251 -0.08323100
v 0.05363839 0.01310153 -0.08271755
v 0.05322244 0.01288973 -0.08366230
v 0.05739795 0.01260043 -0.08445119
v 0.05465264 0.01224945 -0.08736032
v 0.05666171 0.01208581 -0.08710343
v 0.05292959 0.01238091 -0.08615302
v 0.05616467 0.01201359 -0.08800327
v 0.05306497 0.01230100 -0.08724730
v 0.05538570 0.01217492 -0.08859348
v 0.05365238 0.01234583 -0.08817881
v 0.05449243 0.01235669 -0.08870753
v 0.06285842 0.01156262 -0.08403771
v 0.06242361 0.01138768 -0.08483182
v 0.06107847 0.01167249 -0.08427231
v 0.06173591 0.01152979 -0.08535268
v 0.06094734 0.01169025 -0.08545334
v 0.06020577 0.01168072 -0.08498661
v 0.05968331 0.01179791 -0.08416432
v 0.06352933 0.01211190 -0.08175073
v 0.06186622 0.01294305 -0.08041388
v 0.06355377 0.01256420 -0.08068962
v 0.05959663 0.01202121 -0.08316581
v 0.06290244 0.01295162 -0.08025108
v 0.05984263 0.01228287 -0.08103454
v 0.06192375 0.01319743 -0.08007240
v 0.06020699 0.01247782 -0.08017679
v 0.06096543 0.01286811 -0.07998821
v 0.06705965 0.01110406 -0.08122619
v 0.06640938 0.01130122 -0.08127198
v 0.06663257 0.01125063 -0.08021826
v 0.06771728 0.01107260 -0.08078606
v 0.06585056 0.01131426 -0.08080486
v 0.06808791 0.01114803 -0.08009173
v 0.06550863 0.01127985 -0.08003236
v 0.06550904 0.01133465 -0.07916205
v 0.06886503 0.01166874 -0.07803852
v 0.06765625 0.01211138 -0.07677215
v 0.06595443 0.01162862 -0.07718074
v 0.06905714 0.01192694 -0.07709961
v 0.06634535 0.01185361 -0.07643603
v 0.06852320 0.01231996 -0.07668553
v 0.06700906 0.01228410 -0.07625486
v 0.06773952 0.01250944 -0.07643163
v 0.06096543 0.01286811 -0.07998821
v 0.06181899 0.01321281 -0.08059009
v 0.06192375 0.01319743 -0.08007240
v 0.06020699 0.01247782 -0.08017679
v 0.06290244 0.01295162 -0.08025108
v 0.05984263 0.01228287 -0.08103454
v 0.06355377 0.01256420 -0.08068962
v 0.06352933 0.01211190 -0.08175073
v 0.05959663 0.01202121 -0.08316581
v 0.06106236 0.01255751 -0.08434905
v 0.06285842 0.01156262 -0.08403771
v 0.05968331 0.01179791 -0.08416432
v 0.06242361 0.01138768 -0.08483182
v 0.06020577 0.01168072 -0.08498661
v 0.06173591 0.01152979 -0.08535268
v 0.06094734 0.01169025 -0.08545334
v 0.06771728 0.01107260 -0.08078606
v 0.06655638 0.01175869 -0.08039300
v 0.06705965 0.01110406 -0.08122619
v 0.06640938 0.01130122 -0.08127198
v 0.06585056 0.01131426 -0.08080486
v 0.06550863 0.01127985 -0.08003236
v 0.06808791 0.01114803 -0.08009173
v 0.06550904 0.01133465 -0.07916205
v 0.06761405 0.01249912 -0.07691680
v 0.06886503 0.01166874 -0.07803852
v 0.06595443 0.01162862 -0.07718074
v 0.06905714 0.01192694 -0.07709961
v 0.06634535 0.01185361 -0.07643603
v 0.06852320 0.01231996 -0.07668553
v 0.06700906 0.01228410 -0.07625486
v 0.06773952 0.01250944 -0.07643163
v -0.43513682 0.73495805 0.00369366
v -0.43500081 0.73653591 0.00541357
v -0.43574437 0.73500198 0.00543731
v -0.43514189 0.73501402 0.00709946
v -0.43459612 0.73649436 0.00373361
v -0.43319753 0.73467976 0.00212927
v -0.43295947 0.73660439 0.00265769
v -0.42493591 0.73730636 0.00185967
v -0.42490646 0.73421848 0.00062181
v -0.42481586 0.73808938 0.00487070
v -0.43443531 0.73640180 0.00701842
v -0.43312225 0.73489732 0.00836628
v -0.43254581 0.73643643 0.00808873
v -0.42463478 0.73384446 0.00908001
v -0.42470706 0.73714453 0.00790404
v -0.42315891 0.73755366 0.00163542
v -0.42286745 0.73750293 0.00810144
v -0.42098388 0.73391289 0.00902644
v -0.42300162 0.73806715 0.00477820
v -0.42103726 0.73746496 0.00806149
v -0.41251871 0.73420328 0.00963687
v -0.42116341 0.73801428 0.00467639
v -0.42122126 0.73769641 0.00133559
v -0.42114562 0.73443359 0.00034052
v -0.41256425 0.73812008 0.00854661
v -0.41281107 0.73910981 0.00451451
v -0.41294321 0.73885769 0.00052925
v -0.41090828 0.73815566 0.00865767
v -0.40966442 0.73471683 0.00969955
v -0.41295755 0.73486084 -0.00042127
v -0.41120085 0.73917443 0.00464206
v -0.41135046 0.73897505 0.00060874
v -0.40925422 0.73819077 0.00874149
v -0.40040582 0.73491377 0.00971592
v -0.40959153 0.73923826 0.00474252
v -0.40975878 0.73909283 0.00066603
v -0.39937034 0.73895341 0.00840774
v -0.39932668 0.73495156 0.00963337
v -0.39672118 0.73840302 0.00792398
v -0.39814940 0.73990577 0.00409294
v -0.39957774 0.73965842 0.00426967
v -0.39985102 0.73868191 -0.00019023
v -0.39741719 0.73803508 -0.00026608
v -0.40060583 0.73475271 -0.00124387
v -0.39821684 0.73444211 -0.00119504
v -0.39919379 0.73007321 0.00056019
v -0.40989682 0.73520213 -0.00068723
v -0.40104669 0.73047733 0.00066997
v -0.40992364 0.73136795 0.00090943
v -0.40062976 0.72914535 0.00481271
v -0.39916372 0.72879159 0.00491825
v -0.39905575 0.73060864 0.00828997
v -0.41289839 0.73102325 0.00124792
v -0.40040514 0.73087555 0.00836897
v -0.39932668 0.73495156 0.00963337
v -0.40040582 0.73491377 0.00971592
v -0.40959638 0.72965509 0.00482672
v -0.40959826 0.73105031 0.00794687
v -0.40966442 0.73471683 0.00969955
v -0.41251871 0.73420328 0.00963687
v -0.42084807 0.73153156 0.00155453
v -0.41279402 0.72950679 0.00455767
v -0.41266438 0.73077738 0.00784099
v -0.42071196 0.72995293 0.00469631
v -0.42082235 0.73106754 0.00775699
v -0.42098388 0.73391289 0.00902644
v -0.42470145 0.73110455 0.00176504
v -0.42453781 0.73074687 0.00782373
v -0.42463478 0.73384446 0.00908001
v -0.42452306 0.72973013 0.00478193
v -0.43268019 0.73160046 0.00517753
v -0.43306342 0.73239386 0.00302166
v -0.43319753 0.73467976 0.00212927
v -0.43282813 0.73225355 0.00748871
v -0.43312225 0.73489732 0.00836628
v -0.43441975 0.73321390 0.00386075
v -0.43513682 0.73495805 0.00369366
v -0.43432501 0.73326933 0.00681251
v -0.43514189 0.73501402 0.00709946
v -0.43494099 0.73310310 0.00536238
v -0.43574437 0.73500198 0.00543731
v -0.44001526 0.73595303 0.01599454
v -0.43977824 0.73411566 0.01426262
v -0.44054988 0.73609185 0.01428524
v -0.44002974 0.73602307 0.01256359
v -0.43924725 0.73409384 0.01576486
v -0.43742222 0.73243833 0.01409296
v -0.43778697 0.73548061 0.01759124
v -0.43934959 0.73418450 0.01281946
v -0.43789083 0.73556769 0.01096568
v -0.43754721 0.73312366 0.01655590
v -0.42906490 0.73447436 0.01848210
v -0.43788728 0.73312491 0.01178372
v -0.42897815 0.73484689 0.00988646
v -0.42899829 0.73127872 0.01725562
v -0.42512050 0.73426211 0.01856427
v -0.42891082 0.73163104 0.01110101
v -0.42521718 0.73132831 0.01709875
v -0.41559085 0.73378861 0.01919112
v -0.42889369 0.73022628 0.01417980
v -0.41586038 0.73021263 0.01745049
v -0.41186276 0.73377371 0.01924906
v -0.42500478 0.73022926 0.01401731
v -0.41182393 0.73033631 0.01745110
v -0.40203747 0.73405373 0.01932365
v -0.42506716 0.73169249 0.01104994
v -0.41586858 0.72889858 0.01411887
v -0.40189955 0.72985649 0.01720427
v -0.40070418 0.73380846 0.01895121
v -0.40059814 0.72963870 0.01720117
v -0.41183919 0.72906286 0.01405978
v -0.40190697 0.72804749 0.01357387
v -0.40070054 0.72792459 0.01351488
v -0.41574341 0.73043740 0.01078307
v -0.40205076 0.73005605 0.01087677
v -0.40064058 0.73015118 0.01126999
v -0.41184458 0.73068374 0.01068177
v -0.42486125 0.73479152 0.00975274
v -0.40170109 0.73338956 0.00906409
v -0.39957511 0.73422688 0.00987628
v -0.41192415 0.73459971 0.00889781
v -0.41554329 0.73441231 0.00903437
v -0.40046221 0.73890406 0.00999835
v -0.39720878 0.73917615 0.01046202
v -0.41199630 0.73865914 0.00996759
v -0.41374290 0.73855555 0.01001361
v -0.40021223 0.73962915 0.01406141
v -0.39859828 0.73986059 0.01431299
v -0.41199443 0.73881996 0.01405840
v -0.40042117 0.73823535 0.01832242
v -0.39779350 0.73799992 0.01814633
v -0.40070418 0.73380846 0.01895121
v -0.40203747 0.73405373 0.01932365
v -0.41186634 0.73775423 0.01813952
v -0.41186276 0.73377371 0.01924906
v -0.41367927 0.73773158 0.01813459
v -0.41559085 0.73378861 0.01919112
v -0.41374832 0.73877192 0.01406301
v -0.41549048 0.73779219 0.01810774
v -0.41550326 0.73879468 0.01404768
v -0.42490494 0.73787248 0.01752994
v -0.42512050 0.73426211 0.01856427
v -0.41549373 0.73853052 0.01003816
v -0.42691097 0.73809308 0.01751450
v -0.42906490 0.73447436 0.01848210
v -0.42483273 0.73842311 0.01410925
v -0.42477790 0.73809046 0.01073807
v -0.42686608 0.73866308 0.01414150
v -0.42684227 0.73827970 0.01079636
v -0.42893854 0.73783970 0.01726071
v -0.42892241 0.73799747 0.01112659
v -0.43734249 0.73711801 0.01722491
v -0.43778697 0.73548061 0.01759124
v -0.43924835 0.73746204 0.01596014
v -0.44001526 0.73595303 0.01599454
v -0.42890438 0.73883343 0.01418937
v -0.43975231 0.73755527 0.01429309
v -0.44054988 0.73609185 0.01428524
v -0.44002974 0.73602307 0.01256359
v -0.43927169 0.73750359 0.01265563
v -0.43789083 0.73556769 0.01096568
v -0.43736443 0.73721135 0.01131502
v -0.43438530 0.73595595 0.02510721
v -0.43419933 0.73427939 0.02354764
v -0.43487597 0.73602599 0.02353243
v -0.43443567 0.73588538 0.02196261
v -0.43371668 0.73445886 0.02495421
v -0.43217507 0.73255831 0.02355800
v -0.43263802 0.73560005 0.02629778
v -0.43369889 0.73441327 0.02222183
v -0.43253773 0.73538423 0.02063399
v -0.43214557 0.73374557 0.02583757
v -0.42499036 0.73456573 0.02739975
v -0.43240365 0.73342115 0.02138014
v -0.42498961 0.73471338 0.01958449
v -0.42495513 0.73174006 0.02634523
v -0.42168662 0.73445660 0.02746782
v -0.42492720 0.73192400 0.02074639
v -0.42171004 0.73177683 0.02643091
v -0.41354215 0.73424971 0.02812147
v -0.42488790 0.73075187 0.02356979
v -0.41354656 0.73112297 0.02659507
v -0.41033632 0.73405123 0.02827084
v -0.42146412 0.73078996 0.02341138
v -0.41054523 0.73087883 0.02668855
v -0.40151495 0.73387748 0.02876654
v -0.42144814 0.73206878 0.02057108
v -0.41355798 0.72989780 0.02355316
v -0.40169668 0.72971350 0.02678531
v -0.39997527 0.73378080 0.02866643
v -0.40031341 0.72953230 0.02675107
v -0.41055563 0.72968972 0.02358882
v -0.40173477 0.72805554 0.02353840
v -0.40054068 0.72783440 0.02353154
v -0.40161365 0.72946471 0.02038645
v -0.40041342 0.72936285 0.02046273
v -0.41354555 0.73118293 0.02046447
v -0.40139085 0.73308301 0.01860273
v -0.40030009 0.73315084 0.01900350
v -0.41043115 0.73103786 0.02046328
v -0.42156404 0.73472440 0.01946126
v -0.41029122 0.73455369 0.01874175
v -0.41353753 0.73459840 0.01877839
v -0.39972883 0.73718327 0.01988696
v -0.39672932 0.73812968 0.02094802
v -0.41026542 0.73812777 0.01966383
v -0.41190889 0.73820323 0.01963669
v -0.39924368 0.73838645 0.02332336
v -0.39769110 0.73853314 0.02365518
v -0.41030309 0.73835385 0.02343045
v -0.39957345 0.73783702 0.02733782
v -0.39631441 0.73751223 0.02744482
v -0.39997527 0.73378080 0.02866643
v -0.40151495 0.73387748 0.02876654
v -0.41025969 0.73750943 0.02719431
v -0.41033632 0.73405123 0.02827084
v -0.41187465 0.73765242 0.02711763
v -0.41354215 0.73424971 0.02812147
v -0.41192275 0.73847717 0.02336303
v -0.41349289 0.73775411 0.02706777
v -0.41354451 0.73855084 0.02332829
v -0.42160344 0.73764074 0.02644804
v -0.42168662 0.73445660 0.02746782
v -0.41355205 0.73822969 0.01964140
v -0.42325675 0.73775172 0.02645308
v -0.42499036 0.73456573 0.02739975
v -0.42159688 0.73805887 0.02333116
v -0.42155829 0.73770088 0.02026767
v -0.42326608 0.73818564 0.02337886
v -0.42325854 0.73777938 0.02034301
v -0.42492601 0.73750913 0.02622745
v -0.42493376 0.73820728 0.02342300
v -0.42499408 0.73767591 0.02051512
v -0.43205988 0.73695302 0.02618458
v -0.43263802 0.73560005 0.02629778
v -0.43370339 0.73742676 0.02490513
v -0.43438530 0.73595595 0.02510721
v -0.43416014 0.73751807 0.02354747
v -0.43487597 0.73602599 0.02353243
v -0.43443567 0.73588538 0.02196261
v -0.43374401 0.73735112 0.02198877
v -0.43253773 0.73538423 0.02063399
v -0.43212134 0.73687899 0.02085647
v -0.43596679 0.73637003 0.00463704
v -0.43652484 0.73636681 0.00567253
v -0.43494293 0.73635936 0.00550832
v -0.43491301 0.73643994 0.00383403
v -0.43616417 0.73620003 0.00658549
v -0.43519071 0.73624337 0.00718758
v -0.43378904 0.73659205 0.00336665
v -0.43399435 0.73636037 0.00753203
v -0.42977658 0.73709381 0.00525970
v -0.43122387 0.73709631 0.00296153
v -0.43109593 0.73692054 0.00772561
v -0.43008584 0.73725915 0.00314777
v -0.42985836 0.73719299 0.00740963
v -0.42952856 0.73736632 0.00402043
v -0.42937168 0.73734677 0.00647725
v -0.42935711 0.73740554 0.00524223
v -0.44076911 0.73743933 0.01332505
v -0.44125089 0.73746991 0.01434539
v -0.43966350 0.73741734 0.01428612
v -0.43954062 0.73743808 0.01256260
v -0.44081256 0.73730248 0.01523283
v -0.43839183 0.73758453 0.01220974
v -0.43999746 0.73728639 0.01597854
v -0.43573770 0.73778307 0.01199453
v -0.43451425 0.73810047 0.01434965
v -0.43465894 0.73807436 0.01224955
v -0.43881804 0.73743969 0.01635593
v -0.43418878 0.73834407 0.01314243
v -0.43588921 0.73768431 0.01671926
v -0.43410033 0.73845464 0.01435910
v -0.43464017 0.73790252 0.01647645
v -0.43414131 0.73821652 0.01557922
v -0.39851379 0.72054642 -0.03093425
v -0.39779297 0.72185606 -0.03048572
v -0.39796335 0.71967256 -0.03001103
v -0.39867288 0.72179109 -0.03164679
v -0.39723080 0.71933413 -0.02921086
v -0.39848155 0.72304219 -0.03153109
v -0.39795756 0.72408998 -0.03096032
v -0.39536187 0.71915102 -0.02764400
v -0.39426997 0.72208077 -0.02741483
v -0.39455914 0.71947253 -0.02713442
v -0.39713329 0.72466600 -0.03030580
v -0.39397353 0.72055751 -0.02727977
v -0.39505216 0.72485310 -0.02862393
v -0.39372787 0.72199565 -0.02756860
v -0.39432144 0.72450143 -0.02817031
v -0.39382452 0.72339147 -0.02785791
v -0.42856684 0.73779857 0.02554546
v -0.42845687 0.73778880 0.02344562
v -0.42992106 0.73771882 0.02585286
v -0.42806089 0.73799461 0.02462475
v -0.42802483 0.73809516 0.02342709
v -0.42815417 0.73796654 0.02228703
v -0.42873770 0.73779732 0.02148916
v -0.43293595 0.73747063 0.02557907
v -0.43370962 0.73717129 0.02350192
v -0.43413070 0.73740906 0.02518941
v -0.42986396 0.73764402 0.02126559
v -0.43503422 0.73754674 0.02445797
v -0.43248734 0.73741943 0.02145571
v -0.43533716 0.73766005 0.02353658
v -0.43363878 0.73736835 0.02180761
v -0.43473038 0.73752451 0.02257718
v -0.42258859 0.73781443 0.03408194
v -0.42244622 0.73775876 0.03221721
v -0.42379802 0.73771226 0.03429475
v -0.42208678 0.73795092 0.03328619
v -0.42202511 0.73803270 0.03221410
v -0.42212805 0.73793375 0.03117926
v -0.42260015 0.73774207 0.03042941
v -0.42664725 0.73755676 0.03398791
v -0.42724574 0.73727429 0.03214313
v -0.42777491 0.73750806 0.03361600
v -0.42366022 0.73761463 0.03021491
v -0.42861661 0.73765624 0.03294674
v -0.42614844 0.73741657 0.03036522
v -0.42889258 0.73768359 0.03211230
v -0.42725113 0.73740309 0.03064601
v -0.42838529 0.73756742 0.03123783
v 0.40959826 0.73105049 0.00794682
v 0.40040582 0.73491400 0.00971586
v 0.40966439 0.73471701 0.00969950
v 0.41251868 0.73420340 0.00963681
v 0.40040514 0.73087573 0.00836891
v 0.39932680 0.73495281 0.00963332
v 0.39905599 0.73060912 0.00828991
v 0.40062979 0.72914559 0.00481266
v 0.39916375 0.72879177 0.00491820
v 0.39919379 0.73007339 0.00056014
v 0.40959638 0.72965527 0.00482666
v 0.41266435 0.73077750 0.00784093
v 0.41279393 0.72950685 0.00455761
v 0.42082226 0.73106760 0.00775692
v 0.42098382 0.73391289 0.00902637
v 0.42071187 0.72995299 0.00469625
v 0.42453769 0.73074687 0.00782365
v 0.42463467 0.73384452 0.00907994
v 0.42452291 0.72973007 0.00478186
v 0.43268001 0.73160046 0.00517744
v 0.43282795 0.73225355 0.00748863
v 0.43312207 0.73489732 0.00836620
v 0.43432483 0.73326933 0.00681243
v 0.43514174 0.73501402 0.00709938
v 0.43494081 0.73310310 0.00536230
v 0.43574423 0.73500186 0.00543723
v 0.43513668 0.73495805 0.00369357
v 0.43441960 0.73321390 0.00386067
v 0.43319732 0.73467976 0.00212919
v 0.43306324 0.73239386 0.00302157
v 0.42490634 0.73421848 0.00062174
v 0.42470130 0.73110461 0.00176496
v 0.42084801 0.73153168 0.00155447
v 0.41289836 0.73102331 0.00124786
v 0.42114559 0.73443365 0.00034045
v 0.40992364 0.73136812 0.00090938
v 0.41295743 0.73486096 -0.00042133
v 0.40104669 0.73047751 0.00066992
v 0.40989679 0.73520225 -0.00068729
v 0.40060583 0.73475289 -0.00124392
v 0.39821687 0.73444223 -0.00119509
v 0.39741722 0.73803532 -0.00026613
v 0.39985102 0.73868209 -0.00019028
v 0.39814940 0.73990595 0.00409289
v 0.40975875 0.73909295 0.00066598
v 0.41135043 0.73897517 0.00060868
v 0.42122114 0.73769641 0.00133552
v 0.41294315 0.73885775 0.00052918
v 0.42315879 0.73755366 0.00163534
v 0.42493573 0.73730636 0.00185960
v 0.43319732 0.73467976 0.00212919
v 0.39957774 0.73965859 0.00426962
v 0.40959150 0.73923838 0.00474247
v 0.41120079 0.73917454 0.00464200
v 0.41281098 0.73910999 0.00451445
v 0.42116329 0.73801434 0.00467632
v 0.42300153 0.73806727 0.00477813
v 0.42481571 0.73808932 0.00487062
v 0.39937034 0.73895359 0.00840769
v 0.39672086 0.73840368 0.00792392
v 0.39932680 0.73495281 0.00963332
v 0.40040582 0.73491400 0.00971586
v 0.40925419 0.73819089 0.00874143
v 0.40966439 0.73471701 0.00969950
v 0.41090825 0.73815578 0.00865761
v 0.41251868 0.73420340 0.00963681
v 0.41256425 0.73812026 0.00854655
v 0.42103717 0.73746502 0.00806142
v 0.42098382 0.73391289 0.00902637
v 0.42286736 0.73750305 0.00810137
v 0.42463467 0.73384452 0.00907994
v 0.42470691 0.73714465 0.00790396
v 0.43254566 0.73643643 0.00808865
v 0.43500066 0.73653591 0.00541349
v 0.43312207 0.73489732 0.00836620
v 0.43443516 0.73640180 0.00701834
v 0.43514174 0.73501402 0.00709938
v 0.43574423 0.73500186 0.00543723
v 0.43513668 0.73495805 0.00369357
v 0.43295929 0.73660439 0.00265761
v 0.43459594 0.73649430 0.00373353
v 0.44002968 0.73602319 0.01256353
v 0.43977818 0.73411572 0.01426256
v 0.44054982 0.73609197 0.01428518
v 0.44001520 0.73595315 0.01599448
v 0.43934953 0.73418462 0.01281940
v 0.43742216 0.73243845 0.01409290
v 0.43789074 0.73556775 0.01096563
v 0.43924716 0.73409396 0.01576480
v 0.43778691 0.73548067 0.01759118
v 0.43788722 0.73312503 0.01178367
v 0.42897812 0.73484701 0.00988641
v 0.43754715 0.73312372 0.01655584
v 0.42906493 0.73447484 0.01848204
v 0.42899820 0.73127878 0.01725557
v 0.42512068 0.73426378 0.01856421
v 0.42891076 0.73163110 0.01110095
v 0.42889363 0.73022634 0.01417974
v 0.42521730 0.73132837 0.01709869
v 0.41559145 0.73379576 0.01919106
v 0.42500493 0.73022932 0.01401725
v 0.41586050 0.73021275 0.01745043
v 0.41186407 0.73378742 0.01924901
v 0.42506728 0.73169261 0.01104988
v 0.41586870 0.72889870 0.01411881
v 0.41182908 0.73035550 0.01745104
v 0.40203905 0.73406351 0.01932359
v 0.40190518 0.72986603 0.01720421
v 0.40070620 0.73381823 0.01895116
v 0.40060422 0.72964746 0.01720111
v 0.41184559 0.72908211 0.01405973
v 0.40191439 0.72805709 0.01357382
v 0.40070805 0.72793305 0.01351483
v 0.41574353 0.73043752 0.01078301
v 0.41184944 0.73070312 0.01068172
v 0.40205619 0.73006576 0.01087671
v 0.40064520 0.73015845 0.01126994
v 0.42486134 0.73479164 0.00975268
v 0.41554365 0.73441827 0.00903431
v 0.40170327 0.73339891 0.00906404
v 0.39957577 0.73423028 0.00987622
v 0.41192493 0.73461425 0.00889775
v 0.40045902 0.73891228 0.00999830
v 0.39720649 0.73917943 0.01046197
v 0.41199404 0.73867410 0.00996754
v 0.41374144 0.73856634 0.01001356
v 0.40020832 0.73963708 0.01406135
v 0.39859447 0.73986661 0.01431294
v 0.41199204 0.73883486 0.01405834
v 0.40041864 0.73824352 0.01832236
v 0.39779156 0.73800474 0.01814627
v 0.40070620 0.73381823 0.01895116
v 0.40203905 0.73406351 0.01932359
v 0.41186482 0.73776895 0.01813946
v 0.41186407 0.73378742 0.01924901
v 0.41367823 0.73774230 0.01813454
v 0.41559145 0.73379576 0.01919106
v 0.41374674 0.73878258 0.01406296
v 0.41549000 0.73779845 0.01810769
v 0.41550258 0.73880053 0.01404762
v 0.42490482 0.73787475 0.01752988
v 0.42512068 0.73426378 0.01856421
v 0.41549313 0.73853636 0.01003810
v 0.42483255 0.73842543 0.01410919
v 0.42691091 0.73809415 0.01751444
v 0.42906493 0.73447484 0.01848204
v 0.42477775 0.73809308 0.01073801
v 0.42686599 0.73866421 0.01414144
v 0.42684221 0.73828048 0.01079630
v 0.42893842 0.73784012 0.01726066
v 0.42892236 0.73799795 0.01112654
v 0.43734244 0.73711812 0.01722485
v 0.43778691 0.73548067 0.01759118
v 0.43924829 0.73746216 0.01596009
v 0.44001520 0.73595315 0.01599448
v 0.42890432 0.73883396 0.01418932
v 0.43975222 0.73755533 0.01429303
v 0.44054982 0.73609197 0.01428518
v 0.44002968 0.73602319 0.01256353
v 0.43927163 0.73750371 0.01265557
v 0.43789074 0.73556775 0.01096563
v 0.43736437 0.73721147 0.01131496
v 0.39455917 0.71947283 -0.02713443
v 0.39397353 0.72055775 -0.02727979
v 0.39426997 0.72208101 -0.02741484
v 0.39372787 0.72199589 -0.02756861
v 0.39382452 0.72339171 -0.02785793
v 0.39432144 0.72450173 -0.02817032
v 0.39505216 0.72485334 -0.02862394
v 0.39536187 0.71915126 -0.02764401
v 0.39779299 0.72185630 -0.03048573
v 0.39723083 0.71933436 -0.02921087
v 0.39713332 0.72466630 -0.03030581
v 0.39796337 0.71967280 -0.03001104
v 0.39795759 0.72409022 -0.03096033
v 0.39851382 0.72054666 -0.03093426
v 0.39848158 0.72304243 -0.03153110
v 0.39867291 0.72179133 -0.03164680
v 0.43008566 0.73725915 0.00314769
v 0.42952842 0.73736632 0.00402034
v 0.42977643 0.73709381 0.00525962
v 0.43122369 0.73709631 0.00296145
v 0.42935696 0.73740554 0.00524215
v 0.42937154 0.73734677 0.00647717
v 0.42985821 0.73719299 0.00740955
v 0.43109575 0.73692054 0.00772553
v 0.43378887 0.73659205 0.00336657
v 0.43494278 0.73635936 0.00550824
v 0.43399417 0.73636037 0.00753195
v 0.43491283 0.73643994 0.00383395
v 0.43519056 0.73624337 0.00718750
v 0.43596664 0.73637003 0.00463696
v 0.43616402 0.73620003 0.00658541
v 0.43652469 0.73636681 0.00567245
v 0.44125083 0.73746997 0.01434533
v 0.43966344 0.73741740 0.01428607
v 0.44081250 0.73730260 0.01523277
v 0.44076905 0.73743945 0.01332499
v 0.43999740 0.73728651 0.01597848
v 0.43954054 0.73743820 0.01256254
v 0.43839175 0.73758465 0.01220968
v 0.43881798 0.73743975 0.01635587
v 0.43451419 0.73810059 0.01434959
v 0.43588915 0.73768443 0.01671921
v 0.43573761 0.73778319 0.01199447
v 0.43464011 0.73790264 0.01647639
v 0.43465889 0.73807448 0.01224949
v 0.43414125 0.73821664 0.01557916
v 0.43418869 0.73834419 0.01314238
v 0.43410027 0.73845476 0.01435905
v 0.42873755 0.73779750 0.02148910
v 0.42815405 0.73796672 0.02228697
v 0.42845672 0.73778903 0.02344556
v 0.42802468 0.73809540 0.02342703
v 0.42806071 0.73799485 0.02462469
v 0.42856669 0.73779881 0.02554540
v 0.42992094 0.73771912 0.02585280
v 0.42986381 0.73764426 0.02126553
v 0.43370947 0.73717153 0.02350186
v 0.43248719 0.73741966 0.02145565
v 0.43293580 0.73747092 0.02557901
v 0.43363863 0.73736858 0.02180756
v 0.43413052 0.73740935 0.02518935
v 0.43473023 0.73752475 0.02257712
v 0.43503404 0.73754704 0.02445791
v 0.43533701 0.73766029 0.02353652
v 0.42889002 0.73769850 0.03211224
v 0.42724371 0.73728704 0.03214306
v 0.42861408 0.73767072 0.03294668
v 0.42838287 0.73758161 0.03123777
v 0.42777255 0.73752147 0.03361593
v 0.42724895 0.73741585 0.03064594
v 0.42614621 0.73742795 0.03036516
v 0.42664483 0.73756874 0.03398785
v 0.42244360 0.73776543 0.03221714
v 0.42379543 0.73772067 0.03429469
v 0.42365777 0.73762286 0.03021484
v 0.42258587 0.73782122 0.03408188
v 0.42259750 0.73774898 0.03042934
v 0.42208388 0.73795718 0.03328613
v 0.42212519 0.73794001 0.03117920
v 0.42202210 0.73803884 0.03221404
v 0.43487582 0.73602617 0.02353237
v 0.43415999 0.73751831 0.02354741
v 0.43443552 0.73588562 0.02196255
v 0.43438515 0.73595619 0.02510715
v 0.43374389 0.73735130 0.02198871
v 0.43253759 0.73538446 0.02063393
v 0.43212119 0.73687923 0.02085640
v 0.42498952 0.73471421 0.01958444
v 0.42499390 0.73767674 0.02051506
v 0.43370324 0.73742706 0.02490507
v 0.43263787 0.73560035 0.02629772
v 0.42493361 0.73820800 0.02342294
v 0.43205976 0.73695332 0.02618452
v 0.42499024 0.73456657 0.02739969
v 0.42492583 0.73750997 0.02622739
v 0.42325827 0.73778182 0.02034295
v 0.42325652 0.73775363 0.02645302
v 0.42168668 0.73445940 0.02746776
v 0.42326581 0.73818755 0.02337879
v 0.42160305 0.73764515 0.02644798
v 0.41354287 0.73426133 0.02812141
v 0.42159653 0.73806316 0.02333110
v 0.42155793 0.73770571 0.02026762
v 0.42156407 0.73472714 0.01946120
v 0.41355118 0.73823720 0.01964134
v 0.41354370 0.73855758 0.02332823
v 0.41349196 0.73776323 0.02706771
v 0.41187292 0.73766994 0.02711757
v 0.41033834 0.73407429 0.02827078
v 0.41192034 0.73849481 0.02336297
v 0.41190672 0.73822093 0.01963663
v 0.41025728 0.73753428 0.02719425
v 0.40151811 0.73389465 0.02876648
v 0.41029936 0.73838037 0.02343040
v 0.39956978 0.73785084 0.02733776
v 0.39997956 0.73380071 0.02866638
v 0.39631155 0.73752254 0.02744476
v 0.39768675 0.73854309 0.02365512
v 0.39923906 0.73839974 0.02332330
v 0.39672682 0.73813504 0.02094796
v 0.39972630 0.73719734 0.01988691
v 0.40030399 0.73316425 0.01900345
v 0.41026199 0.73815423 0.01966376
v 0.40139538 0.73310000 0.01860267
v 0.40042365 0.72937697 0.02046267
v 0.41029269 0.73457694 0.01874169
v 0.40162438 0.72948205 0.02038640
v 0.40055421 0.72784990 0.02353149
v 0.41353801 0.73460960 0.01877833
v 0.41043913 0.73107040 0.02046322
v 0.40174791 0.72807312 0.02353834
v 0.40032530 0.72954965 0.02675102
v 0.41354546 0.73118311 0.02046441
v 0.41056594 0.72972244 0.02358876
v 0.40170699 0.72973102 0.02678525
v 0.39997956 0.73380071 0.02866638
v 0.40151811 0.73389465 0.02876648
v 0.41055349 0.73091149 0.02668849
v 0.41033834 0.73407429 0.02827078
v 0.42144805 0.73206902 0.02057101
v 0.41355789 0.72989804 0.02355310
v 0.41354647 0.73112321 0.02659501
v 0.41354287 0.73426133 0.02812141
v 0.42146403 0.73079020 0.02341131
v 0.42170998 0.73177701 0.02643085
v 0.42168668 0.73445940 0.02746776
v 0.42492706 0.73192424 0.02074633
v 0.42495498 0.73174036 0.02634517
v 0.42499024 0.73456657 0.02739969
v 0.42488775 0.73075205 0.02356973
v 0.43217492 0.73255855 0.02355794
v 0.43240353 0.73342139 0.02138008
v 0.43253759 0.73538446 0.02063393
v 0.43214545 0.73374587 0.02583751
v 0.43263787 0.73560035 0.02629772
v 0.43369877 0.73441350 0.02222177
v 0.43443552 0.73588562 0.02196255
v 0.43371651 0.73445916 0.02495415
v 0.43438515 0.73595619 0.02510715
v 0.43419921 0.73427957 0.02354758
v 0.43487582 0.73602617 0.02353237
v 0.42212519 0.73794001 0.03117920
v 0.42256644 0.73825324 0.03219736
v 0.42202210 0.73803884 0.03221404
v 0.42259750 0.73774898 0.03042934
v 0.42208388 0.73795718 0.03328613
v 0.42365777 0.73762286 0.03021484
v 0.42258587 0.73782122 0.03408188
v 0.42614621 0.73742795 0.03036516
v 0.42742085 0.73798782 0.03211108
v 0.42724895 0.73741585 0.03064594
v 0.42379543 0.73772067 0.03429469
v 0.42838287 0.73758161 0.03123777
v 0.42664483 0.73756874 0.03398785
v 0.42889002 0.73769850 0.03211224
v 0.42777255 0.73752147 0.03361593
v 0.42861408 0.73767072 0.03294668
v 0.04303059 0.01203351 -0.08813625
v 0.04108422 0.01210094 -0.08871125
v 0.04118143 0.00880354 -0.08748398
v 0.03881017 0.01146802 -0.08791963
v 0.04325513 0.00900276 -0.08713584
v 0.04342624 0.00577166 -0.08495487
v 0.04459231 0.01107343 -0.08631032
v 0.04478781 0.00931851 -0.08565135
v 0.03880071 0.00890967 -0.08682892
v 0.03700379 0.01025173 -0.08578521
v 0.03840538 0.00618965 -0.08462872
v 0.03506449 0.00882160 -0.08032357
v 0.04615410 0.00850532 -0.08800063
v 0.04593225 0.01135710 -0.08883717
v 0.04818809 0.00853040 -0.08896185
v 0.04797382 0.01166325 -0.09009106
v 0.04646931 0.00576814 -0.08597896
v 0.04111962 0.00531164 -0.08505543
v 0.03670509 0.00422203 -0.07991263
v 0.03198101 0.00858667 -0.07044274
v 0.04054699 0.00280851 -0.07977014
v 0.05042497 0.00891517 -0.08800555
v 0.05017433 0.01168334 -0.08921352
v 0.05224811 0.01007331 -0.08619529
v 0.04503491 0.00725113 -0.08406056
v 0.03453311 0.00437834 -0.07039189
v 0.03974210 0.00392396 -0.07048662
v 0.03356685 0.00562123 -0.06487312
v 0.03192408 0.00992474 -0.06497017
v 0.03899822 0.00308078 -0.06577002
v 0.03250058 0.00460752 -0.05811484
v 0.03046882 0.01045711 -0.05564107
v 0.03861475 0.00273121 -0.05916506
v 0.03204533 0.00449871 -0.04630985
v 0.02934371 0.00993651 -0.04677033
v 0.03166377 0.00517676 -0.03512333
v 0.02889627 0.01170391 -0.03531595
v 0.03298007 0.01295773 -0.02231195
v 0.03541693 0.00748341 -0.01979285
v 0.03551074 0.01478846 -0.01164251
v 0.04079514 -0.00000021 -0.03552289
v 0.04188978 0.00169824 -0.04792121
v 0.04356081 0.00366605 -0.05994259
v 0.03803724 0.01058435 -0.01029105
v 0.03173178 0.01314159 0.00429199
v 0.04165450 0.00559876 -0.01949152
v 0.04381924 0.00642481 -0.06739548
v 0.04387852 0.00515864 -0.07133846
v 0.04400974 0.00311943 -0.07955874
v 0.04531822 0.00490616 -0.07939639
v 0.04630303 0.00468356 -0.08005796
v 0.04881609 0.00413676 -0.07958990
v 0.04483924 0.00829383 -0.07367982
v 0.04434683 0.00798165 -0.06877130
v 0.04582316 0.00684059 -0.07259942
v 0.04571915 0.00779586 -0.06764767
v 0.04891388 0.00607692 -0.07172102
v 0.04882688 0.00565423 -0.06648867
v 0.04914692 0.00279238 -0.05956300
v 0.05232810 0.00746144 -0.06729858
v 0.04849003 0.00551868 -0.08651244
v 0.05075757 0.00615943 -0.08553338
v 0.05197797 0.00723773 -0.07264373
v 0.05218164 0.00872466 -0.08558393
v 0.05155164 0.00478751 -0.07902920
v 0.05327125 0.00853343 -0.08712394
v 0.05314292 0.01066686 -0.08799877
v 0.05449452 0.01083284 -0.08873015
v 0.05219954 0.00733968 -0.08394901
v 0.05323293 0.00624355 -0.08474588
v 0.05470644 0.00817312 -0.08753973
v 0.05665167 0.01066351 -0.08762451
v 0.05237582 0.00583763 -0.07931050
v 0.05246827 0.00868695 -0.07379413
v 0.05510665 0.00558338 -0.08502588
v 0.05687173 0.00821303 -0.08642438
v 0.05891896 0.01014933 -0.08304331
v 0.05345541 0.00464570 -0.07891810
v 0.05282406 0.00806163 -0.06950098
v 0.05387632 0.00649534 -0.07193337
v 0.05587153 0.00420479 -0.07857972
v 0.05719975 0.00581662 -0.08409194
v 0.05905377 0.00880936 -0.08227506
v 0.05411720 0.00774369 -0.06713066
v 0.05687388 0.00604705 -0.07128042
v 0.06010876 0.00808906 -0.08351044
v 0.05977067 0.01034942 -0.08472548
v 0.06110249 0.01042265 -0.08512505
v 0.05836698 0.00477279 -0.07826026
v 0.05926299 0.00738693 -0.08095688
v 0.05335589 0.00373201 -0.05931155
v 0.06145366 0.00810022 -0.08383906
v 0.06279087 0.01042622 -0.08410847
v 0.05749544 0.00510473 -0.06563114
v 0.05929124 0.00630391 -0.07184958
v 0.05960563 0.00618781 -0.07813125
v 0.06048477 0.00611902 -0.08156357
v 0.05200923 0.00300115 -0.04832047
v 0.06304964 0.00813777 -0.08295277
v 0.06525615 0.00969916 -0.07947101
v 0.05804639 0.00295938 -0.05818691
v 0.06361481 0.00348471 -0.04846578
v 0.05164484 0.00222137 -0.03609797
v 0.06196717 0.00582263 -0.08164824
v 0.06092453 0.00500078 -0.07736623
v 0.06028948 0.00727849 -0.06559133
v 0.06044049 0.00702062 -0.07233681
v 0.06098939 0.00715988 -0.06806585
v 0.06257046 0.00477199 -0.05738409
v 0.06150277 0.00676517 -0.07090639
v 0.06228157 0.00758550 -0.06555311
v 0.06300011 0.00448953 -0.07650621
v 0.06370245 0.00585448 -0.08088633
v 0.06422758 0.00634830 -0.06915976
v 0.06503244 0.00548062 -0.06352776
v 0.06549709 0.00799173 -0.07845818
v 0.06480744 0.00491477 -0.07604248
v 0.06611590 0.00688007 -0.06891444
v 0.06630697 0.00367462 -0.05680513
v 0.06957833 0.00462846 -0.05612356
v 0.06693392 0.00706092 -0.06383470
v 0.06630091 0.00801659 -0.07923222
v 0.06577957 0.01017633 -0.08029564
v 0.06690288 0.01025193 -0.08052671
v 0.06623029 0.00577596 -0.07412985
v 0.06697252 0.00560514 -0.07450762
v 0.06729615 0.00816613 -0.07953729
v 0.06835228 0.01034172 -0.07963706
v 0.06677087 0.00746112 -0.06904605
v 0.06729485 0.00751490 -0.06557647
v 0.06837024 0.00609674 -0.07488137
v 0.06868598 0.00863705 -0.07876375
v 0.07032771 0.00996603 -0.07598453
v 0.06760408 0.00656233 -0.06882688
v 0.06836769 0.00723453 -0.06328274
v 0.07019326 0.00716780 -0.07539732
v 0.07327977 0.01027137 -0.06857917
v 0.06999901 0.00627494 -0.06859546
v 0.07284243 0.00767988 -0.06805792
v 0.07372057 0.01046128 -0.06218278
v 0.07082030 0.00596712 -0.06327452
v 0.07270919 0.00713080 -0.06226553
v 0.07529081 0.01093898 -0.05634580
v 0.07407469 0.00619934 -0.05648153
v 0.07447091 0.00559232 -0.04921451
v 0.07611954 0.01175546 -0.04911964
v 0.07725663 0.01237150 -0.03841415
v 0.07496250 0.00505459 -0.03755962
v 0.06487393 0.00297292 -0.03551170
v 0.07087684 0.00892949 -0.02243216
v 0.07508238 0.01683400 -0.01917635
v 0.06232114 0.00366152 -0.02155470
v 0.06860696 0.01182008 -0.01232256
v 0.06866193 0.01835239 -0.00245213
v 0.05053332 0.00657837 -0.02210281
v 0.06505971 0.01184732 -0.00168653
v 0.06969157 0.01394668 0.01573482
v 0.06010962 0.00841036 -0.01126151
v 0.05029451 0.00877610 -0.01190873
v 0.05883418 0.00590355 0.00078945
v 0.06598236 0.00613151 0.01551292
v 0.04363780 0.00901817 -0.00979622
v 0.05063830 0.00449539 0.00101422
v 0.05018391 0.00287478 0.01385480
v 0.04096952 0.00524490 0.00109140
v 0.03626708 0.00703256 0.00250831
v 0.04101587 0.00408847 0.01556537
v 0.03545052 0.00762990 0.01814801
v 0.03188890 0.01335996 0.01977835
v 0.04232403 0.00585170 0.02627124
v 0.03761290 0.00918295 0.03239649
v 0.03530919 0.01511037 0.03552998
v 0.04082379 0.01510257 0.04051338
v 0.04278767 0.00931355 0.03580809
v 0.04862410 0.00613737 0.02971255
v 0.04860098 0.00948667 0.03868444
v 0.04758708 0.01520708 0.04309003
v 0.05610919 0.01458373 0.04035250
v 0.05592049 0.00807165 0.03520394
v 0.05680802 0.00495221 0.02600532
v 0.06212573 0.00771011 0.03059644
v 0.06515162 0.01448617 0.03252994
v 0.05912233 0.00334757 0.01427528
v -0.04971892 0.01335314 -0.08923670
v -0.04882702 0.01351423 -0.08996772
v -0.04783780 0.01409121 -0.08866926
v -0.04777345 0.01365170 -0.09014886
v -0.04676430 0.01351918 -0.08959033
v -0.04603086 0.01334064 -0.08854686
v -0.05024307 0.01341475 -0.08814555
v -0.04580441 0.01334007 -0.08727305
v -0.04843371 0.01493212 -0.08366327
v -0.05092977 0.01400972 -0.08501679
v -0.04601132 0.01350538 -0.08430971
v -0.05083916 0.01441213 -0.08361429
v -0.04643141 0.01375514 -0.08317256
v -0.04987445 0.01477536 -0.08312184
v -0.04733196 0.01435064 -0.08290987
v -0.04854910 0.01486580 -0.08296897
v -0.05616469 0.01201360 -0.08800327
v -0.05538572 0.01217493 -0.08859348
v -0.05470389 0.01268821 -0.08748711
v -0.05449245 0.01235670 -0.08870753
v -0.05365240 0.01234584 -0.08817881
v -0.05306500 0.01230101 -0.08724730
v -0.05666174 0.01208581 -0.08710343
v -0.05292961 0.01238092 -0.08615302
v -0.05542574 0.01348770 -0.08320270
v -0.05739797 0.01260044 -0.08445119
v -0.05322247 0.01288974 -0.08366230
v -0.05739943 0.01292252 -0.08323100
v -0.05363841 0.01310154 -0.08271755
v -0.05664352 0.01323743 -0.08276579
v -0.05449017 0.01322863 -0.08246326
v -0.05555573 0.01342270 -0.08258341
v -0.04238341 0.01330078 -0.08904251
v -0.04121061 0.01319042 -0.08947139
v -0.04080170 0.01391376 -0.08794610
v -0.04319055 0.01334674 -0.08796538
v -0.03989244 0.01293962 -0.08883645
v -0.04341575 0.01341836 -0.08665209
v -0.03875612 0.01268965 -0.08764540
v -0.04330619 0.01368885 -0.08326487
v -0.04019969 0.01449362 -0.08215185
v -0.04289734 0.01397251 -0.08180033
v -0.03818349 0.01277785 -0.08633311
v -0.04170970 0.01428135 -0.08136159
v -0.03761480 0.01321083 -0.08347640
v -0.04007504 0.01440302 -0.08132230
v -0.03770370 0.01345376 -0.08211134
v -0.03870752 0.01399474 -0.08158068
v -0.06285843 0.01156262 -0.08403772
v -0.06181901 0.01321281 -0.08059011
v -0.06352934 0.01211191 -0.08175074
v -0.06106238 0.01255752 -0.08434907
v -0.06355378 0.01256421 -0.08068963
v -0.06242363 0.01138769 -0.08483183
v -0.06290245 0.01295162 -0.08025110
v -0.06173593 0.01152980 -0.08535270
v -0.06192378 0.01319744 -0.08007241
v -0.06094736 0.01169025 -0.08545335
v -0.06096546 0.01286812 -0.07998823
v -0.06020579 0.01168073 -0.08498663
v -0.05968333 0.01179792 -0.08416434
v -0.05959665 0.01202121 -0.08316582
v -0.06020702 0.01247783 -0.08017680
v -0.05984265 0.01228287 -0.08103456
v -0.06808792 0.01114804 -0.08009174
v -0.06761406 0.01249912 -0.07691681
v -0.06886505 0.01166875 -0.07803853
v -0.06655639 0.01175870 -0.08039301
v -0.06905715 0.01192695 -0.07709961
v -0.06771730 0.01107260 -0.08078607
v -0.06852321 0.01231997 -0.07668554
v -0.06705967 0.01110406 -0.08122620
v -0.06773953 0.01250945 -0.07643164
v -0.06640939 0.01130123 -0.08127198
v -0.06700908 0.01228410 -0.07625487
v -0.06585057 0.01131427 -0.08080487
v -0.06550865 0.01127986 -0.08003237
v -0.06550905 0.01133466 -0.07916206
v -0.06634536 0.01185362 -0.07643604
v -0.06595445 0.01162863 -0.07718075
v 0.04854907 0.01486579 -0.08296897
v 0.04843369 0.01493211 -0.08366327
v 0.04987443 0.01477535 -0.08312184
v 0.04733193 0.01435063 -0.08290987
v 0.05083914 0.01441212 -0.08361429
v 0.04643138 0.01375513 -0.08317256
v 0.05092975 0.01400971 -0.08501679
v 0.04601130 0.01350537 -0.08430971
v 0.05024305 0.01341475 -0.08814555
v 0.04783778 0.01409120 -0.08866926
v 0.04580439 0.01334006 -0.08727305
v 0.04971890 0.01335313 -0.08923670
v 0.04603083 0.01334063 -0.08854686
v 0.04882700 0.01351422 -0.08996772
v 0.04676428 0.01351917 -0.08959033
v 0.04777342 0.01365169 -0.09014886
v 0.05555570 0.01342269 -0.08258341
v 0.05542571 0.01348769 -0.08320270
v 0.05664349 0.01323742 -0.08276579
v 0.05449015 0.01322863 -0.08246326
v 0.05739941 0.01292251 -0.08323100
v 0.05363839 0.01310153 -0.08271755
v 0.05739795 0.01260043 -0.08445119
v 0.05322244 0.01288973 -0.08366230
v 0.05666171 0.01208581 -0.08710343
v 0.05470386 0.01268820 -0.08748711
v 0.05292959 0.01238091 -0.08615302
v 0.05616467 0.01201359 -0.08800327
v 0.05306497 0.01230100 -0.08724730
v 0.05538570 0.01217492 -0.08859348
v 0.05365238 0.01234583 -0.08817881
v 0.05449243 0.01235669 -0.08870753
v 0.03761478 0.01321082 -0.08347640
v 0.04019966 0.01449361 -0.08215185
v 0.03770368 0.01345375 -0.08211134
v 0.03870750 0.01399473 -0.08158068
v 0.04007502 0.01440301 -0.08132230
v 0.04170968 0.01428134 -0.08136159
v 0.04289732 0.01397251 -0.08180033
v 0.03818347 0.01277784 -0.08633311
v 0.04080167 0.01391375 -0.08794610
v 0.03875609 0.01268964 -0.08764540
v 0.04330616 0.01368884 -0.08326487
v 0.03989241 0.01293962 -0.08883645
v 0.04341572 0.01341835 -0.08665209
v 0.04121059 0.01319041 -0.08947139
v 0.04319053 0.01334674 -0.08796538
v 0.04238339 0.01330077 -0.08904251
v -0.42366022 0.73761463 0.03021491
v -0.42260015 0.73774207 0.03042941
v -0.42256969 0.73824638 0.03219742
v -0.42212805 0.73793375 0.03117926
v -0.42202511 0.73803270 0.03221410
v -0.42208678 0.73795092 0.03328619
v -0.42258859 0.73781443 0.03408194
v -0.42614844 0.73741657 0.03036522
v -0.42742378 0.73797488 0.03211115
v -0.42725113 0.73740309 0.03064601
v -0.42379802 0.73771226 0.03429475
v -0.42838529 0.73756742 0.03123783
v -0.42664725 0.73755676 0.03398791
v -0.42889258 0.73768359 0.03211230
v -0.42777491 0.73750806 0.03361600
v -0.42861661 0.73765624 0.03294674
v -0.43293595 0.73747063 0.02557907
v -0.43413070 0.73740906 0.02518941
v -0.43375990 0.73800552 0.02365418
v -0.43503422 0.73754674 0.02445797
v -0.43533716 0.73766005 0.02353658
v -0.43473038 0.73752451 0.02257718
v -0.43363878 0.73736835 0.02180761
v -0.43248734 0.73741943 0.02145571
v -0.42992106 0.73771882 0.02585286
v -0.42861402 0.73829859 0.02343023
v -0.42986396 0.73764402 0.02126559
v -0.42856684 0.73779857 0.02554546
v -0.42873770 0.73779732 0.02148916
v -0.42806089 0.73799461 0.02462475
v -0.42815417 0.73796654 0.02228703
v -0.42802483 0.73809516 0.02342709
v -0.43464017 0.73790252 0.01647645
v -0.43588921 0.73768431 0.01671926
v -0.43468073 0.73856497 0.01436322
v -0.43414131 0.73821652 0.01557922
v -0.43410033 0.73845464 0.01435910
v -0.43418878 0.73834407 0.01314243
v -0.43465894 0.73807436 0.01224955
v -0.43573770 0.73778307 0.01199453
v -0.43969312 0.73783505 0.01433514
v -0.43881804 0.73743969 0.01635593
v -0.43839183 0.73758453 0.01220974
v -0.43999746 0.73728639 0.01597854
v -0.43954062 0.73743808 0.01256260
v -0.44081256 0.73730248 0.01523283
v -0.44076911 0.73743933 0.01332505
v -0.44125089 0.73746991 0.01434539
v -0.43122387 0.73709631 0.00296153
v -0.43008584 0.73725915 0.00314777
v -0.42995825 0.73757774 0.00528777
v -0.42952856 0.73736632 0.00402043
v -0.42935711 0.73740554 0.00524223
v -0.42937168 0.73734677 0.00647725
v -0.42985836 0.73719299 0.00740963
v -0.43109593 0.73692054 0.00772561
v -0.43493867 0.73670197 0.00561245
v -0.43378904 0.73659205 0.00336665
v -0.43399435 0.73636037 0.00753203
v -0.43491301 0.73643994 0.00383403
v -0.43519071 0.73624337 0.00718758
v -0.43596679 0.73637003 0.00463704
v -0.43616417 0.73620003 0.00658549
v -0.43652484 0.73636681 0.00567253
v -0.39713329 0.72466600 -0.03030580
v -0.39795756 0.72408998 -0.03096032
v -0.39748004 0.72159505 -0.03102876
v -0.39848155 0.72304219 -0.03153109
v -0.39867288 0.72179109 -0.03164679
v -0.39851379 0.72054642 -0.03093425
v -0.39796335 0.71967256 -0.03001103
v -0.39723080 0.71933413 -0.02921086
v -0.39505216 0.72485310 -0.02862393
v -0.39396200 0.72193921 -0.02809076
v -0.39536187 0.71915102 -0.02764400
v -0.39432144 0.72450143 -0.02817031
v -0.39455914 0.71947253 -0.02713442
v -0.39382452 0.72339147 -0.02785791
v -0.39397353 0.72055751 -0.02727977
v -0.39372787 0.72199565 -0.02756860
v 0.42986381 0.73764426 0.02126553
v 0.42861387 0.73829883 0.02343018
v 0.42873755 0.73779750 0.02148910
v 0.42815405 0.73796672 0.02228697
v 0.42802468 0.73809540 0.02342703
v 0.42806071 0.73799485 0.02462469
v 0.42856669 0.73779881 0.02554540
v 0.42992094 0.73771912 0.02585280
v 0.43375975 0.73800576 0.02365412
v 0.43248719 0.73741966 0.02145565
v 0.43293580 0.73747092 0.02557901
v 0.43363863 0.73736858 0.02180756
v 0.43413052 0.73740935 0.02518935
v 0.43473023 0.73752475 0.02257712
v 0.43503404 0.73754704 0.02445791
v 0.43533701 0.73766029 0.02353652
v 0.42935696 0.73740554 0.00524215
v 0.42995808 0.73757774 0.00528769
v 0.42937154 0.73734677 0.00647717
v 0.42952842 0.73736632 0.00402034
v 0.42985821 0.73719299 0.00740955
v 0.43008566 0.73725915 0.00314769
v 0.43109575 0.73692054 0.00772553
v 0.43122369 0.73709631 0.00296145
v 0.43493849 0.73670197 0.00561237
v 0.43399417 0.73636037 0.00753195
v 0.43378887 0.73659205 0.00336657
v 0.43519056 0.73624337 0.00718750
v 0.43491283 0.73643994 0.00383395
v 0.43616402 0.73620003 0.00658541
v 0.43596664 0.73637003 0.00463696
v 0.43652469 0.73636681 0.00567245
v 0.39372787 0.72199589 -0.02756861
v 0.39396200 0.72193944 -0.02809078
v 0.39382452 0.72339171 -0.02785793
v 0.39397353 0.72055775 -0.02727979
v 0.39432144 0.72450173 -0.02817032
v 0.39455917 0.71947283 -0.02713443
v 0.39505216 0.72485334 -0.02862394
v 0.39536187 0.71915126 -0.02764401
v 0.39748007 0.72159529 -0.03102877
v 0.39713332 0.72466630 -0.03030581
v 0.39723083 0.71933436 -0.02921087
v 0.39795759 0.72409022 -0.03096033
v 0.39796337 0.71967280 -0.03001104
v 0.39848158 0.72304243 -0.03153110
v 0.39851382 0.72054666 -0.03093426
v 0.39867291 0.72179133 -0.03164680
v 0.43954054 0.73743820 0.01256254
v 0.43969303 0.73783517 0.01433509
v 0.43839175 0.73758465 0.01220968
v 0.44076905 0.73743945 0.01332499
v 0.44125083 0.73746997 0.01434533
v 0.44081250 0.73730260 0.01523277
v 0.43999740 0.73728651 0.01597848
v 0.43881798 0.73743975 0.01635587
v 0.43573761 0.73778319 0.01199447
v 0.43468067 0.73856509 0.01436316
v 0.43588915 0.73768443 0.01671921
v 0.43465889 0.73807448 0.01224949
v 0.43464011 0.73790264 0.01647639
v 0.43418869 0.73834419 0.01314238
v 0.43414125 0.73821664 0.01557916
v 0.43410027 0.73845476 0.01435905
vn 0.99997008 0.00550227 -0.00543638
vn 0.88841355 0.18871710 -0.41845810
vn 0.98737109 0.15145808 0.04646297
vn 0.89032376 0.07756542 -0.44867268
vn 0.99757230 0.05135257 -0.04703613
vn 0.61159641 0.07550670 -0.78755867
vn 0.63934147 0.24855253 -0.72764283
vn -0.01245207 0.37393019 -0.92737329
vn 0.88545728 0.09054264 -0.45581520
vn 0.99545318 0.00834929 -0.09488532
vn 0.59022605 0.05551988 -0.80532652
vn 0.88522029 0.04719702 -0.46277159
vn 0.98931128 -0.02452359 -0.14374219
vn -0.05286491 0.17781730 -0.98264253
vn 0.88775676 0.01563115 -0.46004733
vn 0.98367506 -0.03885885 -0.17570838
vn 0.59333587 0.02954477 -0.80441266
vn 0.88822240 -0.00123801 -0.45941204
vn 0.97887546 -0.06635725 -0.19338979
vn -0.67340249 0.10427213 -0.73188549
vn -0.67079455 0.23932120 -0.70196873
vn -0.92493170 0.16563518 -0.34214956
vn -0.07958669 0.06150974 -0.99492842
vn 0.60098404 0.01758078 -0.79906762
vn 0.88482487 -0.02033414 -0.46547985
vn 0.97292125 -0.08912929 -0.21326075
vn -0.94157606 0.04274767 -0.33407670
vn -0.98551255 0.13047299 0.10836005
vn -0.67871213 0.04707585 -0.73289412
vn -0.08668257 0.03834675 -0.99549770
vn 0.61225611 0.01349525 -0.79054439
vn -0.68206841 0.01640164 -0.73110449
vn -0.06638483 0.02888172 -0.99737602
vn -0.93626356 0.01460352 -0.35099465
vn -0.65814769 0.00483441 -0.75287336
vn 0.62881392 -0.00072129 -0.77755553
vn -0.03255788 0.01328761 -0.99938154
vn -0.62928641 -0.01140004 -0.77708989
vn 0.87758034 -0.04251645 -0.47754067
vn 0.86605799 -0.06160485 -0.49613357
vn 0.96661592 -0.10750017 -0.23258848
vn 0.63939410 -0.03257241 -0.76818895
vn -0.00041465 -0.01410080 -0.99990052
vn -0.61449677 -0.03411001 -0.78818160
vn 0.85876650 -0.06364570 -0.50839877
vn 0.96366334 -0.10213151 -0.24682407
vn 0.85871851 -0.05527015 -0.50945824
vn 0.96190298 -0.08360385 -0.26029414
vn 0.85913527 -0.05111975 -0.50918889
vn 0.95968235 -0.06743152 -0.27287880
vn 0.86219084 -0.06387880 -0.50253999
vn 0.96073562 -0.05122530 -0.27269578
vn 0.96443117 -0.02987962 -0.26263988
vn 0.64417285 -0.08844012 -0.75974977
vn 0.63462186 -0.08385479 -0.76826006
vn 0.63394237 -0.07343674 -0.76988584
vn 0.87103456 -0.07990710 -0.48467895
vn 0.97029674 -0.00468350 -0.24187249
vn 0.65480894 -0.10100712 -0.74901456
vn 0.88296950 -0.08668543 -0.46135724
vn 0.97699511 0.02397993 -0.21190934
vn 0.63783365 -0.05747110 -0.76802695
vn 0.65981054 -0.11909831 -0.74193376
vn 0.89734161 -0.06569874 -0.43641928
vn 0.98461777 0.03818538 -0.17049879
vn 0.01788429 -0.04726134 -0.99872243
vn 0.66255575 -0.12667038 -0.73822391
vn -0.60687059 -0.05352174 -0.79299653
vn 0.02129610 -0.08297147 -0.99632436
vn 0.02126515 -0.07172482 -0.99719775
vn -0.60055637 -0.06721738 -0.79675210
vn 0.02313958 -0.09236766 -0.99545610
vn -0.59776908 -0.08051515 -0.79761487
vn 0.02289114 -0.10094041 -0.99462909
vn -0.59627688 -0.09685489 -0.79691470
vn -0.59013134 -0.10846869 -0.79998726
vn 0.02301724 -0.11385647 -0.99323052
vn 0.02605171 -0.13215756 -0.99088633
vn -0.58101279 -0.11604729 -0.80557877
vn 0.03118810 -0.14289226 -0.98924673
vn -0.88139838 -0.09981372 -0.46170786
vn -0.87718791 -0.10445616 -0.46864736
vn -0.87464005 -0.11114185 -0.47186053
vn -0.87170589 -0.11225744 -0.47699806
vn -0.89139324 -0.09861051 -0.44237316
vn -0.90245283 -0.09293851 -0.42064396
vn -0.90762490 -0.07782007 -0.41250584
vn -0.91180998 -0.06175476 -0.40594214
vn -0.92163295 -0.04896505 -0.38496128
vn -0.98710638 -0.14093022 0.07589231
vn -0.93163782 -0.02667025 -0.36240822
vn -0.98873556 -0.12513724 0.08211414
vn -0.99084699 -0.09962921 0.09108377
vn -0.99330628 -0.05921920 0.09917524
vn -0.85567468 -0.14113292 0.49789792
vn -0.99307245 -0.06205284 0.09978260
vn -0.86340874 -0.07962646 0.49818170
vn -0.86341792 -0.06372043 0.50044900
vn -0.83621264 0.05179397 0.54595399
vn -0.83064401 -0.17249577 0.52941078
vn -0.70783824 -0.14946410 0.69038069
vn -0.72255206 -0.12055463 0.68072397
vn -0.72644347 -0.07477907 0.68314570
vn -0.71275336 -0.04385548 0.70004237
vn -0.44842875 -0.11320393 0.88662088
vn -0.44131407 -0.06488856 0.89500356
vn -0.43389320 -0.13433018 0.89089400
vn 0.26535916 -0.08573405 0.96033025
vn 0.25825226 -0.00361998 0.96607077
vn 0.84470206 0.01196662 0.53510302
vn 0.30978277 -0.13305083 0.94145215
vn 0.86785728 -0.03196489 0.49578419
vn 0.94869089 0.04438257 0.31307474
vn -0.40622169 -0.14405997 0.90234733
vn 0.32654664 -0.14405017 0.93413961
vn 0.94166297 -0.05262361 0.33241791
vn 0.92297202 0.09322443 0.37340572
vn 0.86548078 -0.07563259 0.49519974
vn 0.94664091 -0.04201211 0.31954023
vn 0.98737109 0.15145808 0.04646297
vn 0.99997008 0.00550227 -0.00543638
vn 0.94185048 -0.07601373 0.32732195
vn 0.95810407 -0.00761898 0.28631902
vn 0.99757230 0.05135257 -0.04703613
vn 0.86056572 -0.11528186 0.49612170
vn 0.96899694 -0.07187885 0.23638603
vn 0.99545318 0.00834929 -0.09488532
vn 0.94398838 -0.11464603 0.30942237
vn 0.82169926 -0.13789779 0.55298692
vn 0.97854376 -0.10366927 0.17805827
vn 0.98931128 -0.02452359 -0.14374219
vn 0.93839413 -0.14706935 0.31270933
vn 0.98256469 -0.10778634 0.15148859
vn 0.98367506 -0.03885885 -0.17570838
vn 0.97887546 -0.06635725 -0.19338979
vn 0.83966070 -0.14510520 0.52336836
vn 0.98227012 -0.12469585 0.13998689
vn 0.97292125 -0.08912929 -0.21326075
vn 0.31051439 -0.14157689 0.93996638
vn 0.97986442 -0.14599751 0.13619989
vn 0.96661592 -0.10750017 -0.23258848
vn 0.28324807 -0.17494856 0.94295466
vn -0.37657624 -0.14997353 0.91416532
vn 0.83263934 -0.17612363 0.52506405
vn 0.27989769 -0.23285374 0.93136269
vn -0.67815745 -0.14814544 0.71983010
vn -0.44323564 -0.18430483 0.87725359
vn -0.79947281 -0.21719463 0.56006229
vn -0.40626088 -0.24627462 0.87994367
vn 0.28268221 -0.24391712 0.92768276
vn -0.98480988 -0.15655433 0.07510208
vn -0.79300171 -0.23489441 0.56211472
vn -0.98270410 -0.17235979 0.06771075
vn -0.39183289 -0.26132777 0.88214219
vn 0.82697940 -0.19299056 0.52807170
vn -0.98327816 -0.17736837 0.04128616
vn -0.79606688 -0.24268609 0.55441952
vn 0.26881310 -0.23745526 0.93346369
vn 0.80778015 -0.20282082 0.55349344
vn -0.98547196 -0.16932631 0.01317996
vn -0.80236328 -0.24300109 0.54512727
vn -0.38919532 -0.25608167 0.88484418
vn -0.98881263 -0.14909734 -0.00442099
vn -0.39129573 -0.24025071 0.88835090
vn -0.81177843 -0.22988130 0.53681505
vn -0.99188584 -0.12481253 -0.02417406
vn 0.24633153 -0.21819417 0.94430506
vn -0.82624763 -0.19517672 0.52841359
vn -0.39959240 -0.20611177 0.89322102
vn -0.99473894 -0.09264590 -0.04371750
vn 0.78680617 -0.20180702 0.58327520
vn 0.22306010 -0.18383464 0.95731342
vn -0.42029947 -0.16760086 0.89177257
vn -0.84276617 -0.14805993 0.51751667
vn -0.86085558 -0.08669291 0.50141007
vn 0.97714299 -0.16089539 0.13893983
vn 0.96366334 -0.10213151 -0.24682407
vn 0.97806007 -0.15344079 0.14090596
vn 0.96190298 -0.08360385 -0.26029414
vn 0.77775985 -0.17563848 0.60352361
vn 0.98294693 -0.11960677 0.13967672
vn 0.95968235 -0.06743152 -0.27287880
vn 0.20220296 -0.16039526 0.96611971
vn 0.77496928 -0.13120796 0.61822903
vn 0.98666376 -0.08011156 0.14169273
vn 0.96073562 -0.05122530 -0.27269578
vn 0.17804411 -0.11851317 0.97685975
vn 0.76438433 -0.07357714 0.64054900
vn 0.98743492 -0.03999294 0.15288197
vn -0.45170960 -0.11312823 0.88496351
vn 0.98590547 0.01243305 0.16684064
vn 0.96443117 -0.02987962 -0.26263988
vn 0.15458348 -0.03102564 0.98749250
vn 0.75428414 0.01642290 0.65634269
vn -0.48138076 -0.03250398 0.87590873
vn 0.98185050 0.06468312 0.17828533
vn 0.97029674 -0.00468350 -0.24187249
vn 0.13804634 0.10474704 0.98487121
vn 0.74299324 0.11672679 0.65904170
vn -0.87725097 -0.01196678 0.47988293
vn 0.97631067 0.10018287 0.19178341
vn 0.97699511 0.02397993 -0.21190934
vn -0.50323057 0.09654444 0.85874224
vn 0.12198760 0.25451058 0.95934528
vn 0.72400248 0.19242169 0.66241556
vn -0.99696940 -0.05632184 -0.05366416
vn 0.96917164 0.12350418 0.21319740
vn 0.98461777 0.03818538 -0.17049879
vn -0.88793993 0.09277517 0.45050579
vn 0.69924492 0.25194350 0.66901493
vn -0.87027550 -0.10387517 -0.48148775
vn 0.95991594 0.13684157 0.24461359
vn 0.99057525 0.03954037 -0.13113844
vn -0.50942361 0.25136283 0.82298505
vn 0.09957366 0.35714105 0.92872781
vn -0.99848068 0.00120582 -0.05508930
vn -0.57407564 -0.11857395 -0.81017125
vn -0.88045216 0.20644391 0.42683133
vn -0.50693059 0.35242486 0.78664994
vn -0.87044460 -0.08315109 -0.48519287
vn -0.56733352 -0.11546642 -0.81535280
vn -0.99649745 0.07159711 -0.04320532
vn -0.85887277 0.27800420 0.43017581
vn -0.50196236 0.39289311 0.77049905
vn -0.87204164 -0.05414518 -0.48642752
vn -0.55820203 -0.11022394 -0.82235098
vn -0.99222445 0.12372646 -0.01350524
vn 0.07445208 0.42409742 0.90255100
vn 0.66656744 0.32075363 0.67290783
vn 0.07739940 0.38767987 0.91853893
vn -0.84371293 0.29286662 0.44986403
vn -0.87546605 -0.03049111 -0.48231685
vn 0.67947948 0.31217277 0.66396970
vn -0.55063379 0.33904999 0.76278937
vn -0.98835707 0.15158173 0.01316368
vn 0.95739275 0.09480914 0.27278259
vn 0.99358207 -0.05491762 -0.09888768
vn 0.99070209 -0.12520680 -0.05322241
vn 0.92086798 0.11784724 0.37163714
vn 0.61349648 0.21955025 0.75856429
vn 0.93508905 0.00361849 0.35439438
vn 0.99343336 -0.11113636 -0.02718127
vn 0.99842584 -0.05303972 -0.01823962
vn -0.85864490 0.25281203 0.44588673
vn 0.08584925 0.21665779 0.97246563
vn 0.09346648 0.12056398 0.98829567
vn 0.82158947 0.10360726 0.56058574
vn 0.91938007 0.00788665 0.39329135
vn 0.99259114 -0.11546031 -0.03783909
vn -0.46553472 0.18477032 0.86552721
vn -0.85857213 0.12854871 0.49631560
vn -0.98942512 0.14429983 0.01468194
vn 0.67983431 0.06295233 0.73065889
vn 0.83777672 0.01294726 0.54585940
vn 0.92818880 -0.04934219 0.36882365
vn 0.99139082 -0.13092311 -0.00182976
vn 0.88675195 -0.06540149 0.45759544
vn 0.83350533 -0.03483386 0.55141228
vn 0.64943737 0.05443919 0.75846392
vn 0.62289822 0.03981772 0.78128892
vn 0.62041909 0.02380876 0.78390902
vn 0.04833340 0.10394445 0.99340796
vn 0.03025040 0.10884669 0.99359816
vn 0.03148955 0.11940871 0.99234569
vn -0.50407350 0.07561818 0.86034399
vn -0.50691026 0.08110859 0.85817444
vn -0.83359241 0.04657433 0.55041313
vn -0.49696508 0.09841845 0.86217141
vn -0.69693208 0.05091881 0.71532714
vn -0.46652001 0.14005215 0.87335247
vn -0.89539057 0.03489562 0.44391230
vn -0.99990159 -0.01226856 0.00680606
vn -0.70178157 0.07825810 0.70808077
vn -0.70926338 0.09291773 0.69879311
vn -0.89263517 0.01731003 0.45044732
vn -0.89090401 0.01969796 0.45376429
vn -0.99971718 -0.01866833 0.01473495
vn -0.99780571 0.05962441 0.02878841
vn -0.99959129 -0.01829303 0.02196763
vn -0.96381897 -0.09217191 -0.25011486
vn -0.86241257 -0.14793327 -0.48410782
vn -0.96071196 -0.06796373 -0.26909748
vn -0.99943781 -0.01925458 0.02744713
vn -0.83889359 -0.15785378 -0.52090275
vn -0.94988447 -0.07458223 -0.30357382
vn -0.94312507 -0.06520583 -0.32598054
vn -0.93373394 -0.03996738 -0.35572964
vn -0.56490368 -0.07119162 -0.82208008
vn -0.57272303 -0.06141019 -0.81744552
vn 0.06299303 -0.09504945 -0.99347746
vn -0.86047935 -0.12570949 -0.49373320
vn -0.83240402 -0.11564779 -0.54196787
vn -0.56761587 -0.09130071 -0.81821537
vn 0.11542057 -0.09531570 -0.98873305
vn 0.69316053 -0.09539783 -0.71444225
vn -0.84982997 -0.12947053 -0.51090753
vn 0.72340453 -0.10802165 -0.68192172
vn 0.90002316 -0.18286283 -0.39562550
vn 0.92084092 -0.18310849 -0.34427214
vn 0.99139082 -0.13092311 -0.00182976
vn 0.99259114 -0.11546031 -0.03783909
vn 0.73778981 -0.11609063 -0.66497308
vn 0.13007520 -0.11886515 -0.98435336
vn -0.57984215 -0.14646538 -0.80145556
vn -0.57376498 -0.21106108 -0.79135770
vn 0.92722905 -0.13589962 -0.34896651
vn 0.99842584 -0.05303972 -0.01823962
vn 0.74505293 -0.14707360 -0.65058863
vn 0.12631816 -0.19619265 -0.97239512
vn -0.54593927 -0.22806317 -0.80618703
vn 0.94265902 -0.07689462 -0.32477862
vn 0.99343336 -0.11113636 -0.02718127
vn 0.90593731 -0.10312443 -0.41066164
vn 0.94505054 -0.12784348 -0.30089119
vn 0.99070209 -0.12520680 -0.05322241
vn 0.10330390 -0.27514985 -0.95583522
vn 0.73631907 -0.15866913 -0.65776771
vn 0.94413406 -0.16870758 -0.28310528
vn 0.99358207 -0.05491762 -0.09888768
vn 0.90062457 -0.12913571 -0.41496909
vn 0.68529755 -0.20184055 -0.69973397
vn 0.07561604 -0.29564983 -0.95229900
vn 0.93442702 -0.12931809 -0.33184791
vn 0.99057525 0.03954037 -0.13113844
vn 0.67234254 -0.25099400 -0.69638896
vn 0.87602597 -0.20975547 -0.43425938
vn -0.54478180 -0.22247113 -0.80852914
vn 0.92224014 -0.05013168 -0.38335362
vn 0.09393407 -0.27683580 -0.95631498
vn 0.63657320 -0.33864641 -0.69288754
vn 0.72999614 -0.23214608 -0.64281714
vn -0.78259236 -0.17266984 -0.59810901
vn 0.91021001 -0.05319079 -0.41071698
vn 0.12292499 -0.35020512 -0.92857194
vn -0.46997032 -0.31053445 -0.82625437
vn -0.90058374 -0.03350553 -0.43338934
vn 0.72157204 -0.09436361 -0.68587852
vn 0.13059458 -0.29380348 -0.94690263
vn -0.56907403 -0.23002842 -0.78945655
vn -0.88080466 -0.01794091 -0.47313982
vn -0.52947718 -0.12129520 -0.83960789
vn -0.54495770 -0.10433523 -0.83194673
vn 0.11407817 -0.14606360 -0.98267579
vn 0.04655312 -0.13401522 -0.98988521
vn 0.07972714 -0.12171780 -0.98935753
vn 0.70090365 -0.08372755 -0.70832461
vn 0.67599601 -0.10527319 -0.72934699
vn -0.88841289 0.18871891 -0.41845870
vn -0.99997008 0.00550275 -0.00543595
vn -0.98737085 0.15145954 0.04646357
vn -0.89032388 0.07756716 -0.44867221
vn -0.99757230 0.05135255 -0.04703605
vn -0.61159605 0.07550704 -0.78755885
vn -0.63934135 0.24855238 -0.72764307
vn 0.01245281 0.37393019 -0.92737323
vn -0.88545758 0.09054255 -0.45581460
vn -0.99545324 0.00834929 -0.09488519
vn -0.59022671 0.05551974 -0.80532604
vn -0.88522035 0.04719703 -0.46277148
vn -0.98931128 -0.02452358 -0.14374195
vn 0.05286511 0.17781746 -0.98264247
vn -0.88775682 0.01563116 -0.46004725
vn -0.98367506 -0.03885886 -0.17570826
vn -0.59333611 0.02954480 -0.80441248
vn -0.88822246 -0.00123800 -0.45941192
vn -0.97887552 -0.06635723 -0.19338948
vn 0.67340255 0.10427238 -0.73188549
vn 0.67079449 0.23932113 -0.70196873
vn 0.92493165 0.16563533 -0.34214970
vn 0.07958622 0.06150965 -0.99492842
vn -0.60098398 0.01758074 -0.79906768
vn -0.88482499 -0.02033412 -0.46547961
vn -0.97292137 -0.08912928 -0.21326050
vn 0.67871153 0.04707586 -0.73289460
vn 0.94157577 0.04274777 -0.33407733
vn 0.98551255 0.13047300 0.10835967
vn 0.08668235 0.03834679 -0.99549770
vn -0.61225641 0.01349523 -0.79054409
vn 0.68206817 0.01640157 -0.73110461
vn 0.06638449 0.02888167 -0.99737602
vn 0.93626338 0.01460349 -0.35099521
vn 0.65814757 0.00483441 -0.75287342
vn 0.99307251 -0.06205279 0.09978215
vn 0.99330634 -0.05921919 0.09917472
vn 0.86341804 -0.06372045 0.50044882
vn 0.83621287 0.05179396 0.54595369
vn 0.86340886 -0.07962649 0.49818149
vn 0.72644353 -0.07477908 0.68314564
vn 0.71275330 -0.04385561 0.70004249
vn 0.72255212 -0.12055466 0.68072391
vn 0.44842899 -0.11320417 0.88662070
vn 0.44131449 -0.06488856 0.89500338
vn 0.43389341 -0.13433026 0.89089388
vn -0.26535919 -0.08573396 0.96033025
vn -0.25825214 -0.00361991 0.96607077
vn -0.84470212 0.01196670 0.53510296
vn -0.30978274 -0.13305083 0.94145215
vn -0.86785698 -0.03196480 0.49578479
vn -0.94869083 0.04438289 0.31307486
vn -0.94166267 -0.05262308 0.33241877
vn -0.92297202 0.09322493 0.37340555
vn -0.86548066 -0.07563284 0.49519992
vn -0.32654664 -0.14405014 0.93413967
vn 0.40622193 -0.14405985 0.90234721
vn -0.94664085 -0.04201197 0.31954056
vn -0.98737085 0.15145954 0.04646357
vn -0.99997008 0.00550275 -0.00543595
vn -0.94185048 -0.07601377 0.32732189
vn -0.95810401 -0.00761897 0.28631926
vn -0.99757230 0.05135255 -0.04703605
vn -0.86056572 -0.11528191 0.49612176
vn -0.94398832 -0.11464600 0.30942252
vn -0.96899688 -0.07187882 0.23638618
vn -0.99545324 0.00834929 -0.09488519
vn -0.82169920 -0.13789773 0.55298704
vn -0.97854376 -0.10366923 0.17805845
vn -0.98931128 -0.02452358 -0.14374195
vn -0.93839407 -0.14706920 0.31270948
vn -0.98256469 -0.10778632 0.15148878
vn -0.98367506 -0.03885886 -0.17570826
vn -0.97887552 -0.06635723 -0.19338948
vn -0.83966064 -0.14510515 0.52336842
vn -0.98227012 -0.12469587 0.13998711
vn -0.97292137 -0.08912928 -0.21326050
vn -0.31051415 -0.14157684 0.93996650
vn -0.97986442 -0.14599751 0.13620000
vn -0.96661597 -0.10750014 -0.23258828
vn -0.28324810 -0.17494833 0.94295472
vn 0.37657654 -0.14997357 0.91416520
vn -0.83263922 -0.17612369 0.52506417
vn -0.27989751 -0.23285355 0.93136281
vn -0.97714299 -0.16089539 0.13893987
vn -0.96366340 -0.10213150 -0.24682400
vn 0.70783836 -0.14946406 0.69038063
vn 0.44323590 -0.18430467 0.87725353
vn -0.97806007 -0.15344073 0.14090595
vn -0.96190304 -0.08360394 -0.26029405
vn 0.85567480 -0.14113291 0.49789765
vn 0.67815769 -0.14814559 0.71982986
vn 0.83064401 -0.17249578 0.52941078
vn 0.99084705 -0.09962921 0.09108326
vn 0.98873556 -0.12513722 0.08211402
vn 0.93163764 -0.02667025 -0.36240861
vn 0.92163283 -0.04896504 -0.38496149
vn 0.98710638 -0.14093019 0.07589221
vn 0.79947287 -0.21719447 0.56006229
vn 0.91180992 -0.06175474 -0.40594217
vn 0.62928629 -0.01140004 -0.77709001
vn 0.90762490 -0.07782008 -0.41250587
vn 0.03255773 0.01328763 -0.99938154
vn 0.40626100 -0.24627441 0.87994373
vn 0.98480988 -0.15655427 0.07510194
vn 0.79300177 -0.23489442 0.56211460
vn -0.28268206 -0.24391703 0.92768276
vn 0.61449665 -0.03411002 -0.78818172
vn -0.62881410 -0.00072129 -0.77755541
vn 0.98270410 -0.17235990 0.06771042
vn 0.39183304 -0.26132777 0.88214207
vn -0.82697934 -0.19299054 0.52807182
vn -0.26881292 -0.23745525 0.93346375
vn -0.80778003 -0.20282084 0.55349362
vn 0.79606712 -0.24268611 0.55441922
vn 0.90245277 -0.09293848 -0.42064402
vn -0.78680617 -0.20180702 0.58327520
vn 0.38919559 -0.25608170 0.88484406
vn 0.98327816 -0.17736842 0.04128587
vn -0.24633132 -0.21819434 0.94430512
vn 0.80236340 -0.24300094 0.54512709
vn 0.39129591 -0.24025069 0.88835078
vn 0.60687047 -0.05352177 -0.79299664
vn 0.89139318 -0.09861048 -0.44237334
vn 0.98547196 -0.16932628 0.01317972
vn 0.81177849 -0.22988136 0.53681487
vn 0.39959270 -0.20611227 0.89322084
vn -0.22305979 -0.18383449 0.95731354
vn 0.00041460 -0.01410081 -0.99990052
vn -0.77775991 -0.17563841 0.60352355
vn -0.98294693 -0.11960677 0.13967685
vn -0.95968235 -0.06743162 -0.27287868
vn -0.98666370 -0.08011156 0.14169294
vn -0.96073574 -0.05122529 -0.27269548
vn -0.77496922 -0.13120775 0.61822909
vn -0.20220278 -0.16039482 0.96611983
vn 0.42029989 -0.16760114 0.89177233
vn -0.17804398 -0.11851323 0.97685975
vn -0.76438433 -0.07357691 0.64054906
vn -0.98743492 -0.03999297 0.15288205
vn -0.98590547 0.01243301 0.16684085
vn -0.96443123 -0.02987961 -0.26263973
vn -0.75428402 0.01642285 0.65634280
vn -0.15458351 -0.03102558 0.98749244
vn -0.98185050 0.06468314 0.17828542
vn -0.97029686 -0.00468339 -0.24187215
vn -0.74299294 0.11672687 0.65904194
vn -0.97631073 0.10018270 0.19178338
vn -0.97699517 0.02397991 -0.21190900
vn 0.45170984 -0.11312860 0.88496333
vn -0.13804626 0.10474721 0.98487121
vn -0.72400248 0.19242164 0.66241556
vn -0.96917164 0.12350412 0.21319737
vn -0.98461777 0.03818535 -0.17049861
vn 0.48138100 -0.03250391 0.87590855
vn -0.12198740 0.25451043 0.95934534
vn -0.69924480 0.25194353 0.66901505
vn -0.95991594 0.13684158 0.24461354
vn -0.99057525 0.03954036 -0.13113822
vn 0.50323069 0.09654447 0.85874218
vn -0.09957352 0.35714102 0.92872787
vn -0.66656727 0.32075375 0.67290801
vn -0.95739275 0.09480905 0.27278262
vn -0.99358207 -0.05491776 -0.09888733
vn -0.99070209 -0.12520701 -0.05322245
vn -0.67947924 0.31217298 0.66396987
vn -0.07445219 0.42409754 0.90255094
vn -0.92086792 0.11784728 0.37163728
vn -0.07739915 0.38767982 0.91853893
vn 0.50196242 0.39289311 0.77049899
vn 0.50693101 0.35242483 0.78664970
vn -0.93508899 0.00361848 0.35439461
vn -0.99343336 -0.11113670 -0.02718149
vn -0.99842584 -0.05303970 -0.01823914
vn -0.61349612 0.21955045 0.75856447
vn 0.50942385 0.25136277 0.82298487
vn -0.91937995 0.00788667 0.39329165
vn -0.99259114 -0.11546025 -0.03783859
vn -0.82158935 0.10360726 0.56058592
vn -0.83777678 0.01294728 0.54585940
vn -0.92818880 -0.04934222 0.36882371
vn -0.99139088 -0.13092296 -0.00182929
vn -0.88675183 -0.06540152 0.45759571
vn -0.83350533 -0.03483389 0.55141228
vn -0.67983425 0.06295235 0.73065889
vn -0.09346631 0.12056398 0.98829567
vn -0.64943737 0.05443915 0.75846386
vn -0.62289816 0.03981771 0.78128898
vn -0.62041867 0.02380862 0.78390938
vn -0.04833320 0.10394442 0.99340802
vn -0.03025039 0.10884669 0.99359816
vn -0.03148969 0.11940859 0.99234569
vn 0.50407380 0.07561821 0.86034381
vn 0.50691056 0.08110856 0.85817432
vn 0.83359265 0.04657413 0.55041277
vn 0.49696499 0.09841850 0.86217147
vn 0.69693244 0.05091869 0.71532679
vn 0.89539081 0.03489571 0.44391164
vn 0.99990159 -0.01226859 0.00680591
vn 0.70178139 0.07825823 0.70808095
vn 0.46651992 0.14005221 0.87335247
vn 0.99971718 -0.01866830 0.01473495
vn 0.89090401 0.01969795 0.45376432
vn 0.96381885 -0.09217196 -0.25011507
vn 0.86241257 -0.14793327 -0.48410773
vn 0.46553493 0.18477061 0.86552703
vn 0.70926315 0.09291815 0.69879329
vn 0.89263523 0.01731043 0.45044726
vn 0.99959129 -0.01829302 0.02196779
vn 0.96071196 -0.06796370 -0.26909748
vn 0.83889371 -0.15785381 -0.52090269
vn -0.08584880 0.21665777 0.97246563
vn 0.55063397 0.33905002 0.76278919
vn 0.85857224 0.12854902 0.49631530
vn 0.56490350 -0.07119163 -0.82208014
vn 0.57272285 -0.06141019 -0.81744564
vn -0.06299359 -0.09504957 -0.99347740
vn -0.11542080 -0.09531568 -0.98873299
vn -0.69316024 -0.09539783 -0.71444255
vn 0.56761575 -0.09130068 -0.81821549
vn -0.72340459 -0.10802166 -0.68192172
vn -0.90002358 -0.18286259 -0.39562473
vn -0.92084128 -0.18310820 -0.34427145
vn -0.99139088 -0.13092296 -0.00182929
vn -0.99259114 -0.11546025 -0.03783859
vn -0.73778987 -0.11609066 -0.66497302
vn -0.92722934 -0.13589936 -0.34896576
vn -0.99842584 -0.05303970 -0.01823914
vn -0.13007559 -0.11886510 -0.98435336
vn -0.74505293 -0.14707352 -0.65058857
vn 0.86047930 -0.12570962 -0.49373317
vn -0.94265914 -0.07689482 -0.32477832
vn -0.99343336 -0.11113670 -0.02718149
vn 0.57984209 -0.14646541 -0.80145556
vn -0.90593719 -0.10312456 -0.41066176
vn -0.94505072 -0.12784337 -0.30089074
vn -0.99070209 -0.12520701 -0.05322245
vn -0.12631926 -0.19619267 -0.97239494
vn -0.94413424 -0.16870740 -0.28310493
vn -0.99358207 -0.05491776 -0.09888733
vn 0.57376504 -0.21106116 -0.79135758
vn -0.73631907 -0.15866908 -0.65776777
vn -0.90062499 -0.12913549 -0.41496837
vn -0.93442702 -0.12931810 -0.33184779
vn -0.99057525 0.03954036 -0.13113822
vn -0.10330511 -0.27515000 -0.95583498
vn -0.68529785 -0.20184048 -0.69973379
vn -0.87602597 -0.20975554 -0.43425924
vn -0.92224020 -0.05013166 -0.38335344
vn -0.98461777 0.03818535 -0.17049861
vn -0.67234290 -0.25099400 -0.69638860
vn -0.07561628 -0.29565001 -0.95229894
vn 0.54593921 -0.22806306 -0.80618715
vn -0.72999620 -0.23214611 -0.64281702
vn -0.63657337 -0.33864653 -0.69288743
vn -0.09393440 -0.27683580 -0.95631492
vn 0.84982985 -0.12947056 -0.51090765
vn 0.54478168 -0.22247107 -0.80852926
vn -0.12292521 -0.35020518 -0.92857188
vn 0.94988436 -0.07458228 -0.30357409
vn 0.83240372 -0.11564746 -0.54196841
vn 0.46997005 -0.31053466 -0.82625443
vn -0.13059454 -0.29380369 -0.94690257
vn 0.99943781 -0.01925456 0.02744719
vn 0.78259194 -0.17266999 -0.59810942
vn 0.94312495 -0.06520586 -0.32598099
vn 0.99780566 0.05962453 0.02878831
vn 0.93373394 -0.03996725 -0.35572970
vn 0.56907380 -0.23002869 -0.78945673
vn 0.98942506 0.14429985 0.01468200
vn 0.90058374 -0.03350558 -0.43338937
vn 0.88080454 -0.01794092 -0.47314012
vn 0.85864508 0.25281170 0.44588667
vn 0.98835707 0.15158167 0.01316381
vn 0.84371310 0.29286656 0.44986379
vn 0.85887295 0.27800408 0.43017557
vn 0.99222445 0.12372649 -0.01350544
vn 0.88045233 0.20644376 0.42683092
vn 0.52947712 -0.12129517 -0.83960795
vn 0.87546587 -0.03049116 -0.48231715
vn 0.99649745 0.07159713 -0.04320558
vn 0.88794005 0.09277508 0.45050558
vn 0.54495752 -0.10433520 -0.83194685
vn 0.87204146 -0.05414518 -0.48642775
vn 0.99848068 0.00120578 -0.05508951
vn 0.87725109 -0.01196676 0.47988260
vn 0.55820191 -0.11022393 -0.82235110
vn 0.87044448 -0.08315112 -0.48519313
vn 0.99696940 -0.05632189 -0.05366451
vn 0.86085570 -0.08669291 0.50140977
vn 0.56733340 -0.11546639 -0.81535292
vn 0.87027526 -0.10387520 -0.48148823
vn 0.99473894 -0.09264594 -0.04371770
vn 0.84276623 -0.14805993 0.51751655
vn 0.99188584 -0.12481260 -0.02417404
vn 0.82624757 -0.19517684 0.52841365
vn 0.98881263 -0.14909734 -0.00442097
vn 0.87170571 -0.11225747 -0.47699836
vn 0.87463999 -0.11114185 -0.47186062
vn 0.87718779 -0.10445618 -0.46864754
vn 0.88139802 -0.09981382 -0.46170846
vn 0.60055602 -0.06721738 -0.79675233
vn 0.59776908 -0.08051512 -0.79761481
vn 0.59627730 -0.09685482 -0.79691440
vn 0.59013116 -0.10846870 -0.79998738
vn 0.58101243 -0.11604729 -0.80557907
vn -0.01788433 -0.04726134 -0.99872243
vn -0.02126515 -0.07172482 -0.99719775
vn -0.02129602 -0.08297148 -0.99632436
vn -0.63939416 -0.03257239 -0.76818883
vn -0.63783360 -0.05747108 -0.76802695
vn -0.02314012 -0.09236763 -0.99545610
vn -0.87758052 -0.04251643 -0.47754034
vn -0.86605805 -0.06160485 -0.49613333
vn -0.96661597 -0.10750014 -0.23258828
vn -0.63394231 -0.07343674 -0.76988590
vn -0.85876673 -0.06364567 -0.50839835
vn -0.96366340 -0.10213150 -0.24682400
vn -0.63462168 -0.08385482 -0.76826018
vn -0.85871875 -0.05527012 -0.50945783
vn -0.96190304 -0.08360394 -0.26029405
vn -0.02289173 -0.10094045 -0.99462909
vn -0.85913557 -0.05111972 -0.50918847
vn -0.95968235 -0.06743162 -0.27287868
vn -0.64417285 -0.08844014 -0.75974977
vn -0.02301770 -0.11385647 -0.99323052
vn -0.86219090 -0.06387879 -0.50253993
vn -0.96073574 -0.05122529 -0.27269548
vn -0.96443123 -0.02987961 -0.26263973
vn -0.65480918 -0.10100708 -0.74901444
vn -0.87103462 -0.07990711 -0.48467886
vn -0.97029686 -0.00468339 -0.24187215
vn -0.02605211 -0.13215755 -0.99088633
vn -0.88296968 -0.08668543 -0.46135694
vn -0.97699517 0.02397991 -0.21190900
vn -0.65981078 -0.11909831 -0.74193352
vn -0.89734173 -0.06569876 -0.43641901
vn -0.66255552 -0.12667041 -0.73822409
vn -0.91021007 -0.05319079 -0.41071683
vn 0.57407534 -0.11857393 -0.81017148
vn -0.03118818 -0.14289229 -0.98924673
vn -0.04655314 -0.13401520 -0.98988521
vn -0.67599595 -0.10527319 -0.72934705
vn -0.07972715 -0.12171782 -0.98935753
vn -0.70090365 -0.08372757 -0.70832467
vn -0.11407824 -0.14606358 -0.98267573
vn -0.72157228 -0.09436358 -0.68587828
vn -0.61353785 -0.75766480 0.22252069
vn -0.59051269 0.29111108 0.75269461
vn -0.37346610 0.04695134 -0.92645490
vn -0.14975950 -0.65736443 -0.73854190
vn -0.41267121 -0.91060597 -0.02234458
vn -0.23924665 -0.94413590 -0.22664616
vn -0.56121171 -0.70599270 0.43199041
vn -0.36247018 -0.88752633 -0.28445110
vn -0.33877006 -0.94025755 0.03392110
vn -0.24835882 -0.56989473 -0.78328663
vn -0.17061687 -0.74689144 -0.64268428
vn -0.71885455 -0.18933614 -0.66887963
vn -0.49375623 -0.85595733 -0.15343359
vn -0.21137097 -0.97658366 0.04008336
vn -0.37067389 -0.92136437 0.11699803
vn -0.38795686 -0.90542519 0.17232154
vn -0.20938839 -0.92347473 0.32148248
vn -0.46646741 -0.78359443 -0.41035110
vn -0.82731199 -0.36516446 -0.42686045
vn 0.07428031 -0.08303399 0.99377453
vn -0.26296902 -0.96440649 0.02770231
vn -0.28340015 -0.69734007 0.65833217
vn -0.14407784 -0.97776765 0.15235506
vn -0.11736441 -0.95575297 0.26974401
vn -0.06026310 -0.94040638 0.33467022
vn 0.03937334 -0.92477530 0.37847111
vn 0.14635119 -0.90033090 0.40986043
vn 0.05807495 -0.74412709 0.66550899
vn 0.16740997 -0.85526693 0.49040022
vn 0.12729764 -0.92994153 0.34496966
vn 0.01831126 -0.87474197 0.48424292
vn 0.13938400 -0.65510798 0.74256694
vn 0.17254320 -0.64472860 0.74468374
vn -0.01431393 -0.69621515 0.71769047
vn -0.14053585 -0.16217108 0.97670376
vn 0.14224774 -0.07816142 0.98674029
vn -0.10146631 0.49096885 0.86524802
vn 0.15803853 -0.08389748 0.98386228
vn 0.11382510 0.56870294 0.81462932
vn -0.00361863 0.84721124 0.53124392
vn 0.04493947 0.87400615 0.48383230
vn -0.02838018 0.97322965 0.22807595
vn 0.12870073 0.53718209 0.83358955
vn 0.17237827 -0.13503751 0.97573084
vn 0.02084031 0.98577684 0.16676262
vn -0.04135023 0.98750061 -0.15209462
vn 0.05873542 -0.79251850 0.60701281
vn 0.07519896 0.86908913 0.48890620
vn -0.01785009 0.98134416 -0.19142899
vn -0.04559791 0.87436265 -0.48312601
vn -0.03970847 0.99502462 0.09137440
vn 0.05502145 0.89182025 0.44903159
vn 0.16458249 0.52556026 0.83468503
vn -0.29778412 -0.91516382 0.27166113
vn -0.51960278 -0.85275137 -0.05317933
vn 0.26165938 -0.04025944 0.96432024
vn -0.15074606 0.03998738 0.98776346
vn -0.32395279 -0.94267422 0.08012458
vn -0.10809338 -0.65118676 0.75118017
vn -0.17187309 -0.61006945 0.77348232
vn 0.14309204 -0.17123553 0.97478360
vn 0.00593213 -0.10126229 0.99484205
vn -0.08502892 -0.08893169 0.99240178
vn -0.06511556 0.63106102 0.77299541
vn 0.14802061 0.48946825 0.85936654
vn 0.02883798 0.42478278 0.90483588
vn 0.02008471 0.90356177 0.42798686
vn -0.04455627 0.99804115 0.04391604
vn -0.04374453 0.99750876 0.05534155
vn -0.13538784 0.95589226 0.26065329
vn -0.08241449 0.97128654 -0.22318219
vn -0.07155683 0.97373235 -0.21615955
vn -0.04138090 0.97170901 -0.23252778
vn 0.07798439 0.90276515 -0.42300531
vn -0.07118078 0.92914224 -0.36280566
vn -0.00034140 0.85171169 -0.52401066
vn -0.05908652 0.92997593 -0.36284101
vn -0.00647305 0.91037339 -0.41373706
vn -0.00837827 0.89974397 -0.43633768
vn 0.00039336 0.88090789 -0.47328752
vn 0.05026766 0.86413854 -0.50073719
vn 0.32305506 0.57840329 -0.74905616
vn 0.10792226 0.59018224 -0.80002362
vn 0.40713927 -0.14857028 -0.90120167
vn 0.29421511 0.56872791 -0.76810545
vn 0.31302124 0.55460370 -0.77099442
vn 0.64338249 -0.06084839 -0.76312286
vn 0.63875192 -0.69575429 -0.32851484
vn 0.54146200 -0.16024320 -0.82531273
vn 0.63389653 -0.73672563 -0.23539466
vn 0.36549059 -0.89265025 0.26380324
vn 0.23082766 0.56811488 -0.78991395
vn 0.43079063 -0.15448612 -0.88913077
vn 0.49382088 -0.83244860 -0.25133696
vn 0.23461191 -0.90372002 0.35811645
vn 0.39629978 -0.15061650 -0.90568274
vn 0.14635119 -0.90033090 0.40986043
vn 0.12729764 -0.92994153 0.34496966
vn -0.06026310 -0.94040638 0.33467022
vn 0.27820089 -0.85642672 -0.43489948
vn -0.02417385 -0.97348696 0.22746158
vn -0.36438477 -0.87643880 0.31476790
vn -0.20938839 -0.92347473 0.32148248
vn -0.38795686 -0.90542519 0.17232154
vn -0.29823151 -0.95320326 -0.04961342
vn -0.49920595 -0.85596997 0.13456908
vn -0.49375623 -0.85595733 -0.15343359
vn 0.05331526 -0.85230023 -0.52032864
vn -0.95064700 -0.30871868 0.03103390
vn -0.71885455 -0.18933614 -0.66887963
vn -0.83017588 0.52035594 -0.20009448
vn -0.96549636 0.17494303 0.19290350
vn -0.62333614 0.73873103 0.25637570
vn -0.59500396 -0.77929854 0.19663174
vn -0.29143387 -0.95466691 -0.06064175
vn -0.05955828 -0.99770331 -0.03226265
vn 0.42337328 -0.08128413 -0.90230149
vn 0.05984311 -0.86354971 -0.50070029
vn 0.36428624 -0.72263694 -0.58744478
vn -0.00794454 -0.84007388 -0.54241383
vn 0.27487519 -0.49862343 -0.82208174
vn 0.38369477 0.57330662 -0.72394603
vn 0.28884739 -0.52978504 -0.79743028
vn 0.42492086 -0.08916035 -0.90082890
vn 0.37207761 -0.12055889 -0.92033899
vn 0.36098841 -0.38470185 -0.84952450
vn 0.48568323 -0.12461341 -0.86520708
vn 0.36388394 -0.11653003 -0.92412621
vn 0.60041422 0.31215104 -0.73625028
vn 0.33475390 0.26378304 -0.90463161
vn 0.41397867 0.54901683 -0.72608691
vn 0.34112352 0.39762679 -0.85177910
vn 0.31488726 0.67392373 -0.66833591
vn -0.17521819 0.97436565 -0.14110337
vn -0.83017588 0.52035594 -0.20009448
vn -0.62333614 0.73873103 0.25637570
vn -0.37588087 0.58669508 -0.71728826
vn -0.71885455 -0.18933614 -0.66887963
vn -0.08780286 0.17690760 -0.98030317
vn -0.24835882 -0.56989473 -0.78328663
vn -0.04704943 -0.03277413 -0.99835473
vn -0.17061687 -0.74689144 -0.64268428
vn 0.12852353 0.54338002 -0.82959020
vn 0.07965664 0.62050784 -0.78014410
vn 0.23056556 0.74941200 -0.62066191
vn 0.06512583 0.87390620 -0.48171213
vn -0.03822174 0.99907064 -0.01992440
vn 0.17583184 0.78689522 -0.59150577
vn 0.18468374 0.91788626 -0.35125023
vn 0.07263026 0.98148620 -0.17722777
vn 0.00807286 0.99869394 0.05045011
vn -0.09119987 0.94614291 0.31063843
vn -0.08260949 0.97373909 0.21215060
vn 0.16781588 0.98497391 0.04079596
vn -0.12115926 0.98116869 0.15042774
vn -0.05407834 0.98049641 -0.18895075
vn -0.10041182 0.98876512 -0.11072966
vn 0.05338609 0.86808962 -0.49352849
vn -0.22969523 0.86015850 -0.45537618
vn -0.59051269 0.29111108 0.75269461
vn -0.37346610 0.04695134 -0.92645490
vn -0.04029466 0.85411596 -0.51851934
vn -0.15146458 0.97924650 -0.13466567
vn -0.23823678 0.91130072 -0.33581883
vn -0.17739660 0.97935510 0.09692288
vn -0.30264080 0.95165747 0.05250412
vn -0.37229380 0.87047970 0.32196656
vn -0.37755042 0.78108007 0.49736264
vn 0.06718269 0.96894735 -0.23796529
vn -0.00308328 0.99998754 -0.00393184
vn -0.30038130 0.93958288 0.16418019
vn -0.15107886 0.98787302 -0.03580591
vn -0.41994327 0.90415639 0.07841528
vn -0.30332071 0.94703805 -0.10543015
vn -0.38275808 0.91624910 -0.11825308
vn -0.46413806 0.86853474 -0.17384842
vn -0.82731199 -0.36516446 -0.42686045
vn 0.07428031 -0.08303399 0.99377453
vn -0.46424356 0.85624498 -0.22654447
vn -0.27638325 0.96093708 0.01457013
vn -0.51562315 0.85644865 0.02506917
vn -0.40005240 0.71205389 0.57700717
vn -0.30978569 0.94927168 0.05400122
vn -0.14785661 0.98810393 0.04229738
vn -0.22280556 0.94471157 0.24057801
vn -0.37587708 0.87476838 0.30577230
vn -0.50110054 0.79526323 0.34125459
vn -0.27523199 0.91997212 0.27910328
vn -0.18446311 0.97089022 0.15279268
vn -0.12023763 0.98235273 0.14326903
vn -0.05192421 0.95018399 0.30733415
vn -0.11252480 0.96794540 0.22454379
vn 0.07194912 0.75819445 0.64804673
vn 0.00901104 0.72947109 0.68395227
vn -0.16547763 0.82288802 0.54357386
vn -0.26971200 0.95079958 0.15243231
vn -0.09214072 0.98471624 -0.14779714
vn -0.37171474 0.92540550 -0.07384306
vn -0.30728126 0.94159859 -0.13773257
vn 0.26165938 -0.04025944 0.96432024
vn -0.15074606 0.03998738 0.98776346
vn -0.13508233 -0.98901021 -0.06009676
vn -0.59500396 -0.77929854 0.19663174
vn -0.05955828 -0.99770331 -0.03226265
vn -0.74309230 -0.58230954 0.32974142
vn -0.96549636 0.17494303 0.19290350
vn -0.19609877 -0.97586566 0.09608072
vn -0.86071283 0.28303778 0.42315841
vn -0.62333614 0.73873103 0.25637570
vn -0.65420938 -0.54741973 0.52186376
vn -0.64025581 -0.54958701 0.53668112
vn -0.18748616 -0.97167176 0.14388533
vn -0.80561203 0.04112528 0.59101444
vn -0.74741781 -0.51170760 0.42370024
vn -0.40212926 -0.91557300 0.00426189
vn -0.79666048 0.11076436 0.59419131
vn -0.91331625 -0.40722138 -0.00492398
vn -0.67419767 -0.55626667 -0.48582399
vn -0.73296094 -0.04212296 -0.67896539
vn -0.91172940 0.10151353 0.39805093
vn -0.98403931 0.07407103 -0.16180259
vn -0.83819622 0.50619692 -0.20295762
vn -0.61719775 0.47543830 -0.62691730
vn -0.28677389 0.89008307 -0.35427797
vn -0.71739686 0.68454689 0.12937263
vn -0.04433681 0.96764046 -0.24840732
vn -0.58295584 0.75888032 0.29028136
vn -0.08091100 0.97492719 -0.20729293
vn -0.59493530 0.72426987 0.34854737
vn -0.60292161 0.73826116 0.30241689
vn -0.22978459 0.95506459 -0.18721822
vn -0.17521819 0.97436565 -0.14110337
vn 0.41397867 0.54901683 -0.72608691
vn 0.47361943 0.51136452 -0.71707118
vn 0.57720107 -0.15371439 -0.80200428
vn 0.48568323 -0.12461341 -0.86520708
vn 0.36428624 -0.72263694 -0.58744478
vn 0.48165858 0.49431369 -0.72364283
vn 0.50136781 0.52780801 -0.68560123
vn 0.48175314 0.49814904 -0.72094482
vn -0.28677389 0.89008307 -0.35427797
vn 0.40629068 -0.73369670 -0.54462570
vn 0.69447726 -0.17802416 -0.69714326
vn 0.75696319 -0.13203083 -0.63998014
vn -0.13508233 -0.98901021 -0.06009676
vn -0.05955828 -0.99770331 -0.03226265
vn -0.19609877 -0.97586566 0.09608072
vn 0.46155456 -0.75387365 -0.46759173
vn 0.52224112 -0.71912515 -0.45839208
vn -0.18748616 -0.97167176 0.14388533
vn 0.66597563 -0.11531867 -0.73700619
vn 0.04789789 -0.12724327 -0.99071437
vn 0.43921697 -0.73870140 -0.51128149
vn -0.40212926 -0.91557300 0.00426189
vn 0.09390192 -0.89585972 -0.43430156
vn -0.67419767 -0.55626667 -0.48582399
vn 0.00010968 -0.58951926 -0.80775434
vn -0.73296094 -0.04212296 -0.67896539
vn -0.61719775 0.47543830 -0.62691730
vn 0.08326142 0.34108907 -0.93633634
vn 0.16157186 0.73455721 -0.65902984
vn 0.04084884 -0.10155484 0.99399096
vn 0.17665100 -0.60870099 0.77348405
vn 0.08572803 -0.08825903 0.99240166
vn 0.09980968 -0.64958465 0.75370938
vn 0.21025170 -0.97452480 0.07807433
vn 0.33133990 -0.94010305 0.08012547
vn 0.52628016 -0.84864724 -0.05317054
vn 0.05639279 -0.71981835 0.69186807
vn 0.00946171 -0.07152280 0.99739408
vn 0.11524485 -0.99330246 0.00829395
vn 0.12693997 -0.62652838 -0.76899183
vn -0.26155940 -0.04122722 0.96430647
vn 0.08525793 -0.71782905 0.69097948
vn 0.05352751 -0.06131826 0.99668199
vn 0.09770879 -0.99521494 0.00052805
vn 0.05054457 -0.72270221 0.68930888
vn 0.05772290 -0.04051785 0.99751008
vn 0.05204475 -0.99851704 -0.01597199
vn 0.12143844 -0.71536791 0.68811446
vn 0.09801281 -0.01267364 0.99510443
vn 0.11521337 -0.99310827 -0.02148918
vn 0.43074432 -0.90225774 -0.01975882
vn 0.36864334 -0.59001750 0.71831846
vn 0.40156808 -0.07204904 0.91299069
vn 0.69079119 -0.53151929 0.49019873
vn 0.82547557 0.03275127 0.56348693
vn 0.82058787 -0.57151932 0.00113801
vn 0.99728608 0.07361445 0.00121490
vn 0.81176829 0.05185730 -0.58167273
vn 0.65830088 -0.51543957 -0.54860002
vn 0.33931667 -0.07933997 -0.93732029
vn 0.32696164 -0.59197307 -0.73665732
vn 0.07077371 -0.06003537 -0.99568415
vn 0.09380263 -0.71009541 -0.69782925
vn 0.03814582 -0.71899182 -0.69397092
vn 0.06872753 -0.71804559 -0.69259447
vn 0.02883979 -0.08174456 -0.99623597
vn 0.12361369 -0.70216668 -0.70120013
vn 0.05051692 -0.08516113 -0.99508578
vn 0.07316567 -0.08234774 -0.99391431
vn -0.66780251 -0.18583594 -0.72076678
vn -0.27210805 0.47783452 -0.83524328
vn 0.30317980 0.94292957 -0.13771671
vn 0.08491825 0.98536563 -0.14779522
vn 0.05130051 0.73042524 -0.68106329
vn 0.01851348 0.68738538 -0.72605693
vn 0.00012753 0.99626160 -0.08638757
vn 0.08428197 0.69292337 -0.71606833
vn -0.01056403 0.66529417 0.74650657
vn 0.06016601 0.63155270 0.77299500
vn 0.08572803 -0.08825903 0.99240166
vn 0.04084884 -0.10155484 0.99399096
vn -0.03770293 0.70258176 0.71060359
vn 0.00946171 -0.07152280 0.99739408
vn -0.03255783 0.99874699 0.03800685
vn -0.04495837 0.71464294 0.69804311
vn 0.05352751 -0.06131826 0.99668199
vn -0.02579823 0.99933350 0.02582704
vn 0.03236238 0.99939233 -0.01294807
vn 0.02659101 0.72418743 0.68909037
vn 0.01938728 0.72725391 0.68609470
vn 0.05772290 -0.04051785 0.99751008
vn 0.01078024 0.72240561 -0.69138557
vn 0.00792257 0.99986923 0.01409698
vn 0.08473362 0.74315381 0.66373384
vn 0.09801281 -0.01267364 0.99510443
vn 0.07618214 0.73220617 -0.67680901
vn 0.06848089 0.99735892 0.02419837
vn 0.13534594 0.75332147 0.64357460
vn 0.10589237 0.99433118 -0.00961041
vn 0.14102331 0.74032056 -0.65729588
vn 0.22822072 0.55270123 0.80152148
vn 0.40156808 -0.07204904 0.91299069
vn 0.50388253 0.74049783 0.44470829
vn 0.82547557 0.03275127 0.56348693
vn 0.58495057 0.81004387 -0.04076496
vn 0.99728608 0.07361445 0.00121490
vn 0.81176829 0.05185730 -0.58167273
vn 0.46271482 0.73288852 -0.49876791
vn 0.33931667 -0.07933997 -0.93732029
vn 0.24028781 0.54067057 -0.80618674
vn 0.59500474 -0.77929801 0.19663166
vn 0.13508235 -0.98901016 -0.06009707
vn 0.05955899 -0.99770331 -0.03226269
vn 0.74309295 -0.58230871 0.32974142
vn 0.96549660 0.17494267 0.19290254
vn 0.19610047 -0.97586542 0.09607980
vn 0.86071348 0.28303698 0.42315769
vn 0.62333900 0.73872846 0.25637621
vn 0.65421009 -0.54741985 0.52186275
vn 0.64025414 -0.54958838 0.53668165
vn 0.18748957 -0.97167128 0.14388391
vn 0.80561197 0.04112382 0.59101450
vn 0.74741572 -0.51170927 0.42370191
vn 0.40213349 -0.91557115 0.00426369
vn 0.79665744 0.11076678 0.59419495
vn 0.91331601 -0.40722173 -0.00492836
vn 0.67419744 -0.55626750 -0.48582342
vn 0.73295397 -0.04212267 -0.67897284
vn 0.91172904 0.10151231 0.39805207
vn 0.98403907 0.07407071 -0.16180466
vn 0.83819634 0.50619614 -0.20295894
vn 0.61719185 0.47543627 -0.62692469
vn 0.28677398 0.89008367 -0.35427648
vn 0.71739745 0.68454617 0.12937348
vn 0.04433838 0.96764046 -0.24840695
vn 0.58295441 0.75888038 0.29028395
vn 0.08091242 0.97492725 -0.20729226
vn 0.59493548 0.72426903 0.34854874
vn 0.60292363 0.73826033 0.30241483
vn 0.22978613 0.95506430 -0.18721785
vn 0.17521976 0.97436553 -0.14110246
vn -0.41397983 0.54901665 -0.72608638
vn -0.47361928 0.51136488 -0.71707100
vn -0.57720035 -0.15371469 -0.80200469
vn -0.48568311 -0.12461379 -0.86520714
vn -0.36428535 -0.72263688 -0.58744538
vn -0.48165819 0.49431428 -0.72364271
vn -0.50137073 0.52780849 -0.68559867
vn -0.48175490 0.49814922 -0.72094357
vn 0.28677398 0.89008367 -0.35427648
vn -0.40629077 -0.73369658 -0.54462570
vn -0.69447577 -0.17802408 -0.69714475
vn -0.75696069 -0.13203031 -0.63998324
vn 0.13508235 -0.98901016 -0.06009707
vn 0.05955899 -0.99770331 -0.03226269
vn 0.19610047 -0.97586542 0.09607980
vn -0.46155390 -0.75387359 -0.46759248
vn -0.52223974 -0.71912503 -0.45839375
vn 0.18748957 -0.97167128 0.14388391
vn -0.66597426 -0.11531816 -0.73700750
vn -0.04789901 -0.12724356 -0.99071431
vn -0.43921477 -0.73870218 -0.51128215
vn 0.40213349 -0.91557115 0.00426369
vn -0.09389509 -0.89586264 -0.43429708
vn 0.67419744 -0.55626750 -0.48582342
vn -0.00010530 -0.58952254 -0.80775195
vn 0.73295397 -0.04212267 -0.67897284
vn 0.61719185 0.47543627 -0.62692469
vn -0.08325966 0.34108928 -0.93633646
vn -0.16157135 0.73455894 -0.65902799
vn -0.17187309 -0.61006945 0.77348232
vn -0.04004719 -0.10187499 0.99399078
vn -0.08502892 -0.08893169 0.99240178
vn -0.09471615 -0.65034801 0.75370842
vn -0.05073275 -0.72024196 0.69186544
vn -0.00903013 -0.07158324 0.99739373
vn -0.20259957 -0.97614437 0.07807426
vn -0.32395279 -0.94267422 0.08012458
vn -0.51960278 -0.85275137 -0.05317933
vn -0.10744169 -0.99417681 0.00829442
vn -0.12201571 -0.62750584 -0.76899195
vn 0.26165938 -0.04025944 0.96432024
vn -0.08435479 -0.71793759 0.69097751
vn -0.05333543 -0.06148043 0.99668223
vn -0.09645347 -0.99533737 0.00052848
vn -0.04962886 -0.72276551 0.68930912
vn -0.05765702 -0.04060767 0.99751025
vn -0.05077822 -0.99858224 -0.01597167
vn -0.12053065 -0.71552259 0.68811321
vn -0.09799213 -0.01281224 0.99510473
vn -0.11395347 -0.99325365 -0.02148895
vn -0.42960182 -0.90280229 -0.01975819
vn -0.36788908 -0.59048712 0.71831924
vn -0.40147525 -0.07255986 0.91299105
vn -0.69011664 -0.53239816 0.49019510
vn -0.82551533 0.03170727 0.56348830
vn -0.81985945 -0.57256377 0.00113696
vn -0.99737847 0.07235122 0.00123124
vn -0.81183380 0.05082515 -0.58167231
vn -0.65764213 -0.51627541 -0.54860413
vn -0.33921102 -0.07976924 -0.93732214
vn -0.32621193 -0.59238464 -0.73665881
vn -0.07069413 -0.06012992 -0.99568403
vn -0.09290314 -0.71021414 -0.69782865
vn -0.03723327 -0.71903986 -0.69397080
vn -0.06781659 -0.71813220 -0.69259447
vn -0.02870803 -0.08178999 -0.99623603
vn -0.11809227 -0.70311618 -0.70120031
vn -0.05024422 -0.08531705 -0.99508619
vn -0.07266542 -0.08278211 -0.99391496
vn 0.66924751 -0.18058656 -0.72076094
vn 0.26834390 0.47995922 -0.83524293
vn -0.30728126 0.94159859 -0.13773257
vn -0.09214072 0.98471624 -0.14779714
vn -0.05462590 0.73016316 -0.68108571
vn -0.02307909 0.68723375 -0.72606969
vn -0.00794569 0.99623001 -0.08638662
vn -0.08602577 0.69269609 -0.71608084
vn 0.00534966 0.66535658 0.74650657
vn -0.06511556 0.63106102 0.77299541
vn -0.08502892 -0.08893169 0.99240178
vn -0.04004719 -0.10187499 0.99399078
vn 0.03302754 0.70280272 0.71061778
vn -0.00903013 -0.07158324 0.99739373
vn 0.02615242 0.99893516 0.03800845
vn 0.04170146 0.71482283 0.69806111
vn -0.05333543 -0.06148043 0.99668223
vn 0.02122709 0.99944103 0.02582827
vn -0.03507298 0.99930084 -0.01294997
vn -0.02841293 0.72410828 0.68910086
vn -0.02067698 0.72720200 0.68611211
vn -0.05765702 -0.04060767 0.99751025
vn -0.01213493 0.72235924 -0.69141155
vn -0.08584558 0.74301207 0.66374964
vn -0.09799213 -0.01281224 0.99510473
vn -0.00980628 0.99985266 0.01408952
vn -0.07732861 0.73207551 -0.67682028
vn -0.07003313 0.99725109 0.02420035
vn -0.13634551 0.75313485 0.64358199
vn -0.10721877 0.99418902 -0.00961044
vn -0.14201903 0.74012923 -0.65729696
vn -0.22892454 0.55241072 0.80152106
vn -0.40147525 -0.07255986 0.91299105
vn -0.50482279 0.73985809 0.44470668
vn -0.82551533 0.03170727 0.56348830
vn -0.58597583 0.80930281 -0.04075986
vn -0.99737847 0.07235122 0.00123124
vn -0.81183380 0.05082515 -0.58167231
vn -0.46364081 0.73230177 -0.49876976
vn -0.33921102 -0.07976924 -0.93732214
vn -0.24096867 0.54036510 -0.80618834
vn 0.59047157 0.29119754 0.75269336
vn 0.61357546 -0.75763422 0.22252110
vn 0.37345186 0.04711588 -0.92645228
vn 0.15031195 -0.65724069 -0.73853981
vn 0.41294897 -0.91048002 -0.02234405
vn 0.24016117 -0.94390392 -0.22664532
vn 0.56193459 -0.70541942 0.43198726
vn 0.36247948 -0.88752246 -0.28445143
vn 0.33877602 -0.94025540 0.03392004
vn 0.24835955 -0.56989431 -0.78328669
vn 0.17061472 -0.74689102 -0.64268529
vn 0.71885478 -0.18933633 -0.66887939
vn 0.49375516 -0.85595793 -0.15343367
vn 0.21141651 -0.97657382 0.04008302
vn 0.37142366 -0.92106247 0.11699730
vn 0.38795686 -0.90542519 0.17232154
vn 0.20938846 -0.92347473 0.32148233
vn 0.46771809 -0.78284836 -0.41035137
vn 0.82787508 -0.36388686 -0.42685977
vn -0.07418243 -0.08311647 0.99377495
vn 0.26460606 -0.96395892 0.02769287
vn 0.28473845 -0.69680440 0.65832192
vn 0.14463934 -0.97768509 0.15235259
vn 0.11755055 -0.95573062 0.26974222
vn 0.06026154 -0.94040644 0.33467042
vn -0.03930198 -0.92477870 0.37847027
vn -0.14634068 -0.90033239 0.40986103
vn -0.05789959 -0.74414283 0.66550666
vn -0.16740973 -0.85526931 0.49039614
vn -0.12728867 -0.92994219 0.34497127
vn -0.01831153 -0.87474167 0.48424342
vn -0.13938977 -0.65510792 0.74256593
vn -0.17255387 -0.64473236 0.74467802
vn 0.01430620 -0.69621760 0.71768820
vn 0.14054687 -0.16213523 0.97670811
vn -0.14225006 -0.07816354 0.98673975
vn 0.10145937 0.49097815 0.86524361
vn -0.15803052 -0.08391397 0.98386216
vn -0.11383270 0.56871581 0.81461918
vn 0.00359099 0.84721053 0.53124511
vn -0.04495611 0.87401146 0.48382118
vn 0.02837944 0.97322899 0.22807895
vn -0.12869699 0.53718209 0.83359009
vn -0.17231379 -0.13511944 0.97573084
vn -0.02083240 0.98577744 0.16676012
vn 0.04134164 0.98750091 -0.15209463
vn -0.05754017 -0.79261744 0.60699815
vn -0.07520055 0.86908919 0.48890582
vn 0.01784591 0.98134428 -0.19142866
vn 0.04559689 0.87436265 -0.48312613
vn 0.03970625 0.99502474 0.09137417
vn -0.05502554 0.89182025 0.44903111
vn -0.16466752 0.52553678 0.83468300
vn 0.30097508 -0.91412330 0.27164790
vn 0.52628016 -0.84864724 -0.05317054
vn -0.26155940 -0.04122722 0.96430647
vn 0.15063803 0.04031084 0.98776680
vn 0.33133990 -0.94010305 0.08012547
vn 0.11053118 -0.65080047 0.75116020
vn 0.17665100 -0.60870099 0.77348405
vn -0.14280026 -0.17148946 0.97478175
vn -0.00546527 -0.10129489 0.99484146
vn 0.08572803 -0.08825903 0.99240166
vn 0.06016601 0.63155270 0.77299500
vn -0.14844345 0.48935032 0.85936069
vn -0.03056024 0.42468357 0.90482593
vn -0.02051019 0.90355456 0.42798194
vn 0.04453656 0.99804199 0.04391631
vn 0.04374415 0.99750876 0.05534132
vn 0.13505608 0.95593983 0.26065111
vn 0.08241617 0.97128648 -0.22318190
vn 0.07155980 0.97373211 -0.21615964
vn 0.04138284 0.97170895 -0.23252788
vn -0.07798359 0.90276545 -0.42300493
vn 0.07118153 0.92914224 -0.36280563
vn 0.00034152 0.85171181 -0.52401042
vn 0.05908335 0.92997617 -0.36284095
vn 0.00647434 0.91037345 -0.41373694
vn 0.00837941 0.89974409 -0.43633741
vn -0.00039505 0.88090795 -0.47328743
vn -0.05026857 0.86413842 -0.50073737
vn -0.32305694 0.57840133 -0.74905682
vn -0.10791568 0.59018201 -0.80002469
vn -0.40714082 -0.14857508 -0.90120023
vn -0.29421514 0.56872809 -0.76810533
vn -0.31302595 0.55460197 -0.77099377
vn -0.64338416 -0.06085088 -0.76312119
vn -0.63874996 -0.69575697 -0.32851294
vn -0.54146111 -0.16024478 -0.82531297
vn -0.63389146 -0.73672962 -0.23539548
vn -0.36547866 -0.89265460 0.26380518
vn -0.23082966 0.56811500 -0.78991336
vn -0.43079078 -0.15448681 -0.88913053
vn -0.49381512 -0.83245206 -0.25133684
vn -0.23460588 -0.90372133 0.35811707
vn -0.39630055 -0.15061669 -0.90568233
vn -0.14634068 -0.90033239 0.40986103
vn -0.12728867 -0.92994219 0.34497127
vn 0.06026154 -0.94040644 0.33467042
vn -0.27820104 -0.85642713 -0.43489864
vn 0.02416930 -0.97348708 0.22746161
vn 0.36438331 -0.87643933 0.31476811
vn 0.20938846 -0.92347473 0.32148233
vn 0.38795686 -0.90542519 0.17232154
vn 0.29822880 -0.95320415 -0.04961372
vn 0.49920577 -0.85596997 0.13456979
vn 0.49375516 -0.85595793 -0.15343367
vn -0.05331367 -0.85230017 -0.52032888
vn 0.95064700 -0.30871847 0.03103448
vn 0.71885478 -0.18933633 -0.66887939
vn 0.83017653 0.52035528 -0.20009327
vn 0.96549660 0.17494267 0.19290254
vn 0.62333900 0.73872846 0.25637621
vn 0.59500474 -0.77929801 0.19663166
vn 0.29143417 -0.95466685 -0.06064176
vn 0.05955899 -0.99770331 -0.03226269
vn -0.42337260 -0.08128491 -0.90230173
vn -0.05984394 -0.86354971 -0.50070018
vn -0.36428535 -0.72263688 -0.58744538
vn 0.00794818 -0.84007323 -0.54241484
vn -0.27487651 -0.49862203 -0.82208216
vn -0.38369569 0.57330674 -0.72394544
vn -0.28885061 -0.52978379 -0.79742992
vn -0.42492491 -0.08916171 -0.90082687
vn -0.37208891 -0.12055821 -0.92033452
vn -0.36098653 -0.38470158 -0.84952539
vn -0.48568311 -0.12461379 -0.86520714
vn -0.36389190 -0.11652971 -0.92412317
vn -0.60041749 0.31215104 -0.73624766
vn -0.33475304 0.26378340 -0.90463179
vn -0.41397983 0.54901665 -0.72608638
vn -0.34112230 0.39762869 -0.85177875
vn -0.31488672 0.67392433 -0.66833550
vn 0.17521976 0.97436553 -0.14110246
vn 0.83017653 0.52035528 -0.20009327
vn 0.62333900 0.73872846 0.25637621
vn 0.37588176 0.58669442 -0.71728837
vn 0.71885478 -0.18933633 -0.66887939
vn 0.08780166 0.17690694 -0.98030341
vn 0.24835955 -0.56989431 -0.78328669
vn 0.04704987 -0.03277437 -0.99835473
vn 0.17061472 -0.74689102 -0.64268529
vn -0.12852286 0.54337990 -0.82959032
vn -0.07965590 0.62050706 -0.78014481
vn -0.23056588 0.74941313 -0.62066036
vn -0.06512539 0.87390590 -0.48171270
vn 0.03821790 0.99907076 -0.01992512
vn -0.17582875 0.78689510 -0.59150684
vn -0.18468577 0.91788638 -0.35124889
vn -0.07262570 0.98148638 -0.17722863
vn -0.00808172 0.99869394 0.05044935
vn 0.09117950 0.94614500 0.31063798
vn 0.08247404 0.97375041 0.21215130
vn -0.16781354 0.98497427 0.04079649
vn 0.12115726 0.98116899 0.15042758
vn 0.05406936 0.98049694 -0.18895036
vn 0.10034572 0.98877180 -0.11072966
vn -0.05341277 0.86808872 -0.49352714
vn 0.22913468 0.86030781 -0.45537651
vn 0.59047157 0.29119754 0.75269336
vn 0.37345186 0.04711588 -0.92645228
vn 0.04015850 0.85412323 -0.51851785
vn 0.15127274 0.97927648 -0.13466340
vn 0.23782320 0.91140962 -0.33581647
vn 0.17649055 0.97951877 0.09692338
vn 0.30216512 0.95180863 0.05250335
vn 0.37188286 0.87065560 0.32196596
vn 0.37690037 0.78139341 0.49736348
vn -0.06721902 0.96894497 -0.23796485
vn 0.00305841 0.99998760 -0.00393047
vn 0.30021682 0.93963516 0.16418177
vn 0.15105645 0.98787647 -0.03580507
vn 0.41971168 0.90426379 0.07841644
vn 0.30318013 0.94708318 -0.10542936
vn 0.38214222 0.91650635 -0.11825148
vn 0.46322337 0.86902320 -0.17384718
vn 0.82787508 -0.36388686 -0.42685977
vn -0.07418243 -0.08311647 0.99377495
vn 0.46341330 0.85669488 -0.22654349
vn 0.27487892 0.96136856 0.01456281
vn 0.51469761 0.85700524 0.02506933
vn 0.39883548 0.71274388 0.57699782
vn 0.30909231 0.94949764 0.05400184
vn 0.14773299 0.98812234 0.04229913
vn 0.22264461 0.94474930 0.24057874
vn 0.37515220 0.87508154 0.30576652
vn 0.50021428 0.79581785 0.34126195
vn 0.27455157 0.92017549 0.27910304
vn 0.18178973 0.97139525 0.15278667
vn 0.11802818 0.98262143 0.14326398
vn 0.04958648 0.95031422 0.30731767
vn 0.10911196 0.96833903 0.22453091
vn -0.07413743 0.75800353 0.64802343
vn -0.01180917 0.72945172 0.68393034
vn 0.16147633 0.82369661 0.54355246
vn 0.26519257 0.95207125 0.15242462
vn 0.08491825 0.98536563 -0.14779522
vn 0.36794290 0.92691219 -0.07383650
vn 0.30317980 0.94292957 -0.13771671
vn -0.26155940 -0.04122722 0.96430647
vn 0.15063803 0.04031084 0.98776680
vn 0.02742337 -0.43602073 -0.89951867
vn -0.02924631 -0.80409741 -0.59377778
vn 0.00146287 -0.73769248 -0.67513537
vn -0.10478544 -0.98087031 -0.16405345
vn -0.14857142 -0.98386818 -0.09964912
vn -0.00907159 -0.41231194 -0.91099763
vn -0.01927789 0.13358644 -0.99084967
vn -0.08858454 -0.83520997 -0.54274952
vn -0.18812384 -0.98003900 -0.06428855
vn -0.12487353 -0.85084331 -0.51036489
vn -0.20364274 -0.97882658 -0.02069318
vn -0.04921329 -0.41152519 -0.91006875
vn -0.04204583 0.16424288 -0.98552346
vn -0.14028637 -0.86823457 -0.47590807
vn -0.20289376 -0.97905898 0.01666342
vn -0.06609996 -0.42213324 -0.90412074
vn -0.16770287 -0.87010914 -0.46345001
vn -0.19188671 -0.98044777 0.04360929
vn -0.00757251 0.64580119 -0.76346803
vn -0.00785634 0.65789396 -0.75306964
vn -0.04513571 0.16106673 -0.98591089
vn -0.10584499 -0.40735874 -0.90711397
vn -0.18736780 -0.86649108 -0.46269485
vn -0.17067410 -0.98432916 0.04434446
vn -0.01241555 0.63116044 -0.77555293
vn 0.02087237 0.93367374 -0.35751596
vn 0.00793549 0.92662555 -0.37590176
vn 0.01178011 0.98335183 0.18132959
vn -0.04722830 0.16366756 -0.98538440
vn -0.12810957 -0.40518805 -0.90521306
vn -0.19112228 -0.86302692 -0.46760756
vn -0.12779315 -0.99156868 0.02145812
vn 0.04077625 0.93087590 -0.36305279
vn 0.08913472 0.97943360 0.18101081
vn 0.02692810 0.74890661 0.66212821
vn 0.07031874 0.74784988 0.66013324
vn 0.04499753 0.33458704 0.94128990
vn 0.07583827 0.98395926 0.16147082
vn 0.02506274 0.92075914 -0.38932565
vn -0.13626026 -0.41237542 -0.90076619
vn 0.00892520 0.61708355 -0.78684700
vn 0.01876052 0.35153204 0.93598789
vn 0.05337446 0.75836158 0.64964527
vn -0.06854341 -0.15283990 0.98587108
vn -0.03989317 -0.18384938 0.98214453
vn -0.10278180 -0.62355053 0.77499723
vn 0.00529091 0.61892736 -0.78543043
vn 0.02246948 0.92274576 -0.38475358
vn -0.05654045 0.14874181 -0.98725837
vn -0.05520301 0.14106052 -0.98846072
vn -0.02433725 0.61874086 -0.78521812
vn 0.00275654 0.92376369 -0.38295317
vn -0.12383036 -0.61115283 0.78176612
vn -0.12902574 -0.91905618 0.37240851
vn -0.08270361 -0.90919137 0.40808228
vn -0.10478544 -0.98087031 -0.16405345
vn -0.14857142 -0.98386818 -0.09964912
vn -0.16971579 -0.90399212 0.39242175
vn -0.18812384 -0.98003900 -0.06428855
vn -0.10336875 -0.15254457 0.98287588
vn -0.19188683 -0.89750862 0.39706144
vn -0.20364274 -0.97882658 -0.02069318
vn -0.13370219 -0.60817832 0.78245950
vn -0.03607215 0.35102999 0.93566912
vn -0.22083054 -0.88541937 0.40898216
vn -0.20289376 -0.97905898 0.01666342
vn -0.16886009 -0.59794128 0.78355128
vn -0.12242480 -0.15044709 0.98100859
vn 0.00107489 0.76178735 0.64782625
vn -0.22350356 -0.88622075 0.40578195
vn -0.19188671 -0.98044777 0.04360929
vn -0.17745203 -0.59665966 0.78262889
vn -0.13667023 -0.14982741 0.97922063
vn -0.06928918 0.34868053 0.93467695
vn -0.20475250 -0.89209855 0.40278611
vn -0.17067410 -0.98432916 0.04434446
vn -0.16902542 -0.61356461 0.77134228
vn -0.12608820 -0.14866894 0.98081565
vn -0.08932961 0.35366377 0.93109733
vn -0.16729374 -0.90333325 0.39497066
vn -0.12779315 -0.99156868 0.02145812
vn -0.15479754 -0.62956655 0.76136965
vn -0.10664622 -0.13879062 0.98456270
vn -0.02725285 0.77629226 0.62978387
vn -0.10450488 0.37616935 0.92063856
vn -0.05930260 0.78203076 0.62041205
vn -0.10069717 -0.91830468 0.38285315
vn -0.11976644 -0.65273231 0.74806184
vn -0.07893746 -0.12370095 0.98917490
vn -0.10818762 0.39510837 0.91224164
vn -0.03531579 -0.93886292 0.34247521
vn -0.09142066 -0.99555367 -0.02269912
vn -0.00638867 -0.70629156 0.70789224
vn -0.02330887 -0.10852763 0.99382013
vn -0.06854427 0.78014797 0.62182862
vn -0.08377384 0.41346747 0.90665686
vn 0.02382676 -0.95511323 0.29528114
vn -0.02836691 -0.99767870 -0.06190740
vn -0.06416110 0.77172387 0.63271290
vn 0.13230576 -0.96073943 0.24387486
vn 0.09279788 -0.98964250 -0.10952751
vn -0.01261506 0.99005377 0.14012301
vn -0.01049127 0.98959357 0.14350790
vn -0.01145279 0.99011058 0.13982116
vn -0.00576538 0.98834097 0.15214778
vn -0.00561718 0.98728800 0.15884230
vn -0.00642949 0.92122847 -0.38896886
vn -0.03743362 0.62020320 -0.78354752
vn -0.00649271 0.91787457 -0.39681754
vn -0.06019000 0.14236949 -0.98798186
vn -0.03986676 0.98590767 0.16247095
vn -0.03460995 0.61831743 -0.78516608
vn -0.13383681 -0.43490022 -0.89047712
vn -0.08203659 0.76127487 0.64321893
vn -0.01055519 0.91857535 -0.39510491
vn -0.07093140 0.98172760 0.17657785
vn -0.03733338 0.44196180 0.89625669
vn -0.06838610 0.13518004 -0.98845822
vn -0.16006063 -0.86295146 -0.47926554
vn -0.09142066 -0.99555367 -0.02269912
vn -0.02092894 0.92223293 -0.38606787
vn -0.09511936 0.76402861 0.63813215
vn 0.07664873 -0.10216858 0.99180979
vn -0.11641928 -0.44905442 -0.88588750
vn -0.12792568 -0.85751241 -0.49830472
vn -0.02836691 -0.99767870 -0.06190740
vn -0.08505612 -0.85284239 -0.51519442
vn 0.09279788 -0.98964250 -0.10952751
vn -0.10558344 -0.45523849 -0.88408715
vn -0.06104848 0.12769203 -0.98993325
vn 0.03455860 -0.83036751 -0.55614340
vn 0.15793294 -0.98338169 -0.08954151
vn -0.11176240 -0.45746723 -0.88217515
vn 0.09277246 -0.83327037 -0.54502642
vn 0.09070083 -0.99573022 -0.01716870
vn -0.03053006 0.61445123 -0.78836393
vn -0.06229976 0.10558839 -0.99245650
vn -0.06427862 -0.43419138 -0.89852440
vn 0.07037456 -0.85881275 -0.50743294
vn 0.00700838 -0.99943250 0.03294741
vn -0.01664749 0.60894722 -0.79303604
vn -0.01046851 0.92832673 -0.37161800
vn -0.11196896 0.07725735 -0.99070394
vn 0.01794554 -0.42150602 -0.90664804
vn 0.01059157 -0.88359874 -0.46812510
vn -0.08365388 -0.99418652 0.06778800
vn -0.06614335 0.97630459 0.20604479
vn -0.09293855 0.00322908 -0.99566662
vn 0.08233439 -0.46642268 -0.88072187
vn -0.06894451 -0.90006351 -0.43027011
vn -0.14577928 -0.98549110 0.08692344
vn 0.07309499 -0.06938899 -0.99490815
vn 0.04769597 -0.51148051 -0.85797018
vn -0.13134368 -0.90993136 -0.39341301
vn -0.18128523 -0.97761595 0.10678379
vn 0.16399112 -0.09746236 -0.98163539
vn -0.01202912 -0.54799294 -0.83639646
vn -0.17191362 -0.91787946 -0.35769129
vn -0.19393013 -0.97351325 0.12109099
vn 0.09369297 -0.12041645 -0.98829222
vn -0.07014776 -0.58099258 -0.81088036
vn -0.18263051 -0.92612153 -0.33006832
vn -0.19205070 -0.97249252 0.13181347
vn 0.04894647 -0.12759160 -0.99061829
vn -0.12639639 -0.60640138 -0.78504866
vn -0.18103586 -0.93442076 -0.30673093
vn -0.17609084 -0.97402525 0.14236175
vn -0.16418368 -0.94627351 -0.27858612
vn -0.14730673 -0.97824281 0.14608805
vn -0.13399261 -0.96201456 -0.23785295
vn -0.11399212 -0.98134470 0.15481721
vn -0.09349773 -0.97649932 -0.19418375
vn -0.09478436 -0.97959685 0.17721736
vn -0.07691843 -0.98422688 -0.15931419
vn -0.10988493 -0.97520179 0.19211146
vn -0.05773828 -0.98906881 -0.13568029
vn -0.03686330 -0.97466373 0.22061667
vn 0.19094682 -0.98123860 0.02664775
vn 0.12729764 -0.92994153 0.34496966
vn 0.36549059 -0.89265025 0.26380324
vn 0.63875192 -0.69575429 -0.32851484
vn 0.03547185 -0.81426138 -0.57941371
vn 0.33083293 -0.76066709 -0.55851161
vn 0.40713927 -0.14857028 -0.90120167
vn 0.09151828 -0.16040568 -0.98279929
vn 0.10792226 0.59018224 -0.80002362
vn -0.03984549 -0.75932842 -0.64948654
vn 0.06624517 -0.15706082 -0.98536462
vn -0.03004270 0.57118124 -0.82027400
vn -0.04559791 0.87436265 -0.48312601
vn -0.04707727 -0.70412010 -0.70851862
vn 0.01697693 -0.15719990 -0.98742092
vn -0.05638163 0.55201465 -0.83192605
vn -0.10884941 0.88616729 -0.45039916
vn -0.04135023 0.98750061 -0.15209462
vn -0.09125493 -0.66089821 -0.74490678
vn -0.15917751 0.87768131 -0.45203766
vn -0.13057913 0.98453498 -0.11679015
vn -0.02838018 0.97322965 0.22807595
vn -0.06602988 0.52286506 -0.84985423
vn -0.02593052 -0.12895857 -0.99131089
vn -0.12981437 -0.63435721 -0.76206243
vn -0.13409105 0.89156473 -0.43258747
vn -0.16416600 0.98440307 -0.06324635
vn -0.16416278 0.91955370 0.35703176
vn -0.08104543 0.50951469 -0.85663670
vn -0.08677864 -0.11824201 -0.98918569
vn -0.15436500 -0.62304950 -0.76679903
vn -0.12564348 0.90041846 -0.41648576
vn -0.13788696 0.99043465 -0.00514330
vn -0.12818083 -0.11874226 -0.98461670
vn -0.15078790 -0.61794531 -0.77162600
vn -0.12667499 0.50913066 -0.85131633
vn -0.14010933 0.91301823 -0.38310191
vn -0.14911626 -0.12936349 -0.98032111
vn -0.12774509 -0.13334820 -0.98280185
vn -0.15465146 0.50764674 -0.84757167
vn -0.11666244 0.99211508 0.04579847
vn -0.15516528 0.92352378 -0.35075289
vn -0.08049668 -0.12450348 -0.98894852
vn -0.10731693 0.98996049 0.09198572
vn -0.01900569 -0.12566715 -0.99189043
vn -0.00969704 0.42304078 -0.90605879
vn -0.06601142 0.45063567 -0.89026397
vn -0.10424460 0.46211722 -0.88067061
vn 0.08132584 0.39300415 -0.91593331
vn -0.14358456 0.47631720 -0.86747074
vn 0.19451509 0.36280477 -0.91133779
vn 0.12071025 0.39074346 -0.91255063
vn 0.12406017 0.86102772 -0.49319407
vn 0.04299507 0.90057784 -0.43256328
vn -0.04104302 0.90961713 -0.41341516
vn -0.10427813 0.91162562 -0.39757365
vn -0.02185191 0.45596081 -0.88973159
vn 0.12432002 0.84042466 -0.52747595
vn -0.06474480 0.58045650 -0.81171328
vn -0.14818972 0.91375923 -0.37826437
vn 0.04290841 0.88702101 -0.45973104
vn -0.01709179 0.59834105 -0.80105919
vn -0.03725712 0.93093717 -0.36327392
vn -0.01727469 0.92897111 -0.36974895
vn -0.04980780 0.97828406 0.20119533
vn -0.02876485 0.98155099 0.18902461
vn 0.12587816 0.98146522 0.14450164
vn 0.18315317 0.98067147 0.06883615
vn -0.07195599 0.78134143 0.61994189
vn 0.06224245 0.99391234 0.09090719
vn 0.02859062 0.49142134 0.87045258
vn -0.00654304 0.99245024 0.12247343
vn -0.06250896 0.98770362 0.14329763
vn -0.11173653 0.98260224 0.14835021
vn -0.14319156 0.97892457 0.14561212
vn 0.09073082 0.81362277 0.57426989
vn 0.02930497 0.81019026 0.58543402
vn -0.03702008 0.80403221 0.59343225
vn -0.08849004 0.80221254 0.59044433
vn 0.16146190 0.82722884 0.53816581
vn -0.16227673 0.97672075 0.14029555
vn -0.12578347 0.80546302 0.57914412
vn -0.16701505 0.91792041 -0.35990015
vn -0.16646411 0.49382365 -0.85347992
vn -0.16631170 0.92319214 -0.34649190
vn -0.15859495 0.97792959 0.13601992
vn -0.12870668 0.98407120 0.12263183
vn -0.14497180 0.81577045 0.55991226
vn -0.14275847 0.83406168 0.53288001
vn -0.10302355 0.86019021 0.49945867
vn -0.11915486 0.85276610 0.50851947
vn -0.11201135 0.86877722 0.48236877
vn -0.11997455 0.90077209 0.41739172
vn -0.13710006 0.92816919 0.34598482
vn -0.10719533 0.39763999 0.91125822
vn -0.12759553 0.41839594 0.89925760
vn -0.12663475 0.44411170 0.88697720
vn -0.11592177 0.46970174 0.87518138
vn -0.09874661 0.48659521 0.86802894
vn -0.08587795 0.50459063 0.85907704
vn -0.08933853 0.71569645 0.69267398
vn -0.12151064 -0.11932345 0.98539186
vn -0.07707414 0.38307074 0.92049789
vn -0.12027030 -0.12146753 0.98528206
vn -0.11225266 -0.13045096 0.98507965
vn -0.06399778 0.81533259 0.57544512
vn -0.10558919 -0.12524511 0.98649102
vn -0.03876053 0.38624063 0.92158335
vn -0.09687391 0.92395651 0.37002686
vn -0.00361863 0.84721124 0.53124392
vn -0.11767008 0.87561899 0.46844980
vn -0.10146631 0.49096885 0.86524802
vn 0.01551608 0.81685609 0.57663286
vn -0.16955665 0.28456238 0.94354373
vn -0.14053585 -0.16217108 0.97670376
vn 0.07375348 0.35302424 0.93270266
vn 0.08287221 0.26610854 0.96037412
vn -0.15414262 -0.46212453 0.87331605
vn -0.01431393 -0.69621515 0.71769047
vn -0.08968326 0.34854564 0.93299139
vn -0.05027583 -0.37381095 0.92614132
vn -0.12413783 -0.76269358 0.63473487
vn 0.01831126 -0.87474197 0.48424292
vn -0.09612948 -0.23128603 0.96812499
vn -0.11017771 -0.74386138 0.65918982
vn -0.09614637 -0.90537852 0.41357660
vn 0.12729764 -0.92994153 0.34496966
vn -0.03686330 -0.97466373 0.22061667
vn -0.12015359 -0.89810169 0.42305610
vn -0.10988493 -0.97520179 0.19211146
vn -0.09443321 -0.14755502 0.98453540
vn -0.12240215 -0.71975529 0.68335205
vn -0.10954196 -0.91212785 0.39499784
vn -0.09478436 -0.97959685 0.17721736
vn -0.11399212 -0.98134470 0.15481721
vn -0.09863241 -0.13163900 0.98637867
vn -0.11555362 -0.69070238 0.71384710
vn -0.12203936 -0.91197270 0.39167866
vn -0.14730673 -0.97824281 0.14608805
vn -0.11819330 -0.67005843 0.73283839
vn -0.13613744 -0.89914054 0.41594821
vn -0.17609084 -0.97402525 0.14236175
vn -0.13606332 -0.63675165 0.75896907
vn -0.16588734 -0.87851888 0.44797996
vn -0.14798257 -0.59439272 0.79044193
vn -0.18415509 -0.86071390 0.47461411
vn -0.19205070 -0.97249252 0.13181347
vn -0.14347462 -0.56386882 0.81330627
vn -0.17818266 -0.85137117 0.49337417
vn -0.19393013 -0.97351325 0.12109099
vn -0.12262527 -0.55061209 0.82570535
vn -0.15378547 -0.84848326 0.50638539
vn -0.18128523 -0.97761595 0.10678379
vn -0.08397303 -0.12918997 0.98805791
vn -0.11931109 -0.85014641 0.51285082
vn -0.14577928 -0.98549110 0.08692344
vn -0.09257565 -0.54963595 0.83025903
vn -0.06045321 -0.12752865 0.98999083
vn -0.07121520 -0.85940182 0.50631708
vn -0.08365388 -0.99418652 0.06778800
vn -0.06117196 -0.56012720 0.82614499
vn 0.01661431 0.40464807 0.91432160
vn 0.00569396 -0.87767571 0.47922117
vn 0.00700838 -0.99943250 0.03294741
vn -0.02573288 -0.57977861 0.81436759
vn -0.02996687 -0.12123881 0.99217093
vn 0.05944327 0.42516896 0.90315998
vn 0.08552002 -0.90233380 0.42246905
vn 0.09070083 -0.99573022 -0.01716870
vn 0.01897946 -0.11576635 0.99309516
vn 0.09664603 0.45894325 0.88319349
vn 0.00308379 -0.60205829 0.79844618
vn 0.14474264 -0.92752063 0.34460849
vn 0.15793294 -0.98338169 -0.08954151
vn 0.05950485 -0.08741027 0.99439359
vn 0.02719669 -0.62631267 0.77909738
vn 0.21355455 -0.93752259 0.27467400
vn 0.13926663 -0.80385697 0.57828951
vn 0.19652043 -0.95638728 0.21610901
vn 0.16841823 0.41106272 0.89591449
vn 0.09929997 -0.03071893 0.99458331
vn 0.07970668 -0.49773932 0.86365646
vn 0.21904749 -0.83779860 0.50011170
vn 0.24686898 -0.85684997 0.45261884
vn 0.20491718 -0.53559601 0.81923497
vn 0.18132702 0.04333848 0.98246747
vn 0.15890177 -0.86336464 0.47890678
vn 0.28724000 -0.54836786 0.78535718
vn 0.06754189 -0.83055574 0.55282485
vn 0.24311116 -0.55711353 0.79405385
vn -0.00013865 -0.83675128 0.54758316
vn 0.12917316 -0.50641668 0.85255873
vn 0.05321354 -0.58571941 0.80876517
vn 0.30742025 0.08036173 0.94817448
vn 0.29628912 0.06188837 0.95309108
vn 0.10521854 0.00403944 0.99444091
vn 0.04686011 -0.01969990 0.99870718
vn 0.02900146 0.43376181 0.90056074
vn 0.06962290 0.48241156 0.87317342
vn -0.00353475 0.65651548 0.75430423
vn 0.20676190 0.56648189 0.79771417
vn 0.26755148 0.58105695 0.76862806
vn -0.04147894 0.80643058 0.58987218
vn 0.03203212 0.69756848 0.71580178
vn 0.00782441 0.82277113 0.56831896
vn 0.17071609 0.75725579 0.63041234
vn 0.14595078 0.86014628 0.48871955
vn 0.21727090 0.51025766 0.83212405
vn 0.25902969 0.76331115 0.59182751
vn 0.25402883 0.87003434 0.42250407
vn 0.22277495 0.73499161 0.64043629
vn 0.25569385 0.85475546 0.45167878
vn 0.20188573 0.66467172 0.71934259
vn 0.24634248 0.83372831 0.49417862
vn 0.10478682 -0.98087013 -0.16405350
vn 0.02924627 -0.80409735 -0.59377789
vn -0.00146386 -0.73769224 -0.67513555
vn 0.14857420 -0.98386776 -0.09964910
vn -0.02742481 -0.43602079 -0.89951867
vn 0.08858685 -0.83520979 -0.54274946
vn 0.18812492 -0.98003876 -0.06428855
vn 0.00907067 -0.41231215 -0.91099751
vn 0.01927737 0.13358626 -0.99084967
vn 0.12487556 -0.85084313 -0.51036465
vn 0.20364276 -0.97882658 -0.02069308
vn 0.04921295 -0.41152516 -0.91006875
vn 0.04204526 0.16424264 -0.98552352
vn 0.14028528 -0.86823481 -0.47590795
vn 0.20289503 -0.97905868 0.01666351
vn 0.06610002 -0.42213333 -0.90412074
vn 0.16770259 -0.87010914 -0.46345001
vn 0.19188793 -0.98044747 0.04360921
vn 0.00757688 0.64580107 -0.76346809
vn 0.00786243 0.65789378 -0.75306976
vn 0.04513558 0.16106647 -0.98591095
vn 0.10584464 -0.40735886 -0.90711397
vn 0.18736783 -0.86649102 -0.46269506
vn 0.17067635 -0.98432881 0.04434442
vn -0.02086877 0.93367380 -0.35751608
vn -0.00792957 0.92662549 -0.37590194
vn -0.01178079 0.98335183 0.18132961
vn 0.01241689 0.63116032 -0.77555305
vn 0.04722845 0.16366710 -0.98538446
vn 0.12811041 -0.40518796 -0.90521294
vn 0.19112442 -0.86302644 -0.46760759
vn 0.12779592 -0.99156839 0.02145791
vn -0.08913540 0.97943360 0.18101056
vn -0.02692636 0.74890667 0.66212827
vn -0.00892433 0.61708355 -0.78684705
vn 0.05653977 0.14874141 -0.98725843
vn 0.13625960 -0.41237566 -0.90076613
vn 0.16005662 -0.86295193 -0.47926593
vn 0.09142495 -0.99555320 -0.02269945
vn -0.07031793 0.74784994 0.66013318
vn -0.04499749 0.33458704 0.94128996
vn -0.00529019 0.61892730 -0.78543049
vn 0.05520225 0.14106031 -0.98846078
vn 0.13383575 -0.43490061 -0.89047712
vn 0.12792800 -0.85751200 -0.49830478
vn 0.02837354 -0.99767852 -0.06190750
vn 0.02433594 0.61874074 -0.78521824
vn 0.06018895 0.14236961 -0.98798186
vn 0.11641853 -0.44905466 -0.88588750
vn 0.08506157 -0.85284185 -0.51519442
vn -0.09278509 -0.98964369 -0.10952754
vn 0.03743225 0.62020314 -0.78354770
vn 0.06838693 0.13518015 -0.98845816
vn 0.10558813 -0.45523807 -0.88408685
vn -0.03454773 -0.83036804 -0.55614340
vn -0.15791732 -0.98338419 -0.08954152
vn 0.03460696 0.61831754 -0.78516614
vn 0.06104831 0.12769198 -0.98993325
vn 0.11176372 -0.45746699 -0.88217509
vn -0.09275844 -0.83327204 -0.54502630
vn -0.09068335 -0.99573183 -0.01716858
vn 0.03052472 0.61445123 -0.78836411
vn 0.06229980 0.10558822 -0.99245650
vn 0.06428427 -0.43419087 -0.89852428
vn -0.07036173 -0.85881364 -0.50743318
vn -0.00698994 -0.99943262 0.03294769
vn 0.01664706 0.60894734 -0.79303598
vn 0.11196858 0.07725728 -0.99070394
vn -0.01793936 -0.42150667 -0.90664786
vn -0.01057404 -0.88359874 -0.46812555
vn 0.08366840 -0.99418527 0.06778813
vn 0.09293832 0.00323017 -0.99566662
vn -0.08232838 -0.46642360 -0.88072193
vn 0.06895928 -0.90006244 -0.43027005
vn 0.14579156 -0.98548925 0.08692359
vn -0.07309312 -0.06939028 -0.99490821
vn -0.04768773 -0.51148123 -0.85797018
vn 0.13135311 -0.90992987 -0.39341325
vn 0.18130060 -0.97761303 0.10678405
vn -0.16398911 -0.09746519 -0.98163545
vn 0.01203713 -0.54799300 -0.83639634
vn 0.17192647 -0.91787690 -0.35769171
vn 0.19394699 -0.97350991 0.12109093
vn -0.09369081 -0.12041824 -0.98829222
vn 0.07015711 -0.58099174 -0.81088018
vn 0.18264422 -0.92611873 -0.33006856
vn 0.19206819 -0.97248906 0.13181344
vn -0.04894410 -0.12759265 -0.99061829
vn 0.12640429 -0.60640007 -0.78504837
vn 0.18104859 -0.93441814 -0.30673143
vn 0.17610726 -0.97402227 0.14236164
vn 0.16419825 -0.94627094 -0.27858633
vn 0.14732434 -0.97824019 0.14608796
vn 0.13400698 -0.96201247 -0.23785315
vn 0.11400892 -0.98134273 0.15481746
vn 0.09351047 -0.97649801 -0.19418409
vn 0.09479977 -0.97959530 0.17721738
vn 0.07693323 -0.98422581 -0.15931383
vn 0.10990134 -0.97519982 0.19211195
vn 0.05775495 -0.98906767 -0.13568182
vn 0.03686959 -0.97466397 0.22061464
vn -0.19093658 -0.98124057 0.02664922
vn -0.12728867 -0.92994219 0.34497127
vn -0.36547866 -0.89265460 0.26380518
vn -0.63874996 -0.69575697 -0.32851294
vn -0.03545061 -0.81426305 -0.57941264
vn -0.33081821 -0.76067454 -0.55851018
vn -0.40714082 -0.14857508 -0.90120023
vn -0.09151592 -0.16040792 -0.98279917
vn -0.10791568 0.59018201 -0.80002469
vn 0.03986240 -0.75932807 -0.64948595
vn 0.03003038 0.57118124 -0.82027441
vn 0.04559689 0.87436265 -0.48312613
vn -0.06624240 -0.15706858 -0.98536360
vn 0.04708729 -0.70411927 -0.70851880
vn 0.10884202 0.88616824 -0.45039907
vn 0.04134164 0.98750091 -0.15209463
vn 0.05637414 0.55201477 -0.83192652
vn -0.01697786 -0.15720001 -0.98742086
vn 0.09126567 -0.66089696 -0.74490660
vn 0.13056129 0.98453736 -0.11679006
vn 0.02837944 0.97322899 0.22807895
vn 0.15916255 0.87768561 -0.45203456
vn 0.06602070 0.52286589 -0.84985441
vn 0.02593093 -0.12895840 -0.99131089
vn 0.12982564 -0.63435501 -0.76206237
vn 0.13408184 0.89156693 -0.43258584
vn 0.16413854 0.98440742 -0.06325005
vn 0.08103500 0.50951660 -0.85663658
vn 0.08678083 -0.11824057 -0.98918563
vn 0.15437543 -0.62304688 -0.76679909
vn 0.12562887 0.90042037 -0.41648594
vn 0.12818289 -0.11874004 -0.98461670
vn 0.15079798 -0.61794329 -0.77162564
vn 0.12666641 0.50913322 -0.85131603
vn 0.14911836 -0.12936102 -0.98032111
vn 0.12774663 -0.13334624 -0.98280191
vn 0.13787560 0.99043620 -0.00514567
vn 0.14009593 0.91302025 -0.38310200
vn 0.15464352 0.50764930 -0.84757161
vn 0.08049865 -0.12450238 -0.98894852
vn 0.11664450 0.99211723 0.04579807
vn 0.15514743 0.92352664 -0.35075328
vn 0.01900743 -0.12566715 -0.99189037
vn 0.00968607 0.42304084 -0.90605885
vn 0.06600042 0.45063692 -0.89026421
vn 0.10423570 0.46211907 -0.88067073
vn 0.10730105 0.98996222 0.09198554
vn -0.08133336 0.39300266 -0.91593331
vn 0.14357549 0.47631925 -0.86747104
vn -0.19452405 0.36280134 -0.91133726
vn -0.12071817 0.39074123 -0.91255051
vn -0.12407209 0.86102575 -0.49319443
vn -0.04299945 0.90057766 -0.43256319
vn 0.02184486 0.45596099 -0.88973165
vn 0.16645572 0.49382603 -0.85348016
vn 0.16629526 0.92319489 -0.34649256
vn 0.16699752 0.91792333 -0.35990083
vn 0.12869036 0.98407328 0.12263186
vn -0.12433258 0.84042245 -0.52747661
vn 0.06473958 0.58045673 -0.81171346
vn 0.14817646 0.91376120 -0.37826478
vn 0.15857944 0.97793204 0.13602032
vn -0.04292114 0.88702035 -0.45973116
vn 0.01709190 0.59834099 -0.80105925
vn 0.03725282 0.93093729 -0.36327398
vn 0.01727491 0.92897111 -0.36974889
vn 0.10426141 0.91162741 -0.39757392
vn 0.01046996 0.92832667 -0.37161812
vn 0.04103341 0.90961772 -0.41341493
vn 0.02092600 0.92223299 -0.38606790
vn -0.12589408 0.98146319 0.14450164
vn 0.02875524 0.98155129 0.18902464
vn 0.04979907 0.97828454 0.20119523
vn 0.06614175 0.97630471 0.20604482
vn -0.18316962 0.98066843 0.06883622
vn -0.06225985 0.99391127 0.09090722
vn 0.00652721 0.99245036 0.12247322
vn 0.06249275 0.98770469 0.14329749
vn 0.11171903 0.98260421 0.14835022
vn 0.14317738 0.97892660 0.14561218
vn 0.16225515 0.97672433 0.14029588
vn -0.09074511 0.81362116 0.57426989
vn -0.02931860 0.81018943 0.58543456
vn 0.03701064 0.80403233 0.59343261
vn 0.08847842 0.80221361 0.59044474
vn 0.12576871 0.80546498 0.57914460
vn 0.14495626 0.81577319 0.55991238
vn -0.16147463 0.82722652 0.53816569
vn 0.14274658 0.83406377 0.53287995
vn -0.01662048 0.40464744 0.91432178
vn 0.03875506 0.38624078 0.92158347
vn 0.07706751 0.38307184 0.92049801
vn -0.05945080 0.42516807 0.90315986
vn 0.10718919 0.39764148 0.91125834
vn -0.09665237 0.45894206 0.88319337
vn 0.12758888 0.41839832 0.89925748
vn 0.11914136 0.85276818 0.50851923
vn 0.12662624 0.44411394 0.88697726
vn 0.12151285 -0.11932087 0.98539186
vn 0.10559133 -0.12524281 0.98649108
vn 0.10300839 0.86019212 0.49945852
vn 0.11591300 0.46970385 0.87518144
vn 0.11199393 0.86877960 0.48236862
vn 0.08397500 -0.12918799 0.98805803
vn 0.12027205 -0.12146537 0.98528206
vn 0.09873748 0.48659712 0.86802888
vn 0.11996474 0.90077281 0.41739300
vn 0.06045555 -0.12752944 0.98999059
vn 0.11225393 -0.13044907 0.98507977
vn 0.08586905 0.50459164 0.85907733
vn 0.13706285 0.92820054 0.34591541
vn 0.02996937 -0.12123761 0.99217099
vn 0.08929091 0.71569717 0.69267935
vn 0.16415846 0.91956240 0.35701129
vn 0.06397850 0.81520998 0.57562095
vn 0.09691620 0.92394274 0.37005010
vn 0.00359099 0.84721053 0.53124511
vn 0.11765606 0.87562817 0.46843606
vn 0.10145937 0.49097815 0.86524361
vn -0.01519599 0.81677884 0.57675076
vn -0.07376099 0.35291690 0.93274277
vn 0.16955340 0.28456664 0.94354308
vn 0.14054687 -0.16213523 0.97670811
vn -0.08287126 0.26611185 0.96037334
vn 0.15415119 -0.46212664 0.87331343
vn 0.01430620 -0.69621760 0.71768820
vn 0.08968115 0.34854931 0.93299019
vn 0.05028460 -0.37381423 0.92613947
vn 0.12414786 -0.76269430 0.63473201
vn -0.01831153 -0.87474167 0.48424342
vn 0.09613335 -0.23128425 0.96812499
vn 0.09616217 -0.90537620 0.41357809
vn -0.12728867 -0.92994219 0.34497127
vn 0.03686959 -0.97466397 0.22061464
vn 0.11019409 -0.74385929 0.65918934
vn 0.12017011 -0.89809972 0.42305553
vn 0.10990134 -0.97519982 0.19211195
vn 0.09443504 -0.14755335 0.98453546
vn 0.12241690 -0.71975303 0.68335187
vn 0.10955966 -0.91212577 0.39499789
vn 0.09479977 -0.97959530 0.17721738
vn 0.11400892 -0.98134273 0.15481746
vn 0.09863502 -0.13163731 0.98637861
vn 0.11556432 -0.69070023 0.71384740
vn 0.12205673 -0.91197014 0.39167926
vn 0.14732434 -0.97824019 0.14608796
vn 0.11820646 -0.67005664 0.73283786
vn 0.13615677 -0.89913774 0.41594797
vn 0.17610726 -0.97402227 0.14236164
vn 0.13607416 -0.63674951 0.75896901
vn 0.16590267 -0.87851584 0.44798020
vn 0.14799286 -0.59439039 0.79044181
vn 0.18417004 -0.86071074 0.47461399
vn 0.19206819 -0.97248906 0.13181344
vn 0.14348444 -0.56386632 0.81330627
vn 0.17819798 -0.85136807 0.49337396
vn 0.19394699 -0.97350991 0.12109093
vn 0.12263431 -0.55061001 0.82570541
vn 0.15380190 -0.84848028 0.50638545
vn 0.18130060 -0.97761303 0.10678405
vn 0.09258620 -0.54963434 0.83025897
vn 0.11932620 -0.85014439 0.51285064
vn 0.14579156 -0.98548925 0.08692359
vn 0.06118064 -0.56012660 0.82614475
vn 0.07122543 -0.85940093 0.50631708
vn 0.08366840 -0.99418527 0.06778813
vn 0.02574231 -0.57977837 0.81436747
vn -0.00567855 -0.87767589 0.47922099
vn -0.00698994 -0.99943262 0.03294769
vn -0.01897665 -0.11576638 0.99309516
vn -0.08550292 -0.90233541 0.42246902
vn -0.09068335 -0.99573183 -0.01716858
vn -0.00307292 -0.60205829 0.79844624
vn -0.14472684 -0.92752308 0.34460860
vn -0.15791732 -0.98338419 -0.08954152
vn -0.05950243 -0.08741064 0.99439371
vn -0.02718512 -0.62631267 0.77909780
vn -0.21353921 -0.93752611 0.27467409
vn -0.09278509 -0.98964369 -0.10952754
vn -0.13925314 -0.80385906 0.57828993
vn -0.19650537 -0.95639038 0.21610898
vn -0.13229266 -0.96074122 0.24387495
vn 0.02837354 -0.99767852 -0.06190750
vn -0.02382097 -0.95511341 0.29528120
vn 0.09142495 -0.99555320 -0.02269945
vn 0.03532181 -0.93886268 0.34247518
vn 0.12779592 -0.99156839 0.02145791
vn -0.09929915 -0.03072048 0.99458331
vn -0.07969916 -0.49774027 0.86365658
vn -0.21903934 -0.83780110 0.50011116
vn -0.24685554 -0.85685390 0.45261881
vn -0.15888999 -0.86336690 0.47890657
vn -0.20490928 -0.53559923 0.81923485
vn -0.18132748 0.04333537 0.98246753
vn -0.28723121 -0.54837239 0.78535724
vn -0.16842446 0.41106001 0.89591455
vn -0.06753610 -0.83055615 0.55282497
vn -0.24310698 -0.55711639 0.79405314
vn -0.21727847 0.51025420 0.83212423
vn -0.20189533 0.66466880 0.71934253
vn -0.30742103 0.08035690 0.94817460
vn -0.22278704 0.73498827 0.64043599
vn -0.24635477 0.83372456 0.49417889
vn -0.25570697 0.85475153 0.45167887
vn -0.26755929 0.58105278 0.76862842
vn -0.25904205 0.76330698 0.59182745
vn -0.25404248 0.87003034 0.42250404
vn -0.14596468 0.86014396 0.48871949
vn -0.17072950 0.75725293 0.63041216
vn -0.00783327 0.82277107 0.56831896
vn -0.20676996 0.56647891 0.79771417
vn -0.03203976 0.69756806 0.71580189
vn 0.04147289 0.80643111 0.58987194
vn -0.29629055 0.06188413 0.95309091
vn 0.07195125 0.78134215 0.61994147
vn -0.06962752 0.48241124 0.87317324
vn 0.00352845 0.65651602 0.75430381
vn -0.12917049 -0.50641775 0.85255855
vn -0.10521843 0.00403861 0.99444091
vn -0.02900443 0.43376189 0.90056062
vn -0.02859562 0.49142158 0.87045228
vn 0.09511456 0.76402932 0.63813204
vn 0.00014626 -0.83675098 0.54758352
vn -0.05320812 -0.58571976 0.80876523
vn -0.04686030 -0.01970006 0.99870718
vn 0.00639541 -0.70629132 0.70789248
vn -0.07664833 -0.10216909 0.99180973
vn 0.03732963 0.44196248 0.89625651
vn 0.07092921 0.98172772 0.17657793
vn 0.10070264 -0.91830409 0.38285321
vn 0.02331046 -0.10852739 0.99382013
vn 0.08203182 0.76127541 0.64321893
vn 0.01055553 0.91857541 -0.39510489
vn 0.16729668 -0.90333259 0.39497089
vn 0.17067635 -0.98432881 0.04434442
vn 0.11976942 -0.65273166 0.74806195
vn 0.08377261 0.41346809 0.90665668
vn 0.03986400 0.98590773 0.16247098
vn 0.00649048 0.91787452 -0.39681765
vn 0.20475602 -0.89209759 0.40278634
vn 0.19188793 -0.98044747 0.04360921
vn 0.15479904 -0.62956589 0.76136988
vn 0.07893830 -0.12370044 0.98917490
vn 0.06415723 0.77172428 0.63271284
vn 0.00643052 0.92122835 -0.38896915
vn 0.01048607 0.98959363 0.14350788
vn 0.22350389 -0.88622069 0.40578189
vn 0.20289503 -0.97905868 0.01666351
vn 0.10818687 0.39510867 0.91224164
vn 0.16902722 -0.61356407 0.77134234
vn 0.10664725 -0.13879009 0.98456270
vn 0.06853824 0.78014845 0.62182873
vn 0.01261203 0.99005377 0.14012288
vn 0.22082926 -0.88541967 0.40898216
vn 0.20364276 -0.97882658 -0.02069308
vn 0.10450396 0.37616971 0.92063850
vn 0.17745443 -0.59665912 0.78262883
vn 0.12608978 -0.14866847 0.98081553
vn 0.19188683 -0.89750862 0.39706135
vn 0.18812492 -0.98003876 -0.06428855
vn 0.05930280 0.78203088 0.62041193
vn 0.08932982 0.35366416 0.93109715
vn 0.13667108 -0.14982706 0.97922057
vn 0.16886181 -0.59794062 0.78355134
vn 0.16971748 -0.90399176 0.39242184
vn 0.14857420 -0.98386776 -0.09964910
vn 0.13370267 -0.60817814 0.78245962
vn 0.12242472 -0.15044713 0.98100859
vn 0.06928864 0.34868070 0.93467689
vn 0.02725319 0.77629209 0.62978399
vn 0.12902643 -0.91905606 0.37240857
vn 0.10478682 -0.98087013 -0.16405350
vn 0.08270370 -0.90919143 0.40808222
vn 0.10278035 -0.62355047 0.77499747
vn 0.12382969 -0.61115271 0.78176630
vn 0.10336941 -0.15254456 0.98287582
vn 0.06854443 -0.15283974 0.98587102
vn 0.03989448 -0.18384913 0.98214459
vn -0.01875989 0.35153198 0.93598789
vn 0.03607254 0.35102993 0.93566918
vn -0.05337483 0.75836146 0.64964539
vn -0.00107561 0.76178730 0.64782631
vn -0.07583722 0.98395932 0.16147074
vn -0.04077306 0.93087590 -0.36305320
vn -0.02505874 0.92075908 -0.38932601
vn 0.00561746 0.98728800 0.15884228
vn 0.00576310 0.98834097 0.15214776
vn -0.02246690 0.92274582 -0.38475373
vn 0.01145032 0.99011058 0.13982125
vn -0.00275328 0.92376363 -0.38295320
vn 0.67055446 0.62519127 -0.39936537
vn 0.07213757 0.00025007 -0.99739468
vn 0.70251745 -0.01319696 -0.71154416
vn 0.13681322 0.48142374 -0.86574435
vn 0.12408871 0.69785011 -0.70541281
vn -0.53762764 0.66010165 -0.52461636
vn -0.61305094 0.05592056 -0.78806180
vn 0.07321835 0.10388333 -0.99189079
vn 0.12171411 0.93871230 -0.32249793
vn 0.75818276 0.63529176 -0.14684448
vn -0.64459550 0.68017149 -0.34908941
vn 0.69956714 0.69331491 -0.17297485
vn 0.08949278 0.98708200 -0.13289154
vn 0.00550586 0.96377784 -0.26664963
vn -0.14153290 0.93479872 -0.32576033
vn -0.75479835 0.62554497 -0.19741583
vn -0.17344366 0.93791962 -0.30037326
vn 0.62419128 0.70237499 -0.34213236
vn 0.68696803 0.05495760 -0.72460651
vn 0.03685267 0.06297529 -0.99733442
vn -0.51725626 0.84505826 -0.13536067
vn 0.17441131 0.97218204 -0.15634198
vn 0.42565003 0.81661797 -0.38981682
vn -0.49935418 0.77739108 -0.38250288
vn -0.52342784 0.17879479 -0.83310008
vn 0.01612897 0.15018228 -0.98852676
vn -0.54540616 0.82261926 -0.16071604
vn 0.10395959 0.97879058 -0.17652601
vn 0.08390819 0.84306288 -0.53122920
vn 0.59351569 0.63869613 -0.48970023
vn 0.53884196 0.01919973 -0.84218806
vn 0.86025006 -0.04742608 -0.50766194
vn 0.69854885 0.66535783 -0.26330298
vn 0.94348317 -0.06706136 -0.32456475
vn 0.03202419 0.97267455 -0.22995366
vn 0.69456667 0.68541849 -0.21858329
vn 0.98572624 -0.08543505 -0.14506808
vn 0.99201560 0.00486935 -0.12602152
vn 0.06351402 0.90997815 -0.40976304
vn -0.20689349 0.84064358 -0.50051320
vn 0.08715228 0.94338876 -0.32003456
vn 0.73973942 0.63712692 -0.21645975
vn 0.18009274 0.90834975 -0.37744847
vn 0.86492562 0.46625540 -0.18576753
vn 0.98966491 -0.07973032 -0.11919077
vn 0.98319268 -0.16391663 -0.08039580
vn 0.29556736 0.91725880 -0.26697621
vn 0.86698240 0.47871220 -0.13847816
vn 0.98934442 -0.05301772 0.13559780
vn 0.44682187 0.83360225 -0.32474235
vn 0.07314201 0.88607639 -0.45773232
vn 0.01547591 0.90723765 -0.42033356
vn -0.52164286 0.67895591 -0.51663101
vn -0.18413256 0.84140605 -0.50806600
vn -0.11713821 0.98930115 -0.08695884
vn 0.87949914 0.47581860 -0.00882650
vn 0.51356167 0.80116397 -0.30723068
vn 0.95586121 0.27503747 0.10336240
vn 0.96074581 -0.08192851 0.26505718
vn 0.96861959 -0.24667239 0.03047761
vn -0.00115894 0.91457427 -0.40441635
vn -0.39269364 0.83879638 -0.37711051
vn -0.03487719 0.81385410 -0.58002162
vn 0.71321583 0.63546824 -0.29580954
vn 0.99355012 0.06532106 -0.09268996
vn 0.95350206 -0.27911651 -0.11370070
vn 0.96897560 0.23047206 -0.08926922
vn -0.40141550 0.79733592 -0.45068949
vn -0.43907657 0.82021594 -0.36668450
vn 0.98772234 0.09030385 -0.12747486
vn 0.92263347 -0.37492794 0.09042431
vn 0.99759585 -0.01261926 0.06814136
vn 0.79333240 -0.35535100 0.49431708
vn 0.99657029 -0.01889912 -0.08056415
vn 0.94457388 0.01705914 -0.32785544
vn -0.14391765 0.91842473 -0.36848843
vn 0.29792327 0.81171435 -0.50235593
vn -0.10926073 0.87480140 -0.47200069
vn 0.71507549 0.69253618 -0.09518807
vn -0.01332498 0.96399575 -0.26558360
vn 0.47380224 0.86563385 -0.16183175
vn 0.00805485 0.95496410 -0.29661211
vn 0.02647107 0.76061410 -0.64866436
vn -0.58544350 0.62683558 -0.51413339
vn -0.67872566 0.00824016 -0.73434567
vn -0.12788209 0.26621571 -0.95539278
vn -0.65071380 0.65568912 -0.38294032
vn -0.80820256 0.54608148 -0.22046252
vn -0.10461491 0.94282019 -0.31645826
vn -0.66593897 0.60391998 -0.43795660
vn -0.12466499 0.99061543 -0.05603344
vn 0.64753860 0.75928277 -0.06467973
vn -0.31246400 0.81645417 -0.48556033
vn 0.13765562 0.88296491 -0.44880274
vn -0.11229521 0.85791051 -0.50137752
vn 0.56822717 0.68323493 -0.45859346
vn 0.60778612 -0.06395678 -0.79152101
vn -0.09997004 -0.07456935 -0.99219221
vn 0.72051072 0.69211107 -0.04297232
vn 0.02092140 0.96163273 -0.27354133
vn -0.05676770 0.60470235 -0.79442590
vn -0.59240353 0.59735471 -0.54057884
vn -0.69807738 0.01238999 -0.71591508
vn -0.20109645 -0.04997456 -0.97829586
vn -0.04283649 0.97440010 -0.22070229
vn -0.66943514 0.63082081 -0.39232868
vn -0.33278042 0.91884404 -0.21209142
vn -0.81103688 0.53484601 -0.23697862
vn -0.13885315 0.93307602 -0.33179650
vn -0.13640563 0.88105291 -0.45292303
vn -0.57697421 0.73858541 -0.34870109
vn -0.46942675 0.79103577 -0.39230216
vn 0.69130170 0.60353279 -0.39730355
vn 0.52719706 -0.01748886 -0.84956306
vn -0.13648023 -0.00884839 -0.99060327
vn -0.82847089 0.51908594 -0.21020426
vn -0.24360093 0.96931195 -0.03305865
vn -0.24454160 0.93375832 -0.26133275
vn 0.58606553 0.80695307 -0.07317125
vn 0.02267436 0.74187678 -0.67015272
vn 0.07883542 0.95719594 -0.27849773
vn 0.56748080 0.82302755 0.02431626
vn -0.64189833 0.54973310 -0.53456533
vn -0.68141586 0.06368707 -0.72912031
vn -0.91187376 0.08364500 -0.40185788
vn 0.02576911 0.96406060 -0.26442966
vn -0.17142759 0.97534829 -0.13895421
vn -0.64627951 0.65320873 -0.39451376
vn -0.73906255 0.63248342 -0.23184316
vn -0.96605277 0.11227670 -0.23267150
vn -0.12381884 0.96702051 -0.22257625
vn -0.77585590 0.59334123 -0.21446154
vn -0.98604214 -0.02997862 -0.16377474
vn -0.98275262 -0.01425609 -0.18437472
vn -0.83569026 0.48666239 -0.25452211
vn -0.99367237 -0.01911362 -0.11067942
vn -0.99669212 -0.06866491 0.04347411
vn -0.85079390 0.50135130 -0.15746926
vn -0.93371832 0.35692915 0.02777894
vn -0.95282876 -0.17539857 0.24769482
vn -0.99104184 0.10680038 0.08018562
vn -0.96134388 -0.24486229 0.12593783
vn -0.99239099 0.03647768 0.11759931
vn -0.96799052 -0.24068177 0.07118071
vn -0.83438194 -0.24775718 0.49236491
vn -0.57259309 0.71077442 -0.40857920
vn -0.77832353 0.53888369 -0.32220641
vn -0.94542199 0.30814978 0.10592931
vn -0.84792644 0.05904852 0.52681500
vn -0.51690370 -0.03539782 0.85531139
vn -0.42768076 -0.39600500 0.81256956
vn 0.03720094 -0.43783015 0.89828771
vn 0.01552347 -0.06628732 0.99767983
vn 0.11332535 0.16167147 0.98031616
vn -0.68653709 0.12811100 0.71571946
vn -0.89950150 -0.12310628 0.41921577
vn -0.53410172 0.03963435 0.84449071
vn 0.23216997 0.08001246 0.96937877
vn 0.23574942 0.02401558 0.97151709
vn -0.46325836 -0.01775861 0.88604534
vn 0.25825226 -0.00361998 0.96607077
vn -0.44131407 -0.06488856 0.89500356
vn -0.71634483 -0.06356812 0.69484472
vn -0.71275336 -0.04385548 0.70004237
vn -0.74486214 0.00650019 0.66718680
vn -0.61834908 0.00306686 0.78589761
vn -0.83621264 0.05179397 0.54595399
vn -0.74691087 -0.07530725 0.66064596
vn -0.62178582 0.00662403 0.78315932
vn -0.76139224 0.16834860 0.62605160
vn -0.81018800 -0.00374302 0.58615822
vn -0.95729744 0.26729631 0.11015569
vn -0.98551255 0.13047299 0.10836005
vn -0.79494095 -0.30354443 0.52529007
vn -0.99385637 0.01369458 0.10982709
vn -0.92976826 0.21390928 -0.29962286
vn -0.92493170 0.16563518 -0.34214956
vn -0.94649571 -0.29927686 0.12074438
vn -0.95665509 -0.02233623 -0.29036546
vn -0.83736414 0.17298806 -0.51855224
vn -0.67079455 0.23932120 -0.70196873
vn -0.86754024 0.07021955 -0.49238515
vn -0.92595458 -0.29498050 -0.23578535
vn -0.97788757 -0.12844467 0.16503902
vn -0.98778260 -0.12494759 -0.09313217
vn -0.94412917 -0.04574360 -0.32638574
vn -0.95506537 0.18049937 -0.23509604
vn -0.69744599 0.27396673 -0.66220188
vn -0.75792074 0.27410045 -0.59196711
vn -0.84868532 0.41926044 -0.32241890
vn -0.02529783 0.39308542 -0.91915393
vn -0.01245207 0.37393019 -0.92737329
vn 0.63934147 0.24855253 -0.72764283
vn -0.09907524 0.52288944 -0.84662312
vn -0.08204287 0.63663030 -0.76679260
vn 0.59608668 0.36609292 -0.71460241
vn -0.08410607 0.60603148 -0.79098171
vn 0.66618270 0.33505893 -0.66628540
vn 0.75503522 0.25511357 -0.60401893
vn 0.88841355 0.18871710 -0.41845810
vn 0.72797316 0.49824792 -0.47096089
vn 0.73166001 0.46038777 -0.50270939
vn 0.92266542 0.19893993 -0.33032024
vn 0.81395227 0.07502990 -0.57606614
vn 0.88916886 -0.20123330 -0.41095483
vn 0.88783598 0.00473677 -0.46013579
vn 0.99736083 0.07237911 -0.00571548
vn 0.85508156 0.29839647 -0.42402253
vn 0.93758315 0.34715599 0.02050906
vn 0.98737109 0.15145808 0.04646297
vn 0.92297202 0.09322443 0.37340572
vn 0.96576589 -0.25715464 -0.03417191
vn 0.85500091 0.22176453 0.46882182
vn 0.96328336 -0.00925232 0.26832756
vn 0.84871292 0.16988185 0.50082582
vn 0.84684044 0.14857918 0.51067156
vn 0.94869089 0.04438257 0.31307474
vn 0.90707946 -0.20590396 0.36716530
vn 0.90653944 -0.03210931 0.42089814
vn 0.87142479 -0.01651869 0.49025092
vn 0.93361211 0.10155482 0.34359142
vn 0.84470206 0.01196662 0.53510302
vn 0.92380941 0.03520495 0.38123074
vn 0.83684629 0.01151376 0.54731691
vn 0.25825226 -0.00361998 0.96607077
vn 0.23574942 0.02401558 0.97151709
vn 0.82784683 0.05192069 0.55854619
vn 0.23216997 0.08001246 0.96937877
vn 0.11332535 0.16167147 0.98031616
vn 0.56382817 -0.03055223 0.82532680
vn 0.01552347 -0.06628732 0.99767983
vn 0.03720094 -0.43783015 0.89828771
vn 0.46216077 -0.44061580 0.76958770
vn 0.87651384 0.02475520 0.48073965
vn 0.07213757 0.00025007 -0.99739468
vn -0.61305094 0.05592056 -0.78806180
vn -0.57898527 -0.38997775 -0.71602613
vn 0.07321835 0.10388333 -0.99189079
vn -0.02083945 -0.47066906 -0.88206369
vn 0.70251745 -0.01319696 -0.71154416
vn 0.63733047 -0.39965335 -0.65885288
vn 0.13681322 0.48142374 -0.86574435
vn 0.00770823 -0.60320538 -0.79754871
vn -0.57644564 -0.69448388 -0.43058404
vn 0.58438069 -0.45916876 -0.66907644
vn 0.68696803 0.05495760 -0.72460651
vn 0.03685267 0.06297529 -0.99733442
vn -0.02047827 -0.55591464 -0.83098716
vn -0.67872566 0.00824016 -0.73434567
vn -0.65967792 -0.39063290 -0.64205223
vn -0.12788209 0.26621571 -0.95539278
vn 0.00421660 -0.85494906 -0.51869488
vn 0.57051861 -0.71446383 -0.40503073
vn 0.00558705 -0.88935083 -0.45719138
vn -0.07856936 -0.60088515 -0.79546463
vn -0.57838947 -0.69231790 -0.43146446
vn 0.51009965 -0.56178880 -0.65129995
vn 0.60778612 -0.06395678 -0.79152101
vn -0.09997004 -0.07456935 -0.99219221
vn -0.05497329 -0.84882265 -0.52581179
vn -0.13202414 -0.55953139 -0.81822634
vn -0.69807738 0.01238999 -0.71591508
vn 0.46683612 -0.78024185 -0.41627732
vn -0.65560710 -0.36119303 -0.66311312
vn -0.20109645 -0.04997456 -0.97829586
vn -0.05030759 -0.83849013 -0.54258955
vn -0.01605947 -0.99968231 0.01942543
vn -0.50757486 -0.85971564 -0.05706776
vn -0.05066077 -0.99046665 -0.12809886
vn 0.45448342 -0.89053655 0.01973627
vn 0.49946469 -0.86468995 0.05335118
vn -0.02333221 -0.99885851 0.04168051
vn -0.52344912 -0.84888613 0.07343958
vn -0.02333132 -0.99915153 0.03394012
vn -0.08700506 -0.98349261 0.15865812
vn 0.55723697 -0.80789620 0.19180891
vn -0.71591002 -0.69718534 0.03748960
vn -0.10155367 -0.83067036 -0.54742455
vn 0.53518045 -0.73573977 -0.41505292
vn 0.10290941 -0.98986274 0.09788486
vn -0.08078630 -0.99581951 0.04262679
vn 0.22442107 -0.95130485 -0.21131550
vn -0.37600660 -0.92597103 0.03459448
vn -0.31425437 -0.91578001 -0.25018230
vn -0.08238861 -0.96329331 -0.25549582
vn 0.15128033 -0.50632775 -0.84896791
vn 0.00330003 -0.99011135 0.14024507
vn -0.02888767 -0.99218404 0.12139327
vn -0.02340386 -0.96997595 -0.24207215
vn -0.45484897 -0.36499199 -0.81233817
vn -0.44830236 -0.66578871 -0.59644818
vn 0.02764580 -0.46056619 -0.88719475
vn -0.52342784 0.17879479 -0.83310008
vn 0.01612897 0.15018228 -0.98852676
vn 0.53884196 0.01919973 -0.84218806
vn 0.09401795 -0.80529982 -0.58536559
vn 0.32719314 -0.94415253 -0.03899491
vn 0.45125705 -0.44634178 -0.77275234
vn 0.86025006 -0.04742608 -0.50766194
vn 0.54811186 -0.60616928 -0.57630920
vn 0.94348317 -0.06706136 -0.32456475
vn 0.06680641 -0.76830411 -0.63658917
vn 0.61912012 -0.73293418 -0.28195354
vn 0.98572624 -0.08543505 -0.14506808
vn 0.09857676 -0.98320991 -0.15356085
vn -0.51567405 -0.85392982 0.06988630
vn 0.56578279 -0.81788754 0.10464141
vn -0.46993595 -0.87670219 -0.10272996
vn -0.16190898 -0.96194315 0.22011553
vn -0.70921016 -0.67682022 0.19732033
vn -0.15871423 -0.98715556 0.01826592
vn -0.49398667 -0.86631685 -0.07397530
vn 0.10427258 -0.95812017 -0.26670775
vn -0.61250782 -0.77270603 -0.16661192
vn 0.56233758 -0.82416695 -0.06727061
vn -0.00060822 -0.94767040 -0.31924984
vn -0.04596351 -0.99325550 -0.10644686
vn 0.72544724 -0.68569392 -0.05958376
vn 0.99201560 0.00486935 -0.12602152
vn -0.06653039 -0.97075474 -0.23067065
vn -0.07796064 -0.96709609 -0.24217217
vn 0.70144337 -0.70375901 -0.11269663
vn 0.98966491 -0.07973032 -0.11919077
vn 0.10989386 -0.99020439 -0.08613129
vn 0.67008066 -0.74045479 -0.05214112
vn 0.98319268 -0.16391663 -0.08039580
vn 0.06372292 -0.99442303 -0.08403735
vn -0.07819296 -0.99627078 -0.03647510
vn 0.74490535 -0.64838648 0.15719761
vn 0.98934442 -0.05301772 0.13559780
vn 0.96074581 -0.08192851 0.26505718
vn 0.12248621 -0.98676169 0.10629449
vn 0.66794401 -0.66309494 0.33786973
vn 0.96861959 -0.24667239 0.03047761
vn 0.62685323 -0.77870482 0.02595763
vn 0.95350206 -0.27911651 -0.11370070
vn -0.14776205 -0.96962363 -0.19492689
vn -0.11682212 -0.99239641 -0.03875558
vn -0.08575188 -0.99339354 0.07626203
vn 0.07438315 -0.94253081 0.32573426
vn -0.37677345 -0.91790670 -0.12445524
vn -0.06110002 -0.96996343 -0.23545222
vn -0.13814399 -0.98379582 0.11428900
vn 0.18730560 -0.97727728 -0.09922584
vn 0.32412422 -0.92757809 0.18585591
vn 0.02291467 -0.99954373 0.01968024
vn 0.05476205 -0.99220335 0.11195339
vn -0.06350615 -0.96707767 -0.24643011
vn -0.57560182 -0.66195983 -0.48009565
vn -0.52551752 -0.84333205 -0.11234926
vn -0.32576749 -0.71690899 -0.61637414
vn -0.50279462 -0.86415786 0.02070765
vn -0.08314861 -0.98176879 -0.17092782
vn -0.25973514 -0.95578814 -0.13786507
vn -0.43523628 -0.87129486 -0.22674800
vn 0.28814551 -0.71148020 -0.64091200
vn 0.52719706 -0.01748886 -0.84956306
vn -0.13648023 -0.00884839 -0.99060327
vn -0.15503907 -0.98666042 0.04963934
vn 0.01042812 -0.99107486 -0.13289820
vn -0.21058762 -0.64350486 -0.73590380
vn -0.68141586 0.06368707 -0.72912031
vn 0.02584223 -0.98960072 0.14150105
vn -0.02094231 -0.99933457 0.02986392
vn -0.32312021 -0.91505545 -0.24138533
vn -0.69737929 -0.41393465 -0.58508134
vn -0.91187376 0.08364500 -0.40185788
vn 0.44425169 -0.88515693 0.13833907
vn 0.13205345 -0.97309685 -0.18879721
vn -0.71102077 -0.58936393 -0.38353574
vn -0.96605277 0.11227670 -0.23267150
vn -0.15821506 -0.98728693 -0.01524867
vn -0.81181777 -0.56328326 -0.15383086
vn -0.98604214 -0.02997862 -0.16377474
vn -0.09720089 -0.98955065 -0.10649654
vn -0.77386147 -0.62155563 -0.12168450
vn -0.98275262 -0.01425609 -0.18437472
vn -0.72779369 -0.66100818 -0.18271419
vn -0.68432605 -0.72581220 -0.06996072
vn -0.99367237 -0.01911362 -0.11067942
vn -0.99669212 -0.06866491 0.04347411
vn -0.67777675 -0.72325259 0.13237959
vn -0.18257290 -0.98081976 0.06826259
vn -0.66583633 -0.69247550 0.27774042
vn -0.95282876 -0.17539857 0.24769482
vn -0.16905923 -0.94338316 0.28538954
vn -0.64249802 -0.69342971 0.32611582
vn -0.96134388 -0.24486229 0.12593783
vn 0.00185998 -0.95924145 0.28258175
vn -0.75332850 -0.65622902 -0.04312339
vn -0.96799052 -0.24068177 0.07118071
vn -0.19701695 -0.96841753 0.15281302
vn -0.00402037 -0.99989963 0.01358880
vn -0.35549465 -0.90999174 -0.21339785
vn -0.69299370 -0.72049928 0.02530738
vn 0.14298755 -0.98891139 -0.04011052
vn -0.03895754 -0.97397590 -0.22327843
vn 0.02488846 -0.99963456 0.01055023
vn 0.24285088 -0.94468206 -0.22045253
vn 0.62969905 -0.76034844 -0.15921511
vn 0.31342408 -0.94729221 0.06635396
vn 0.68011361 -0.72604072 0.10153963
vn 0.92263347 -0.37492794 0.09042431
vn 0.23832117 -0.94403940 0.22801889
vn 0.56799191 -0.73051888 0.37911385
vn 0.79333240 -0.35535100 0.49431708
vn 0.46216077 -0.44061580 0.76958770
vn 0.27368879 -0.80911100 0.52003258
vn 0.06859383 -0.95450598 0.29019514
vn 0.03717301 -0.77177894 0.63480353
vn 0.03720094 -0.43783015 0.89828771
vn -0.42768076 -0.39600500 0.81256956
vn -0.23767819 -0.79439884 0.55896294
vn -0.13415018 -0.96386397 0.23015213
vn -0.56415671 -0.71535116 0.41231051
vn -0.83438194 -0.24775718 0.49236491
vn -0.22510250 -0.97423887 -0.01369137
vn -0.99761099 -0.05825570 -0.03712961
vn -0.13104786 -0.99040818 0.04379597
vn -0.93275332 -0.06673767 -0.35428426
vn -0.63124835 -0.07970834 -0.77147400
vn -0.01546627 -0.14903319 -0.98871124
vn 0.53576678 -0.31120959 -0.78492206
vn 0.78275061 -0.41446900 -0.46423796
vn -0.95025539 -0.09736390 0.29586318
vn -0.05999797 -0.92903960 0.36508316
vn -0.82398558 -0.01340440 0.56645226
vn 0.94000357 -0.33745494 -0.05017467
vn -0.30963114 0.26955700 0.91184843
vn 0.95907629 -0.27912778 -0.04754271
vn 0.11074051 0.30178693 0.94692200
vn 0.87005079 -0.21015292 0.44592309
vn 0.47830471 0.23251735 0.84685320
vn -0.95826656 -0.22276661 -0.17916554
vn -0.01519386 -0.99940735 0.03088923
vn -0.78226864 -0.23098110 -0.57853562
vn -0.42793959 -0.11216421 -0.89682043
vn 0.14498729 -0.01097533 -0.98937267
vn 0.66381246 -0.13382410 -0.73582894
vn 0.91058403 -0.23258720 -0.34167233
vn -0.98508167 -0.16881225 -0.03341459
vn -0.15961820 -0.91987425 0.35826448
vn -0.90565240 -0.00681657 0.42396611
vn 0.95156068 -0.28220943 0.12202513
vn -0.43330631 0.35672975 0.82764101
vn 0.87948108 -0.43299031 0.19756651
vn -0.02456716 0.33710644 0.94114602
vn 0.68827647 -0.31811494 0.65198040
vn 0.30338228 0.19192240 0.93334079
vn 0.71977162 -0.07539645 -0.69010448
vn 0.21099491 -0.02001742 -0.97728223
vn 0.06877409 -0.99524307 0.06900214
vn 0.94909883 -0.13597250 -0.28411773
vn -0.36907908 -0.17144722 -0.91344762
vn -0.73485380 -0.30580688 -0.60536933
vn -0.93599916 -0.27157760 -0.22394462
vn 0.98100740 -0.15247923 0.11989404
vn -0.02362573 -0.92953271 0.36798203
vn 0.96654791 -0.09222727 0.23933092
vn -0.96817619 -0.21941181 -0.12038819
vn 0.74631006 -0.00400671 0.66558647
vn -0.92300373 -0.07184485 0.37802434
vn 0.19819312 0.04836680 0.97896892
vn -0.48948348 0.25550413 0.83374077
vn -0.13485669 0.32355341 0.93655050
vn 0.93795961 -0.26506793 -0.22354136
vn 0.09273200 -0.98146611 0.16770512
vn 0.95042694 -0.14222679 0.27651429
vn 0.68520689 -0.33343771 -0.64754218
vn -0.06788317 -0.89546311 0.43992928
vn 0.91324478 -0.32123339 0.25058568
vn 0.20650744 -0.21633501 -0.95422947
vn 0.70376146 -0.22575793 0.67361206
vn -0.33190453 -0.33545765 -0.88165051
vn 0.25608295 0.21858703 0.94161630
vn -0.69648421 -0.47691929 -0.53615087
vn -0.92246664 -0.34159094 -0.17991909
vn -0.95972389 -0.27718109 0.04583393
vn -0.11260349 0.42482945 0.89824295
vn -0.93085176 -0.08066281 0.35638249
vn -0.55025220 0.29043368 0.78286064
vn -0.96060699 -0.13264063 0.24421440
vn -0.15619326 -0.85353774 0.49706841
vn -0.93250406 -0.26362348 -0.24685815
vn -0.64087689 0.42411998 0.63984299
vn -0.21171083 0.52026373 0.82734770
vn 0.26370373 0.32978022 0.90647966
vn 0.66802591 -0.18931377 0.71965390
vn 0.84744656 -0.26950341 0.45738634
vn 0.05428243 -0.99351561 0.09990050
vn -0.91340381 -0.33285773 -0.23430584
vn 0.96051538 -0.23509364 0.14879926
vn -0.73088193 -0.33601135 -0.59406066
vn 0.96296346 -0.22310837 -0.15140669
vn -0.26765370 -0.35188362 -0.89696121
vn 0.79349184 -0.17653410 -0.58241433
vn 0.28113571 -0.10060608 -0.95437998
vn 0.13648008 -0.00884829 -0.99060333
vn -0.69130194 0.60353291 -0.39730307
vn -0.52719712 -0.01748977 -0.84956306
vn 0.20109749 -0.04997636 -0.97829556
vn -0.02267432 0.74187696 -0.67015260
vn 0.64189833 0.54973233 -0.53456610
vn 0.68141615 0.06368569 -0.72912014
vn 0.91187364 0.08364482 -0.40185827
vn -0.58606541 0.80695313 -0.07317139
vn -0.02576926 0.96406054 -0.26442999
vn 0.64627928 0.65320873 -0.39451414
vn 0.73906243 0.63248348 -0.23184334
vn 0.96605271 0.11227667 -0.23267172
vn 0.17142740 0.97534835 -0.13895430
vn 0.77585614 0.59334135 -0.21446072
vn 0.98604202 -0.02997896 -0.16377538
vn 0.98275262 -0.01425500 -0.18437488
vn 0.12381907 0.96702051 -0.22257611
vn 0.83568960 0.48666292 -0.25452325
vn 0.99367225 -0.01911465 -0.11068034
vn -0.56748080 0.82302755 0.02431616
vn -0.07883578 0.95719588 -0.27849779
vn 0.82847089 0.51908559 -0.21020511
vn 0.99669206 -0.06866506 0.04347450
vn 0.46942702 0.79103523 -0.39230281
vn 0.39269319 0.83879662 -0.37711042
vn 0.24454165 0.93375838 -0.26133257
vn 0.24360037 0.96931213 -0.03305881
vn 0.57697409 0.73858547 -0.34870112
vn 0.13885310 0.93307614 -0.33179623
vn 0.81103694 0.53484601 -0.23697868
vn 0.13640560 0.88105285 -0.45292324
vn 0.66943520 0.63082099 -0.39232817
vn 0.33278033 0.91884422 -0.21209098
vn -0.13765600 0.88296491 -0.44880268
vn 0.04283632 0.97440004 -0.22070242
vn 0.59240365 0.59735441 -0.54057902
vn 0.69807738 0.01238923 -0.71591520
vn 0.09996975 -0.07457032 -0.99219215
vn -0.02092156 0.96163267 -0.27354130
vn 0.05676679 0.60470253 -0.79442585
vn -0.56822741 0.68323481 -0.45859340
vn -0.60778588 -0.06395791 -0.79152119
vn 0.12788172 0.26621479 -0.95539308
vn -0.72051084 0.69211096 -0.04297212
vn -0.64753854 0.75928277 -0.06467983
vn 0.12466501 0.99061543 -0.05603363
vn 0.10461485 0.94282019 -0.31645826
vn 0.65071362 0.65568936 -0.38294020
vn 0.80820239 0.54608148 -0.22046313
vn 0.58544314 0.62683600 -0.51413316
vn 0.67872590 0.00824050 -0.73434544
vn -0.03685278 0.06297532 -0.99733442
vn 0.11229506 0.85790992 -0.50137860
vn 0.66593891 0.60392004 -0.43795654
vn 0.31246445 0.81645375 -0.48556069
vn 0.40141469 0.79733610 -0.45068991
vn 0.14391693 0.91842520 -0.36848760
vn 0.01332509 0.96399575 -0.26558366
vn -0.00805464 0.95496416 -0.29661188
vn -0.02647096 0.76061410 -0.64866441
vn -0.62419140 0.70237488 -0.34213245
vn -0.68696833 0.05495691 -0.72460628
vn -0.07321907 0.10388303 -0.99189079
vn 0.18413256 0.84140623 -0.50806576
vn -0.29792178 0.81171530 -0.50235534
vn -0.71507525 0.69253635 -0.09518818
vn -0.47380233 0.86563379 -0.16183166
vn 0.14153263 0.93479890 -0.32575998
vn -0.01547591 0.90723765 -0.42033359
vn 0.52164435 0.67895579 -0.51662964
vn 0.10926013 0.87480175 -0.47200009
vn 0.11713828 0.98930120 -0.08695848
vn 0.75479823 0.62554526 -0.19741535
vn 0.64459538 0.68017167 -0.34908921
vn -0.07314117 0.88607633 -0.45773262
vn 0.17344378 0.93791962 -0.30037326
vn 0.53762764 0.66010141 -0.52461666
vn 0.61305076 0.05591995 -0.78806198
vn -0.07213765 0.00024926 -0.99739468
vn -0.00550578 0.96377778 -0.26664972
vn -0.12171421 0.93871224 -0.32249808
vn -0.12408875 0.69784951 -0.70541340
vn -0.67055452 0.62519103 -0.39936554
vn -0.70251745 -0.01319693 -0.71154416
vn -0.13681318 0.48142323 -0.86574465
vn -0.69956690 0.69331509 -0.17297491
vn -0.75818276 0.63529176 -0.14684445
vn -0.42565003 0.81661803 -0.38981670
vn -0.08949293 0.98708194 -0.13289189
vn -0.17441042 0.97218204 -0.15634283
vn 0.51725656 0.84505802 -0.13536091
vn -0.18009295 0.90834969 -0.37744853
vn 0.49935433 0.77739090 -0.38250318
vn 0.52342761 0.17879422 -0.83310032
vn -0.01612910 0.15018211 -0.98852676
vn -0.06351453 0.90997833 -0.40976259
vn 0.54540646 0.82261896 -0.16071664
vn 0.20689349 0.84064353 -0.50051332
vn -0.10395954 0.97879058 -0.17652598
vn -0.08390827 0.84306288 -0.53122914
vn -0.59351581 0.63869625 -0.48970008
vn -0.53884220 0.01919968 -0.84218794
vn -0.86025017 -0.04742613 -0.50766176
vn -0.69854891 0.66535777 -0.26330286
vn -0.94348323 -0.06706142 -0.32456464
vn -0.03202420 0.97267455 -0.22995354
vn -0.69456679 0.68541843 -0.21858303
vn -0.98572624 -0.08543496 -0.14506795
vn -0.99201560 0.00486969 -0.12602139
vn -0.08715235 0.94338876 -0.32003447
vn -0.73973924 0.63712722 -0.21645957
vn -0.29556727 0.91725874 -0.26697636
vn -0.86492544 0.46625564 -0.18576761
vn -0.98966491 -0.07973055 -0.11919074
vn -0.98319268 -0.16391675 -0.08039563
vn -0.44682178 0.83360231 -0.32474229
vn -0.86698246 0.47871211 -0.13847773
vn -0.98934442 -0.05301769 0.13559796
vn 0.00115882 0.91457421 -0.40441644
vn -0.51356179 0.80116397 -0.30723068
vn 0.03487710 0.81385404 -0.58002174
vn 0.43907633 0.82021618 -0.36668444
vn -0.87949914 0.47581860 -0.00882631
vn 0.85079390 0.50135142 -0.15746906
vn -0.95586121 0.27503747 0.10336257
vn -0.96074569 -0.08192847 0.26505750
vn -0.96861959 -0.24667229 0.03047757
vn -0.71321595 0.63546818 -0.29580948
vn 0.57259303 0.71077436 -0.40857926
vn 0.93371826 0.35692924 0.02777884
vn 0.95282882 -0.17539850 0.24769461
vn 0.99104190 0.10680041 0.08018517
vn 0.96134400 -0.24486218 0.12593730
vn 0.99239099 0.03647777 0.11759900
vn 0.96799052 -0.24068183 0.07118053
vn 0.83438206 -0.24775720 0.49236462
vn 0.77832329 0.53888357 -0.32220694
vn 0.94542199 0.30814970 0.10592905
vn -0.72797334 0.49824789 -0.47096065
vn 0.08410604 0.60603148 -0.79098165
vn -0.96897560 0.23047210 -0.08926900
vn -0.99355006 0.06532104 -0.09268980
vn -0.95350206 -0.27911645 -0.11370054
vn -0.98772234 0.09030384 -0.12747470
vn -0.92263341 -0.37492797 0.09042441
vn -0.99759591 -0.01261925 0.06814147
vn -0.79333234 -0.35535103 0.49431726
vn -0.99657029 -0.01889907 -0.08056391
vn -0.94457394 0.01705916 -0.32785535
vn -0.92266548 0.19893986 -0.33032018
vn -0.73166025 0.46038771 -0.50270921
vn 0.08204263 0.63663012 -0.76679271
vn -0.66618282 0.33505893 -0.66628528
vn -0.81395245 0.07502988 -0.57606596
vn -0.88916898 -0.20123328 -0.41095456
vn 0.84868538 0.41926053 -0.32241869
vn 0.95506549 0.18049933 -0.23509544
vn 0.75792074 0.27410045 -0.59196717
vn 0.09907538 0.52288967 -0.84662300
vn -0.59608734 0.36609262 -0.71460211
vn 0.94412941 -0.04574366 -0.32638502
vn 0.86754036 0.07021949 -0.49238494
vn 0.69744587 0.27396685 -0.66220200
vn 0.02529668 0.39308554 -0.91915387
vn 0.98778266 -0.12494677 -0.09313264
vn -0.75503534 0.25511324 -0.60401899
vn -0.63934135 0.24855238 -0.72764307
vn 0.01245281 0.37393019 -0.92737323
vn 0.67079449 0.23932113 -0.70196873
vn -0.88841289 0.18871891 -0.41845870
vn 0.83736444 0.17298804 -0.51855189
vn 0.92493165 0.16563533 -0.34214970
vn 0.92976838 0.21390942 -0.29962239
vn 0.98551255 0.13047300 0.10835967
vn -0.88783610 0.00473670 -0.46013540
vn -0.99736083 0.07237907 -0.00571514
vn -0.85508204 0.29839647 -0.42402163
vn -0.93758279 0.34715691 0.02050913
vn -0.98737085 0.15145954 0.04646357
vn -0.92297202 0.09322493 0.37340555
vn 0.95665514 -0.02233729 -0.29036516
vn 0.95729738 0.26729661 0.11015533
vn 0.83621287 0.05179396 0.54595369
vn -0.85500085 0.22176534 0.46882161
vn 0.92595458 -0.29498032 -0.23578534
vn -0.84684092 0.14857906 0.51067084
vn -0.94869083 0.04438289 0.31307486
vn 0.99385649 0.01369433 0.10982612
vn 0.94649595 -0.29927692 0.12074245
vn -0.90653926 -0.03210897 0.42089859
vn -0.93361205 0.10155442 0.34359172
vn -0.84470212 0.01196670 0.53510296
vn -0.87142473 -0.01651894 0.49025112
vn -0.90707952 -0.20590357 0.36716545
vn -0.83684617 0.01151382 0.54731709
vn -0.25825214 -0.00361991 0.96607077
vn -0.23574927 0.02401564 0.97151715
vn -0.96576601 -0.25715446 -0.03417173
vn -0.96328324 -0.00925227 0.26832783
vn -0.84871292 0.16988188 0.50082594
vn -0.92380929 0.03520490 0.38123089
vn -0.82784683 0.05192061 0.55854619
vn -0.23216976 0.08001246 0.96937877
vn -0.11332553 0.16167164 0.98031610
vn -0.87651372 0.02475527 0.48073998
vn -0.56382799 -0.03055216 0.82532698
vn -0.01552330 -0.06628727 0.99767983
vn -0.46216065 -0.44061574 0.76958776
vn -0.03720080 -0.43782991 0.89828783
vn 0.97788763 -0.12844479 0.16503859
vn 0.89950162 -0.12310600 0.41921565
vn 0.79494107 -0.30354452 0.52528989
vn 0.81018794 -0.00374327 0.58615822
vn 0.84792644 0.05904885 0.52681500
vn 0.74691111 -0.07530720 0.66064566
vn 0.76139224 0.16834848 0.62605160
vn 0.51690370 -0.03539776 0.85531139
vn 0.42768106 -0.39600500 0.81256938
vn -0.03720080 -0.43782991 0.89828783
vn -0.01552330 -0.06628727 0.99767983
vn -0.11332553 0.16167164 0.98031610
vn 0.68653709 0.12811108 0.71571946
vn 0.62178612 0.00662402 0.78315908
vn 0.61834908 0.00306681 0.78589755
vn 0.71275330 -0.04385561 0.70004249
vn 0.74486226 0.00650017 0.66718662
vn 0.53410172 0.03963442 0.84449071
vn -0.23216976 0.08001246 0.96937877
vn -0.23574927 0.02401564 0.97151715
vn 0.71634477 -0.06356811 0.69484484
vn 0.44131449 -0.06488856 0.89500338
vn 0.46325868 -0.01775826 0.88604516
vn -0.25825214 -0.00361991 0.96607077
vn -0.11074033 0.30178693 0.94692200
vn 0.30963135 0.26955694 0.91184843
vn 0.05999811 -0.92903960 0.36508316
vn -0.47830451 0.23251732 0.84685332
vn 0.82398570 -0.01340440 0.56645209
vn -0.87005073 -0.21015294 0.44592330
vn -0.95907670 -0.27912682 -0.04754096
vn 0.95025545 -0.09736382 0.29586288
vn 0.13104787 -0.99040818 0.04379596
vn 0.99761099 -0.05825550 -0.03713017
vn -0.94000357 -0.33745489 -0.05017417
vn 0.93275326 -0.06673768 -0.35428438
vn -0.78275073 -0.41446900 -0.46423778
vn 0.63124824 -0.07970835 -0.77147412
vn -0.53576696 -0.31120959 -0.78492188
vn 0.01546610 -0.14903319 -0.98871124
vn 0.02456733 0.33710644 0.94114596
vn 0.43330646 0.35672972 0.82764095
vn 0.15961823 -0.91987419 0.35826448
vn -0.30338207 0.19192240 0.93334085
vn 0.90565246 -0.00681657 0.42396593
vn -0.68827635 -0.31811494 0.65198046
vn -0.87948161 -0.43298978 0.19756509
vn 0.98508179 -0.16881169 -0.03341332
vn 0.01519381 -0.99940735 0.03088921
vn 0.95826656 -0.22276650 -0.17916562
vn -0.95156080 -0.28220916 0.12202501
vn 0.78226864 -0.23098099 -0.57853574
vn -0.91058409 -0.23258719 -0.34167218
vn 0.42793939 -0.11216410 -0.89682055
vn -0.66381246 -0.13382421 -0.73582888
vn -0.14498745 -0.01097533 -0.98937267
vn 0.13485685 0.32355344 0.93655050
vn 0.48948362 0.25550413 0.83374059
vn 0.02362580 -0.92953271 0.36798203
vn -0.19819294 0.04836680 0.97896898
vn 0.92300379 -0.07184493 0.37802428
vn -0.74630994 -0.00400671 0.66558653
vn -0.96654809 -0.09222799 0.23932981
vn 0.96817583 -0.21941270 -0.12039000
vn -0.06877401 -0.99524307 0.06900227
vn 0.93599933 -0.27157727 -0.22394422
vn -0.98100722 -0.15247940 0.11989521
vn 0.73485374 -0.30580688 -0.60536945
vn -0.94909894 -0.13597232 -0.28411758
vn 0.36907893 -0.17144720 -0.91344768
vn -0.71977174 -0.07539645 -0.69010437
vn -0.21099511 -0.02001742 -0.97728217
vn 0.92246646 -0.34159103 -0.17992005
vn 0.69648409 -0.47691929 -0.53615105
vn -0.09273202 -0.98146611 0.16770507
vn 0.33190438 -0.33545765 -0.88165057
vn -0.20650762 -0.21633501 -0.95422941
vn -0.68520695 -0.33343768 -0.64754212
vn -0.93795973 -0.26506785 -0.22354122
vn 0.95972413 -0.27717960 0.04583730
vn 0.06788318 -0.89546311 0.43992928
vn 0.93085182 -0.08066288 0.35638243
vn -0.95042676 -0.14222682 0.27651489
vn 0.55025244 0.29043368 0.78286052
vn -0.91324353 -0.32123268 0.25059095
vn 0.11260364 0.42482948 0.89824295
vn -0.70376134 -0.22575787 0.67361218
vn -0.25608277 0.21858703 0.94161636
vn 0.26765352 -0.35188362 -0.89696127
vn -0.28113592 -0.10060618 -0.95437992
vn -0.05428239 -0.99351561 0.09990055
vn 0.73088175 -0.33601126 -0.59406090
vn -0.79349196 -0.17653410 -0.58241421
vn 0.91340393 -0.33285767 -0.23430552
vn -0.96296352 -0.22310841 -0.15140654
vn -0.96051544 -0.23509336 0.14879960
vn 0.93250394 -0.26362348 -0.24685857
vn 0.15619339 -0.85353774 0.49706838
vn -0.84744561 -0.26950234 0.45738867
vn 0.96060705 -0.13264062 0.24421419
vn -0.66802579 -0.18931377 0.71965396
vn 0.64087695 0.42411998 0.63984293
vn -0.26370355 0.32978022 0.90647972
vn 0.21171096 0.52026373 0.82734770
vn -0.25608277 0.21858703 0.94161636
vn -0.02558199 0.99252969 -0.11929104
vn 0.11260364 0.42482948 0.89824295
vn -0.70376134 -0.22575787 0.67361218
vn 0.55025244 0.29043368 0.78286052
vn -0.91324353 -0.32123268 0.25059095
vn 0.93085182 -0.08066288 0.35638243
vn 0.95972413 -0.27717960 0.04583730
vn -0.95042676 -0.14222682 0.27651489
vn -0.00419124 0.92688674 -0.37531784
vn 0.92246646 -0.34159103 -0.17992005
vn -0.93795973 -0.26506785 -0.22354122
vn 0.69648409 -0.47691929 -0.53615105
vn -0.68520695 -0.33343768 -0.64754212
vn 0.33190438 -0.33545765 -0.88165057
vn -0.20650762 -0.21633501 -0.95422941
vn 0.73088175 -0.33601126 -0.59406090
vn -0.04154024 0.95542812 -0.29228669
vn 0.26765352 -0.35188362 -0.89696127
vn -0.28113592 -0.10060618 -0.95437992
vn -0.79349196 -0.17653410 -0.58241421
vn -0.96296352 -0.22310841 -0.15140654
vn 0.91340393 -0.33285767 -0.23430552
vn -0.96051544 -0.23509336 0.14879960
vn -0.05949854 0.98617673 -0.15464593
vn 0.93250394 -0.26362348 -0.24685857
vn -0.84744561 -0.26950234 0.45738867
vn 0.96060705 -0.13264062 0.24421419
vn -0.66802579 -0.18931377 0.71965396
vn 0.64087695 0.42411998 0.63984293
vn -0.26370355 0.32978022 0.90647972
vn 0.21171096 0.52026373 0.82734770
vn -0.83751684 -0.01349328 -0.54624486
vn -0.63540071 0.77154189 0.03144833
vn -0.99963123 0.02518127 0.01016580
vn -0.79253131 0.00131628 0.60982978
vn -0.57489687 0.70747107 -0.41106963
vn -0.40067789 -0.03837522 -0.91541499
vn -0.28680089 0.71248126 -0.64040285
vn -0.16364326 0.73842871 -0.65417421
vn -0.12796609 -0.01518695 -0.99166226
vn -0.06007332 0.99732840 0.04156072
vn -0.48476025 0.73434120 0.47513211
vn -0.34091657 -0.02910286 0.93964297
vn -0.20826563 0.68233395 0.70074660
vn -0.04047811 -0.05455146 0.99769014
vn -0.11211786 0.73290199 0.67103225
vn -0.13967748 0.75814027 -0.63695645
vn -0.07452191 0.74968415 0.65758663
vn -0.02045845 -0.07744700 0.99678659
vn -0.00688124 0.99929267 0.03696983
vn -0.04344632 0.73669791 0.67482489
vn -0.03383763 -0.11291324 0.99302852
vn -0.05315908 0.99791050 0.03672569
vn -0.14544767 0.74793839 -0.64763665
vn -0.08717404 -0.04702012 -0.99508286
vn -0.07874453 0.71809447 0.69147640
vn -0.08306330 0.99292183 0.08489303
vn -0.08958455 0.75219816 -0.65281898
vn -0.05839609 0.71117651 0.70058399
vn -0.00652806 -0.06971954 0.99754530
vn -0.08169384 -0.07847332 -0.99356329
vn -0.04762050 0.99346596 0.10371908
vn -0.04741942 0.78516847 -0.61746413
vn -0.03593536 0.70632440 0.70697564
vn 0.02814178 -0.01935659 0.99941653
vn -0.02584694 0.99434656 0.10299014
vn -0.02013464 0.81815070 -0.57465130
vn 0.09486075 0.74370021 0.66174883
vn -0.59051269 0.29111108 0.75269461
vn -0.08260949 0.97373909 0.21215060
vn -0.03822174 0.99907064 -0.01992440
vn -0.11508753 0.99333155 -0.00687830
vn 0.02871432 0.72189617 -0.69140542
vn 0.07965664 0.62050784 -0.78014410
vn -0.04014539 -0.05512848 -0.99767190
vn -0.04704943 -0.03277413 -0.99835473
vn -0.17061687 -0.74689144 -0.64268428
vn -0.06249492 -0.02242722 -0.99779326
vn -0.14498104 -0.73199093 -0.66571003
vn -0.03430303 -0.68935543 -0.72361070
vn -0.15694705 -0.98470032 0.07571594
vn -0.33877006 -0.94025755 0.03392110
vn -0.61353785 -0.75766480 0.22252069
vn -0.03178414 -0.71589905 -0.69747996
vn -0.06156983 -0.63380414 0.77103919
vn -0.59051269 0.29111108 0.75269461
vn 0.02814178 -0.01935659 0.99941653
vn -0.00680225 -0.99985224 0.01579003
vn 0.00664311 -0.71362996 0.70049137
vn -0.00652806 -0.06971954 0.99754530
vn -0.03383763 -0.11291324 0.99302852
vn -0.02315164 -0.67023140 -0.74179101
vn 0.00014093 -0.99927342 -0.03811321
vn 0.00423420 -0.75443643 0.65635949
vn 0.00552385 -0.99854505 -0.05363994
vn 0.01156480 -0.73104841 0.68222755
vn -0.02045845 -0.07744700 0.99678659
vn -0.09595785 -0.69122672 -0.71623856
vn -0.04886869 -0.74435568 0.66599292
vn -0.04047811 -0.05455146 0.99769014
vn -0.07627263 -0.99594796 -0.04764611
vn -0.37464544 -0.92705321 -0.01459966
vn -0.42617950 -0.67112547 -0.60659844
vn -0.40067789 -0.03837522 -0.91541499
vn -0.38327476 -0.68193310 0.62295085
vn -0.34091657 -0.02910286 0.93964297
vn -0.70507556 -0.54227394 -0.45695460
vn -0.83751684 -0.01349328 -0.54624486
vn -0.64994335 -0.55550647 0.51863885
vn -0.79253131 0.00131628 0.60982978
vn -0.77629769 -0.62973535 0.02820073
vn -0.99963123 0.02518127 0.01016580
vn -0.82696968 0.02078925 0.56186199
vn -0.80082440 -0.59889793 0.00127838
vn -0.99733424 0.07269849 0.00627420
vn -0.83142072 0.04330039 -0.55395371
vn -0.68655002 -0.56823975 0.45359963
vn -0.38661355 -0.92224002 -0.00182640
vn -0.36009398 -0.06491651 0.93065470
vn -0.73865587 -0.52338141 -0.42480522
vn -0.38588062 -0.01629299 -0.92240483
vn -0.38291505 -0.70239973 0.60000890
vn -0.07672004 -0.03590298 0.99640602
vn -0.44487613 -0.66202015 -0.60317039
vn -0.07957982 -0.02335485 -0.99655485
vn -0.10159198 -0.73291343 0.67269385
vn -0.03292253 -0.08330761 0.99597991
vn -0.09656588 -0.69017911 -0.71716654
vn -0.03749328 -0.74782765 0.66283333
vn -0.04484808 -0.09754115 0.99422050
vn -0.11974158 -0.99195278 -0.04113023
vn -0.06775407 -0.73936647 0.66988552
vn -0.00873050 -0.10608645 0.99431860
vn -0.06861001 -0.99580473 -0.06054395
vn -0.01606430 -0.74259037 0.66955322
vn 0.09726872 -0.11101107 0.98904771
vn -0.05770059 -0.67261767 -0.73773718
vn -0.07811397 -0.99653399 -0.02860525
vn -0.05735429 -0.69533861 0.71639007
vn 0.07428031 -0.08303399 0.99377453
vn -0.56121171 -0.70599270 0.43199041
vn -0.04892454 -0.99830753 -0.03144069
vn -0.09410888 -0.99230003 -0.08052485
vn -0.23924665 -0.94413590 -0.22664616
vn -0.06420667 -0.70526063 -0.70603472
vn 0.08534934 -0.63400739 -0.76860273
vn -0.14975950 -0.65736443 -0.73854190
vn -0.03535152 -0.68403047 -0.72859627
vn -0.05694759 -0.05440683 -0.99689364
vn 0.18367444 -0.19765221 -0.96291083
vn -0.37346610 0.04695134 -0.92645490
vn -0.00774134 -0.07194112 -0.99737883
vn -0.05452003 -0.09377835 -0.99409920
vn 0.03384463 0.66900158 -0.74248999
vn -0.22969523 0.86015850 -0.45537618
vn -0.01289276 0.77178639 -0.63575113
vn -0.01903652 0.76889127 -0.63909608
vn -0.10236650 0.99348444 0.05009763
vn -0.17739660 0.97935510 0.09692288
vn -0.01706916 0.99450177 0.10331969
vn 0.02616830 0.64859670 0.76068228
vn -0.37755042 0.78108007 0.49736264
vn 0.07428031 -0.08303399 0.99377453
vn 0.09726872 -0.11101107 0.98904771
vn -0.01300697 0.70832157 0.70577008
vn -0.00873050 -0.10608645 0.99431860
vn 0.01831426 0.70784700 0.70612836
vn -0.04484808 -0.09754115 0.99422050
vn 0.02213817 0.99471653 0.10024489
vn -0.00036913 0.71364290 0.70050961
vn 0.00881387 0.99633449 0.08508749
vn 0.01786353 0.73984528 0.67253983
vn -0.03292253 -0.08330761 0.99597991
vn -0.03044759 0.76515043 -0.64313120
vn -0.03025200 0.75944883 0.64986330
vn -0.07672004 -0.03590298 0.99640602
vn 0.04109041 0.99857491 0.03405517
vn -0.01053531 0.76450408 -0.64453286
vn 0.06009261 0.99781150 0.02758701
vn -0.05336070 0.77849036 -0.62538427
vn -0.09404445 0.74015135 0.66583157
vn -0.12301082 0.76654184 -0.63030308
vn -0.20518225 0.61703610 0.75971490
vn -0.36009398 -0.06491651 0.93065470
vn -0.49679980 0.73032439 0.46884573
vn -0.82696968 0.02078925 0.56186199
vn -0.00603983 0.99980599 0.01874891
vn -0.60184187 0.79859406 0.00582247
vn -0.99733424 0.07269849 0.00627420
vn -0.83142072 0.04330039 -0.55395371
vn -0.48708001 0.76173681 -0.42721197
vn -0.38588062 -0.01629299 -0.92240483
vn -0.22472066 0.63213187 -0.74155915
vn -0.81054056 0.02825284 0.58500075
vn -0.80711961 -0.59037268 0.00424619
vn -0.99863595 0.05111507 0.01065713
vn -0.82756633 -0.01705259 -0.56110895
vn -0.68008202 -0.52423972 0.51250476
vn -0.43625382 -0.89882869 0.04230363
vn -0.40424705 -0.04331142 0.91362381
vn -0.70583600 -0.53705871 -0.46191287
vn -0.39507398 -0.08426154 -0.91477680
vn -0.38403380 -0.58492112 0.71441257
vn -0.08214558 -0.01971817 0.99642527
vn -0.44862652 -0.64419723 -0.61947095
vn -0.08833191 -0.06522427 -0.99395335
vn -0.11543881 -0.71902674 0.68532801
vn -0.04745597 -0.03116412 0.99838710
vn -0.10691240 -0.71478444 -0.69112438
vn -0.04432975 -0.72076595 0.69175959
vn -0.05983672 -0.06796399 0.99589181
vn -0.11486829 -0.99311465 -0.02299082
vn -0.07497537 -0.73424321 0.67473370
vn -0.05209618 -0.08241017 0.99523592
vn -0.04332341 -0.99755371 -0.05486028
vn -0.07690936 -0.72967637 0.67945373
vn -0.00087047 -0.05224434 0.99863398
vn -0.04586829 -0.68665266 -0.72553724
vn -0.08188540 -0.99660134 -0.00897263
vn -0.08695286 -0.69213802 0.71650839
vn -0.15074606 0.03998738 0.98776346
vn -0.28340015 -0.69734007 0.65833217
vn -0.09999655 -0.99491280 -0.01221341
vn -0.17782354 -0.98364073 0.02880412
vn -0.26296902 -0.96440649 0.02770231
vn -0.08403146 -0.71057874 -0.69858181
vn -0.46646741 -0.78359443 -0.41035110
vn -0.05909345 -0.72747511 -0.68358469
vn 0.12631564 -0.11017463 -0.98585290
vn -0.82731199 -0.36516446 -0.42686045
vn -0.07371502 -0.71243197 -0.69785875
vn -0.05779974 -0.07142247 -0.99577004
vn -0.01715640 -0.08678054 -0.99607974
vn -0.04742857 -0.11021332 -0.99277568
vn 0.10287770 0.62090433 -0.77710623
vn -0.46413806 0.86853474 -0.17384842
vn 0.05668878 0.77405059 -0.63058078
vn 0.01507647 0.76294297 -0.64629000
vn -0.07386333 0.99358368 -0.08564881
vn -0.27638325 0.96093708 0.01457013
vn 0.04623545 0.99660814 0.06807769
vn -0.00148060 0.77282679 0.63461536
vn -0.40005240 0.71205389 0.57700717
vn -0.15074606 0.03998738 0.98776346
vn -0.00087047 -0.05224434 0.99863398
vn -0.00445010 0.73063076 0.68275833
vn -0.05209618 -0.08241017 0.99523592
vn 0.01721159 0.73777181 0.67483079
vn -0.05983672 -0.06796399 0.99589181
vn 0.04064722 0.99663210 0.07122033
vn -0.02463634 0.73659301 0.67588741
vn -0.01398590 0.99823213 0.05776676
vn -0.01231989 0.76358473 0.64559019
vn -0.04745597 -0.03116412 0.99838710
vn -0.04559079 0.75507402 -0.65405250
vn -0.05746683 0.77272183 0.63213813
vn -0.08214558 -0.01971817 0.99642527
vn 0.00185019 0.99993968 0.01082947
vn -0.04825372 0.74965513 -0.66006726
vn 0.02476417 0.99941051 0.02377852
vn -0.03863597 0.75433528 -0.65535146
vn -0.10670219 0.76401317 0.63631636
vn -0.03217944 0.99878711 0.03726652
vn -0.10139099 0.74963403 -0.65404034
vn -0.22507769 0.56341374 0.79492450
vn -0.40424705 -0.04331142 0.91362381
vn -0.47320107 0.75254399 0.45799389
vn -0.81054056 0.02825284 0.58500075
vn -0.60367680 0.79722911 -0.00019666
vn -0.99863595 0.05111507 0.01065713
vn -0.82756633 -0.01705259 -0.56110895
vn -0.49457508 0.72227198 -0.48344463
vn -0.39507398 -0.08426154 -0.91477680
vn -0.24043661 0.52483767 -0.81653887
vn -0.75205886 -0.11219702 -0.64947623
vn -0.99815416 -0.03486981 -0.04972234
vn 0.07806499 -0.99533767 -0.05664577
vn -0.44982952 -0.12002548 -0.88501263
vn -0.75314313 -0.21995898 0.61999482
vn -0.36808366 -0.19423813 0.90927774
vn -0.30871487 -0.11815271 -0.94378763
vn -0.21612772 -0.20445405 0.95471847
vn 0.37621039 -0.92567480 -0.03989933
vn 0.01391692 0.00971655 -0.99985594
vn 0.13342002 -0.05675019 0.98943341
vn 0.43178791 0.04220680 -0.90098709
vn 0.50957030 0.04691264 0.85914922
vn 0.88052535 0.14807788 -0.45027557
vn 0.91821885 0.15774618 0.36330464
vn 0.97934467 0.19267029 -0.06133674
vn -0.74085850 -0.11226593 -0.66221231
vn -0.99940974 -0.03395429 0.00522552
vn 0.06002659 -0.99757576 -0.03520646
vn -0.36147395 -0.17536084 -0.91574293
vn -0.78711927 -0.22890632 0.57275224
vn -0.13783564 -0.07257293 -0.98779273
vn -0.44386464 -0.23196369 0.86555010
vn 0.05836711 -0.16435343 -0.98467314
vn 0.40625331 -0.91301656 -0.03686545
vn 0.49408653 0.01893350 -0.86920655
vn -0.06225401 -0.14266843 0.98781079
vn 0.86940521 0.27332979 -0.41161326
vn -0.05625162 -0.20985873 0.97611225
vn 0.94739503 0.32006672 0.00001437
vn 0.48805028 -0.10806163 0.86610025
vn 0.89430261 0.17309800 0.41262573
vn -0.73685688 -0.57857800 -0.34969920
vn -0.71973991 0.15316945 0.67713630
vn -0.54754734 -0.83535683 -0.04869217
vn -0.72780889 -0.08733258 -0.68019646
vn -0.35717654 -0.91413242 0.19179888
vn -0.63819253 0.45044729 -0.62434566
vn -0.49417546 0.78873610 -0.36563089
vn -0.10815265 -0.94476545 0.30938855
vn -0.18466580 0.19657397 0.96294200
vn 0.32348117 -0.77034926 0.54947424
vn -0.21161252 0.96161127 -0.17471088
vn 0.86184812 -0.34215939 0.37435910
vn 0.08862958 0.99478096 0.05055301
vn 0.91835099 0.03043609 0.39459488
vn 0.52676445 0.82734156 0.19500035
vn 0.89129579 0.38627407 0.23745362
vn 0.49573436 -0.08477815 0.86432636
vn 0.33717552 -0.94144148 -0.00084135
vn 0.12299794 -0.08364684 0.98887551
vn 0.91327977 0.13432693 0.38454685
vn 0.98162264 0.18636696 -0.04104197
vn 0.87538362 0.07898795 -0.47693226
vn 0.43944007 -0.05109462 -0.89681756
vn -0.10678419 -0.12145101 0.98683679
vn -0.07798979 -0.99695301 0.00152547
vn -0.45378965 -0.14305399 0.87955129
vn 0.13780774 -0.11113806 -0.98420393
vn -0.82522285 -0.03009509 0.56400496
vn -0.12747808 -0.13380878 -0.98277390
vn -0.99012387 0.08422522 -0.11207499
vn -0.39796069 -0.14595616 -0.90571743
vn -0.72409564 -0.02956317 -0.68906575
vn 0.45580232 -0.05453619 0.88840872
vn 0.31488487 -0.94901580 0.01471506
vn 0.02832135 -0.10065012 0.99451876
vn 0.90438038 0.08277536 0.41862193
vn 0.98981392 0.14110117 -0.01894281
vn 0.89156067 0.11887894 -0.43702102
vn 0.46870220 -0.08184044 -0.87955695
vn -0.10322910 -0.07723784 0.99165422
vn -0.06585248 -0.99738657 0.02972419
vn -0.46811873 -0.10931081 0.87687856
vn 0.07568289 -0.12704185 -0.98900580
vn -0.81795013 0.03230185 0.57438159
vn -0.03892818 -0.15856622 -0.98658067
vn -0.99503136 0.04996086 -0.08611911
vn -0.33919290 -0.17016537 -0.92519832
vn -0.70220238 -0.05049714 -0.71018445
vn -0.00664196 -0.71363032 0.70049107
vn -0.02814050 -0.01935492 0.99941659
vn 0.00652820 -0.06971992 0.99754524
vn 0.03383831 -0.11291306 0.99302852
vn 0.06156904 -0.63380450 0.77103895
vn 0.59047157 0.29119754 0.75269336
vn 0.61357546 -0.75763422 0.22252110
vn 0.15695083 -0.98469979 0.07571480
vn 0.33877602 -0.94025540 0.03392004
vn 0.17061472 -0.74689102 -0.64268529
vn 0.00680478 -0.99985224 0.01578930
vn -0.00423495 -0.75443655 0.65635931
vn -0.00014265 -0.99927348 -0.03811306
vn -0.01156957 -0.73104882 0.68222708
vn 0.02045798 -0.07744731 0.99678653
vn -0.00552818 -0.99854511 -0.05363913
vn 0.04886568 -0.74435633 0.66599238
vn 0.04047725 -0.05455129 0.99769020
vn 0.07627556 -0.99594778 -0.04764550
vn 0.37464851 -0.92705196 -0.01460015
vn 0.38328257 -0.68193024 0.62294912
vn 0.34092233 -0.02910255 0.93964088
vn 0.64995170 -0.55550289 0.51863217
vn 0.79253381 0.00131713 0.60982651
vn 0.77629787 -0.62973529 0.02819857
vn 0.99963117 0.02518090 0.01016870
vn 0.83751684 -0.01349401 -0.54624486
vn 0.70508099 -0.54226917 -0.45695192
vn 0.40067455 -0.03837500 -0.91541642
vn 0.42617947 -0.67112327 -0.60660094
vn 0.12796542 -0.01518708 -0.99166232
vn 0.09596238 -0.69122630 -0.71623838
vn 0.02315073 -0.67023176 -0.74179071
vn 0.03178073 -0.71589988 -0.69747931
vn 0.08717478 -0.04702048 -0.99508274
vn 0.03430146 -0.68935573 -0.72361046
vn 0.08169270 -0.07847399 -0.99356335
vn 0.14497788 -0.73199010 -0.66571164
vn 0.06249365 -0.02242752 -0.99779338
vn 0.04014580 -0.05512818 -0.99767190
vn 0.04704987 -0.03277437 -0.99835473
vn -0.07965590 0.62050706 -0.78014481
vn -0.02871223 0.72189587 -0.69140583
vn 0.03821790 0.99907076 -0.01992512
vn 0.02013596 0.81815064 -0.57465130
vn 0.04741970 0.78516829 -0.61746424
vn 0.14544860 0.74793810 -0.64763671
vn 0.08958590 0.75219774 -0.65281922
vn 0.13967924 0.75813991 -0.63695657
vn 0.16364241 0.73842859 -0.65417463
vn 0.40067455 -0.03837500 -0.91541642
vn 0.11508742 0.99333155 -0.00687827
vn 0.02584496 0.99434656 0.10299065
vn 0.04762254 0.99346590 0.10371889
vn 0.08306814 0.99292147 0.08489240
vn 0.05315828 0.99791056 0.03672564
vn 0.00688075 0.99929267 0.03696984
vn 0.06007174 0.99732846 0.04156077
vn -0.09486096 0.74370015 0.66174889
vn 0.08247404 0.97375041 0.21215130
vn 0.59047157 0.29119754 0.75269336
vn -0.02814050 -0.01935492 0.99941659
vn 0.03593435 0.70632398 0.70697612
vn 0.00652820 -0.06971992 0.99754524
vn 0.05840249 0.71117598 0.70058399
vn 0.03383831 -0.11291306 0.99302852
vn 0.07875350 0.71809417 0.69147569
vn 0.04344369 0.73669803 0.67482489
vn 0.02045798 -0.07744731 0.99678653
vn 0.07451205 0.74968541 0.65758634
vn 0.04047725 -0.05455129 0.99769020
vn 0.11210968 0.73290324 0.67103225
vn 0.20826562 0.68233418 0.70074642
vn 0.63539654 0.77154529 0.03145054
vn 0.34092233 -0.02910255 0.93964088
vn 0.48476443 0.73434114 0.47512788
vn 0.79253381 0.00131713 0.60982651
vn 0.99963117 0.02518090 0.01016870
vn 0.83751684 -0.01349401 -0.54624486
vn 0.28679869 0.71248245 -0.64040244
vn 0.57489586 0.70747173 -0.41107008
vn 0.83142406 0.04329640 -0.55394906
vn 0.80082184 -0.59890127 0.00128103
vn 0.99733496 0.07268915 0.00626935
vn 0.82697225 0.02078581 0.56185848
vn 0.73865432 -0.52338064 -0.42480889
vn 0.38661307 -0.92224020 -0.00182528
vn 0.38588551 -0.01629378 -0.92240280
vn 0.68655002 -0.56824070 0.45359847
vn 0.36009997 -0.06491712 0.93065238
vn 0.44487342 -0.66201979 -0.60317290
vn 0.07958001 -0.02335423 -0.99655485
vn 0.38292107 -0.70240039 0.60000437
vn 0.07672020 -0.03590302 0.99640602
vn 0.10159082 -0.73291397 0.67269343
vn 0.03292575 -0.08330648 0.99597991
vn 0.09656481 -0.69017875 -0.71716702
vn 0.11974055 -0.99195290 -0.04113038
vn 0.03749468 -0.74782789 0.66283303
vn 0.04487659 -0.09752799 0.99422050
vn 0.06861346 -0.99580455 -0.06054366
vn 0.06775282 -0.73936719 0.66988486
vn 0.00880413 -0.10608032 0.99431860
vn 0.05770118 -0.67261720 -0.73773754
vn 0.07811259 -0.99653405 -0.02860564
vn 0.01679039 -0.74257481 0.66955268
vn -0.09715724 -0.11110581 0.98904800
vn 0.05804366 -0.69528222 0.71638930
vn -0.07418243 -0.08311647 0.99377495
vn 0.56193459 -0.70541942 0.43198726
vn 0.04989873 -0.99825931 -0.03144012
vn 0.09507115 -0.99220836 -0.08052359
vn 0.24016117 -0.94390392 -0.22664532
vn 0.06420410 -0.70526123 -0.70603430
vn 0.03601703 -0.68399668 -0.72859550
vn -0.08473131 -0.63409299 -0.76860052
vn 0.15031195 -0.65724069 -0.73853981
vn 0.05694659 -0.05440621 -0.99689370
vn 0.05454215 -0.09376538 -0.99409920
vn -0.18348056 -0.19783175 -0.96291095
vn 0.37345186 0.04711588 -0.92645228
vn 0.00779446 -0.07193536 -0.99737883
vn -0.03449576 0.66896832 -0.74248999
vn 0.22913468 0.86030781 -0.45537651
vn 0.01231440 0.77179545 -0.63575161
vn 0.01865780 0.76889992 -0.63909692
vn 0.10139334 0.99358422 0.05009863
vn 0.17649055 0.97951877 0.09692338
vn 0.01632231 0.99451429 0.10331985
vn -0.02680377 0.64857042 0.76068258
vn 0.37690037 0.78139341 0.49736348
vn -0.07418243 -0.08311647 0.99377495
vn -0.09715724 -0.11110581 0.98904800
vn 0.01248106 0.70833123 0.70576984
vn 0.00880413 -0.10608032 0.99431860
vn -0.01866106 0.70783722 0.70612901
vn 0.04487659 -0.09752799 0.99422050
vn -0.02263066 0.99470532 0.10024568
vn 0.00018717 0.71364218 0.70051044
vn -0.00905543 0.99633229 0.08508793
vn -0.01791216 0.73984361 0.67254043
vn 0.03292575 -0.08330648 0.99597991
vn 0.03026072 0.76515746 -0.64313173
vn -0.04115569 0.99857223 0.03405541
vn 0.03023189 0.75944972 0.64986324
vn 0.07672020 -0.03590302 0.99640602
vn 0.01047757 0.76450473 -0.64453292
vn -0.06012228 0.99780977 0.02758744
vn 0.05334523 0.77849138 -0.62538433
vn 0.09403918 0.74015212 0.66583139
vn 0.12300218 0.76654351 -0.63030279
vn 0.20518455 0.61703575 0.75971454
vn 0.36009997 -0.06491712 0.93065238
vn 0.49680448 0.73032260 0.46884352
vn 0.82697225 0.02078581 0.56185848
vn 0.00602819 0.99980605 0.01875000
vn 0.60184705 0.79859018 0.00581768
vn 0.99733496 0.07268915 0.00626935
vn 0.83142406 0.04329640 -0.55394906
vn 0.48708212 0.76173735 -0.42720863
vn 0.38588551 -0.01629378 -0.92240280
vn 0.22472799 0.63213247 -0.74155635
vn -0.32348108 -0.77034932 0.54947418
vn -0.86184818 -0.34215945 0.37435907
vn 0.18466516 0.19657417 0.96294206
vn -0.91835105 0.03043616 0.39459482
vn -0.89129567 0.38627422 0.23745358
vn -0.52676445 0.82734162 0.19500029
vn -0.08865292 0.99477798 0.05057167
vn 0.10815825 -0.94476581 0.30938545
vn 0.71974057 0.15316975 0.67713559
vn 0.35718870 -0.91412961 0.19178975
vn 0.21160398 0.96161443 -0.17470396
vn 0.54754734 -0.83535683 -0.04869210
vn 0.49417534 0.78873628 -0.36563078
vn 0.73685682 -0.57857811 -0.34969914
vn 0.63819259 0.45044732 -0.62434566
vn 0.72780895 -0.08733273 -0.68019646
vn -0.43178800 0.04220675 -0.90098709
vn -0.88052529 0.14807807 -0.45027560
vn -0.37621054 -0.92567474 -0.03989913
vn -0.01393563 0.00971905 -0.99985564
vn -0.97934461 0.19267061 -0.06133661
vn -0.91821873 0.15774654 0.36330488
vn -0.50956994 0.04691304 0.85914934
vn -0.13341135 -0.05675108 0.98943454
vn 0.30874276 -0.11815816 -0.94377786
vn -0.07806466 -0.99533772 -0.05664599
vn 0.21611597 -0.20445149 0.95472169
vn 0.44982922 -0.12002579 -0.88501269
vn 0.36808375 -0.19423804 0.90927774
vn 0.75205857 -0.11219738 -0.64947653
vn 0.75314307 -0.21995907 0.61999476
vn 0.99815416 -0.03487010 -0.04972252
vn 0.99940974 -0.03395445 0.00522541
vn -0.06002749 -0.99757570 -0.03520666
vn 0.78711945 -0.22890635 0.57275206
vn 0.74085844 -0.11226616 -0.66221231
vn 0.44386497 -0.23196360 0.86554998
vn 0.36147383 -0.17536110 -0.91574299
vn 0.13779880 -0.07257012 -0.98779809
vn 0.06228341 -0.14267029 0.98780870
vn -0.40625492 -0.91301584 -0.03686562
vn 0.05623047 -0.20985545 0.97611415
vn -0.05839078 -0.16434956 -0.98467243
vn -0.48805022 -0.10806147 0.86610025
vn -0.49408674 0.01893348 -0.86920643
vn -0.89430255 0.17309819 0.41262573
vn -0.86940527 0.27332982 -0.41161308
vn -0.94739503 0.32006684 0.00001448
vn -0.43944028 -0.05109471 -0.89681751
vn -0.87538373 0.07898799 -0.47693214
vn -0.33717686 -0.94144094 -0.00084158
vn -0.98162258 0.18636705 -0.04104185
vn -0.91327971 0.13432713 0.38454700
vn -0.49573433 -0.08477797 0.86432642
vn -0.12302796 -0.08364385 0.98887199
vn -0.13779566 -0.11113949 -0.98420548
vn 0.07799076 -0.99695289 0.00152529
vn 0.12751479 -0.13381237 -0.98276871
vn 0.10681061 -0.12145263 0.98683369
vn 0.39796045 -0.14595631 -0.90571749
vn 0.45378977 -0.14305392 0.87955129
vn 0.72409552 -0.02956337 -0.68906587
vn 0.82522285 -0.03009510 0.56400490
vn 0.99012393 0.08422508 -0.11207510
vn 0.99496716 0.05122269 -0.08611923
vn 0.06711965 -0.99730211 0.02972403
vn 0.81790841 0.03333922 0.57438165
vn 0.70226556 -0.04960670 -0.71018469
vn 0.46825698 -0.10871694 0.87687856
vn 0.33940813 -0.16973521 -0.92519838
vn 0.03916171 -0.15851989 -0.98657882
vn 0.10333536 -0.07710738 0.99165332
vn -0.31367984 -0.94941479 0.01471483
vn -0.02820333 -0.10068479 0.99451858
vn -0.07549260 -0.12714042 -0.98900765
vn -0.45573252 -0.05511406 0.88840890
vn -0.46859804 -0.08243481 -0.87955695
vn -0.90448457 0.08162837 0.41862223
vn -0.89171076 0.11774822 -0.43702099
vn -0.98999208 0.13984580 -0.01894270
vn 0.99863577 0.05111566 0.01066452
vn 0.60367209 0.79723275 -0.00018941
vn 0.82756972 -0.01705167 -0.56110400
vn 0.81053913 0.02825254 0.58500266
vn 0.49457461 0.72227257 -0.48344415
vn 0.39507374 -0.08426174 -0.91477686
vn 0.24043433 0.52483749 -0.81653959
vn 0.08833112 -0.06522305 -0.99395353
vn 0.10137790 0.74963593 -0.65404016
vn 0.47319692 0.75254393 0.45799822
vn 0.40425292 -0.04331055 0.91362125
vn 0.03215835 0.99878782 0.03726499
vn 0.22507656 0.56341428 0.79492450
vn 0.08214670 -0.01971533 0.99642527
vn 0.10668112 0.76401663 0.63631576
vn 0.03859079 0.75433743 -0.65535164
vn 0.05741657 0.77272564 0.63213801
vn 0.04745820 -0.03115885 0.99838716
vn -0.02481249 0.99940926 0.02377868
vn 0.01220552 0.76358658 0.64559013
vn 0.05987217 -0.06793297 0.99589181
vn -0.00199103 0.99993938 0.01083073
vn 0.04813690 0.74966252 -0.66006738
vn 0.05780413 -0.07141888 -0.99577010
vn 0.04534627 0.75508893 -0.65405238
vn 0.01369060 0.99823624 0.05776726
vn 0.02433345 0.73660326 0.67588729
vn -0.01784649 0.73775727 0.67483020
vn 0.05219521 -0.08234617 0.99523604
vn -0.04150142 0.99659681 0.07122076
vn -0.01573387 0.76293004 -0.64628953
vn 0.00347516 0.73063612 0.68275827
vn 0.00095258 -0.05224255 0.99863398
vn -0.04764686 0.99654162 0.06807788
vn 0.00014982 0.77282864 0.63461477
vn 0.15063803 0.04031084 0.98776680
vn 0.39883548 0.71274388 0.57699782
vn 0.27487892 0.96136856 0.01456281
vn 0.07215029 0.99370950 -0.08564907
vn 0.46322337 0.86902320 -0.17384718
vn -0.10394663 0.62072676 -0.77710581
vn 0.82787508 -0.36388686 -0.42685977
vn -0.05778366 0.77396989 -0.63058043
vn -0.12612705 -0.11039104 -0.98585284
vn 0.46771809 -0.78284836 -0.41035137
vn 0.01726328 -0.08675897 -0.99607974
vn 0.08524537 -0.71043384 -0.69858217
vn 0.26460606 -0.96395892 0.02769287
vn 0.04748339 -0.11018979 -0.99277568
vn 0.07494024 -0.71230441 -0.69785845
vn 0.17949335 -0.98333746 0.02880165
vn 0.28473845 -0.69680440 0.65832192
vn 0.05909464 -0.72747600 -0.68358362
vn 0.10170566 -0.99473953 -0.01221322
vn 0.08817506 -0.69198614 0.71650565
vn 0.15063803 0.04031084 0.98776680
vn 0.00095258 -0.05224255 0.99863398
vn 0.07815983 -0.72954386 0.67945337
vn 0.05219521 -0.08234617 0.99523604
vn 0.04586484 -0.68665349 -0.72553658
vn 0.08188345 -0.99660158 -0.00897209
vn 0.07497201 -0.73424399 0.67473328
vn 0.05987217 -0.06793297 0.99589181
vn 0.04331989 -0.99755388 -0.05486027
vn 0.04432688 -0.72076601 0.69175977
vn 0.04745820 -0.03115885 0.99838716
vn 0.10690787 -0.71478438 -0.69112521
vn 0.11543488 -0.71902645 0.68532890
vn 0.08214670 -0.01971533 0.99642527
vn 0.11486182 -0.99311543 -0.02299059
vn 0.43625340 -0.89882892 0.04230359
vn 0.44862691 -0.64419675 -0.61947107
vn 0.39507374 -0.08426174 -0.91477686
vn 0.38403276 -0.58492124 0.71441311
vn 0.40425292 -0.04331055 0.91362125
vn 0.70583642 -0.53705895 -0.46191198
vn 0.82756972 -0.01705167 -0.56110400
vn 0.68007809 -0.52424026 0.51250941
vn 0.81053913 0.02825254 0.58500266
vn 0.80712163 -0.59036994 0.00425043
vn 0.99863577 0.05111566 0.01066452
vn -0.89171076 0.11774822 -0.43702099
vn -0.11550996 0.99294102 -0.02693627
vn -0.98999208 0.13984580 -0.01894270
vn -0.46859804 -0.08243481 -0.87955695
vn -0.90448457 0.08162837 0.41862223
vn -0.07549260 -0.12714042 -0.98900765
vn -0.45573252 -0.05511406 0.88840890
vn 0.03916171 -0.15851989 -0.98657882
vn 0.10050233 0.99342644 -0.05480135
vn 0.33940813 -0.16973521 -0.92519838
vn -0.02820333 -0.10068479 0.99451858
vn 0.70226556 -0.04960670 -0.71018469
vn 0.10333536 -0.07710738 0.99165332
vn 0.99496716 0.05122269 -0.08611923
vn 0.46825698 -0.10871694 0.87687856
vn 0.81790841 0.03333922 0.57438165
vn 0.52342761 0.17879422 -0.83310032
vn -0.01612910 0.15018211 -0.98852676
vn -0.02764595 -0.46056631 -0.88719469
vn -0.53884220 0.01919968 -0.84218794
vn 0.45484865 -0.36499235 -0.81233817
vn 0.44830206 -0.66578907 -0.59644806
vn -0.13681318 0.48142323 -0.86574465
vn -0.15128027 -0.50632882 -0.84896725
vn -0.45125723 -0.44634184 -0.77275217
vn -0.86025017 -0.04742613 -0.50766176
vn -0.54811186 -0.60616928 -0.57630908
vn -0.94348323 -0.06706142 -0.32456464
vn -0.63733059 -0.39965335 -0.65885276
vn -0.70251745 -0.01319693 -0.71154416
vn 0.02083930 -0.47066936 -0.88206357
vn -0.07213765 0.00024926 -0.99739468
vn -0.53518045 -0.73573983 -0.41505283
vn -0.06680642 -0.76830411 -0.63658911
vn -0.61912024 -0.73293406 -0.28195357
vn -0.98572624 -0.08543496 -0.14506795
vn -0.09857687 -0.98320991 -0.15356086
vn 0.57898504 -0.38997820 -0.71602607
vn 0.61305076 0.05591995 -0.78806198
vn -0.07321907 0.10388303 -0.99189079
vn -0.09401806 -0.80530041 -0.58536470
vn -0.56233752 -0.82416695 -0.06727073
vn 0.15871450 -0.98715556 0.01826562
vn -0.72544748 -0.68569362 -0.05958366
vn -0.99201560 0.00486969 -0.12602139
vn 0.04596283 -0.99325550 -0.10644705
vn -0.70144343 -0.70375896 -0.11269658
vn -0.98966491 -0.07973055 -0.11919074
vn -0.10989404 -0.99020439 -0.08613116
vn -0.67008066 -0.74045473 -0.05214101
vn -0.98319268 -0.16391675 -0.08039563
vn -0.74490541 -0.64838624 0.15719785
vn -0.98934442 -0.05301769 0.13559796
vn -0.96074569 -0.08192847 0.26505750
vn -0.66794389 -0.66309494 0.33786982
vn -0.96861959 -0.24667229 0.03047757
vn -0.12248604 -0.98676169 0.10629446
vn -0.06372282 -0.99442303 -0.08403736
vn 0.06653041 -0.97075480 -0.23067059
vn -0.62685323 -0.77870488 0.02595749
vn -0.95350206 -0.27911645 -0.11370054
vn -0.07438310 -0.94253081 0.32573435
vn 0.61250889 -0.77270520 -0.16661184
vn 0.70921034 -0.67681992 0.19732068
vn 0.46993583 -0.87670231 -0.10273017
vn 0.51567400 -0.85392994 0.06988624
vn -0.32719320 -0.94415253 -0.03899490
vn 0.02333128 -0.99915147 0.03394018
vn 0.16190900 -0.96194309 0.22011569
vn 0.49398771 -0.86631602 -0.07397741
vn -0.56578302 -0.81788737 0.10464178
vn -0.10427195 -0.95812029 -0.26670751
vn 0.02888761 -0.99218398 0.12139356
vn 0.00060823 -0.94767052 -0.31924954
vn 0.07796069 -0.96709609 -0.24217211
vn 0.31425416 -0.91577989 -0.25018317
vn 0.10155372 -0.83067000 -0.54742509
vn 0.57644540 -0.69448406 -0.43058398
vn 0.71591026 -0.69718516 0.03748933
vn -0.00770924 -0.60320652 -0.79754782
vn 0.52344900 -0.84888619 0.07343987
vn -0.58438104 -0.45916930 -0.66907579
vn -0.68696833 0.05495691 -0.72460628
vn -0.03685278 0.06297532 -0.99733442
vn -0.00558747 -0.88935113 -0.45719078
vn -0.57051897 -0.71446377 -0.40503034
vn 0.02047854 -0.55591565 -0.83098644
vn 0.67872590 0.00824050 -0.73434544
vn 0.02333216 -0.99885851 0.04168122
vn 0.08700510 -0.98349273 0.15865737
vn -0.00421674 -0.85494906 -0.51869482
vn 0.65967792 -0.39063355 -0.64205176
vn 0.12788172 0.26621479 -0.95539308
vn -0.49946472 -0.86468989 0.05335128
vn 0.08078660 -0.99581951 0.04262753
vn -0.55723697 -0.80789620 0.19180907
vn 0.01605945 -0.99968231 0.01942551
vn 0.57838970 -0.69231766 -0.43146446
vn 0.07856946 -0.60088545 -0.79546440
vn -0.22442091 -0.95130485 -0.21131587
vn -0.10290933 -0.98986268 0.09788525
vn -0.51009941 -0.56178838 -0.65130061
vn -0.60778588 -0.06395791 -0.79152119
vn 0.09996975 -0.07457032 -0.99219215
vn 0.50757492 -0.85971564 -0.05706773
vn 0.05497358 -0.84882206 -0.52581280
vn 0.02340388 -0.96997595 -0.24207218
vn 0.13202398 -0.55953127 -0.81822640
vn 0.69807738 0.01238923 -0.71591520
vn 0.08238815 -0.96329343 -0.25549567
vn 0.37600645 -0.92597103 0.03459450
vn 0.05066058 -0.99046665 -0.12809886
vn -0.46683618 -0.78024125 -0.41627821
vn 0.07819290 -0.99627078 -0.03647500
vn 0.65560699 -0.36119312 -0.66311312
vn 0.20109749 -0.04997636 -0.97829556
vn 0.14776199 -0.96962357 -0.19492710
vn 0.11682203 -0.99239641 -0.03875555
vn 0.08575212 -0.99339354 0.07626183
vn 0.05030758 -0.83849001 -0.54258978
vn -0.45448360 -0.89053643 0.01973619
vn 0.37677342 -0.91790664 -0.12445547
vn -0.00330095 -0.99011135 0.14024514
vn 0.13814442 -0.98379570 0.11428968
vn 0.06110045 -0.96996331 -0.23545271
vn -0.32412416 -0.92757815 0.18585563
vn -0.18730435 -0.97727752 -0.09922557
vn -0.02291447 -0.99954373 0.01967981
vn 0.57560176 -0.66195983 -0.48009574
vn -0.05476241 -0.99220324 0.11195435
vn 0.06350615 -0.96707779 -0.24642967
vn 0.32576802 -0.71690899 -0.61637378
vn 0.52551740 -0.84333211 -0.11234960
vn 0.50279689 -0.86415654 0.02070749
vn 0.08314862 -0.98176885 -0.17092776
vn 0.25973490 -0.95578820 -0.13786505
vn 0.43523633 -0.87129456 -0.22674899
vn -0.28814492 -0.71148044 -0.64091188
vn -0.52719712 -0.01748977 -0.84956306
vn 0.13648008 -0.00884829 -0.99060333
vn 0.15503994 -0.98666042 0.04963759
vn -0.01042810 -0.99107486 -0.13289800
vn 0.21058741 -0.64350498 -0.73590374
vn 0.68141615 0.06368569 -0.72912014
vn -0.02584190 -0.98960078 0.14150108
vn 0.02095172 -0.99933439 0.02986269
vn 0.32312042 -0.91505545 -0.24138524
vn 0.69737935 -0.41393545 -0.58508080
vn 0.91187364 0.08364482 -0.40185827
vn -0.44425282 -0.88515651 0.13833815
vn -0.13205376 -0.97309685 -0.18879716
vn 0.71102065 -0.58936393 -0.38353583
vn 0.96605271 0.11227667 -0.23267172
vn 0.15821570 -0.98728681 -0.01524853
vn 0.81181777 -0.56328315 -0.15383114
vn 0.98604202 -0.02997896 -0.16377538
vn 0.09720087 -0.98955071 -0.10649606
vn 0.77386147 -0.62155551 -0.12168477
vn 0.98275262 -0.01425500 -0.18437488
vn 0.72779381 -0.66100830 -0.18271346
vn 0.68432546 -0.72581273 -0.06996070
vn 0.99367225 -0.01911465 -0.11068034
vn 0.99669206 -0.06866506 0.04347450
vn 0.67777687 -0.72325253 0.13237950
vn 0.18257280 -0.98081976 0.06826254
vn 0.66583627 -0.69247538 0.27774072
vn 0.95282882 -0.17539850 0.24769461
vn 0.16905911 -0.94338316 0.28538957
vn 0.64249814 -0.69342965 0.32611576
vn 0.96134400 -0.24486218 0.12593730
vn -0.00185991 -0.95924145 0.28258169
vn 0.75332838 -0.65622914 -0.04312359
vn 0.96799052 -0.24068183 0.07118053
vn 0.19701689 -0.96841758 0.15281288
vn 0.00402033 -0.99989963 0.01358882
vn 0.35549447 -0.90999186 -0.21339774
vn 0.69299382 -0.72049928 0.02530727
vn -0.14298756 -0.98891139 -0.04011052
vn 0.03895748 -0.97397596 -0.22327845
vn -0.02488845 -0.99963456 0.01055024
vn -0.24285091 -0.94468206 -0.22045252
vn -0.62969911 -0.76034832 -0.15921500
vn -0.31342402 -0.94729221 0.06635396
vn -0.68011361 -0.72604072 0.10153969
vn -0.92263341 -0.37492797 0.09042441
vn -0.23832110 -0.94403940 0.22801897
vn -0.56799179 -0.73051900 0.37911385
vn -0.79333234 -0.35535103 0.49431726
vn -0.46216065 -0.44061574 0.76958776
vn -0.27368864 -0.80911112 0.52003253
vn -0.06859380 -0.95450598 0.29019517
vn -0.03717273 -0.77177876 0.63480371
vn -0.03720080 -0.43782991 0.89828783
vn 0.42768106 -0.39600500 0.81256938
vn 0.23767835 -0.79439884 0.55896288
vn 0.13415022 -0.96386397 0.23015204
vn 0.56415659 -0.71535146 0.41231024
vn 0.83438206 -0.24775720 0.49236462
vn 0.22510268 -0.97423887 -0.01369143
vn -0.78226864 -0.23098110 -0.57853562
vn -0.42793959 -0.11216421 -0.89682043
vn 0.05379365 0.98117471 -0.18547879
vn 0.14498729 -0.01097533 -0.98937267
vn 0.66381246 -0.13382410 -0.73582894
vn 0.91058403 -0.23258720 -0.34167233
vn -0.95826656 -0.22276661 -0.17916554
vn 0.95156068 -0.28220943 0.12202513
vn 0.13989411 0.98853141 -0.05687967
vn -0.98508167 -0.16881225 -0.03341459
vn 0.87948108 -0.43299031 0.19756651
vn -0.90565240 -0.00681657 0.42396611
vn 0.68827647 -0.31811494 0.65198040
vn -0.43330631 0.35672975 0.82764101
vn 0.30338228 0.19192240 0.93334079
vn -0.02456716 0.33710644 0.94114602
vn -0.73485380 -0.30580688 -0.60536933
vn -0.36907908 -0.17144722 -0.91344762
vn -0.04095582 0.97834122 -0.20290652
vn 0.21099491 -0.02001742 -0.97728223
vn 0.71977162 -0.07539645 -0.69010448
vn 0.94909883 -0.13597250 -0.28411773
vn -0.93599916 -0.27157760 -0.22394462
vn 0.98100740 -0.15247923 0.11989404
vn -0.01668475 0.99700516 -0.07551336
vn -0.96817619 -0.21941181 -0.12038819
vn 0.96654791 -0.09222727 0.23933092
vn -0.92300373 -0.07184485 0.37802434
vn 0.74631006 -0.00400671 0.66558647
vn -0.48948348 0.25550413 0.83374077
vn 0.19819312 0.04836680 0.97896892
vn -0.13485669 0.32355341 0.93655050
vn -0.63124835 -0.07970834 -0.77147400
vn -0.01546627 -0.14903319 -0.98871124
vn 0.15508904 0.95254785 -0.26191607
vn -0.93275332 -0.06673767 -0.35428426
vn 0.53576678 -0.31120959 -0.78492206
vn -0.99761099 -0.05825570 -0.03712961
vn 0.78275061 -0.41446900 -0.46423796
vn -0.95025539 -0.09736390 0.29586318
vn 0.09865420 0.99368626 -0.05343290
vn -0.82398558 -0.01340440 0.56645226
vn 0.94000357 -0.33745494 -0.05017467
vn -0.30963114 0.26955700 0.91184843
vn 0.95907629 -0.27912778 -0.04754271
vn 0.11074051 0.30178693 0.94692200
vn 0.87005079 -0.21015292 0.44592309
vn 0.47830471 0.23251735 0.84685320
vn -0.92246664 -0.34159094 -0.17991909
vn 0.02558193 0.99252969 -0.11929123
vn -0.95972389 -0.27718109 0.04583393
vn 0.00419117 0.92688674 -0.37531778
vn -0.93085176 -0.08066281 0.35638249
vn -0.69648421 -0.47691929 -0.53615087
vn -0.55025220 0.29043368 0.78286064
vn -0.33190453 -0.33545765 -0.88165051
vn -0.11260349 0.42482945 0.89824295
vn 0.20650744 -0.21633501 -0.95422947
vn 0.25608295 0.21858703 0.94161630
vn 0.68520689 -0.33343771 -0.64754218
vn 0.93795961 -0.26506793 -0.22354136
vn 0.95042694 -0.14222679 0.27651429
vn 0.70376146 -0.22575793 0.67361206
vn 0.91324478 -0.32123339 0.25058568
vn -0.91340381 -0.33285773 -0.23430584
vn 0.05949866 0.98617673 -0.15464601
vn -0.93250406 -0.26362348 -0.24685815
vn 0.04154019 0.95542812 -0.29228669
vn -0.96060699 -0.13264063 0.24421440
vn -0.73088193 -0.33601135 -0.59406066
vn -0.64087689 0.42411998 0.63984299
vn -0.26765370 -0.35188362 -0.89696121
vn -0.21171083 0.52026373 0.82734770
vn 0.28113571 -0.10060608 -0.95437998
vn 0.26370373 0.32978022 0.90647966
vn 0.79349184 -0.17653410 -0.58241433
vn 0.96296346 -0.22310837 -0.15140669
vn 0.96051538 -0.23509364 0.14879926
vn 0.66802591 -0.18931377 0.71965390
vn 0.84744656 -0.26950341 0.45738634
vn 0.02456733 0.33710644 0.94114596
vn -0.13989417 0.98853141 -0.05687963
vn 0.43330646 0.35672972 0.82764095
vn -0.30338207 0.19192240 0.93334085
vn 0.90565246 -0.00681657 0.42396593
vn -0.68827635 -0.31811494 0.65198046
vn 0.98508179 -0.16881169 -0.03341332
vn -0.87948161 -0.43298978 0.19756509
vn 0.95826656 -0.22276650 -0.17916562
vn -0.05379369 0.98117477 -0.18547878
vn -0.95156080 -0.28220916 0.12202501
vn 0.78226864 -0.23098099 -0.57853574
vn -0.91058409 -0.23258719 -0.34167218
vn 0.42793939 -0.11216410 -0.89682055
vn -0.66381246 -0.13382421 -0.73582888
vn -0.14498745 -0.01097533 -0.98937267
vn 0.13485685 0.32355344 0.93655050
vn 0.01668472 0.99700516 -0.07551338
vn 0.48948362 0.25550413 0.83374059
vn -0.19819294 0.04836680 0.97896898
vn 0.92300379 -0.07184493 0.37802428
vn -0.74630994 -0.00400671 0.66558653
vn 0.96817583 -0.21941270 -0.12039000
vn -0.96654809 -0.09222799 0.23932981
vn 0.93599933 -0.27157727 -0.22394422
vn 0.04095579 0.97834122 -0.20290653
vn -0.98100722 -0.15247940 0.11989521
vn 0.73485374 -0.30580688 -0.60536945
vn -0.94909894 -0.13597232 -0.28411758
vn 0.36907893 -0.17144720 -0.91344768
vn -0.71977174 -0.07539645 -0.69010437
vn -0.21099511 -0.02001742 -0.97728217
vn -0.95907670 -0.27912682 -0.04754096
vn -0.09865408 0.99368626 -0.05343278
vn -0.87005073 -0.21015294 0.44592330
vn -0.47830451 0.23251732 0.84685332
vn -0.11074033 0.30178693 0.94692200
vn 0.30963135 0.26955694 0.91184843
vn 0.82398570 -0.01340440 0.56645209
vn -0.94000357 -0.33745489 -0.05017417
vn -0.15508907 0.95254785 -0.26191604
vn -0.78275073 -0.41446900 -0.46423778
vn 0.95025545 -0.09736382 0.29586288
vn -0.53576696 -0.31120959 -0.78492188
vn 0.99761099 -0.05825550 -0.03713017
vn 0.01546610 -0.14903319 -0.98871124
vn 0.93275326 -0.06673768 -0.35428438
vn 0.63124824 -0.07970835 -0.77147412
vn 0.07568289 -0.12704185 -0.98900580
vn 0.46870220 -0.08184044 -0.87955695
vn 0.11425042 0.99308676 -0.02693608
vn 0.89156067 0.11887894 -0.43702102
vn 0.98981392 0.14110117 -0.01894281
vn 0.90438038 0.08277536 0.41862193
vn 0.45580232 -0.05453619 0.88840872
vn -0.03892818 -0.15856622 -0.98658067
vn -0.10176170 0.99329823 -0.05480089
vn -0.33919290 -0.17016537 -0.92519832
vn 0.02832135 -0.10065012 0.99451876
vn -0.70220238 -0.05049714 -0.71018445
vn -0.10322910 -0.07723784 0.99165422
vn -0.99503136 0.04996086 -0.08611911
vn -0.46811873 -0.10931081 0.87687856
vn -0.81795013 0.03230185 0.57438159
vn -0.10678419 -0.12145101 0.98683679
vn -0.45378965 -0.14305399 0.87955129
vn -0.13352682 0.99104428 0.00136514
vn -0.82522285 -0.03009509 0.56400496
vn -0.99012387 0.08422522 -0.11207499
vn -0.72409564 -0.02956317 -0.68906575
vn -0.39796069 -0.14595616 -0.90571743
vn -0.12747808 -0.13380878 -0.98277390
vn 0.12299794 -0.08364684 0.98887551
vn 0.10242375 0.99448115 -0.02272928
vn 0.13780774 -0.11113806 -0.98420393
vn 0.49573436 -0.08477815 0.86432636
vn 0.43944007 -0.05109462 -0.89681756
vn 0.91327977 0.13432693 0.38454685
vn 0.87538362 0.07898795 -0.47693226
vn 0.98162264 0.18636696 -0.04104197
vn 0.48805028 -0.10806163 0.86610025
vn -0.05625162 -0.20985873 0.97611225
vn -0.01512744 0.99931180 0.03386835
vn 0.89430261 0.17309800 0.41262573
vn 0.94739503 0.32006672 0.00001437
vn 0.86940521 0.27332979 -0.41161326
vn 0.49408653 0.01893350 -0.86920655
vn 0.05836711 -0.16435343 -0.98467314
vn -0.17638697 0.98375160 0.03347251
vn -0.06225401 -0.14266843 0.98781079
vn -0.13783564 -0.07257293 -0.98779273
vn -0.44386464 -0.23196369 0.86555010
vn -0.36147395 -0.17536084 -0.91574293
vn -0.78711927 -0.22890632 0.57275224
vn -0.74085850 -0.11226593 -0.66221231
vn -0.99940974 -0.03395429 0.00522552
vn 0.01391692 0.00971655 -0.99985594
vn 0.43178791 0.04220680 -0.90098709
vn 0.02733333 0.99949157 0.01641816
vn 0.88052535 0.14807788 -0.45027557
vn 0.97934467 0.19267029 -0.06133674
vn 0.91821885 0.15774618 0.36330464
vn 0.50957030 0.04691264 0.85914922
vn 0.13342002 -0.05675019 0.98943341
vn -0.19138020 0.97984338 0.05727633
vn -0.30871487 -0.11815271 -0.94378763
vn -0.21612772 -0.20445405 0.95471847
vn -0.44982952 -0.12002548 -0.88501263
vn -0.36808366 -0.19423813 0.90927774
vn -0.75205886 -0.11219702 -0.64947623
vn -0.75314313 -0.21995898 0.61999482
vn -0.99815416 -0.03486981 -0.04972234
vn -0.21161252 0.96161127 -0.17471088
vn -0.49417546 0.78873610 -0.36563089
vn 0.54263705 -0.20896514 -0.81355923
vn -0.63819253 0.45044729 -0.62434566
vn -0.72780889 -0.08733258 -0.68019646
vn -0.73685688 -0.57857800 -0.34969920
vn -0.54754734 -0.83535683 -0.04869217
vn -0.35717654 -0.91413242 0.19179888
vn 0.08862958 0.99478096 0.05055301
vn 0.76662916 -0.15427493 -0.62328088
vn -0.10815265 -0.94476545 0.30938855
vn 0.52676445 0.82734156 0.19500035
vn 0.32348117 -0.77034926 0.54947424
vn 0.89129579 0.38627407 0.23745362
vn 0.86184812 -0.34215939 0.37435910
vn 0.91835099 0.03043609 0.39459488
vn -0.13779566 -0.11113949 -0.98420548
vn -0.10242379 0.99448115 -0.02272920
vn -0.43944028 -0.05109471 -0.89681751
vn -0.87538373 0.07898799 -0.47693214
vn -0.98162258 0.18636705 -0.04104185
vn -0.91327971 0.13432713 0.38454700
vn -0.49573433 -0.08477797 0.86432642
vn -0.12302796 -0.08364385 0.98887199
vn 0.13352981 0.99104387 0.00136469
vn 0.12751479 -0.13381237 -0.98276871
vn 0.10681061 -0.12145263 0.98683369
vn 0.39796045 -0.14595631 -0.90571749
vn 0.45378977 -0.14305392 0.87955129
vn 0.72409552 -0.02956337 -0.68906587
vn 0.82522285 -0.03009510 0.56400490
vn 0.99012393 0.08422508 -0.11207510
vn -0.97934461 0.19267061 -0.06133661
vn -0.02733320 0.99949157 0.01641818
vn -0.91821873 0.15774654 0.36330488
vn -0.88052529 0.14807807 -0.45027560
vn -0.50956994 0.04691304 0.85914934
vn -0.43178800 0.04220675 -0.90098709
vn -0.13341135 -0.05675108 0.98943454
vn -0.01393563 0.00971905 -0.99985564
vn 0.19138058 0.97984332 0.05727628
vn 0.21611597 -0.20445149 0.95472169
vn 0.30874276 -0.11815816 -0.94377786
vn 0.36808375 -0.19423804 0.90927774
vn 0.44982922 -0.12002579 -0.88501269
vn 0.75314307 -0.21995907 0.61999476
vn 0.75205857 -0.11219738 -0.64947653
vn 0.99815416 -0.03487010 -0.04972252
vn -0.91835105 0.03043616 0.39459482
vn -0.76662940 -0.15427592 -0.62328029
vn -0.89129567 0.38627422 0.23745358
vn -0.86184818 -0.34215945 0.37435907
vn -0.52676445 0.82734162 0.19500029
vn -0.32348108 -0.77034932 0.54947418
vn -0.08865292 0.99477798 0.05057167
vn 0.10815825 -0.94476581 0.30938545
vn -0.54263735 -0.20896599 -0.81355882
vn 0.21160398 0.96161443 -0.17470396
vn 0.35718870 -0.91412961 0.19178975
vn 0.49417534 0.78873628 -0.36563078
vn 0.54754734 -0.83535683 -0.04869210
vn 0.63819259 0.45044732 -0.62434566
vn 0.73685682 -0.57857811 -0.34969914
vn 0.72780895 -0.08733273 -0.68019646
vn 0.36147383 -0.17536110 -0.91574299
vn 0.17638752 0.98375154 0.03347223
vn 0.13779880 -0.07257012 -0.98779809
vn 0.74085844 -0.11226616 -0.66221231
vn 0.99940974 -0.03395445 0.00522541
vn 0.78711945 -0.22890635 0.57275206
vn 0.44386497 -0.23196360 0.86554998
vn 0.06228341 -0.14267029 0.98780870
vn -0.05839078 -0.16434956 -0.98467243
vn 0.01512741 0.99931180 0.03386834
vn 0.05623047 -0.20985545 0.97611415
vn -0.49408674 0.01893348 -0.86920643
vn -0.48805022 -0.10806147 0.86610025
vn -0.86940527 0.27332982 -0.41161308
vn -0.89430255 0.17309819 0.41262573
vn -0.94739503 0.32006684 0.00001448
vt 0.76187718 0.01197708
vt 0.77726018 0.00348800
vt 0.76190442 0.00348800
vt 0.77826130 0.01223272
vt 0.76227450 0.01920187
vt 0.79814333 0.01229048
vt 0.79898387 0.00348800
vt 0.81759948 0.00348800
vt 0.77925718 0.01955062
vt 0.76249409 0.03188872
vt 0.79857481 0.01956189
vt 0.78071249 0.03201783
vt 0.76249409 0.04640669
vt 0.81695461 0.01276213
vt 0.78099412 0.04691547
vt 0.76249409 0.06215519
vt 0.79918939 0.03203613
vt 0.78139621 0.06337798
vt 0.76249409 0.07806271
vt 0.83510429 0.01344752
vt 0.83430302 0.00348800
vt 0.85494977 0.00348800
vt 0.81690288 0.02007067
vt 0.79893792 0.04708761
vt 0.78163779 0.07928509
vt 0.76249409 0.09948301
vt 0.85499263 0.01406258
vt 0.87247938 0.00348800
vt 0.83517408 0.02048928
vt 0.81696957 0.03238440
vt 0.79885542 0.06407899
vt 0.83521450 0.03249508
vt 0.81610042 0.04766840
vt 0.85497439 0.02096039
vt 0.83408731 0.04774731
vt 0.79894882 0.08061850
vt 0.81550711 0.06541568
vt 0.83327258 0.06559211
vt 0.78247058 0.09979910
vt 0.78605127 0.12318683
vt 0.76249409 0.12482679
vt 0.79976511 0.10125571
vt 0.81553298 0.08224750
vt 0.83336800 0.08263278
vt 0.78638601 0.14349478
vt 0.76249409 0.14670312
vt 0.78695029 0.15612948
vt 0.76249409 0.15868932
vt 0.78753108 0.16620493
vt 0.76249409 0.16707152
vt 0.78761119 0.17845392
vt 0.76249409 0.17731023
vt 0.76249409 0.18878311
vt 0.80370861 0.16673648
vt 0.80341959 0.15569288
vt 0.80293661 0.14271557
vt 0.78723907 0.19145012
vt 0.76249409 0.20093077
vt 0.80362159 0.17998052
vt 0.78663409 0.20384443
vt 0.76249409 0.21437860
vt 0.80236012 0.12336689
vt 0.80329859 0.19374138
vt 0.78569192 0.21701652
vt 0.76249409 0.22986561
vt 0.81607318 0.10274518
vt 0.80296308 0.20645249
vt 0.83386892 0.10302258
vt 0.81733871 0.14233530
vt 0.81725091 0.12377411
vt 0.83447218 0.12323529
vt 0.81778550 0.15540498
vt 0.83446330 0.14127308
vt 0.81815302 0.16697443
vt 0.83485711 0.15476042
vt 0.83523339 0.16698748
vt 0.81830072 0.18069959
vt 0.81831098 0.19485372
vt 0.83549631 0.18093008
vt 0.81815487 0.20783073
vt 0.85781348 0.14076167
vt 0.85820729 0.15381128
vt 0.85856980 0.16562611
vt 0.85871458 0.17941779
vt 0.85783559 0.12282860
vt 0.85735220 0.10247213
vt 0.85638672 0.08216542
vt 0.85537368 0.06531060
vt 0.85488051 0.04774058
vt 0.87585330 0.06510830
vt 0.85484278 0.03265661
vt 0.87413353 0.04748899
vt 0.87311578 0.03238881
vt 0.87282968 0.02084309
vt 0.89145923 0.03193349
vt 0.87279749 0.01413238
vt 0.89090508 0.02036518
vt 0.89074850 0.01350403
vt 0.89046198 0.00348800
vt 0.89351618 0.04671472
vt 0.90985531 0.03112918
vt 0.91013730 0.01968712
vt 0.91015440 0.01258707
vt 0.91037703 0.00348800
vt 0.92311668 0.01113629
vt 0.92250443 0.00348800
vt 0.92382640 0.01859838
vt 0.93631709 0.01040018
vt 0.93601108 0.00348800
vt 0.94764072 0.00348800
vt 0.93690342 0.01788908
vt 0.94874418 0.01066452
vt 0.96071601 0.00348800
vt 0.92373258 0.03046137
vt 0.93731189 0.03017402
vt 0.96183997 0.01148242
vt 0.97971821 0.00348800
vt 0.94937450 0.01789999
vt 0.97996521 0.01287270
vt 0.99597478 0.00348800
vt 0.99593002 0.01399279
vt 0.96220458 0.01853371
vt 0.98012972 0.01962757
vt 0.99565291 0.02074760
vt 0.95043391 0.02984637
vt 0.98001963 0.03111708
vt 0.99537820 0.03200167
vt 0.96348709 0.03005493
vt 0.95135772 0.04474908
vt 0.97925371 0.04572362
vt 0.99537820 0.04651982
vt 0.96231908 0.04506999
vt 0.97776097 0.06144702
vt 0.99537820 0.06234199
vt 0.99537820 0.07824951
vt 0.95615882 0.06059217
vt 0.97716588 0.07823908
vt 0.99537820 0.09966969
vt 0.93799728 0.04497349
vt 0.97689748 0.10063583
vt 0.99537820 0.12501347
vt 0.93867958 0.06099433
vt 0.92435509 0.04557508
vt 0.95732069 0.07835692
vt 0.93945187 0.07878542
vt 0.91309512 0.04580611
vt 0.92061079 0.06131703
vt 0.89637172 0.06379360
vt 0.92120928 0.07966292
vt 0.94003958 0.10087973
vt 0.87764221 0.08198428
vt 0.89789838 0.08100909
vt 0.87899959 0.10233581
vt 0.92150760 0.10119629
vt 0.95835632 0.10070038
vt 0.87950522 0.12300462
vt 0.89870971 0.10180300
vt 0.94000041 0.12485838
vt 0.95852667 0.12629032
vt 0.87943733 0.14108688
vt 0.89907801 0.12296683
vt 0.92106241 0.12370151
vt 0.87950158 0.15393102
vt 0.92027777 0.14295930
vt 0.89908493 0.14141452
vt 0.87938511 0.16522157
vt 0.93959010 0.14515471
vt 0.89908588 0.15436161
vt 0.91957211 0.15543222
vt 0.87905061 0.17813861
vt 0.95833957 0.14787602
vt 0.93899077 0.15726858
vt 0.91892397 0.16549200
vt 0.89901531 0.16537482
vt 0.89897078 0.17747808
vt 0.97631443 0.12731838
vt 0.99537820 0.14688993
vt 0.97602302 0.14979619
vt 0.99537820 0.15887612
vt 0.95792192 0.15965283
vt 0.97558641 0.16125441
vt 0.99537820 0.16725832
vt 0.93835878 0.16634291
vt 0.95731378 0.16772431
vt 0.97517818 0.16867453
vt 0.99537820 0.17749703
vt 0.93776590 0.17652798
vt 0.95628327 0.17714977
vt 0.97461128 0.17790371
vt 0.91835380 0.17673188
vt 0.97408688 0.18845153
vt 0.99537820 0.18896991
vt 0.93727440 0.18693012
vt 0.95520872 0.18743128
vt 0.91798222 0.18791568
vt 0.97382188 0.20000529
vt 0.99537820 0.20111752
vt 0.93687338 0.19688958
vt 0.95442879 0.19832993
vt 0.89886522 0.18936050
vt 0.97338861 0.21318352
vt 0.99537820 0.21456528
vt 0.91784239 0.19802213
vt 0.93674707 0.20839930
vt 0.95396543 0.21095550
vt 0.87883621 0.19103122
vt 0.97232759 0.22869498
vt 0.99537820 0.23005241
vt 0.89843631 0.19992012
vt 0.95383132 0.22654969
vt 0.85881221 0.19328272
vt 0.97136229 0.24602842
vt 0.99537820 0.24660939
vt 0.91788173 0.20929152
vt 0.93705833 0.22389251
vt 0.87882262 0.20240837
vt 0.83576310 0.19497508
vt 0.89802802 0.21159673
vt 0.91816008 0.22434628
vt 0.85881221 0.20548308
vt 0.83596468 0.20760041
vt 0.87882638 0.21462870
vt 0.89818990 0.22705108
vt 0.91842377 0.24330288
vt 0.85862249 0.21826953
vt 0.83603871 0.22063571
vt 0.87887663 0.23021752
vt 0.93736953 0.24286842
vt 0.95412493 0.24474961
vt 0.93739539 0.26361239
vt 0.89857662 0.24593878
vt 0.85829258 0.23398358
vt 0.95648938 0.26639539
vt 0.91720438 0.26742637
vt 0.87893480 0.24836940
vt 0.97222209 0.26441658
vt 0.99537820 0.26258391
vt 0.99537820 0.27452749
vt 0.97256798 0.27747351
vt 0.95282757 0.27390242
vt 0.97662830 0.28627229
vt 0.99537820 0.28513980
vt 0.99537820 0.29521352
vt 0.89792258 0.26730639
vt 0.93727177 0.27096069
vt 0.93755919 0.28754878
vt 0.96354067 0.28555268
vt 0.97742838 0.29718667
vt 0.99537820 0.30954337
vt 0.92179179 0.27583742
vt 0.89864361 0.27871829
vt 0.87825853 0.26763523
vt 0.95180851 0.28655660
vt 0.96525651 0.29829079
vt 0.97765422 0.31071419
vt 0.99537820 0.32256430
vt 0.97349381 0.32262838
vt 0.96751529 0.31102258
vt 0.95162618 0.29981399
vt 0.95240992 0.31312221
vt 0.95476848 0.32713169
vt 0.93715680 0.30104238
vt 0.93678057 0.31430447
vt 0.93700832 0.32893068
vt 0.91969168 0.32831812
vt 0.92154372 0.31360239
vt 0.89881420 0.32535768
vt 0.92259872 0.30061352
vt 0.90618569 0.31209648
vt 0.92326748 0.28800839
vt 0.89517373 0.31192601
vt 0.87865931 0.32384342
vt 0.90810817 0.30001318
vt 0.91033119 0.28738749
vt 0.89598662 0.28824472
vt 0.89554560 0.29885411
vt 0.87871432 0.31069022
vt 0.87807041 0.27865511
vt 0.87882298 0.29849511
vt 0.86263323 0.31904548
vt 0.85441101 0.32926363
vt 0.86403978 0.30910152
vt 0.87835771 0.28864241
vt 0.85013860 0.31705421
vt 0.86316341 0.29846448
vt 0.86198121 0.28881681
vt 0.86039698 0.27891690
vt 0.83555323 0.32430297
vt 0.83740282 0.33361071
vt 0.81842989 0.33342862
vt 0.85017449 0.30874091
vt 0.84828722 0.28896141
vt 0.83410120 0.31496048
vt 0.81824088 0.32282412
vt 0.79876292 0.32970262
vt 0.84895992 0.29900402
vt 0.79983950 0.32098109
vt 0.78031468 0.32208139
vt 0.77934289 0.31114429
vt 0.76249409 0.32237762
vt 0.76249409 0.30935669
vt 0.80076051 0.31245291
vt 0.81819570 0.31386650
vt 0.83382797 0.30733800
vt 0.83419907 0.29965383
vt 0.77959961 0.30217952
vt 0.76249409 0.29502672
vt 0.80165780 0.30476308
vt 0.81820458 0.30675441
vt 0.83454102 0.29189181
vt 0.77509981 0.29461157
vt 0.76249409 0.28495312
vt 0.78523660 0.29441679
vt 0.77583939 0.28484309
vt 0.76249409 0.27434069
vt 0.81819952 0.29943168
vt 0.80247128 0.29740232
vt 0.77747118 0.27451462
vt 0.76249409 0.26239711
vt 0.78824478 0.28493810
vt 0.80309111 0.28997642
vt 0.81809747 0.29151738
vt 0.77966160 0.26326293
vt 0.76249409 0.24642259
vt 0.80281979 0.28353322
vt 0.79079491 0.27551627
vt 0.83534211 0.28445143
vt 0.78197801 0.24847358
vt 0.81788069 0.28401911
vt 0.80226308 0.27516931
vt 0.79885709 0.26553828
vt 0.84525102 0.27823508
vt 0.78407758 0.23238140
vt 0.81738383 0.27539062
vt 0.83401543 0.27585220
vt 0.85883248 0.26696539
vt 0.79980397 0.25026852
vt 0.81709242 0.26541638
vt 0.83735871 0.26659048
vt 0.85827589 0.25098330
vt 0.83635199 0.25192362
vt 0.83602738 0.23597878
vt 0.81689572 0.25155658
vt 0.81780779 0.22105312
vt 0.81725210 0.23601878
vt 0.80112392 0.23461258
vt 0.80236602 0.21957129
vt 0.22273980 0.00348800
vt 0.23812281 0.01197708
vt 0.23809560 0.00348800
vt 0.22173870 0.01223272
vt 0.23772550 0.01920187
vt 0.20185670 0.01229048
vt 0.20101610 0.00348800
vt 0.18240049 0.00348800
vt 0.22074281 0.01955062
vt 0.23750590 0.03188872
vt 0.20142519 0.01956189
vt 0.21928750 0.03201783
vt 0.23750590 0.04640669
vt 0.18304540 0.01276213
vt 0.21900590 0.04691547
vt 0.23750590 0.06215519
vt 0.20081060 0.03203613
vt 0.21860380 0.06337798
vt 0.23750590 0.07806271
vt 0.16489570 0.01344752
vt 0.16569699 0.00348800
vt 0.14505020 0.00348800
vt 0.18309709 0.02007067
vt 0.20106210 0.04708761
vt 0.21836220 0.07928509
vt 0.23750590 0.09948301
vt 0.16482590 0.02048928
vt 0.14500740 0.01406258
vt 0.12752061 0.00348800
vt 0.18303040 0.03238440
vt 0.20114461 0.06407899
vt 0.16478550 0.03249508
vt 0.18389960 0.04766840
vt 0.14502560 0.02096039
vt 0.16591270 0.04774731
vt 0.12720250 0.01413238
vt 0.12717029 0.02084309
vt 0.10925150 0.01350403
vt 0.10953800 0.00348800
vt 0.10909490 0.02036518
vt 0.08984560 0.01258707
vt 0.08962297 0.00348800
vt 0.08986270 0.01968712
vt 0.07688332 0.01113629
vt 0.07749563 0.00348800
vt 0.07617360 0.01859838
vt 0.06368291 0.01040018
vt 0.06398892 0.00348800
vt 0.05235934 0.00348800
vt 0.06309658 0.01788908
vt 0.05125582 0.01066452
vt 0.03928399 0.00348800
vt 0.03815997 0.01148242
vt 0.02028179 0.00348800
vt 0.05062550 0.01789999
vt 0.06268805 0.03017402
vt 0.07626736 0.03046137
vt 0.02003479 0.01287270
vt 0.00402516 0.00348800
vt 0.00407004 0.01399279
vt 0.03779542 0.01853371
vt 0.01987034 0.01962757
vt 0.00434715 0.02074760
vt 0.04956615 0.02984637
vt 0.03651291 0.03005493
vt 0.01998043 0.03111708
vt 0.00462180 0.03200167
vt 0.04864228 0.04474908
vt 0.02074629 0.04572362
vt 0.00462180 0.04651982
vt 0.03768092 0.04506999
vt 0.02223897 0.06144702
vt 0.00462180 0.06234199
vt 0.00462180 0.07824951
vt 0.04384124 0.06059217
vt 0.02283406 0.07823908
vt 0.00462180 0.09966969
vt 0.06200272 0.04497349
vt 0.02310246 0.10063583
vt 0.00462180 0.12501347
vt 0.06132036 0.06099433
vt 0.07564485 0.04557508
vt 0.04267931 0.07835692
vt 0.06054813 0.07878542
vt 0.02368563 0.12731838
vt 0.00462180 0.14688993
vt 0.09014469 0.03112918
vt 0.07938915 0.06131703
vt 0.02397704 0.14979619
vt 0.00462180 0.15887612
vt 0.10854080 0.03193349
vt 0.08690488 0.04580611
vt 0.10648380 0.04671472
vt 0.12688421 0.03238881
vt 0.12586650 0.04748899
vt 0.14515720 0.03265661
vt 0.14511950 0.04774058
vt 0.12414670 0.06510830
vt 0.10362830 0.06379360
vt 0.14462630 0.06531060
vt 0.16672739 0.06559211
vt 0.14361329 0.08216542
vt 0.18449290 0.06541568
vt 0.07879066 0.07966292
vt 0.12235780 0.08198428
vt 0.10210160 0.08100909
vt 0.05996037 0.10087973
vt 0.16663200 0.08263278
vt 0.20105121 0.08061850
vt 0.12100040 0.10233581
vt 0.07849240 0.10119629
vt 0.04164368 0.10070038
vt 0.05999964 0.12485838
vt 0.04147333 0.12629032
vt 0.10129030 0.10180300
vt 0.14264780 0.10247213
vt 0.04166043 0.14787602
vt 0.07893765 0.12370151
vt 0.12049480 0.12300462
vt 0.06040990 0.14515471
vt 0.10092200 0.12296683
vt 0.07972217 0.14295930
vt 0.16613109 0.10302258
vt 0.14216439 0.12282860
vt 0.12056270 0.14108688
vt 0.10091510 0.14141452
vt 0.08042794 0.15543222
vt 0.06100923 0.15726858
vt 0.18446700 0.08224750
vt 0.04207814 0.15965283
vt 0.02441359 0.16125441
vt 0.00462180 0.16725832
vt 0.02482182 0.16867453
vt 0.00462180 0.17749703
vt 0.04268616 0.16772431
vt 0.06164116 0.16634291
vt 0.08107597 0.16549200
vt 0.06223410 0.17652798
vt 0.04371673 0.17714977
vt 0.02538866 0.17790371
vt 0.02591306 0.18845153
vt 0.00462180 0.18896991
vt 0.04479134 0.18743128
vt 0.06272560 0.18693012
vt 0.02617806 0.20000529
vt 0.00462180 0.20111752
vt 0.04557121 0.19832993
vt 0.02661145 0.21318352
vt 0.00462180 0.21456528
vt 0.08164620 0.17673188
vt 0.06312662 0.19688958
vt 0.04603463 0.21095550
vt 0.02767241 0.22869498
vt 0.00462180 0.23005241
vt 0.08201784 0.18791568
vt 0.06325293 0.20839930
vt 0.04616874 0.22654969
vt 0.02863771 0.24602842
vt 0.00462180 0.24660939
vt 0.08215755 0.19802213
vt 0.06294167 0.22389251
vt 0.04587507 0.24474961
vt 0.02777785 0.26441658
vt 0.00462180 0.26258391
vt 0.00462180 0.27452749
vt 0.04351056 0.26639539
vt 0.06263053 0.24286842
vt 0.02743196 0.27747351
vt 0.06260461 0.26361239
vt 0.08157617 0.24330288
vt 0.08183992 0.22434628
vt 0.02337170 0.28627229
vt 0.00462180 0.28513980
vt 0.00462180 0.29521352
vt 0.04717237 0.27390242
vt 0.08211833 0.20929152
vt 0.02257156 0.29718667
vt 0.00462180 0.30954337
vt 0.03645933 0.28555268
vt 0.03474355 0.29829079
vt 0.02234584 0.31071419
vt 0.00462180 0.32256430
vt 0.02650619 0.32262838
vt 0.03248471 0.31102258
vt 0.04819155 0.28655660
vt 0.06244075 0.28754878
vt 0.04837376 0.29981399
vt 0.04759014 0.31312221
vt 0.04523152 0.32713169
vt 0.06284320 0.30104238
vt 0.06321943 0.31430447
vt 0.06299174 0.32893068
vt 0.08030832 0.32831812
vt 0.07845628 0.31360239
vt 0.10118580 0.32535768
vt 0.07740128 0.30061352
vt 0.09381425 0.31209648
vt 0.10482630 0.31192601
vt 0.12134070 0.32384342
vt 0.09189183 0.30001318
vt 0.07673252 0.28800839
vt 0.12128570 0.31069022
vt 0.10445440 0.29885411
vt 0.13736680 0.31904548
vt 0.14558899 0.32926363
vt 0.07820821 0.27583742
vt 0.08966875 0.28738749
vt 0.10401340 0.28824472
vt 0.12117700 0.29849511
vt 0.13596021 0.30910152
vt 0.14986140 0.31705421
vt 0.06272817 0.27096069
vt 0.08279556 0.26742637
vt 0.10135640 0.27871829
vt 0.16444680 0.32430297
vt 0.16259719 0.33361071
vt 0.18157010 0.33342862
vt 0.18175910 0.32282412
vt 0.20123710 0.32970262
vt 0.16589880 0.31496048
vt 0.20016050 0.32098109
vt 0.21968530 0.32208139
vt 0.22065710 0.31114429
vt 0.23750590 0.32237762
vt 0.23750590 0.30935669
vt 0.19923951 0.31245291
vt 0.22040039 0.30217952
vt 0.23750590 0.29502672
vt 0.18180430 0.31386650
vt 0.19834220 0.30476308
vt 0.14982550 0.30874091
vt 0.22490020 0.29461157
vt 0.23750590 0.28495312
vt 0.16617200 0.30733800
vt 0.21476340 0.29441679
vt 0.22416060 0.28484309
vt 0.23750590 0.27434069
vt 0.18179540 0.30675441
vt 0.22252880 0.27451462
vt 0.23750590 0.26239711
vt 0.16580090 0.29965383
vt 0.19752871 0.29740232
vt 0.21175520 0.28493810
vt 0.22033840 0.26326293
vt 0.23750590 0.24642259
vt 0.18180050 0.29943168
vt 0.19690891 0.28997642
vt 0.20920511 0.27551627
vt 0.21802200 0.24847358
vt 0.23750590 0.22986561
vt 0.19718020 0.28353322
vt 0.18190250 0.29151738
vt 0.16545901 0.29189181
vt 0.20114291 0.26553828
vt 0.19773690 0.27516931
vt 0.18211930 0.28401911
vt 0.15104011 0.29900402
vt 0.16465791 0.28445143
vt 0.18261620 0.27539062
vt 0.13683660 0.29846448
vt 0.15171281 0.28896141
vt 0.16598460 0.27585220
vt 0.18290760 0.26541638
vt 0.12164230 0.28864241
vt 0.15474901 0.27823508
vt 0.13801880 0.28881681
vt 0.12192960 0.27865511
vt 0.13960300 0.27891690
vt 0.16264130 0.26659048
vt 0.12174150 0.26763523
vt 0.14116751 0.26696539
vt 0.14172409 0.25098330
vt 0.10207740 0.26730639
vt 0.12106520 0.24836940
vt 0.10142340 0.24593878
vt 0.10181010 0.22705108
vt 0.12112340 0.23021752
vt 0.10197200 0.21159673
vt 0.16364799 0.25192362
vt 0.14170741 0.23398358
vt 0.12117360 0.21462870
vt 0.10156370 0.19992012
vt 0.16397260 0.23597878
vt 0.14137749 0.21826953
vt 0.12117740 0.20240837
vt 0.10113480 0.18936050
vt 0.16396131 0.22063571
vt 0.14118780 0.20548308
vt 0.12116380 0.19103122
vt 0.10102920 0.17747808
vt 0.16403531 0.20760041
vt 0.14118780 0.19328272
vt 0.12094940 0.17813861
vt 0.10098470 0.16537482
vt 0.12061490 0.16522157
vt 0.10091410 0.15436161
vt 0.12049840 0.15393102
vt 0.14128540 0.17941779
vt 0.14143020 0.16562611
vt 0.14179270 0.15381128
vt 0.14218649 0.14076167
vt 0.16552781 0.12323529
vt 0.16553670 0.14127308
vt 0.16514289 0.15476042
vt 0.16476659 0.16698748
vt 0.16450369 0.18093008
vt 0.18392681 0.10274518
vt 0.18274909 0.12377411
vt 0.18266129 0.14233530
vt 0.20023490 0.10125571
vt 0.19763990 0.12336689
vt 0.18221450 0.15540498
vt 0.21752940 0.09979910
vt 0.21394870 0.12318683
vt 0.23750590 0.12482679
vt 0.19706340 0.14271557
vt 0.21361400 0.14349478
vt 0.23750590 0.14670312
vt 0.19658040 0.15569288
vt 0.21304969 0.15612948
vt 0.23750590 0.15868932
vt 0.18184701 0.16697443
vt 0.21246891 0.16620493
vt 0.23750590 0.16707152
vt 0.19629140 0.16673648
vt 0.18169931 0.18069959
vt 0.21238880 0.17845392
vt 0.23750590 0.17731023
vt 0.23750590 0.18878311
vt 0.19637839 0.17998052
vt 0.21276090 0.19145012
vt 0.23750590 0.20093077
vt 0.18168899 0.19485372
vt 0.21336590 0.20384443
vt 0.23750590 0.21437860
vt 0.19670141 0.19374138
vt 0.21430810 0.21701652
vt 0.19703691 0.20645249
vt 0.21592240 0.23238140
vt 0.16423690 0.19497508
vt 0.18184510 0.20783073
vt 0.18219221 0.22105312
vt 0.19763400 0.21957129
vt 0.18274790 0.23601878
vt 0.19887610 0.23461258
vt 0.18310431 0.25155658
vt 0.20019600 0.25026852
vt 0.61545098 0.98732388
vt 0.62020200 0.99091876
vt 0.62151098 0.99013114
vt 0.62172699 0.98445928
vt 0.61671603 0.97376031
vt 0.62326199 0.98045647
vt 0.62798399 0.97817570
vt 0.60575497 0.98191237
vt 0.61047298 0.98898917
vt 0.59940797 0.98886800
vt 0.60597998 0.99269009
vt 0.59268200 0.98471010
vt 0.60028797 0.97610962
vt 0.60989201 0.96519691
vt 0.62349600 0.96551013
vt 0.59939402 0.96480900
vt 0.59534001 0.95227128
vt 0.63150501 0.97507769
vt 0.63507003 0.97931433
vt 0.63411599 0.98048472
vt 0.63246799 0.97081077
vt 0.63569701 0.96739447
vt 0.61574101 0.95769501
vt 0.60444200 0.94511157
vt 0.58757001 0.93841243
vt 0.59679401 0.93388969
vt 0.58030200 0.92620999
vt 0.61283600 0.93634439
vt 0.58851701 0.92050302
vt 0.57692897 0.91963029
vt 0.58496302 0.91442049
vt 0.60458302 0.92816192
vt 0.59444398 0.91707391
vt 0.58980602 0.91124511
vt 0.59546101 0.90680933
vt 0.60030901 0.91234082
vt 0.59876800 0.90359557
vt 0.61176699 0.92275149
vt 0.60392398 0.90791470
vt 0.60181302 0.89957702
vt 0.60760599 0.90345120
vt 0.60610598 0.89246601
vt 0.61673099 0.91854012
vt 0.62006998 0.93040287
vt 0.61235398 0.89608800
vt 0.61001301 0.88375098
vt 0.62423497 0.94594300
vt 0.62016499 0.91307437
vt 0.61674798 0.88676703
vt 0.61439198 0.87192702
vt 0.62493402 0.90326929
vt 0.62916899 0.91963500
vt 0.62521398 0.92510098
vt 0.62967700 0.95570892
vt 0.63752598 0.96246362
vt 0.64205903 0.96494460
vt 0.64209998 0.96654600
vt 0.63772798 0.95838988
vt 0.63219398 0.94947940
vt 0.64029098 0.95344168
vt 0.62887901 0.93825471
vt 0.63643998 0.94389302
vt 0.64290601 0.94911462
vt 0.64617503 0.94446307
vt 0.63328898 0.93171632
vt 0.64002198 0.93876761
vt 0.63824600 0.92679882
vt 0.64664602 0.91557491
vt 0.63557601 0.90917861
vt 0.64652699 0.92443520
vt 0.62985599 0.89222503
vt 0.64082599 0.89770800
vt 0.65214002 0.90314478
vt 0.65600097 0.88936502
vt 0.64627200 0.88498002
vt 0.65969199 0.88329101
vt 0.63428599 0.87999898
vt 0.64856100 0.87198001
vt 0.65991700 0.86353201
vt 0.62156701 0.87351596
vt 0.63573903 0.87239397
vt 0.61931199 0.86159199
vt 0.61568499 0.86139399
vt 0.61524898 0.84976101
vt 0.64659500 0.85792601
vt 0.62294000 0.86179000
vt 0.61927903 0.84938300
vt 0.61125302 0.83712399
vt 0.62330902 0.84900498
vt 0.61590600 0.83677399
vt 0.60763699 0.82851398
vt 0.63654101 0.86080402
vt 0.63523000 0.84794801
vt 0.62055999 0.83642399
vt 0.61632699 0.82639897
vt 0.64417797 0.84658599
vt 0.60881197 0.81597400
vt 0.60233802 0.82011598
vt 0.62112099 0.80808198
vt 0.63210303 0.83569098
vt 0.62926698 0.82666701
vt 0.64090002 0.81339598
vt 0.63613200 0.80202901
vt 0.64982098 0.79988998
vt 0.64198399 0.82689399
vt 0.65351099 0.81652302
vt 0.66173398 0.79984301
vt 0.64326203 0.83515203
vt 0.66591501 0.80746996
vt 0.67342597 0.80009902
vt 0.67555302 0.80439198
vt 0.66904700 0.81248498
vt 0.67736602 0.81140304
vt 0.66477001 0.82082999
vt 0.65159601 0.82832003
vt 0.66289997 0.82904398
vt 0.65102398 0.84529799
vt 0.65670800 0.83522797
vt 0.66258901 0.83611000
vt 0.65124398 0.83531600
vt 0.65424597 0.83924800
vt 0.65402001 0.85526401
vt 0.65674698 0.83880401
vt 0.65405101 0.84447199
vt 0.65714800 0.84419703
vt 0.65947503 0.83932197
vt 0.66491902 0.84371102
vt 0.65982902 0.84391099
vt 0.65619600 0.84992802
vt 0.66086799 0.84922099
vt 0.66491902 0.85179299
vt 0.65834498 0.85022199
vt 0.65954298 0.85379803
vt 0.66784000 0.85733199
vt 0.67273098 0.86703998
vt 0.67464203 0.86039603
vt 0.66770601 0.87598097
vt 0.67451298 0.87138200
vt 0.67492402 0.88198102
vt 0.67963398 0.87692702
vt 0.68074298 0.88602197
vt 0.68542898 0.88178700
vt 0.67070800 0.88675302
vt 0.67790502 0.89032298
vt 0.66518003 0.89038002
vt 0.67189598 0.89270800
vt 0.67789900 0.89660400
vt 0.66829002 0.89075398
vt 0.66335201 0.89236701
vt 0.66725701 0.89399397
vt 0.67219001 0.89555901
vt 0.67020899 0.89764500
vt 0.67436397 0.90211570
vt 0.66381902 0.89567202
vt 0.66630501 0.89703202
vt 0.66007900 0.89896703
vt 0.66563201 0.90070510
vt 0.66051602 0.90451843
vt 0.67328697 0.90737540
vt 0.68135297 0.90452307
vt 0.68116802 0.90603089
vt 0.66382003 0.90535283
vt 0.66248602 0.90875810
vt 0.66732502 0.90828371
vt 0.67170399 0.91301578
vt 0.66709799 0.91113293
vt 0.66475397 0.91287237
vt 0.66813397 0.91833848
vt 0.65827399 0.90639913
vt 0.65875202 0.90985602
vt 0.66100800 0.91158122
vt 0.65517700 0.91281289
vt 0.66022599 0.91652393
vt 0.65455002 0.91845357
vt 0.65741903 0.91980767
vt 0.66535598 0.92338693
vt 0.67250001 0.92467231
vt 0.67335099 0.92342561
vt 0.66005099 0.92301917
vt 0.66259301 0.92781681
vt 0.65921998 0.92574990
vt 0.65819103 0.93193120
vt 0.65521097 0.92253381
vt 0.65212101 0.91967398
vt 0.65133500 0.92288321
vt 0.65092897 0.92898703
vt 0.65659899 0.92704833
vt 0.65315199 0.92506021
vt 0.64711398 0.93173039
vt 0.64466703 0.93024802
vt 0.64239502 0.93102980
vt 0.64486599 0.93387163
vt 0.64138502 0.93368101
vt 0.64275002 0.93566847
vt 0.64531201 0.93802899
vt 0.64790797 0.93737108
vt 0.65146101 0.94095439
vt 0.64903498 0.93497431
vt 0.65527499 0.93585658
vt 0.66090399 0.93945849
vt 0.66197902 0.93827701
vt 0.75528401 0.22701299
vt 0.75801599 0.23276901
vt 0.75801599 0.22701299
vt 0.75528401 0.23276901
vt 0.75801599 0.23889202
vt 0.72251397 0.22701299
vt 0.75528401 0.23889202
vt 0.75801599 0.24502200
vt 0.72251397 0.23276901
vt 0.71587402 0.23276901
vt 0.71587402 0.22701299
vt 0.72251397 0.23889202
vt 0.69943303 0.23452699
vt 0.69517899 0.22884703
vt 0.71587402 0.23889202
vt 0.69590801 0.23516101
vt 0.69319701 0.23387003
vt 0.69121599 0.23889202
vt 0.69943303 0.23886198
vt 0.69511801 0.23882598
vt 0.69593000 0.24236101
vt 0.69322199 0.24347401
vt 0.69522798 0.24805701
vt 0.69943303 0.24304998
vt 0.71587402 0.25095803
vt 0.71587402 0.24502200
vt 0.72251397 0.25095803
vt 0.72251397 0.24502200
vt 0.75528401 0.24502200
vt 0.75528401 0.25095803
vt 0.75801599 0.25095803
vt 0.75801599 0.25646502
vt 0.75528401 0.25646502
vt 0.75528401 0.26218897
vt 0.75801599 0.26218897
vt 0.75801599 0.26747298
vt 0.72251397 0.25646502
vt 0.71916503 0.25646502
vt 0.71587402 0.25646502
vt 0.69562000 0.25310099
vt 0.75528401 0.26747298
vt 0.72251397 0.26218897
vt 0.71916503 0.26218897
vt 0.75528401 0.27371198
vt 0.75801599 0.27371198
vt 0.72251397 0.27371198
vt 0.72251397 0.26747298
vt 0.71916503 0.26747298
vt 0.71587402 0.27371198
vt 0.71587402 0.26218897
vt 0.69646502 0.26211101
vt 0.71587402 0.26747298
vt 0.69513702 0.27078998
vt 0.69968498 0.26824200
vt 0.69352800 0.26648998
vt 0.69704300 0.26552403
vt 0.69191802 0.26218897
vt 0.69376898 0.25764501
vt 0.69722098 0.25854403
vt 0.69995201 0.25566202
vt 0.24451999 0.05396903
vt 0.24216400 0.04773003
vt 0.24216400 0.05396903
vt 0.24451999 0.04773003
vt 0.24451999 0.04244602
vt 0.24216400 0.04244602
vt 0.24216400 0.03672200
vt 0.26037100 0.04773003
vt 0.26037100 0.05396903
vt 0.26037100 0.04244602
vt 0.24451999 0.03672200
vt 0.24216400 0.03121501
vt 0.26622599 0.04773003
vt 0.26622599 0.05396903
vt 0.26622599 0.04244602
vt 0.28141201 0.04773003
vt 0.28141201 0.05396903
vt 0.28141201 0.04244602
vt 0.28805199 0.04773003
vt 0.28805199 0.05396903
vt 0.28805199 0.04244602
vt 0.29921100 0.04236102
vt 0.29921100 0.04679501
vt 0.30486301 0.05104703
vt 0.30295700 0.04578102
vt 0.30647200 0.04674602
vt 0.30353501 0.04236901
vt 0.30808201 0.04244602
vt 0.30623099 0.03790200
vt 0.30277801 0.03880101
vt 0.30438000 0.03335798
vt 0.29921100 0.03805399
vt 0.28805199 0.03121501
vt 0.28805199 0.03672200
vt 0.28141201 0.03672200
vt 0.26622599 0.03672200
vt 0.28141201 0.03121501
vt 0.26037100 0.03672200
vt 0.26622599 0.03121501
vt 0.26037100 0.03121501
vt 0.24451999 0.03121501
vt 0.24451999 0.02527899
vt 0.24216400 0.02527899
vt 0.24216400 0.01914901
vt 0.26338601 0.02527899
vt 0.26037100 0.02527899
vt 0.24451999 0.01914901
vt 0.26622599 0.02527899
vt 0.24451999 0.01302600
vt 0.24216400 0.01302600
vt 0.24216400 0.00726998
vt 0.24451999 0.00726998
vt 0.26037100 0.01302600
vt 0.26037100 0.00726998
vt 0.26037100 0.01914901
vt 0.26338601 0.01302600
vt 0.26622599 0.00726998
vt 0.26338601 0.01914901
vt 0.26622599 0.01914901
vt 0.26622599 0.01302600
vt 0.28141201 0.01302600
vt 0.28141201 0.00726998
vt 0.28141201 0.02527899
vt 0.28141201 0.01914901
vt 0.28476101 0.01302600
vt 0.28805199 0.00726998
vt 0.28476101 0.02527899
vt 0.28476101 0.01914901
vt 0.28805199 0.01302600
vt 0.28805199 0.01914901
vt 0.28805199 0.02527899
vt 0.30109200 0.01242602
vt 0.30482101 0.00910401
vt 0.30409199 0.01541698
vt 0.30680299 0.01412702
vt 0.30488199 0.01908302
vt 0.30878401 0.01914901
vt 0.30677801 0.02373099
vt 0.30407000 0.02261800
vt 0.30477199 0.02831399
vt 0.30105901 0.02548897
vt 0.24198399 0.23276901
vt 0.24471600 0.22701299
vt 0.24198399 0.22701299
vt 0.24471600 0.23276901
vt 0.24198399 0.23889202
vt 0.27748600 0.22701299
vt 0.24471600 0.23889202
vt 0.24198399 0.24502200
vt 0.27748600 0.23276901
vt 0.28412601 0.23276901
vt 0.28412601 0.22701299
vt 0.27748600 0.23889202
vt 0.30056700 0.23452699
vt 0.30482101 0.22884703
vt 0.28412601 0.23889202
vt 0.30409199 0.23516101
vt 0.30680299 0.23387003
vt 0.30878401 0.23889202
vt 0.30056700 0.23886198
vt 0.30488199 0.23882598
vt 0.30407000 0.24236101
vt 0.30677801 0.24347401
vt 0.30477199 0.24805701
vt 0.30056700 0.24304998
vt 0.28412601 0.25095803
vt 0.28412601 0.24502200
vt 0.27748600 0.25095803
vt 0.27748600 0.24502200
vt 0.24471600 0.24502200
vt 0.24471600 0.25095803
vt 0.24198399 0.25095803
vt 0.24198399 0.25646502
vt 0.24471600 0.25646502
vt 0.24471600 0.26218897
vt 0.24198399 0.26218897
vt 0.24198399 0.26747298
vt 0.27748600 0.25646502
vt 0.28083500 0.25646502
vt 0.28412601 0.25646502
vt 0.30438000 0.25310099
vt 0.24471600 0.26747298
vt 0.27748600 0.26218897
vt 0.28083500 0.26218897
vt 0.24471600 0.27371198
vt 0.24198399 0.27371198
vt 0.27748600 0.27371198
vt 0.27748600 0.26747298
vt 0.28083500 0.26747298
vt 0.28412601 0.27371198
vt 0.28412601 0.26218897
vt 0.30353501 0.26211101
vt 0.28412601 0.26747298
vt 0.30486301 0.27078998
vt 0.30031499 0.26824200
vt 0.30647200 0.26648998
vt 0.30295700 0.26552403
vt 0.30808201 0.26218897
vt 0.30623099 0.25764501
vt 0.30277899 0.25854403
vt 0.30004799 0.25566202
vt 0.75783598 0.04773003
vt 0.75547999 0.05396903
vt 0.75783598 0.05396903
vt 0.75547999 0.04773003
vt 0.73962897 0.04773003
vt 0.73962897 0.05396903
vt 0.75547999 0.04244602
vt 0.75783598 0.04244602
vt 0.75783598 0.03672200
vt 0.73962897 0.04244602
vt 0.75547999 0.03672200
vt 0.75783598 0.03121501
vt 0.73377401 0.04773003
vt 0.73377401 0.05396903
vt 0.73377401 0.04244602
vt 0.71858799 0.04773003
vt 0.71858799 0.05396903
vt 0.71858799 0.04244602
vt 0.71194798 0.04773003
vt 0.71194798 0.05396903
vt 0.71194798 0.04244602
vt 0.70078897 0.04236102
vt 0.70078897 0.04679501
vt 0.69513702 0.05104703
vt 0.69704300 0.04578102
vt 0.69352800 0.04674602
vt 0.69646502 0.04236901
vt 0.69191802 0.04244602
vt 0.69376898 0.03790200
vt 0.69722199 0.03880101
vt 0.69562000 0.03335798
vt 0.70078897 0.03805399
vt 0.71194798 0.03121501
vt 0.71194798 0.03672200
vt 0.71858799 0.03672200
vt 0.73377401 0.03672200
vt 0.71858799 0.03121501
vt 0.73962897 0.03672200
vt 0.73377401 0.03121501
vt 0.73962897 0.03121501
vt 0.75547999 0.03121501
vt 0.75547999 0.02527899
vt 0.75783598 0.02527899
vt 0.75783598 0.01914901
vt 0.73661399 0.02527899
vt 0.73962897 0.02527899
vt 0.75547999 0.01914901
vt 0.73377401 0.02527899
vt 0.75547999 0.01302600
vt 0.75783598 0.01302600
vt 0.75783598 0.00726998
vt 0.75547999 0.00726998
vt 0.73962897 0.01302600
vt 0.73962897 0.00726998
vt 0.73962897 0.01914901
vt 0.73661399 0.01302600
vt 0.73377401 0.00726998
vt 0.73661399 0.01914901
vt 0.73377401 0.01914901
vt 0.73377401 0.01302600
vt 0.71858799 0.01302600
vt 0.71858799 0.00726998
vt 0.71858799 0.02527899
vt 0.71523899 0.01302600
vt 0.71194798 0.00726998
vt 0.71858799 0.01914901
vt 0.71523899 0.02527899
vt 0.71523899 0.01914901
vt 0.71194798 0.01302600
vt 0.71194798 0.01914901
vt 0.71194798 0.02527899
vt 0.69890797 0.01242602
vt 0.69517899 0.00910401
vt 0.69590801 0.01541698
vt 0.69319701 0.01412702
vt 0.69511801 0.01908302
vt 0.69121599 0.01914901
vt 0.69322199 0.02373099
vt 0.69593000 0.02261800
vt 0.69522798 0.02831399
vt 0.69894099 0.02548897
vt 0.37979800 0.99091876
vt 0.38454899 0.98732388
vt 0.37848899 0.99013114
vt 0.37827301 0.98445928
vt 0.38328400 0.97376031
vt 0.37673801 0.98045647
vt 0.37201601 0.97817570
vt 0.39424500 0.98191237
vt 0.38952699 0.98898917
vt 0.40059200 0.98886800
vt 0.39401999 0.99269009
vt 0.40731800 0.98471010
vt 0.39971200 0.97610962
vt 0.39010799 0.96519691
vt 0.37650400 0.96551013
vt 0.40060601 0.96480900
vt 0.40465999 0.95227128
vt 0.36849499 0.97507769
vt 0.36493000 0.97931433
vt 0.36588401 0.98048472
vt 0.36753201 0.97081077
vt 0.36430299 0.96739447
vt 0.38425899 0.95769501
vt 0.39555800 0.94511157
vt 0.41242999 0.93841243
vt 0.40320599 0.93388969
vt 0.41969800 0.92620999
vt 0.38716400 0.93634439
vt 0.41148299 0.92050302
vt 0.42307100 0.91963029
vt 0.41503701 0.91442049
vt 0.39541700 0.92816192
vt 0.40555599 0.91707391
vt 0.41019401 0.91124511
vt 0.40453899 0.90680933
vt 0.39969099 0.91234082
vt 0.40123200 0.90359557
vt 0.38823301 0.92275149
vt 0.39607599 0.90791470
vt 0.39818701 0.89957702
vt 0.39239401 0.90345120
vt 0.39389399 0.89246601
vt 0.38326901 0.91854012
vt 0.37992999 0.93040287
vt 0.38764599 0.89608800
vt 0.38998699 0.88375098
vt 0.37576500 0.94594300
vt 0.37983501 0.91307437
vt 0.38325199 0.88676703
vt 0.38560799 0.87192702
vt 0.37506601 0.90326929
vt 0.37083101 0.91963500
vt 0.37478599 0.92510098
vt 0.37032300 0.95570892
vt 0.36247399 0.96246362
vt 0.35794100 0.96494460
vt 0.35789999 0.96654600
vt 0.36227199 0.95838988
vt 0.36780599 0.94947940
vt 0.35970899 0.95344168
vt 0.37112099 0.93825471
vt 0.36355999 0.94389302
vt 0.35709399 0.94911462
vt 0.35382500 0.94446307
vt 0.36671099 0.93171632
vt 0.35997799 0.93876761
vt 0.36175400 0.92679882
vt 0.35335401 0.91557491
vt 0.36442399 0.90917861
vt 0.35347301 0.92443520
vt 0.37014401 0.89222503
vt 0.35917401 0.89770800
vt 0.34786001 0.90314478
vt 0.34399900 0.88936502
vt 0.35372800 0.88498002
vt 0.34030801 0.88329101
vt 0.36571401 0.87999898
vt 0.35143900 0.87198001
vt 0.34008300 0.86353201
vt 0.37843299 0.87351596
vt 0.36426100 0.87239397
vt 0.38068801 0.86159199
vt 0.38431501 0.86139399
vt 0.38475099 0.84976101
vt 0.35340500 0.85792601
vt 0.37706000 0.86179000
vt 0.38072100 0.84938300
vt 0.38874701 0.83712399
vt 0.37669101 0.84900498
vt 0.38409400 0.83677399
vt 0.39236301 0.82851398
vt 0.36345899 0.86080402
vt 0.36477000 0.84794801
vt 0.37944001 0.83642399
vt 0.38367301 0.82639897
vt 0.35582200 0.84658599
vt 0.39118800 0.81597400
vt 0.39766201 0.82011598
vt 0.37887901 0.80808198
vt 0.36789700 0.83569098
vt 0.37073299 0.82666701
vt 0.35910001 0.81339598
vt 0.36386800 0.80202901
vt 0.35017899 0.79988998
vt 0.35801601 0.82689399
vt 0.34648901 0.81652302
vt 0.33826599 0.79984301
vt 0.35673800 0.83515203
vt 0.33408499 0.80746996
vt 0.32657400 0.80009902
vt 0.32444701 0.80439198
vt 0.33095300 0.81248498
vt 0.32263401 0.81140304
vt 0.33522999 0.82082999
vt 0.34840399 0.82832003
vt 0.33710000 0.82904398
vt 0.34897599 0.84529799
vt 0.34329200 0.83522797
vt 0.33741099 0.83611000
vt 0.34875599 0.83531600
vt 0.34575400 0.83924800
vt 0.34597999 0.85526401
vt 0.34325299 0.83880401
vt 0.34594899 0.84447199
vt 0.34285200 0.84419703
vt 0.34052500 0.83932197
vt 0.33508101 0.84371102
vt 0.34017101 0.84391099
vt 0.34380400 0.84992802
vt 0.33913201 0.84922099
vt 0.33508101 0.85179299
vt 0.34165499 0.85022199
vt 0.34045699 0.85379803
vt 0.33216000 0.85733199
vt 0.32726899 0.86703998
vt 0.32535800 0.86039603
vt 0.33229399 0.87598097
vt 0.32548699 0.87138200
vt 0.32507601 0.88198102
vt 0.32036600 0.87692702
vt 0.31925699 0.88602197
vt 0.31457099 0.88178700
vt 0.32929200 0.88675302
vt 0.32209501 0.89032298
vt 0.33482000 0.89038002
vt 0.32810399 0.89270800
vt 0.32210100 0.89660400
vt 0.33171001 0.89075398
vt 0.33664799 0.89236701
vt 0.33274299 0.89399397
vt 0.32780999 0.89555901
vt 0.32979101 0.89764500
vt 0.32563600 0.90211570
vt 0.33618101 0.89567202
vt 0.33369499 0.89703202
vt 0.33992100 0.89896703
vt 0.33436799 0.90070510
vt 0.33948401 0.90451843
vt 0.32671300 0.90737540
vt 0.31864700 0.90452307
vt 0.31883201 0.90603089
vt 0.33618000 0.90535283
vt 0.33751401 0.90875810
vt 0.33267501 0.90828371
vt 0.32829601 0.91301578
vt 0.33290201 0.91113293
vt 0.33524600 0.91287237
vt 0.33186600 0.91833848
vt 0.34172601 0.90639913
vt 0.34124801 0.90985602
vt 0.33899200 0.91158122
vt 0.34482300 0.91281289
vt 0.33977401 0.91652393
vt 0.34545001 0.91845357
vt 0.34258100 0.91980767
vt 0.33464399 0.92338693
vt 0.32749999 0.92467231
vt 0.32664901 0.92342561
vt 0.33994901 0.92301917
vt 0.33740699 0.92781681
vt 0.34077999 0.92574990
vt 0.34180900 0.93193120
vt 0.34478900 0.92253381
vt 0.34787899 0.91967398
vt 0.34866500 0.92288321
vt 0.34907100 0.92898703
vt 0.34340101 0.92704833
vt 0.34684801 0.92506021
vt 0.35288599 0.93173039
vt 0.35533300 0.93024802
vt 0.35760501 0.93102980
vt 0.35513401 0.93387163
vt 0.35861501 0.93368101
vt 0.35725001 0.93566847
vt 0.35468799 0.93802899
vt 0.35209200 0.93737108
vt 0.34853899 0.94095439
vt 0.35096499 0.93497431
vt 0.34472501 0.93585658
vt 0.33909601 0.93945849
vt 0.33802101 0.93827701
vt 0.80119121 0.88289881
vt 0.78222549 0.86647362
vt 0.78211468 0.88398188
vt 0.76618397 0.86554748
vt 0.76618397 0.84769499
vt 0.80093598 0.86629510
vt 0.82023758 0.87921280
vt 0.78226459 0.84865022
vt 0.76618397 0.83253652
vt 0.78265131 0.83339220
vt 0.76618397 0.81737798
vt 0.80094230 0.84919399
vt 0.82060599 0.86289203
vt 0.78329390 0.81872368
vt 0.76618397 0.80285597
vt 0.80083847 0.83389831
vt 0.78380853 0.80332500
vt 0.76618397 0.78833401
vt 0.84047037 0.86655480
vt 0.84112692 0.88005078
vt 0.82076192 0.84790289
vt 0.80108792 0.81876272
vt 0.78417772 0.78813678
vt 0.76618397 0.77648103
vt 0.84028608 0.85644042
vt 0.86052263 0.86818451
vt 0.86067671 0.88546681
vt 0.88036478 0.88018411
vt 0.82085031 0.83245540
vt 0.80159253 0.80232763
vt 0.78437787 0.77480447
vt 0.76618397 0.76462799
vt 0.86043578 0.85774571
vt 0.88132238 0.86267251
vt 0.89933449 0.88247252
vt 0.90059251 0.86484081
vt 0.91969109 0.87294871
vt 0.88174641 0.85342818
vt 0.86038131 0.85049248
vt 0.80218089 0.78605342
vt 0.84037668 0.84375209
vt 0.91972029 0.86107147
vt 0.90100759 0.85527813
vt 0.93733972 0.86923152
vt 0.93718392 0.88373113
vt 0.95544219 0.87697339
vt 0.84082949 0.82917160
vt 0.86041969 0.84018707
vt 0.82110369 0.81638700
vt 0.82146251 0.79920387
vt 0.84128809 0.81320119
vt 0.86049467 0.82638240
vt 0.95543933 0.86313403
vt 0.97459131 0.86630762
vt 0.97516161 0.88376480
vt 0.99303800 0.86554748
vt 0.99303800 0.84769499
vt 0.97363639 0.84880489
vt 0.99303800 0.83253652
vt 0.93732512 0.85823083
vt 0.97296768 0.83318490
vt 0.99303800 0.81737798
vt 0.95529211 0.84775710
vt 0.91954768 0.85262764
vt 0.97262961 0.81825191
vt 0.99303800 0.80285597
vt 0.95493692 0.83255827
vt 0.93711263 0.84504712
vt 0.90102881 0.84868771
vt 0.97264433 0.80362910
vt 0.99303800 0.78833401
vt 0.95451379 0.81756860
vt 0.93679798 0.83060408
vt 0.91917640 0.84153432
vt 0.97302359 0.78984392
vt 0.99303800 0.77688050
vt 0.95411372 0.80313373
vt 0.93651038 0.81569189
vt 0.91876721 0.82766181
vt 0.97385180 0.77803969
vt 0.99303800 0.76542699
vt 0.95392460 0.78972012
vt 0.93636441 0.80134362
vt 0.90070969 0.83902347
vt 0.91839850 0.81269139
vt 0.90010393 0.82556593
vt 0.97497898 0.76701367
vt 0.95421481 0.77791667
vt 0.93635678 0.78811908
vt 0.91808301 0.79854953
vt 0.97612298 0.75567061
vt 0.99303800 0.75232351
vt 0.95463419 0.76742119
vt 0.93591553 0.77665859
vt 0.89948839 0.81052738
vt 0.91785812 0.78573740
vt 0.97682017 0.74616039
vt 0.99303800 0.73922002
vt 0.89908153 0.79629958
vt 0.97660708 0.73602986
vt 0.99303800 0.72607398
vt 0.88087201 0.80968839
vt 0.88063490 0.79494643
vt 0.88127112 0.82498831
vt 0.88162810 0.83837080
vt 0.88178599 0.84748828
vt 0.86059290 0.81071830
vt 0.84149218 0.79641980
vt 0.86082882 0.79492360
vt 0.82185543 0.78262973
vt 0.88045692 0.78158021
vt 0.84167153 0.78049982
vt 0.80271572 0.77176130
vt 0.89889449 0.78351849
vt 0.86104047 0.78023201
vt 0.88027382 0.77050793
vt 0.91787988 0.77487540
vt 0.82222408 0.76861531
vt 0.78477871 0.76149708
vt 0.76618397 0.75192398
vt 0.86105168 0.76802438
vt 0.89903247 0.77294469
vt 0.93627751 0.76808619
vt 0.80341178 0.75777411
vt 0.78581822 0.74604428
vt 0.76618397 0.73922002
vt 0.78664619 0.73223990
vt 0.76618397 0.72607398
vt 0.80451429 0.74210703
vt 0.82275552 0.75517190
vt 0.78471762 0.71609539
vt 0.76618397 0.70795000
vt 0.80527711 0.72727811
vt 0.78348643 0.69984853
vt 0.76618397 0.69360602
vt 0.84206259 0.76728547
vt 0.82364482 0.74003088
vt 0.80401200 0.70493817
vt 0.78295660 0.68717831
vt 0.76618397 0.67926204
vt 0.84265608 0.75473958
vt 0.86107153 0.75666237
vt 0.82442367 0.72525942
vt 0.80350578 0.69296634
vt 0.78275663 0.67530990
vt 0.76618397 0.66373950
vt 0.88019222 0.76085371
vt 0.82382739 0.70055974
vt 0.80263758 0.68026268
vt 0.78305131 0.66268957
vt 0.76618397 0.64821696
vt 0.82236040 0.69011593
vt 0.80219150 0.67064261
vt 0.78349519 0.65023708
vt 0.76618397 0.63649249
vt 0.82316297 0.67942870
vt 0.80221272 0.65995961
vt 0.78369528 0.63877940
vt 0.76618397 0.62476802
vt 0.82306409 0.66857588
vt 0.80249768 0.64917147
vt 0.78427303 0.62537569
vt 0.76618397 0.60390246
vt 0.82307613 0.65972501
vt 0.80271733 0.63895738
vt 0.78530151 0.60563207
vt 0.76618397 0.58303702
vt 0.78619021 0.58445990
vt 0.76618397 0.56617546
vt 0.78655028 0.56646949
vt 0.76618397 0.54931402
vt 0.78663611 0.55078292
vt 0.76618397 0.53968400
vt 0.78658772 0.53951091
vt 0.76618397 0.53005397
vt 0.78683197 0.52989101
vt 0.76618397 0.52096498
vt 0.78684002 0.52101499
vt 0.76618397 0.51416099
vt 0.78810298 0.51416099
vt 0.80536598 0.51416099
vt 0.80663502 0.52978599
vt 0.80672699 0.52124703
vt 0.82736301 0.51416099
vt 0.82725900 0.51999801
vt 0.84592301 0.51416099
vt 0.80700803 0.53990626
vt 0.82726699 0.52925301
vt 0.84582198 0.52113801
vt 0.86383897 0.51416099
vt 0.80715412 0.55160701
vt 0.82676607 0.54012209
vt 0.84429300 0.52915800
vt 0.86363900 0.52110100
vt 0.88797599 0.51416099
vt 0.80694503 0.56705010
vt 0.86375898 0.53073204
vt 0.88739800 0.52134204
vt 0.90708703 0.51416099
vt 0.84563333 0.54042363
vt 0.82671231 0.55238181
vt 0.80621898 0.58542109
vt 0.86532247 0.54155821
vt 0.88785100 0.53161901
vt 0.90676999 0.52178001
vt 0.84588718 0.55320370
vt 0.82636172 0.56812829
vt 0.80480158 0.60678077
vt 0.86573929 0.55449462
vt 0.88648993 0.54248929
vt 0.82567471 0.58681786
vt 0.80337358 0.62606657
vt 0.84582758 0.56962001
vt 0.86571538 0.57113981
vt 0.82465178 0.60805970
vt 0.82377589 0.62712210
vt 0.84544808 0.58872056
vt 0.88698208 0.55527937
vt 0.86540908 0.59019303
vt 0.82343483 0.64015341
vt 0.88723630 0.57208467
vt 0.82327622 0.65013659
vt 0.84357530 0.66069663
vt 0.84376752 0.65138578
vt 0.84380651 0.64124084
vt 0.84344602 0.66940200
vt 0.84395838 0.62812489
vt 0.84348810 0.68219066
vt 0.84381372 0.69313169
vt 0.86234421 0.68601847
vt 0.86311078 0.67310214
vt 0.86361289 0.66294730
vt 0.86390150 0.65271461
vt 0.84371758 0.70711243
vt 0.86192542 0.69785666
vt 0.84443891 0.72730541
vt 0.86411017 0.64189720
vt 0.86274648 0.71979809
vt 0.84350222 0.74059558
vt 0.86230528 0.73367798
vt 0.86139822 0.74432290
vt 0.88037813 0.75161010
vt 0.88088459 0.74362922
vt 0.88297302 0.73438370
vt 0.88277388 0.70907450
vt 0.89916432 0.76425838
vt 0.88344240 0.68946636
vt 0.91805238 0.76685411
vt 0.88441598 0.67616093
vt 0.88528723 0.66439033
vt 0.88585073 0.65305710
vt 0.88620090 0.64166284
vt 0.90392971 0.69222039
vt 0.90523553 0.67865759
vt 0.90619242 0.66592431
vt 0.90684807 0.65368378
vt 0.90260142 0.70563829
vt 0.88650048 0.62824976
vt 0.90727031 0.64180446
vt 0.86436021 0.62852091
vt 0.84464282 0.60956031
vt 0.86486089 0.61041677
vt 0.88691670 0.61062896
vt 0.88722610 0.59098709
vt 0.90745372 0.62816083
vt 0.90731221 0.61039567
vt 0.90694332 0.57192433
vt 0.90703058 0.59074533
vt 0.90665990 0.55489266
vt 0.90542322 0.54252189
vt 0.90823400 0.53200197
vt 0.92589319 0.64111131
vt 0.92613697 0.62755072
vt 0.92612022 0.60983759
vt 0.92600018 0.59033692
vt 0.92616183 0.57187688
vt 0.92597419 0.55205786
vt 0.92138147 0.54143101
vt 0.94331998 0.62670743
vt 0.92548841 0.65319610
vt 0.94358653 0.60870570
vt 0.94350249 0.58910441
vt 0.92453498 0.53128898
vt 0.94286019 0.64040256
vt 0.92492390 0.66618389
vt 0.92148298 0.52254796
vt 0.92427301 0.51416099
vt 0.92841297 0.52337098
vt 0.93512899 0.51416099
vt 0.92872202 0.52832001
vt 0.93718201 0.52288800
vt 0.94518000 0.51416099
vt 0.93681800 0.53285098
vt 0.93726897 0.52772796
vt 0.94805402 0.52213299
vt 0.96062702 0.51416099
vt 0.93310839 0.54048574
vt 0.94819403 0.53207099
vt 0.96068799 0.52138400
vt 0.97294497 0.51416099
vt 0.94642282 0.54136217
vt 0.96150601 0.53150296
vt 0.97382802 0.52091002
vt 0.99303800 0.51416099
vt 0.99303800 0.52098799
vt 0.97412002 0.53131998
vt 0.99303800 0.53057700
vt 0.94294620 0.55404603
vt 0.96086103 0.54079789
vt 0.97587168 0.54048830
vt 0.99303800 0.54039598
vt 0.99303800 0.55021501
vt 0.94293010 0.57094520
vt 0.95947522 0.55295062
vt 0.97550368 0.55153859
vt 0.99303800 0.56662601
vt 0.95929182 0.56909329
vt 0.97536802 0.56732678
vt 0.99303800 0.58303702
vt 0.95955449 0.58713758
vt 0.97542351 0.58504850
vt 0.95975959 0.60762519
vt 0.97571361 0.60644311
vt 0.99303800 0.60390246
vt 0.95969713 0.62654042
vt 0.97583538 0.62671888
vt 0.99303800 0.62476802
vt 0.95910090 0.63997030
vt 0.97537291 0.64038420
vt 0.99303800 0.63649249
vt 0.94234103 0.65268809
vt 0.97491348 0.65284991
vt 0.99303800 0.64821696
vt 0.95851070 0.65192461
vt 0.94183230 0.66605991
vt 0.97523409 0.66717911
vt 0.99303800 0.66373950
vt 0.95854157 0.66555351
vt 0.92435092 0.67918479
vt 0.97580677 0.68167740
vt 0.99303800 0.67926204
vt 0.95859933 0.67989790
vt 0.94129562 0.67941236
vt 0.92420101 0.69337797
vt 0.97621143 0.69494849
vt 0.99303800 0.69360602
vt 0.94091493 0.69396603
vt 0.92381680 0.70609581
vt 0.95813268 0.69397950
vt 0.97679508 0.70621091
vt 0.99303800 0.70795000
vt 0.94003999 0.70670569
vt 0.95711547 0.70721000
vt 0.97733319 0.71572304
vt 0.95841098 0.71906233
vt 0.97753209 0.72500771
vt 0.92619711 0.71992528
vt 0.93924010 0.71979582
vt 0.95192099 0.72023034
vt 0.95875019 0.72980917
vt 0.95920008 0.73634684
vt 0.94955039 0.73222631
vt 0.93787181 0.73230326
vt 0.95854813 0.74282640
vt 0.94790298 0.74030602
vt 0.95846152 0.75117993
vt 0.94801140 0.74585390
vt 0.95677203 0.75837612
vt 0.94823688 0.75175709
vt 0.94965702 0.75866240
vt 0.93663669 0.74181181
vt 0.93612528 0.74770480
vt 0.93598348 0.75298393
vt 0.93558878 0.75953543
vt 0.92187238 0.75876772
vt 0.92335713 0.75244093
vt 0.91544157 0.75941151
vt 0.92447090 0.74748254
vt 0.92466491 0.74063587
vt 0.89905667 0.75694561
vt 0.91440362 0.75265813
vt 0.89953423 0.75018489
vt 0.91483289 0.74651444
vt 0.90001422 0.74299586
vt 0.92532808 0.73117101
vt 0.91539919 0.74013996
vt 0.90027368 0.73764956
vt 0.91638267 0.73064590
vt 0.90032440 0.72971547
vt 0.91899478 0.72018898
vt 0.90199161 0.71674889
vt 0.23381600 0.86554748
vt 0.21777450 0.86647362
vt 0.21788530 0.88398188
vt 0.23381600 0.84769499
vt 0.19880880 0.88289881
vt 0.21773539 0.84865022
vt 0.23381600 0.83253652
vt 0.19906400 0.86629510
vt 0.17976239 0.87921280
vt 0.21734869 0.83339220
vt 0.23381600 0.81737798
vt 0.19905770 0.84919399
vt 0.17939401 0.86289203
vt 0.21670610 0.81872368
vt 0.23381600 0.80285597
vt 0.19916150 0.83389831
vt 0.21619150 0.80332500
vt 0.23381600 0.78833401
vt 0.15952960 0.86655480
vt 0.15887310 0.88005078
vt 0.17923810 0.84790289
vt 0.19891210 0.81876272
vt 0.21582229 0.78813678
vt 0.23381600 0.77648103
vt 0.13947740 0.86818451
vt 0.13932329 0.88546681
vt 0.11963520 0.88018411
vt 0.15971389 0.85644042
vt 0.17914970 0.83245540
vt 0.19840750 0.80232763
vt 0.21562210 0.77480447
vt 0.23381600 0.76462799
vt 0.11867760 0.86267251
vt 0.10066550 0.88247252
vt 0.15962330 0.84375209
vt 0.17889629 0.81638700
vt 0.19781910 0.78605342
vt 0.21522130 0.76149708
vt 0.23381600 0.75192398
vt 0.09940749 0.86484081
vt 0.08030885 0.87294871
vt 0.15917049 0.82917160
vt 0.17853750 0.79920387
vt 0.19728430 0.77176130
vt 0.21418180 0.74604428
vt 0.23381600 0.73922002
vt 0.15871190 0.81320119
vt 0.17814460 0.78262973
vt 0.19658820 0.75777411
vt 0.21335380 0.73223990
vt 0.23381600 0.72607398
vt 0.15850779 0.79641980
vt 0.17777590 0.76861531
vt 0.19548570 0.74210703
vt 0.21528240 0.71609539
vt 0.23381600 0.70795000
vt 0.15832850 0.78049982
vt 0.17724450 0.75517190
vt 0.19472291 0.72727811
vt 0.21651360 0.69984853
vt 0.23381600 0.69360602
vt 0.15793739 0.76728547
vt 0.17635520 0.74003088
vt 0.19598800 0.70493817
vt 0.21704340 0.68717831
vt 0.23381600 0.67926204
vt 0.15734389 0.75473958
vt 0.17557630 0.72525942
vt 0.19649421 0.69296634
vt 0.21724340 0.67530990
vt 0.23381600 0.66373950
vt 0.17617260 0.70055974
vt 0.19736239 0.68026268
vt 0.21694870 0.66268957
vt 0.23381600 0.64821696
vt 0.17763960 0.69011593
vt 0.19780850 0.67064261
vt 0.21650480 0.65023708
vt 0.23381600 0.63649249
vt 0.17683700 0.67942870
vt 0.19778730 0.65995961
vt 0.21630470 0.63877940
vt 0.23381600 0.62476802
vt 0.17693590 0.66857588
vt 0.19750230 0.64917147
vt 0.21572700 0.62537569
vt 0.23381600 0.60390246
vt 0.17692390 0.65972501
vt 0.19728270 0.63895738
vt 0.21469849 0.60563207
vt 0.23381600 0.58303702
vt 0.21380980 0.58445990
vt 0.23381600 0.56617546
vt 0.21344970 0.56646949
vt 0.23381600 0.54931402
vt 0.21336390 0.55078292
vt 0.23381600 0.53968400
vt 0.21341230 0.53951091
vt 0.23381600 0.53005397
vt 0.21316800 0.52989101
vt 0.23381600 0.52096498
vt 0.21315999 0.52101499
vt 0.23381600 0.51416099
vt 0.21189700 0.51416099
vt 0.19463401 0.51416099
vt 0.19336499 0.52978599
vt 0.19327299 0.52124703
vt 0.17263700 0.51416099
vt 0.17274100 0.51999801
vt 0.15407699 0.51416099
vt 0.19299200 0.53990626
vt 0.15417799 0.52113801
vt 0.13616100 0.51416099
vt 0.17273299 0.52925301
vt 0.19284590 0.55160701
vt 0.13636100 0.52110100
vt 0.11202400 0.51416099
vt 0.15570700 0.52915800
vt 0.17323390 0.54012209
vt 0.19305500 0.56705010
vt 0.11260200 0.52134204
vt 0.09291297 0.51416099
vt 0.13624100 0.53073204
vt 0.15436670 0.54042363
vt 0.17328770 0.55238181
vt 0.19378100 0.58542109
vt 0.13467750 0.54155821
vt 0.11214900 0.53161901
vt 0.15411280 0.55320370
vt 0.17363830 0.56812829
vt 0.19519840 0.60678077
vt 0.13426070 0.55449462
vt 0.17432530 0.58681786
vt 0.19662639 0.62606657
vt 0.15417241 0.56962001
vt 0.17534821 0.60805970
vt 0.17622410 0.62712210
vt 0.11351010 0.54248929
vt 0.13428460 0.57113981
vt 0.15455189 0.58872056
vt 0.17656520 0.64015341
vt 0.11301790 0.55527937
vt 0.13459089 0.59019303
vt 0.17672379 0.65013659
vt 0.15642470 0.66069663
vt 0.15623251 0.65138578
vt 0.15619349 0.64124084
vt 0.11276370 0.57208467
vt 0.15655400 0.66940200
vt 0.15604161 0.62812489
vt 0.15651190 0.68219066
vt 0.15618630 0.69313169
vt 0.13765579 0.68601847
vt 0.13688920 0.67310214
vt 0.15628240 0.70711243
vt 0.15535720 0.60956031
vt 0.13513909 0.61041677
vt 0.13563980 0.62852091
vt 0.11277390 0.59098709
vt 0.13807461 0.69785666
vt 0.15556110 0.72730541
vt 0.13588980 0.64189720
vt 0.11308330 0.61062896
vt 0.13725349 0.71979809
vt 0.15649781 0.74059558
vt 0.13769470 0.73367798
vt 0.13860179 0.74432290
vt 0.13609850 0.65271461
vt 0.13892850 0.75666237
vt 0.13638709 0.66294730
vt 0.13894831 0.76802438
vt 0.11702700 0.73438370
vt 0.11911540 0.74362922
vt 0.11962190 0.75161010
vt 0.11980780 0.76085371
vt 0.11722610 0.70907450
vt 0.11655760 0.68946636
vt 0.11558400 0.67616093
vt 0.11471280 0.66439033
vt 0.11414930 0.65305710
vt 0.11379910 0.64166284
vt 0.11349950 0.62824976
vt 0.09607035 0.69222039
vt 0.09476447 0.67865759
vt 0.09380764 0.66592431
vt 0.09315187 0.65368378
vt 0.09272975 0.64180446
vt 0.09254628 0.62816083
vt 0.09739864 0.70563829
vt 0.09268779 0.61039567
vt 0.07564908 0.67918479
vt 0.07507610 0.66618389
vt 0.07451159 0.65319610
vt 0.07579899 0.69337797
vt 0.07410675 0.64111131
vt 0.07618320 0.70609581
vt 0.07386297 0.62755072
vt 0.09296942 0.59074533
vt 0.07387984 0.60983759
vt 0.05668002 0.62670743
vt 0.05713981 0.64040256
vt 0.09305674 0.57192433
vt 0.07399982 0.59033692
vt 0.09334010 0.55489266
vt 0.05765903 0.65268809
vt 0.05641353 0.60870570
vt 0.07383823 0.57187688
vt 0.09457678 0.54252189
vt 0.05816770 0.66605991
vt 0.05649745 0.58910441
vt 0.07402575 0.55205786
vt 0.09176600 0.53200197
vt 0.05870444 0.67941236
vt 0.07861847 0.54143101
vt 0.09323001 0.52178001
vt 0.07546502 0.53128898
vt 0.07851702 0.52254796
vt 0.07572699 0.51416099
vt 0.07158703 0.52337098
vt 0.06487101 0.51416099
vt 0.07127798 0.52832001
vt 0.06318200 0.53285098
vt 0.06281799 0.52288800
vt 0.05482000 0.51416099
vt 0.06273103 0.52772796
vt 0.05194598 0.52213299
vt 0.03937298 0.51416099
vt 0.06689161 0.54048574
vt 0.05180597 0.53207099
vt 0.03931201 0.52138400
vt 0.02705503 0.51416099
vt 0.05357724 0.54136217
vt 0.02617198 0.52091002
vt 0.00696200 0.51416099
vt 0.00696200 0.52098799
vt 0.03849399 0.53150296
vt 0.02587998 0.53131998
vt 0.00696200 0.53057700
vt 0.05705380 0.55404603
vt 0.03913897 0.54079789
vt 0.02412826 0.54048830
vt 0.00696200 0.54039598
vt 0.00696200 0.55021501
vt 0.05706990 0.57094520
vt 0.04052478 0.55295062
vt 0.02449632 0.55153859
vt 0.00696200 0.56662601
vt 0.04070824 0.56909329
vt 0.02463198 0.56732678
vt 0.00696200 0.58303702
vt 0.04044551 0.58713758
vt 0.02457654 0.58504850
vt 0.04024041 0.60762519
vt 0.02428639 0.60644311
vt 0.00696200 0.60390246
vt 0.04030293 0.62654042
vt 0.02416462 0.62671888
vt 0.00696200 0.62476802
vt 0.04089910 0.63997030
vt 0.02462709 0.64038420
vt 0.00696200 0.63649249
vt 0.04148930 0.65192461
vt 0.02508652 0.65284991
vt 0.00696200 0.64821696
vt 0.04145837 0.66555351
vt 0.02476591 0.66717911
vt 0.00696200 0.66373950
vt 0.04140073 0.67989790
vt 0.02419323 0.68167740
vt 0.00696200 0.67926204
vt 0.05908513 0.69396603
vt 0.02378857 0.69494849
vt 0.00696200 0.69360602
vt 0.04186732 0.69397950
vt 0.02320492 0.70621091
vt 0.00696200 0.70795000
vt 0.05996001 0.70670569
vt 0.04288453 0.70721000
vt 0.02266681 0.71572304
vt 0.00696200 0.72607398
vt 0.04158896 0.71906233
vt 0.02246791 0.72500771
vt 0.02339292 0.73602986
vt 0.00696200 0.73922002
vt 0.02317983 0.74616039
vt 0.00696200 0.75232351
vt 0.02387697 0.75567061
vt 0.00696200 0.76542699
vt 0.06075990 0.71979582
vt 0.04807901 0.72023034
vt 0.04124981 0.72980917
vt 0.04079992 0.73634684
vt 0.04145187 0.74282640
vt 0.05044961 0.73222631
vt 0.06212825 0.73230326
vt 0.05209696 0.74030602
vt 0.07380295 0.71992528
vt 0.04153854 0.75117993
vt 0.05198860 0.74585390
vt 0.07467192 0.73117101
vt 0.08100516 0.72018898
vt 0.06336325 0.74181181
vt 0.08361733 0.73064590
vt 0.09800839 0.71674889
vt 0.09967560 0.72971547
vt 0.07533509 0.74063587
vt 0.08460081 0.74013996
vt 0.09972626 0.73764956
vt 0.09998578 0.74299586
vt 0.08516705 0.74651444
vt 0.10046580 0.75018489
vt 0.07552910 0.74748254
vt 0.08559644 0.75265813
vt 0.10094330 0.75694561
vt 0.06387466 0.74770480
vt 0.10083570 0.76425838
vt 0.07664293 0.75244093
vt 0.08455843 0.75941151
vt 0.05176306 0.75175709
vt 0.06401652 0.75298393
vt 0.07812756 0.75876772
vt 0.08194762 0.76685411
vt 0.10096750 0.77294469
vt 0.04322797 0.75837612
vt 0.05034298 0.75866240
vt 0.06441116 0.75953543
vt 0.04536581 0.76742119
vt 0.06372249 0.76808619
vt 0.08212012 0.77487540
vt 0.11972620 0.77050793
vt 0.02502102 0.76701367
vt 0.06408447 0.77665859
vt 0.10110550 0.78351849
vt 0.13895950 0.78023201
vt 0.02614820 0.77803969
vt 0.00696200 0.77688050
vt 0.04578525 0.77791667
vt 0.08214188 0.78573740
vt 0.11954310 0.78158021
vt 0.13917120 0.79492360
vt 0.02697641 0.78984392
vt 0.00696200 0.78833401
vt 0.04607540 0.78972012
vt 0.06364316 0.78811908
vt 0.10091850 0.79629958
vt 0.13940710 0.81071830
vt 0.11936510 0.79494643
vt 0.02735567 0.80362910
vt 0.00696200 0.80285597
vt 0.08191705 0.79854953
vt 0.04588634 0.80313373
vt 0.06363559 0.80134362
vt 0.10051160 0.81052738
vt 0.11912800 0.80968839
vt 0.02737039 0.81825191
vt 0.00696200 0.81737798
vt 0.08160150 0.81269139
vt 0.04548615 0.81756860
vt 0.06348956 0.81569189
vt 0.02703226 0.83318490
vt 0.00696200 0.83253652
vt 0.09989613 0.82556593
vt 0.08123279 0.82766181
vt 0.06320202 0.83060408
vt 0.04506308 0.83255827
vt 0.02636361 0.84880489
vt 0.00696200 0.84769499
vt 0.04470789 0.84775710
vt 0.06288743 0.84504712
vt 0.08082360 0.84153432
vt 0.09929025 0.83902347
vt 0.02540869 0.86630762
vt 0.00696200 0.86554748
vt 0.02483845 0.88376480
vt 0.04455775 0.87697339
vt 0.04456073 0.86313403
vt 0.06267488 0.85823083
vt 0.06266034 0.86923152
vt 0.06281614 0.88373113
vt 0.08027971 0.86107147
vt 0.08045226 0.85262764
vt 0.09899241 0.85527813
vt 0.09897119 0.84868771
vt 0.11825360 0.85342818
vt 0.13956420 0.85774571
vt 0.13961869 0.85049248
vt 0.11821400 0.84748828
vt 0.11837190 0.83837080
vt 0.13958029 0.84018707
vt 0.11872890 0.82498831
vt 0.13950530 0.82638240
vt 0.62077200 0.22088301
vt 0.62327898 0.21608001
vt 0.61965102 0.21881598
vt 0.61740601 0.22261000
vt 0.62397403 0.21921802
vt 0.62762702 0.21990103
vt 0.62716198 0.21749902
vt 0.63349003 0.22068298
vt 0.62689501 0.23026699
vt 0.62119699 0.23049599
vt 0.63206202 0.22954601
vt 0.62275600 0.23874700
vt 0.61798197 0.23044300
vt 0.62705302 0.23834997
vt 0.63440901 0.23025602
vt 0.63068199 0.23842299
vt 0.62867600 0.25347799
vt 0.63604200 0.22140598
vt 0.63578200 0.21839601
vt 0.63788098 0.21716100
vt 0.61412603 0.23131198
vt 0.61830300 0.24213701
vt 0.62288803 0.25294501
vt 0.61322701 0.22257102
vt 0.61367100 0.21993297
vt 0.61065203 0.21879202
vt 0.61539400 0.24380398
vt 0.60911101 0.23088402
vt 0.61015898 0.22212303
vt 0.60667300 0.22292000
vt 0.60678703 0.22008801
vt 0.60253799 0.22364098
vt 0.60350198 0.23154199
vt 0.59762800 0.23154402
vt 0.61053300 0.24470299
vt 0.60353500 0.24453998
vt 0.59422201 0.24502701
vt 0.59561402 0.25192499
vt 0.61926699 0.24912202
vt 0.61740100 0.25251901
vt 0.61141300 0.25349998
vt 0.60358101 0.25268501
vt 0.62027198 0.26253802
vt 0.60004097 0.26451999
vt 0.59341902 0.26288301
vt 0.58981001 0.27263701
vt 0.61179298 0.26458299
vt 0.59974498 0.27608597
vt 0.58801198 0.28526002
vt 0.61117899 0.27809203
vt 0.62893999 0.26251799
vt 0.63112998 0.27830797
vt 0.63314903 0.25297600
vt 0.63523197 0.26231200
vt 0.63476402 0.24093598
vt 0.59979302 0.28850502
vt 0.61175799 0.29034400
vt 0.59589702 0.30296803
vt 0.58437800 0.29892498
vt 0.57829601 0.30906498
vt 0.63181299 0.29216599
vt 0.65139401 0.27648097
vt 0.63278401 0.30426800
vt 0.61035800 0.30399001
vt 0.58175701 0.31710202
vt 0.55965197 0.31827199
vt 0.59732503 0.32179803
vt 0.64210099 0.26335400
vt 0.65183097 0.28820401
vt 0.56367600 0.32773501
vt 0.54156703 0.32941699
vt 0.54697698 0.33856398
vt 0.52345699 0.34488100
vt 0.57459569 0.35215598
vt 0.59472889 0.34990340
vt 0.64110303 0.25389802
vt 0.63752002 0.25257200
vt 0.63523602 0.25068098
vt 0.63686198 0.23981601
vt 0.64134300 0.23945302
vt 0.63535398 0.23061699
vt 0.63962400 0.23039800
vt 0.63850600 0.22046298
vt 0.64166802 0.22163099
vt 0.64175600 0.21921903
vt 0.64590001 0.22589999
vt 0.64434201 0.23142201
vt 0.64459002 0.23983300
vt 0.64660102 0.23180997
vt 0.64407402 0.25422502
vt 0.64790499 0.24183702
vt 0.64862603 0.23188102
vt 0.64845097 0.26359302
vt 0.64982098 0.25470901
vt 0.64740503 0.25199598
vt 0.64796698 0.22477698
vt 0.64746302 0.22338301
vt 0.64966798 0.22262198
vt 0.65015399 0.24136800
vt 0.65148997 0.23158699
vt 0.65002602 0.22446197
vt 0.65275502 0.22597802
vt 0.65260100 0.22409302
vt 0.65774602 0.23001897
vt 0.65379101 0.24249601
vt 0.65458101 0.23177898
vt 0.65349299 0.25467998
vt 0.65696698 0.24348199
vt 0.65814197 0.23516500
vt 0.65348202 0.26399702
vt 0.65728498 0.25467300
vt 0.66006702 0.26356000
vt 0.65936399 0.23127699
vt 0.65890098 0.22924203
vt 0.66048801 0.22875702
vt 0.66521698 0.27254099
vt 0.65897399 0.25198799
vt 0.65861499 0.24400902
vt 0.65910602 0.23625702
vt 0.66117901 0.23116201
vt 0.66056001 0.25429201
vt 0.65876800 0.24505401
vt 0.66317302 0.23223603
vt 0.66301602 0.23001599
vt 0.66607499 0.23509198
vt 0.66180599 0.23644298
vt 0.66203499 0.24535799
vt 0.66426802 0.23688501
vt 0.66471797 0.24641299
vt 0.66926599 0.24767202
vt 0.66282701 0.25478202
vt 0.66545802 0.25511301
vt 0.66950399 0.25526500
vt 0.67039198 0.26226300
vt 0.66533899 0.26385701
vt 0.67162102 0.27023000
vt 0.67581600 0.28151101
vt 0.66612101 0.28465402
vt 0.66983497 0.30537498
vt 0.67995697 0.30308598
vt 0.68112701 0.32830501
vt 0.69079697 0.32080001
vt 0.70661420 0.33871180
vt 0.71484298 0.32792002
vt 0.73598599 0.34086001
vt 0.65365702 0.30597597
vt 0.65363199 0.32382601
vt 0.66737902 0.32606602
vt 0.73112899 0.35149503
vt 0.74165797 0.36044401
vt 0.74854600 0.35101002
vt 0.76110500 0.36115998
vt 0.75218701 0.36939299
vt 0.73467398 0.38556099
vt 0.72135252 0.37586910
vt 0.70427883 0.36159778
vt 0.71072042 0.39547879
vt 0.71794099 0.40100902
vt 0.71224999 0.40626299
vt 0.70492500 0.40158951
vt 0.70276397 0.41501999
vt 0.69761199 0.40904897
vt 0.69838232 0.39615959
vt 0.69018501 0.40216500
vt 0.70473421 0.39059532
vt 0.69039488 0.38955063
vt 0.68157601 0.39591599
vt 0.70593208 0.37440860
vt 0.69899029 0.38389438
vt 0.68614900 0.38618809
vt 0.69099861 0.37698168
vt 0.67658812 0.37999731
vt 0.67098999 0.38918197
vt 0.69711667 0.36954618
vt 0.68290192 0.37062132
vt 0.66719770 0.37432653
vt 0.65965903 0.38314301
vt 0.68902862 0.36353391
vt 0.67556411 0.36522371
vt 0.66129363 0.37237293
vt 0.64485103 0.37797397
vt 0.66398692 0.36141777
vt 0.68118650 0.35863233
vt 0.69610411 0.35486460
vt 0.68631512 0.35197282
vt 0.67311537 0.35272932
vt 0.66285920 0.34497762
vt 0.64656818 0.36870903
vt 0.64842492 0.35773939
vt 0.65052998 0.34126800
vt 0.63176090 0.36684090
vt 0.63133198 0.37707800
vt 0.61697698 0.37810701
vt 0.63266069 0.35617709
vt 0.63239503 0.34093302
vt 0.61764067 0.36862659
vt 0.63301003 0.32302803
vt 0.61751318 0.35620779
vt 0.60409552 0.37368131
vt 0.60357898 0.38272202
vt 0.61454499 0.32288200
vt 0.61709303 0.34077501
vt 0.60628599 0.34279501
vt 0.60380459 0.36413401
vt 0.59011519 0.36077732
vt 0.59555972 0.36926442
vt 0.58841711 0.37381268
vt 0.59962440 0.37585831
vt 0.59200400 0.38037121
vt 0.59577298 0.38717401
vt 0.58766299 0.39234698
vt 0.58202118 0.36439759
vt 0.58360279 0.38506597
vt 0.56504703 0.36831617
vt 0.54666883 0.37244618
vt 0.57849628 0.38828123
vt 0.57837600 0.39857697
vt 0.57583869 0.37013060
vt 0.57938951 0.37842661
vt 0.57083827 0.38282311
vt 0.57149869 0.39214611
vt 0.57276303 0.40317798
vt 0.56505162 0.38558739
vt 0.56557143 0.39606571
vt 0.56780899 0.40698802
vt 0.55813402 0.39970601
vt 0.55962008 0.38972962
vt 0.55232900 0.39533597
vt 0.53465998 0.38203502
vt 0.52327198 0.36005199
vt 0.51592702 0.36793399
vt 0.50615799 0.36058098
vt 0.51480699 0.35273099
vt 0.53061700 0.35216999
vt 0.52568102 0.32566798
vt 0.52784699 0.32536501
vt 0.52809697 0.32222903
vt 0.53003103 0.32257301
vt 0.52609497 0.32246399
vt 0.52359402 0.32451898
vt 0.52428001 0.32191402
vt 0.52165902 0.32303500
vt 0.53018099 0.32081699
vt 0.52841401 0.31942701
vt 0.53144801 0.32166803
vt 0.53111601 0.32396197
vt 0.53217900 0.32473898
vt 0.53278297 0.32180601
vt 0.53457201 0.32402802
vt 0.53472197 0.32128102
vt 0.53812099 0.32094300
vt 0.53318399 0.31923097
vt 0.53175700 0.31937701
vt 0.53033400 0.31900102
vt 0.53790599 0.31912601
vt 0.53495800 0.31880599
vt 0.53940201 0.31922603
vt 0.53957802 0.32146603
vt 0.54070902 0.32192200
vt 0.53775299 0.31744498
vt 0.54046100 0.31919998
vt 0.54221100 0.32106400
vt 0.53929198 0.31713402
vt 0.54172498 0.31853002
vt 0.54478800 0.31765300
vt 0.54030901 0.31688499
vt 0.53408003 0.31459498
vt 0.53635198 0.31461400
vt 0.53776097 0.31476200
vt 0.53906900 0.31399000
vt 0.53184599 0.31485301
vt 0.53065503 0.31506902
vt 0.52977002 0.31470603
vt 0.52692401 0.31487000
vt 0.53106600 0.31061798
vt 0.53286898 0.30967200
vt 0.53011602 0.30996001
vt 0.52645099 0.31966501
vt 0.52474302 0.31940699
vt 0.53513700 0.30911499
vt 0.53125501 0.30794698
vt 0.53206903 0.30645698
vt 0.53708798 0.30967301
vt 0.53076398 0.30643201
vt 0.53513497 0.30507600
vt 0.52220500 0.32093000
vt 0.53817600 0.30999601
vt 0.52783000 0.30911899
vt 0.53173900 0.30023497
vt 0.52031600 0.32113600
vt 0.52087200 0.31833303
vt 0.51858801 0.32089800
vt 0.51971698 0.32424700
vt 0.51799500 0.32448697
vt 0.51626801 0.32312000
vt 0.52273899 0.31879997
vt 0.52421701 0.31516200
vt 0.51665902 0.32021499
vt 0.51457602 0.32040000
vt 0.51680398 0.31765902
vt 0.51230597 0.31502199
vt 0.51904702 0.31792700
vt 0.51595002 0.31368101
vt 0.51160300 0.30658197
vt 0.51935399 0.31368399
vt 0.52373999 0.31440800
vt 0.52556998 0.30951703
vt 0.52231598 0.31415802
vt 0.52441299 0.30980700
vt 0.52241802 0.30827099
vt 0.51939100 0.30702502
vt 0.52440703 0.30679297
vt 0.52528900 0.30632901
vt 0.52350098 0.30576700
vt 0.51528698 0.30668199
vt 0.52793401 0.30540502
vt 0.51932299 0.30388802
vt 0.51473498 0.30288500
vt 0.51108199 0.30275500
vt 0.52382100 0.30026102
vt 0.52833098 0.30008399
vt 0.51512998 0.29793900
vt 0.51062298 0.29596400
vt 0.51993501 0.29921502
vt 0.51552701 0.28960103
vt 0.51100701 0.28940398
vt 0.52329898 0.29148698
vt 0.53114903 0.29223001
vt 0.51586503 0.28163701
vt 0.51087999 0.28057200
vt 0.51468998 0.27105099
vt 0.52330703 0.28283203
vt 0.51937801 0.27082998
vt 0.51771301 0.26391798
vt 0.52113199 0.26331800
vt 0.51563901 0.25261599
vt 0.53544599 0.29947799
vt 0.54004198 0.29269397
vt 0.53133899 0.28336102
vt 0.52426302 0.27088499
vt 0.53772098 0.30541497
vt 0.53924102 0.29921699
vt 0.53838301 0.30696398
vt 0.53915900 0.30535299
vt 0.53904802 0.30894500
vt 0.54083002 0.31313801
vt 0.54114300 0.30755502
vt 0.54150599 0.30361599
vt 0.54143500 0.31632298
vt 0.54231900 0.31269598
vt 0.54405999 0.31546402
vt 0.54265600 0.30729198
vt 0.54219198 0.29862201
vt 0.54481697 0.29818201
vt 0.54328197 0.30404198
vt 0.54487801 0.31563902
vt 0.54548001 0.31784999
vt 0.54634100 0.31787300
vt 0.54338098 0.31135100
vt 0.54402000 0.31143898
vt 0.54572600 0.31554300
vt 0.54745400 0.31695902
vt 0.54332298 0.30725801
vt 0.54365999 0.30530697
vt 0.54528600 0.31151199
vt 0.54670602 0.31496602
vt 0.54870200 0.31399500
vt 0.54426301 0.30726302
vt 0.54439300 0.30364400
vt 0.54702199 0.31187099
vt 0.55049998 0.30710900
vt 0.54609001 0.30694503
vt 0.54856300 0.30658102
vt 0.55075401 0.30278301
vt 0.54645699 0.30333400
vt 0.54813898 0.30258000
vt 0.55208999 0.29854000
vt 0.54845703 0.29829901
vt 0.54850298 0.29323298
vt 0.55321199 0.29322100
vt 0.55407399 0.28503901
vt 0.54856902 0.28516603
vt 0.54108399 0.28338498
vt 0.54729098 0.27397799
vt 0.55282700 0.27075201
vt 0.53999299 0.27327502
vt 0.54681802 0.26598698
vt 0.55003798 0.25855601
vt 0.53101301 0.27263099
vt 0.54476500 0.25803798
vt 0.54931402 0.24491501
vt 0.53937697 0.26491499
vt 0.53113401 0.26513499
vt 0.53845203 0.25578099
vt 0.54338801 0.24510002
vt 0.52577299 0.26332301
vt 0.53206402 0.25533998
vt 0.53172100 0.24609298
vt 0.52473199 0.25479001
vt 0.52102101 0.25366199
vt 0.52503800 0.24456298
vt 0.52029401 0.24237102
vt 0.51553500 0.24074602
vt 0.52624798 0.23711097
vt 0.52283698 0.23227698
vt 0.51985103 0.22836000
vt 0.52525997 0.22575700
vt 0.52703500 0.23032200
vt 0.53091002 0.23489600
vt 0.53123301 0.22836697
vt 0.53066897 0.22315300
vt 0.53811300 0.22723299
vt 0.53604698 0.23148400
vt 0.53671902 0.23784900
vt 0.54086000 0.23460102
vt 0.54555601 0.23131400
vt 0.53814000 0.24601197
vt 0.63737899 0.20480198
vt 0.63535601 0.19749999
vt 0.63401997 0.20349598
vt 0.63153499 0.20114499
vt 0.63065398 0.19749999
vt 0.63211298 0.19393998
vt 0.63506901 0.19126397
vt 0.64656800 0.20480198
vt 0.65059102 0.19749999
vt 0.65051502 0.20354599
vt 0.63867599 0.19032699
vt 0.65177000 0.20114499
vt 0.64718097 0.19007599
vt 0.65177000 0.19749999
vt 0.65059102 0.19104898
vt 0.65177000 0.19393998
vt 0.63737899 0.16432297
vt 0.63535601 0.15702200
vt 0.63401997 0.16301697
vt 0.63153499 0.16066700
vt 0.63065398 0.15702200
vt 0.63211298 0.15346199
vt 0.63506901 0.15078598
vt 0.64656800 0.16432297
vt 0.65059102 0.15702200
vt 0.65051502 0.16306698
vt 0.63867599 0.14984798
vt 0.65177000 0.16066700
vt 0.64718097 0.14959699
vt 0.65177000 0.15702200
vt 0.65059102 0.15056998
vt 0.65177000 0.15346199
vt 0.63211298 0.11230099
vt 0.63065398 0.11586100
vt 0.63535601 0.11586100
vt 0.63506901 0.10962498
vt 0.63153499 0.11950600
vt 0.63401997 0.12185597
vt 0.63737899 0.12316197
vt 0.63867599 0.10868698
vt 0.65059102 0.11586100
vt 0.64718097 0.10843599
vt 0.64656800 0.12316197
vt 0.65059102 0.10940897
vt 0.65051502 0.12190598
vt 0.65177000 0.11230099
vt 0.65177000 0.11950600
vt 0.65177000 0.11586100
vt 0.63506198 0.06949300
vt 0.63534898 0.07572901
vt 0.63866901 0.06855601
vt 0.63210601 0.07216901
vt 0.65058398 0.07572901
vt 0.64717400 0.06830502
vt 0.63064700 0.07572901
vt 0.65058398 0.06927800
vt 0.63152802 0.07937402
vt 0.65176302 0.07216901
vt 0.63401300 0.08172500
vt 0.63737202 0.08303100
vt 0.64656103 0.08303100
vt 0.65176302 0.07572901
vt 0.65050799 0.08177501
vt 0.65176302 0.07937402
vt 0.65050799 0.04141700
vt 0.65058398 0.03541499
vt 0.64656103 0.04267299
vt 0.65176302 0.03901702
vt 0.65176302 0.03537101
vt 0.65176302 0.03181201
vt 0.65058398 0.02891999
vt 0.64717400 0.02794701
vt 0.63623202 0.03541499
vt 0.63737202 0.04267299
vt 0.63866901 0.02819800
vt 0.63401300 0.04136699
vt 0.63506198 0.02913600
vt 0.63152802 0.03901702
vt 0.63210601 0.03181201
vt 0.63064700 0.03537101
vt 0.33951199 0.22875702
vt 0.34063599 0.23127699
vt 0.34109899 0.22924203
vt 0.34225401 0.23001897
vt 0.33882099 0.23116201
vt 0.33682701 0.23223603
vt 0.33698401 0.23001599
vt 0.33392501 0.23509198
vt 0.34089401 0.23625702
vt 0.33819401 0.23644298
vt 0.33573201 0.23688501
vt 0.33528200 0.24641299
vt 0.33073401 0.24767202
vt 0.33796501 0.24535799
vt 0.33454201 0.25511301
vt 0.33049601 0.25526500
vt 0.32960799 0.26226300
vt 0.33717301 0.25478202
vt 0.33466101 0.26385701
vt 0.32837901 0.27023000
vt 0.34123200 0.24505401
vt 0.33943999 0.25429201
vt 0.33478299 0.27254099
vt 0.32418400 0.28151101
vt 0.33993301 0.26356000
vt 0.34860599 0.27648097
vt 0.34138501 0.24400902
vt 0.34102601 0.25198799
vt 0.34271500 0.25467300
vt 0.34185800 0.23516500
vt 0.34303299 0.24348199
vt 0.34651801 0.26399702
vt 0.34541899 0.23177898
vt 0.34650701 0.25467998
vt 0.35017899 0.25470901
vt 0.34620899 0.24249601
vt 0.34724501 0.22597802
vt 0.34739900 0.22409302
vt 0.35033199 0.22262198
vt 0.34851000 0.23158699
vt 0.34997401 0.22446197
vt 0.35203299 0.22477698
vt 0.35253701 0.22338301
vt 0.35409999 0.22589999
vt 0.34984601 0.24136800
vt 0.35137400 0.23188102
vt 0.35209501 0.24183702
vt 0.35339901 0.23180997
vt 0.35565799 0.23142201
vt 0.35541001 0.23983300
vt 0.35833201 0.22163099
vt 0.35824400 0.21921903
vt 0.36211899 0.21716100
vt 0.35259500 0.25199598
vt 0.35592601 0.25422502
vt 0.35154900 0.26359302
vt 0.35789901 0.26335400
vt 0.35889700 0.25389802
vt 0.35865700 0.23945302
vt 0.36037600 0.23039800
vt 0.36149400 0.22046298
vt 0.36395800 0.22140598
vt 0.36421800 0.21839601
vt 0.36651000 0.22068298
vt 0.36476800 0.26231200
vt 0.36248001 0.25257200
vt 0.36313799 0.23981601
vt 0.36464599 0.23061699
vt 0.36559099 0.23025602
vt 0.36886999 0.27830797
vt 0.36685100 0.25297600
vt 0.36476400 0.25068098
vt 0.36523601 0.24093598
vt 0.36931801 0.23842299
vt 0.36793801 0.22954601
vt 0.37106001 0.26251799
vt 0.37132400 0.25347799
vt 0.37237301 0.21990103
vt 0.37283799 0.21749902
vt 0.37672099 0.21608001
vt 0.37294701 0.23834997
vt 0.37310499 0.23026699
vt 0.37602600 0.21921802
vt 0.37922800 0.22088301
vt 0.38034901 0.21881598
vt 0.38259399 0.22261000
vt 0.37724400 0.23874700
vt 0.37880301 0.23049599
vt 0.37711200 0.25294501
vt 0.38201800 0.23044300
vt 0.38169700 0.24213701
vt 0.38587400 0.23131198
vt 0.37972799 0.26253802
vt 0.38677299 0.22257102
vt 0.38632900 0.21993297
vt 0.38934800 0.21879202
vt 0.38073301 0.24912202
vt 0.38460600 0.24380398
vt 0.38259900 0.25251901
vt 0.39088899 0.23088402
vt 0.38984099 0.22212303
vt 0.39332700 0.22292000
vt 0.39321300 0.22008801
vt 0.39746201 0.22364098
vt 0.39649799 0.23154199
vt 0.40237200 0.23154402
vt 0.38946700 0.24470299
vt 0.39646500 0.24453998
vt 0.40577799 0.24502701
vt 0.40438601 0.25192499
vt 0.38858700 0.25349998
vt 0.39641899 0.25268501
vt 0.38820699 0.26458299
vt 0.39995900 0.26451999
vt 0.40658101 0.26288301
vt 0.41018999 0.27263701
vt 0.38882101 0.27809203
vt 0.40025499 0.27608597
vt 0.41198799 0.28526002
vt 0.36818701 0.29216599
vt 0.38824201 0.29034400
vt 0.36721599 0.30426800
vt 0.34816900 0.28820401
vt 0.40020701 0.28850502
vt 0.33387899 0.28465402
vt 0.40410301 0.30296803
vt 0.41562200 0.29892498
vt 0.42170399 0.30906498
vt 0.38964200 0.30399001
vt 0.34634301 0.30597597
vt 0.33016500 0.30537498
vt 0.32004300 0.30308598
vt 0.31887299 0.32830501
vt 0.30920300 0.32080001
vt 0.29338580 0.33871180
vt 0.28515700 0.32792002
vt 0.26401401 0.34086001
vt 0.34636801 0.32382601
vt 0.33262101 0.32606602
vt 0.38545501 0.32288200
vt 0.36699000 0.32302803
vt 0.40267500 0.32179803
vt 0.41824299 0.31710202
vt 0.44034800 0.31827199
vt 0.43632400 0.32773501
vt 0.45843300 0.32941699
vt 0.45302299 0.33856398
vt 0.47654301 0.34488100
vt 0.42540431 0.35215598
vt 0.40527111 0.34990340
vt 0.39371401 0.34279501
vt 0.38290700 0.34077501
vt 0.36760500 0.34093302
vt 0.38248679 0.35620779
vt 0.39619541 0.36413401
vt 0.40988481 0.36077732
vt 0.34946999 0.34126800
vt 0.33714080 0.34497762
vt 0.35157511 0.35773939
vt 0.36733931 0.35617709
vt 0.38235930 0.36862659
vt 0.32688460 0.35272932
vt 0.33601311 0.36141777
vt 0.35343179 0.36870903
vt 0.36823910 0.36684090
vt 0.31368491 0.35197282
vt 0.39590451 0.37368131
vt 0.38302299 0.37810701
vt 0.36866799 0.37707800
vt 0.35514900 0.37797397
vt 0.39642099 0.38272202
vt 0.33870640 0.37237293
vt 0.34034100 0.38314301
vt 0.33280230 0.37432653
vt 0.32901001 0.38918197
vt 0.40444031 0.36926442
vt 0.41158289 0.37381268
vt 0.40037560 0.37585831
vt 0.40799600 0.38037121
vt 0.40422699 0.38717401
vt 0.41233701 0.39234698
vt 0.32443589 0.36522371
vt 0.32341191 0.37999731
vt 0.31842399 0.39591599
vt 0.41639721 0.38506597
vt 0.31881350 0.35863233
vt 0.42150369 0.38828123
vt 0.42162400 0.39857697
vt 0.31709811 0.37062132
vt 0.31097141 0.36353391
vt 0.42061049 0.37842661
vt 0.42850131 0.39214611
vt 0.42723700 0.40317798
vt 0.42916170 0.38282311
vt 0.42416129 0.37013060
vt 0.43442860 0.39606571
vt 0.43219101 0.40698802
vt 0.44186601 0.39970601
vt 0.41797879 0.36439759
vt 0.43495300 0.36831617
vt 0.45333120 0.37244618
vt 0.43494841 0.38558739
vt 0.44037989 0.38972962
vt 0.44767100 0.39533597
vt 0.46533999 0.38203502
vt 0.46938300 0.35216999
vt 0.47672799 0.36005199
vt 0.48407301 0.36793399
vt 0.48519301 0.35273099
vt 0.49384201 0.36058098
vt 0.30389589 0.35486460
vt 0.29572120 0.36159778
vt 0.30288330 0.36954618
vt 0.30900139 0.37698168
vt 0.26887101 0.35149503
vt 0.29406789 0.37440860
vt 0.31385100 0.38618809
vt 0.25834200 0.36044401
vt 0.25145400 0.35101002
vt 0.23889500 0.36115998
vt 0.24781300 0.36939299
vt 0.26532599 0.38556099
vt 0.27864751 0.37586910
vt 0.30100971 0.38389438
vt 0.30960509 0.38955063
vt 0.30981499 0.40216500
vt 0.29526579 0.39059532
vt 0.28927961 0.39547879
vt 0.28205901 0.40100902
vt 0.28775001 0.40626299
vt 0.30161771 0.39615959
vt 0.30238801 0.40904897
vt 0.29507500 0.40158951
vt 0.29723600 0.41501999
vt 0.34823000 0.19749999
vt 0.34823000 0.20114499
vt 0.34940901 0.19749999
vt 0.34823000 0.19393998
vt 0.34948501 0.20354599
vt 0.34940901 0.19104898
vt 0.35281900 0.19007599
vt 0.35343200 0.20480198
vt 0.36464399 0.19749999
vt 0.36262101 0.20480198
vt 0.36132401 0.19032699
vt 0.36598000 0.20349598
vt 0.36493099 0.19126397
vt 0.36846501 0.20114499
vt 0.36788699 0.19393998
vt 0.36934599 0.19749999
vt 0.34823000 0.15702200
vt 0.34823000 0.16066700
vt 0.34940901 0.15702200
vt 0.34823000 0.15346199
vt 0.34948501 0.16306698
vt 0.34940901 0.15056998
vt 0.35281900 0.14959699
vt 0.35343200 0.16432297
vt 0.36464399 0.15702200
vt 0.36262101 0.16432297
vt 0.36132401 0.14984798
vt 0.36598000 0.16301697
vt 0.36493099 0.15078598
vt 0.36846501 0.16066700
vt 0.36788699 0.15346199
vt 0.36934599 0.15702200
vt 0.34823000 0.11586100
vt 0.34823000 0.11950600
vt 0.34940901 0.11586100
vt 0.34823000 0.11230099
vt 0.34948501 0.12190598
vt 0.34940901 0.10940897
vt 0.35281900 0.10843599
vt 0.35343200 0.12316197
vt 0.36464399 0.11586100
vt 0.36262101 0.12316197
vt 0.36132401 0.10868698
vt 0.36598000 0.12185597
vt 0.36493099 0.10962498
vt 0.36846501 0.11950600
vt 0.36788699 0.11230099
vt 0.36934599 0.11586100
vt 0.36262801 0.08303100
vt 0.36598700 0.08172500
vt 0.36465099 0.07572901
vt 0.36847201 0.07937402
vt 0.36935300 0.07572901
vt 0.36789399 0.07216901
vt 0.36493799 0.06949300
vt 0.35343900 0.08303100
vt 0.34941599 0.07572901
vt 0.34949201 0.08177501
vt 0.36133099 0.06855601
vt 0.34823701 0.07937402
vt 0.35282600 0.06830502
vt 0.34823701 0.07572901
vt 0.34941599 0.06927800
vt 0.34823701 0.07216901
vt 0.36847201 0.03901702
vt 0.36935300 0.03537101
vt 0.36376801 0.03541499
vt 0.36598700 0.04136699
vt 0.36789399 0.03181201
vt 0.36262801 0.04267299
vt 0.36493799 0.02913600
vt 0.36133099 0.02819800
vt 0.35343900 0.04267299
vt 0.34941599 0.03541499
vt 0.35282600 0.02794701
vt 0.34949201 0.04141700
vt 0.34941599 0.02891999
vt 0.34823701 0.03901702
vt 0.34823701 0.03181201
vt 0.34823701 0.03537101
vt 0.34898600 0.06080902
vt 0.35030201 0.05659699
vt 0.34781301 0.05659097
vt 0.35168001 0.06398302
vt 0.34856099 0.05240500
vt 0.35549501 0.06503803
vt 0.35106799 0.04927897
vt 0.35517499 0.04823703
vt 0.36374900 0.06503803
vt 0.36460599 0.05659699
vt 0.36429000 0.04823703
vt 0.36700901 0.06398302
vt 0.36768800 0.04927897
vt 0.36903200 0.06080902
vt 0.36946699 0.05240500
vt 0.36984399 0.05659097
vt 0.36768800 0.00980097
vt 0.36460599 0.01711798
vt 0.36946699 0.01292700
vt 0.36984399 0.01711202
vt 0.36903200 0.02133000
vt 0.36700901 0.02450502
vt 0.36429000 0.00875801
vt 0.36374900 0.02556002
vt 0.35030201 0.01711798
vt 0.35517499 0.00875801
vt 0.35549501 0.02556002
vt 0.35106799 0.00980097
vt 0.35168001 0.02450502
vt 0.34856099 0.01292700
vt 0.34898600 0.02133000
vt 0.34781301 0.01711202
vt 0.69322199 0.18827701
vt 0.69511801 0.18362802
vt 0.69121599 0.18369401
vt 0.69319701 0.17867100
vt 0.69593000 0.18716300
vt 0.69522798 0.19285899
vt 0.69894099 0.19003397
vt 0.71194798 0.18982399
vt 0.71194798 0.19576001
vt 0.71194798 0.18369401
vt 0.69590801 0.17996198
vt 0.69517899 0.17364901
vt 0.69890797 0.17697102
vt 0.71194798 0.17181498
vt 0.71194798 0.17757100
vt 0.71523899 0.18982399
vt 0.71523899 0.17757100
vt 0.71858799 0.17181498
vt 0.71523899 0.18369401
vt 0.71858799 0.17757100
vt 0.73377401 0.17181498
vt 0.71858799 0.18369401
vt 0.71858799 0.18982399
vt 0.71858799 0.19576001
vt 0.73377401 0.17757100
vt 0.73377401 0.18369401
vt 0.73377401 0.18982399
vt 0.73661399 0.17757100
vt 0.73962897 0.17181498
vt 0.73377401 0.19576001
vt 0.73661399 0.18369401
vt 0.73661399 0.18982399
vt 0.73962897 0.17757100
vt 0.75538301 0.17181498
vt 0.73962897 0.18369401
vt 0.73962897 0.18982399
vt 0.75538301 0.17757100
vt 0.75783598 0.17181498
vt 0.75783598 0.17757100
vt 0.75783598 0.18369401
vt 0.75538301 0.18369401
vt 0.75538301 0.18982399
vt 0.75783598 0.18982399
vt 0.75538301 0.19576001
vt 0.75783598 0.19576001
vt 0.75783598 0.20126700
vt 0.73962897 0.19576001
vt 0.75538301 0.20126700
vt 0.73962897 0.20126700
vt 0.75538301 0.20699102
vt 0.75783598 0.20699102
vt 0.75783598 0.21227503
vt 0.73377401 0.20126700
vt 0.75538301 0.21227503
vt 0.75783598 0.21851403
vt 0.75538301 0.21851403
vt 0.73962897 0.20699102
vt 0.73962897 0.21227503
vt 0.73962897 0.21851403
vt 0.73377401 0.21851403
vt 0.71858799 0.20126700
vt 0.73377401 0.20699102
vt 0.73377401 0.21227503
vt 0.71858799 0.20699102
vt 0.71858799 0.21227503
vt 0.71858799 0.21851403
vt 0.71194798 0.20126700
vt 0.71194798 0.21227503
vt 0.71194798 0.21851403
vt 0.71194798 0.20699102
vt 0.70094299 0.20690602
vt 0.70094299 0.20259899
vt 0.69562000 0.19790298
vt 0.70094299 0.21097898
vt 0.69513702 0.21559203
vt 0.69722199 0.20334601
vt 0.69376898 0.20244700
vt 0.69704300 0.21032602
vt 0.69352800 0.21129203
vt 0.69646502 0.20691299
vt 0.69191802 0.20699102
vt 0.69352800 0.15644002
vt 0.69646502 0.15206301
vt 0.69191802 0.15214002
vt 0.69376898 0.14759600
vt 0.69737899 0.15547502
vt 0.70080000 0.15205503
vt 0.69513702 0.16074002
vt 0.69722199 0.14849502
vt 0.69562000 0.14305198
vt 0.70080000 0.15612698
vt 0.71194798 0.16366202
vt 0.70080000 0.14738399
vt 0.71194798 0.14090902
vt 0.71194798 0.15742397
vt 0.71858799 0.16366202
vt 0.71194798 0.14641601
vt 0.71858799 0.15742397
vt 0.73377401 0.16366202
vt 0.71194798 0.15214002
vt 0.73377401 0.15742397
vt 0.73962897 0.16366202
vt 0.71858799 0.15214002
vt 0.73962897 0.15742397
vt 0.75586402 0.16366202
vt 0.71858799 0.14641601
vt 0.73377401 0.15214002
vt 0.75586402 0.15742397
vt 0.75783598 0.16366202
vt 0.75783598 0.15742397
vt 0.73962897 0.15214002
vt 0.75586402 0.15214002
vt 0.75783598 0.15214002
vt 0.73377401 0.14641601
vt 0.75586402 0.14641601
vt 0.75783598 0.14641601
vt 0.73962897 0.14641601
vt 0.71858799 0.14090902
vt 0.75586402 0.14090902
vt 0.75783598 0.14090902
vt 0.73962897 0.14090902
vt 0.73377401 0.14090902
vt 0.75586402 0.13497299
vt 0.75783598 0.13497299
vt 0.73962897 0.13497299
vt 0.73661399 0.13497299
vt 0.75586402 0.12884200
vt 0.75783598 0.12884200
vt 0.73962897 0.12884200
vt 0.75586402 0.12272000
vt 0.75783598 0.12272000
vt 0.75783598 0.11696398
vt 0.75586402 0.11696398
vt 0.73962897 0.12272000
vt 0.73962897 0.11696398
vt 0.73661399 0.12272000
vt 0.73377401 0.11696398
vt 0.73661399 0.12884200
vt 0.73377401 0.12272000
vt 0.73377401 0.12884200
vt 0.71858799 0.12272000
vt 0.71858799 0.11696398
vt 0.73377401 0.13497299
vt 0.71523899 0.12272000
vt 0.71194798 0.11696398
vt 0.71858799 0.12884200
vt 0.71858799 0.13497299
vt 0.71523899 0.12884200
vt 0.71523899 0.13497299
vt 0.71194798 0.12272000
vt 0.71194798 0.13497299
vt 0.69890797 0.12212002
vt 0.69517899 0.11879802
vt 0.69590801 0.12511098
vt 0.69319701 0.12382001
vt 0.71194798 0.12884200
vt 0.69511801 0.12877601
vt 0.69121599 0.12884200
vt 0.69322199 0.13342500
vt 0.69593000 0.13231099
vt 0.69522798 0.13800800
vt 0.69894099 0.13518298
vt 0.69352800 0.10169601
vt 0.69646502 0.09731901
vt 0.69191802 0.09739602
vt 0.69376898 0.09285200
vt 0.69704300 0.10073102
vt 0.70078897 0.09731102
vt 0.69513702 0.10599703
vt 0.69722199 0.09375101
vt 0.69562000 0.08830798
vt 0.70078897 0.10174501
vt 0.71194798 0.10891902
vt 0.70078897 0.09300500
vt 0.71194798 0.08616501
vt 0.71194798 0.10268003
vt 0.71858799 0.10891902
vt 0.71194798 0.09167302
vt 0.71858799 0.10268003
vt 0.73377401 0.10891902
vt 0.71194798 0.09739602
vt 0.73377401 0.10268003
vt 0.73962897 0.10891902
vt 0.71847600 0.09739602
vt 0.73962897 0.10268003
vt 0.75566500 0.10891902
vt 0.71858799 0.09167302
vt 0.73377401 0.09739602
vt 0.75566500 0.10268003
vt 0.75783598 0.10891902
vt 0.75783598 0.10268003
vt 0.73962897 0.09739602
vt 0.75566500 0.09739602
vt 0.75783598 0.09739602
vt 0.75566500 0.09167302
vt 0.75783598 0.09167302
vt 0.73377401 0.09167302
vt 0.75566500 0.08616501
vt 0.75783598 0.08616501
vt 0.73962897 0.09167302
vt 0.71858799 0.08616501
vt 0.73962897 0.08616501
vt 0.73377401 0.08616501
vt 0.75566500 0.08022898
vt 0.75783598 0.08022898
vt 0.73962897 0.08022898
vt 0.73661399 0.08022898
vt 0.75566500 0.07409900
vt 0.75783598 0.07409900
vt 0.73962897 0.07409900
vt 0.75566500 0.06797600
vt 0.75783598 0.06797600
vt 0.75783598 0.06221998
vt 0.75566500 0.06221998
vt 0.73962897 0.06797600
vt 0.73962897 0.06221998
vt 0.73661399 0.06797600
vt 0.73377401 0.06221998
vt 0.73661399 0.07409900
vt 0.73377401 0.06797600
vt 0.73377401 0.07409900
vt 0.71858799 0.06797600
vt 0.71858799 0.06221998
vt 0.73377401 0.08022898
vt 0.71523899 0.06797600
vt 0.71194798 0.06221998
vt 0.71858799 0.07409900
vt 0.71858799 0.08022898
vt 0.71523899 0.07409900
vt 0.71523899 0.08022898
vt 0.71194798 0.06797600
vt 0.71194798 0.07409900
vt 0.71194798 0.08022898
vt 0.69890797 0.06737697
vt 0.69517899 0.06405401
vt 0.69590801 0.07036799
vt 0.69319701 0.06907701
vt 0.69511801 0.07403302
vt 0.69121599 0.07409900
vt 0.69322199 0.07868099
vt 0.69593000 0.07756799
vt 0.69522798 0.08326399
vt 0.69894099 0.08043897
vt 0.66266298 0.15326202
vt 0.66081399 0.15690202
vt 0.66562003 0.15690202
vt 0.66597801 0.15076101
vt 0.66177702 0.16051602
vt 0.66454703 0.16320097
vt 0.66941500 0.14951998
vt 0.66811103 0.16443002
vt 0.68091899 0.15690202
vt 0.67711997 0.14951998
vt 0.67676097 0.16443002
vt 0.68068999 0.14971697
vt 0.68068999 0.16375202
vt 0.68206501 0.15326202
vt 0.68206501 0.16051602
vt 0.68229401 0.15690202
vt 0.66266298 0.11368799
vt 0.66081399 0.11732799
vt 0.66562003 0.11732799
vt 0.66597801 0.11118698
vt 0.66177702 0.12094200
vt 0.66941500 0.10994601
vt 0.66454703 0.12362701
vt 0.67711997 0.10994601
vt 0.68091899 0.11732799
vt 0.68068999 0.11014301
vt 0.66811103 0.12485600
vt 0.68206501 0.11368799
vt 0.67676097 0.12485600
vt 0.68229401 0.11732799
vt 0.68068999 0.12417799
vt 0.68206501 0.12094200
vt 0.66266298 0.19377798
vt 0.66562003 0.19741797
vt 0.66597801 0.19127703
vt 0.66081399 0.19741797
vt 0.66941500 0.19003600
vt 0.66177702 0.20103198
vt 0.66454703 0.20371699
vt 0.67711997 0.19003600
vt 0.68091899 0.19741797
vt 0.68068999 0.19023299
vt 0.66811103 0.20494598
vt 0.68206501 0.19377798
vt 0.67676097 0.20494598
vt 0.68229401 0.19741797
vt 0.68068999 0.20426798
vt 0.68206501 0.20103198
vt 0.68068999 0.08303303
vt 0.68091899 0.07618397
vt 0.67676097 0.08371198
vt 0.68206501 0.07979798
vt 0.68229401 0.07618397
vt 0.68206501 0.07254398
vt 0.68068999 0.06899899
vt 0.66811103 0.08371198
vt 0.66562003 0.07618397
vt 0.66454703 0.08248299
vt 0.67711997 0.06880200
vt 0.66177702 0.07979798
vt 0.66941500 0.06880200
vt 0.66081399 0.07618397
vt 0.66597801 0.07004303
vt 0.66266298 0.07254398
vt 0.68068999 0.04267401
vt 0.68091899 0.03582501
vt 0.67676097 0.04335302
vt 0.68206501 0.03943902
vt 0.68229401 0.03582501
vt 0.68206501 0.03218502
vt 0.68068999 0.02863997
vt 0.66811103 0.04335302
vt 0.66562003 0.03582501
vt 0.66454703 0.04212397
vt 0.67711997 0.02844298
vt 0.66177702 0.03943902
vt 0.66941500 0.02844298
vt 0.66081399 0.03582501
vt 0.66597801 0.02968401
vt 0.66266298 0.03218502
vt 0.26037100 0.21227503
vt 0.24461700 0.21851403
vt 0.26037100 0.21851403
vt 0.26622599 0.21851403
vt 0.24461700 0.21227503
vt 0.24216400 0.21851403
vt 0.24216400 0.21227503
vt 0.24461700 0.20699102
vt 0.24216400 0.20699102
vt 0.24216400 0.20126700
vt 0.26037100 0.20699102
vt 0.26622599 0.21227503
vt 0.26622599 0.20699102
vt 0.28141201 0.21227503
vt 0.28141201 0.21851403
vt 0.28141201 0.20699102
vt 0.28805199 0.21227503
vt 0.28805199 0.21851403
vt 0.28805199 0.20699102
vt 0.29905701 0.20690602
vt 0.29905701 0.21097898
vt 0.30486301 0.21559203
vt 0.30295700 0.21032602
vt 0.30647200 0.21129203
vt 0.30353501 0.20691299
vt 0.30808201 0.20699102
vt 0.30623099 0.20244700
vt 0.30277801 0.20334601
vt 0.30438000 0.19790298
vt 0.29905701 0.20259899
vt 0.28805199 0.19576001
vt 0.28805199 0.20126700
vt 0.28141201 0.20126700
vt 0.26622599 0.20126700
vt 0.28141201 0.19576001
vt 0.26037100 0.20126700
vt 0.26622599 0.19576001
vt 0.24461700 0.20126700
vt 0.26037100 0.19576001
vt 0.24461700 0.19576001
vt 0.24216400 0.19576001
vt 0.24216400 0.18982399
vt 0.24461700 0.18982399
vt 0.24216400 0.18369401
vt 0.26037100 0.18982399
vt 0.26338601 0.18982399
vt 0.28141201 0.18982399
vt 0.26622599 0.18982399
vt 0.28476101 0.18982399
vt 0.28805199 0.18982399
vt 0.30477199 0.19285899
vt 0.24461700 0.18369401
vt 0.26037100 0.18369401
vt 0.26338601 0.18369401
vt 0.26622599 0.18369401
vt 0.28141201 0.18369401
vt 0.28476101 0.18369401
vt 0.28805199 0.18369401
vt 0.24461700 0.17757100
vt 0.24216400 0.17757100
vt 0.24216400 0.17181498
vt 0.24461700 0.17181498
vt 0.26037100 0.17757100
vt 0.26037100 0.17181498
vt 0.26338601 0.17757100
vt 0.26622599 0.17181498
vt 0.26622599 0.17757100
vt 0.28141201 0.17757100
vt 0.28141201 0.17181498
vt 0.28476101 0.17757100
vt 0.28805199 0.17181498
vt 0.28805199 0.17757100
vt 0.30109200 0.17697102
vt 0.30488199 0.18362802
vt 0.30482101 0.17364901
vt 0.30409199 0.17996198
vt 0.30680299 0.17867100
vt 0.30878401 0.18369401
vt 0.30677801 0.18827701
vt 0.30105901 0.19003397
vt 0.30407000 0.18716300
vt 0.30623099 0.14759600
vt 0.30353501 0.15206301
vt 0.30808201 0.15214002
vt 0.30647200 0.15644002
vt 0.30277801 0.14849502
vt 0.29920000 0.15205503
vt 0.30438000 0.14305198
vt 0.30262101 0.15547502
vt 0.30486301 0.16074002
vt 0.29920000 0.14738399
vt 0.28805199 0.14090902
vt 0.29920000 0.15612698
vt 0.28805199 0.16366202
vt 0.28805199 0.15742397
vt 0.28141201 0.16366202
vt 0.28805199 0.14641601
vt 0.28805199 0.15214002
vt 0.28141201 0.15742397
vt 0.26622599 0.16366202
vt 0.28141201 0.15214002
vt 0.26622599 0.15742397
vt 0.26037100 0.16366202
vt 0.28141201 0.14641601
vt 0.26622599 0.15214002
vt 0.26037100 0.15742397
vt 0.24413601 0.16366202
vt 0.24413601 0.15742397
vt 0.24216400 0.16366202
vt 0.24216400 0.15742397
vt 0.26037100 0.15214002
vt 0.24413601 0.15214002
vt 0.24216400 0.15214002
vt 0.26622599 0.14641601
vt 0.26037100 0.14641601
vt 0.24413601 0.14641601
vt 0.24216400 0.14641601
vt 0.28141201 0.14090902
vt 0.26622599 0.14090902
vt 0.24413601 0.14090902
vt 0.24216400 0.14090902
vt 0.26037100 0.14090902
vt 0.24413601 0.13497299
vt 0.24216400 0.13497299
vt 0.26037100 0.13497299
vt 0.26338601 0.13497299
vt 0.24413601 0.12884200
vt 0.24216400 0.12884200
vt 0.26037100 0.12884200
vt 0.24413601 0.12272000
vt 0.24216400 0.12272000
vt 0.24216400 0.11696398
vt 0.24413601 0.11696398
vt 0.26037100 0.12272000
vt 0.26037100 0.11696398
vt 0.26338601 0.12272000
vt 0.26622599 0.11696398
vt 0.26338601 0.12884200
vt 0.26622599 0.12272000
vt 0.26622599 0.12884200
vt 0.28141201 0.12272000
vt 0.28141201 0.11696398
vt 0.26622599 0.13497299
vt 0.28141201 0.12884200
vt 0.28476101 0.12272000
vt 0.28805199 0.11696398
vt 0.28141201 0.13497299
vt 0.28476101 0.12884200
vt 0.28476101 0.13497299
vt 0.28805199 0.12272000
vt 0.28805199 0.13497299
vt 0.30109200 0.12212002
vt 0.30482101 0.11879802
vt 0.30409199 0.12511098
vt 0.30680299 0.12382001
vt 0.28805199 0.12884200
vt 0.30488199 0.12877601
vt 0.30878401 0.12884200
vt 0.30677801 0.13342500
vt 0.30407000 0.13231099
vt 0.30477199 0.13800800
vt 0.30105901 0.13518298
vt 0.31931001 0.19023299
vt 0.31793499 0.19377798
vt 0.31908101 0.19741797
vt 0.31770599 0.19741797
vt 0.31793499 0.20103198
vt 0.31931001 0.20426798
vt 0.32323900 0.20494598
vt 0.32288000 0.19003600
vt 0.33438000 0.19741797
vt 0.33058500 0.19003600
vt 0.33188900 0.20494598
vt 0.33402199 0.19127703
vt 0.33545300 0.20371699
vt 0.33733699 0.19377798
vt 0.33822301 0.20103198
vt 0.33918601 0.19741797
vt 0.31931001 0.14971697
vt 0.31793499 0.15326202
vt 0.31908101 0.15690202
vt 0.32288000 0.14951998
vt 0.31770599 0.15690202
vt 0.31793499 0.16051602
vt 0.31931001 0.16375202
vt 0.32323900 0.16443002
vt 0.33058500 0.14951998
vt 0.33438000 0.15690202
vt 0.33188900 0.16443002
vt 0.33402199 0.15076101
vt 0.33545300 0.16320097
vt 0.33733699 0.15326202
vt 0.33822301 0.16051602
vt 0.33918601 0.15690202
vt 0.33918601 0.11732799
vt 0.33438000 0.11732799
vt 0.33822301 0.12094200
vt 0.33733699 0.11368799
vt 0.33545300 0.12362701
vt 0.33402199 0.11118698
vt 0.33058500 0.10994601
vt 0.33188900 0.12485600
vt 0.31908101 0.11732799
vt 0.32323900 0.12485600
vt 0.32288000 0.10994601
vt 0.31931001 0.12417799
vt 0.31931001 0.11014301
vt 0.31793499 0.12094200
vt 0.31793499 0.11368799
vt 0.31770599 0.11732799
vt 0.31931001 0.06899899
vt 0.31793499 0.07254398
vt 0.31908101 0.07618397
vt 0.31770599 0.07618397
vt 0.31793499 0.07979798
vt 0.31931001 0.08303303
vt 0.32323900 0.08371198
vt 0.32288000 0.06880200
vt 0.33438000 0.07618397
vt 0.33058500 0.06880200
vt 0.33188900 0.08371198
vt 0.33402199 0.07004303
vt 0.33545300 0.08248299
vt 0.33733699 0.07254398
vt 0.33822301 0.07979798
vt 0.33918601 0.07618397
vt 0.33918601 0.03582501
vt 0.33438000 0.03582501
vt 0.33822301 0.03943902
vt 0.33733699 0.03218502
vt 0.33545300 0.04212397
vt 0.33402199 0.02968401
vt 0.33058500 0.02844298
vt 0.33188900 0.04335302
vt 0.31908101 0.03582501
vt 0.32323900 0.04335302
vt 0.32288000 0.02844298
vt 0.31931001 0.04267401
vt 0.31931001 0.02863997
vt 0.31793499 0.03943902
vt 0.31793499 0.03218502
vt 0.31770599 0.03582501
vt 0.30878401 0.07409900
vt 0.30488199 0.07403302
vt 0.30677801 0.07868099
vt 0.30680299 0.06907701
vt 0.30407000 0.07756799
vt 0.30477199 0.08326399
vt 0.30105901 0.08043897
vt 0.28805199 0.08616501
vt 0.28805199 0.08022898
vt 0.30409199 0.07036799
vt 0.30482101 0.06405401
vt 0.28805199 0.07409900
vt 0.30109200 0.06737697
vt 0.28805199 0.06221998
vt 0.28805199 0.06797600
vt 0.28476101 0.08022898
vt 0.28476101 0.06797600
vt 0.28141201 0.06221998
vt 0.28476101 0.07409900
vt 0.28141201 0.06797600
vt 0.26622599 0.06221998
vt 0.28141201 0.07409900
vt 0.28141201 0.08022898
vt 0.28141201 0.08616501
vt 0.26622599 0.08022898
vt 0.26622599 0.07409900
vt 0.26622599 0.06797600
vt 0.26338601 0.06797600
vt 0.26037100 0.06221998
vt 0.26338601 0.07409900
vt 0.26338601 0.08022898
vt 0.26037100 0.06797600
vt 0.24433500 0.06221998
vt 0.26037100 0.07409900
vt 0.24433500 0.06797600
vt 0.24216400 0.06221998
vt 0.24216400 0.06797600
vt 0.24216400 0.07409900
vt 0.24433500 0.07409900
vt 0.24216400 0.08022898
vt 0.24433500 0.08022898
vt 0.24216400 0.08616501
vt 0.26037100 0.08022898
vt 0.24433500 0.08616501
vt 0.24216400 0.09167302
vt 0.26037100 0.08616501
vt 0.24433500 0.09167302
vt 0.24216400 0.09739602
vt 0.26622599 0.08616501
vt 0.26037100 0.09167302
vt 0.24433500 0.09739602
vt 0.24216400 0.10268003
vt 0.26622599 0.09167302
vt 0.26037100 0.09739602
vt 0.24433500 0.10268003
vt 0.24216400 0.10891902
vt 0.24433500 0.10891902
vt 0.26037100 0.10268003
vt 0.26037100 0.10891902
vt 0.28141201 0.09167302
vt 0.26622599 0.09739602
vt 0.26622599 0.10268003
vt 0.26622599 0.10891902
vt 0.28152400 0.09739602
vt 0.28141201 0.10268003
vt 0.28141201 0.10891902
vt 0.28805199 0.09167302
vt 0.28805199 0.10268003
vt 0.28805199 0.10891902
vt 0.28805199 0.09739602
vt 0.29921100 0.09731102
vt 0.29921100 0.09300500
vt 0.30438000 0.08830798
vt 0.29921100 0.10174501
vt 0.30486301 0.10599703
vt 0.30277801 0.09375101
vt 0.30623099 0.09285200
vt 0.30295700 0.10073102
vt 0.30647200 0.10169601
vt 0.30353501 0.09731901
vt 0.30808201 0.09739602
vt 0.31765401 0.02055699
vt 0.31896999 0.01634502
vt 0.31648099 0.01633900
vt 0.32034701 0.02373302
vt 0.31722900 0.01215398
vt 0.32415700 0.02479202
vt 0.31973600 0.00902802
vt 0.33241001 0.02479202
vt 0.33277801 0.01634502
vt 0.33567500 0.02373302
vt 0.32384300 0.00798500
vt 0.33770001 0.02055699
vt 0.33295700 0.00798500
vt 0.33851099 0.01633900
vt 0.33635601 0.00902700
vt 0.33813500 0.01215398
vt 0.48028299 0.32424700
vt 0.48200500 0.32448697
vt 0.48141199 0.32089800
vt 0.48373201 0.32312000
vt 0.47968400 0.32113600
vt 0.47912800 0.31833303
vt 0.47834101 0.32303500
vt 0.47779500 0.32093000
vt 0.48334101 0.32021499
vt 0.48542401 0.32040000
vt 0.48319599 0.31765902
vt 0.48769400 0.31502199
vt 0.47571999 0.32191402
vt 0.47640601 0.32451898
vt 0.47390500 0.32246399
vt 0.47431901 0.32566798
vt 0.47525701 0.31940699
vt 0.48095301 0.31792700
vt 0.48405001 0.31368101
vt 0.48839700 0.30658197
vt 0.48064601 0.31368399
vt 0.47190300 0.32222903
vt 0.47215301 0.32536501
vt 0.46996900 0.32257301
vt 0.47726101 0.31879997
vt 0.48471299 0.30668199
vt 0.48060900 0.30702502
vt 0.48526499 0.30288500
vt 0.48891801 0.30275500
vt 0.48067701 0.30388802
vt 0.48486999 0.29793900
vt 0.48937699 0.29596400
vt 0.48006499 0.29921502
vt 0.48447299 0.28960103
vt 0.48899299 0.28940398
vt 0.48413500 0.28163701
vt 0.48912001 0.28057200
vt 0.48530999 0.27105099
vt 0.48062199 0.27082998
vt 0.48228699 0.26391798
vt 0.47669300 0.28283203
vt 0.47670099 0.29148698
vt 0.47617900 0.30026102
vt 0.47886801 0.26331800
vt 0.48436099 0.25261599
vt 0.47573701 0.27088499
vt 0.47649899 0.30576700
vt 0.47758201 0.30827099
vt 0.47768399 0.31415802
vt 0.47626001 0.31440800
vt 0.47578299 0.31516200
vt 0.47307599 0.31487000
vt 0.47558701 0.30980700
vt 0.47559300 0.30679297
vt 0.47442999 0.30951703
vt 0.47471100 0.30632901
vt 0.47217000 0.30911899
vt 0.47206599 0.30540502
vt 0.47166899 0.30008399
vt 0.46923599 0.30643201
vt 0.47354901 0.31966501
vt 0.47158599 0.31942701
vt 0.46988401 0.30996001
vt 0.46981901 0.32081699
vt 0.47023001 0.31470603
vt 0.46855199 0.32166803
vt 0.46888399 0.32396197
vt 0.46782100 0.32473898
vt 0.46966600 0.31900102
vt 0.46824300 0.31937701
vt 0.46721700 0.32180601
vt 0.46542799 0.32402802
vt 0.46934500 0.31506902
vt 0.46893400 0.31061798
vt 0.46681601 0.31923097
vt 0.46527800 0.32128102
vt 0.46187899 0.32094300
vt 0.46815401 0.31485301
vt 0.46874499 0.30794698
vt 0.46713099 0.30967200
vt 0.46592000 0.31459498
vt 0.46504200 0.31880599
vt 0.46209401 0.31912601
vt 0.46793100 0.30645698
vt 0.46486300 0.30911499
vt 0.46059799 0.31922603
vt 0.46042201 0.32146603
vt 0.45929101 0.32192200
vt 0.46364799 0.31461400
vt 0.46224701 0.31744498
vt 0.46826100 0.30023497
vt 0.45953900 0.31919998
vt 0.45778900 0.32106400
vt 0.46486500 0.30507600
vt 0.46291199 0.30967301
vt 0.46223900 0.31476200
vt 0.46070799 0.31713402
vt 0.46885100 0.29223001
vt 0.45827499 0.31853002
vt 0.45521200 0.31765300
vt 0.46455401 0.29947799
vt 0.45995799 0.29269397
vt 0.46866101 0.28336102
vt 0.45969099 0.31688499
vt 0.46093100 0.31399000
vt 0.46227899 0.30541497
vt 0.46182400 0.30999601
vt 0.46161699 0.30696398
vt 0.46075901 0.29921699
vt 0.46095201 0.30894500
vt 0.46084100 0.30535299
vt 0.45917001 0.31313801
vt 0.45856500 0.31632298
vt 0.45885700 0.30755502
vt 0.45849401 0.30361599
vt 0.45594001 0.31546402
vt 0.45768100 0.31269598
vt 0.45734400 0.30729198
vt 0.45780799 0.29862201
vt 0.45518300 0.29818201
vt 0.45671800 0.30404198
vt 0.45512199 0.31563902
vt 0.45451999 0.31784999
vt 0.45365900 0.31787300
vt 0.45661899 0.31135100
vt 0.45598000 0.31143898
vt 0.45427400 0.31554300
vt 0.45254600 0.31695902
vt 0.45667699 0.30725801
vt 0.45633999 0.30530697
vt 0.45471400 0.31151199
vt 0.45329401 0.31496602
vt 0.45129800 0.31399500
vt 0.45573699 0.30726302
vt 0.45560700 0.30364400
vt 0.45297799 0.31187099
vt 0.44949999 0.30710900
vt 0.45390999 0.30694503
vt 0.45143700 0.30658102
vt 0.44924599 0.30278301
vt 0.45354301 0.30333400
vt 0.45186099 0.30258000
vt 0.44791001 0.29854000
vt 0.45154300 0.29829901
vt 0.45149699 0.29323298
vt 0.44678801 0.29322100
vt 0.44592601 0.28503901
vt 0.45143101 0.28516603
vt 0.45891601 0.28338498
vt 0.45270899 0.27397799
vt 0.44717300 0.27075201
vt 0.46000701 0.27327502
vt 0.45318201 0.26598698
vt 0.44996199 0.25855601
vt 0.46898699 0.27263099
vt 0.45523500 0.25803798
vt 0.45068601 0.24491501
vt 0.46062300 0.26491499
vt 0.46886599 0.26513499
vt 0.46154800 0.25578099
vt 0.45661199 0.24510002
vt 0.47422701 0.26332301
vt 0.46793601 0.25533998
vt 0.46827900 0.24609298
vt 0.47526801 0.25479001
vt 0.47897899 0.25366199
vt 0.47496200 0.24456298
vt 0.47970599 0.24237102
vt 0.48446500 0.24074602
vt 0.47375199 0.23711097
vt 0.47716299 0.23227698
vt 0.48014900 0.22836000
vt 0.47474000 0.22575700
vt 0.47296500 0.23032200
vt 0.46909001 0.23489600
vt 0.46876699 0.22836697
vt 0.46933100 0.22315300
vt 0.46188700 0.22723299
vt 0.46395299 0.23148400
vt 0.46328101 0.23784900
vt 0.45914000 0.23460102
vt 0.45444399 0.23131400
vt 0.46186000 0.24601197
vt 0.63231200 0.12990803
vt 0.63053298 0.13303298
vt 0.63539398 0.13722497
vt 0.63015598 0.13721800
vt 0.63096797 0.14143598
vt 0.63299298 0.14461201
vt 0.63570899 0.12887001
vt 0.63625801 0.14567101
vt 0.64969802 0.13722497
vt 0.64482301 0.12887001
vt 0.64451200 0.14567101
vt 0.64893198 0.12990803
vt 0.64832199 0.14461201
vt 0.65143901 0.13303298
vt 0.65101397 0.14143598
vt 0.65218699 0.13721800
vt 0.63231200 0.08896703
vt 0.63053298 0.09209299
vt 0.63539398 0.09628397
vt 0.63015598 0.09627801
vt 0.63096797 0.10049599
vt 0.63299298 0.10367203
vt 0.63570899 0.08792901
vt 0.63625801 0.10473001
vt 0.64969802 0.09628397
vt 0.64482301 0.08792901
vt 0.64451200 0.10473001
vt 0.64893198 0.08896703
vt 0.64832199 0.10367203
vt 0.65143901 0.09209299
vt 0.65101397 0.10049599
vt 0.65218699 0.09627801
vt 0.63053298 0.17439198
vt 0.63015598 0.17857701
vt 0.63563001 0.17858303
vt 0.63231200 0.17126602
vt 0.63096797 0.18279499
vt 0.63570899 0.17022800
vt 0.63299298 0.18597102
vt 0.64482301 0.17022800
vt 0.64969802 0.17858303
vt 0.64893198 0.17126602
vt 0.63625801 0.18702900
vt 0.65143901 0.17439198
vt 0.64451200 0.18702900
vt 0.65218699 0.17857701
vt 0.64832199 0.18597102
vt 0.65101397 0.18279499
vt 0.63571000 0.04823703
vt 0.64969802 0.05659699
vt 0.64482498 0.04823703
vt 0.63539398 0.05659699
vt 0.64893198 0.04927897
vt 0.63231200 0.04927897
vt 0.65143901 0.05240500
vt 0.63053298 0.05240500
vt 0.65218699 0.05659097
vt 0.63015598 0.05659097
vt 0.65101397 0.06080902
vt 0.63096797 0.06080902
vt 0.63299102 0.06398302
vt 0.63625097 0.06503803
vt 0.64832002 0.06398302
vt 0.64450502 0.06503803
vt 0.63571000 0.00875801
vt 0.64969802 0.01711798
vt 0.64482498 0.00875801
vt 0.63539398 0.01711798
vt 0.64893198 0.00980097
vt 0.63231200 0.00980097
vt 0.65143901 0.01292700
vt 0.63053298 0.01292700
vt 0.65218699 0.01711202
vt 0.63015598 0.01711202
vt 0.65101397 0.02133000
vt 0.63096797 0.02133000
vt 0.63299102 0.02450502
vt 0.63625097 0.02556002
vt 0.64832002 0.02450502
vt 0.64450502 0.02556002
vt 0.34781301 0.13721800
vt 0.35030201 0.13722497
vt 0.34856099 0.13303298
vt 0.34898600 0.14143598
vt 0.35106799 0.12990803
vt 0.35167801 0.14461201
vt 0.35517699 0.12887001
vt 0.35548800 0.14567101
vt 0.36429101 0.12887001
vt 0.36460599 0.13722497
vt 0.36374199 0.14567101
vt 0.36768800 0.12990803
vt 0.36700699 0.14461201
vt 0.36946699 0.13303298
vt 0.36903200 0.14143598
vt 0.36984399 0.13721800
vt 0.34781301 0.09627801
vt 0.35030201 0.09628397
vt 0.34856099 0.09209299
vt 0.34898600 0.10049599
vt 0.35106799 0.08896703
vt 0.35167801 0.10367203
vt 0.35517699 0.08792901
vt 0.35548800 0.10473001
vt 0.36429101 0.08792901
vt 0.36460599 0.09628397
vt 0.36374199 0.10473001
vt 0.36768800 0.08896703
vt 0.36700699 0.10367203
vt 0.36946699 0.09209299
vt 0.36903200 0.10049599
vt 0.36984399 0.09627801
vt 0.35548800 0.18702900
vt 0.35030201 0.17858303
vt 0.35167801 0.18597102
vt 0.34898600 0.18279499
vt 0.34781301 0.17857701
vt 0.34856099 0.17439198
vt 0.35106799 0.17126602
vt 0.36374199 0.18702900
vt 0.36436999 0.17858303
vt 0.36700699 0.18597102
vt 0.35517699 0.17022800
vt 0.36903200 0.18279499
vt 0.36429101 0.17022800
vt 0.36984399 0.17857701
vt 0.36768800 0.17126602
vt 0.36946699 0.17439198
vt 0.67584300 0.02479202
vt 0.67965299 0.02373302
vt 0.68102998 0.01634502
vt 0.68234599 0.02055699
vt 0.68351901 0.01633900
vt 0.68277103 0.01215398
vt 0.68026400 0.00902802
vt 0.66759002 0.02479202
vt 0.66722202 0.01634502
vt 0.66432500 0.02373302
vt 0.67615700 0.00798500
vt 0.66229999 0.02055699
vt 0.66704297 0.00798500
vt 0.66148901 0.01633900
vt 0.66364402 0.00902700
vt 0.66186500 0.01215398
vt 0.66704297 0.04825401
vt 0.66364402 0.04929602
vt 0.66738701 0.05661398
vt 0.66186500 0.05242300
vt 0.66148901 0.05660802
vt 0.66229999 0.06082600
vt 0.66432500 0.06400198
vt 0.66759002 0.06506002
vt 0.67615700 0.04825401
vt 0.68102998 0.05661398
vt 0.67584300 0.06506002
vt 0.68026400 0.04929602
vt 0.67965299 0.06400198
vt 0.68277103 0.05242300
vt 0.68234599 0.06082600
vt 0.68351901 0.05660802
vt 0.68026400 0.08956498
vt 0.67615700 0.08852202
vt 0.68102998 0.09688199
vt 0.68277103 0.09269100
vt 0.68351901 0.09687603
vt 0.68234599 0.10109401
vt 0.67965299 0.10426998
vt 0.67584300 0.10532850
vt 0.66771698 0.09688199
vt 0.66704297 0.08852202
vt 0.66759002 0.10532802
vt 0.66364402 0.08956498
vt 0.66432500 0.10426998
vt 0.66186500 0.09269100
vt 0.66229999 0.10109401
vt 0.66148901 0.09687603
vt 0.67584300 0.14582902
vt 0.67965299 0.14477098
vt 0.68102998 0.13738298
vt 0.68234599 0.14159501
vt 0.68351901 0.13737702
vt 0.68277103 0.13319200
vt 0.68026400 0.13006598
vt 0.67615700 0.12902302
vt 0.66722202 0.13738298
vt 0.66759002 0.14582902
vt 0.66704297 0.12902302
vt 0.66432500 0.14477098
vt 0.66364402 0.13006598
vt 0.66229999 0.14159501
vt 0.66186500 0.13319200
vt 0.66148901 0.13737702
vt 0.66704297 0.17022300
vt 0.66364402 0.17126501
vt 0.66742998 0.17856801
vt 0.66186500 0.17439198
vt 0.66148901 0.17857701
vt 0.66229999 0.18279499
vt 0.66432500 0.18597102
vt 0.66759002 0.18702900
vt 0.67615700 0.17022300
vt 0.68102998 0.17858303
vt 0.67584300 0.18702900
vt 0.68026400 0.17126501
vt 0.67965299 0.18597102
vt 0.68277103 0.17439198
vt 0.68234599 0.18279499
vt 0.68351901 0.17857701
vt 0.32415700 0.06506002
vt 0.31896999 0.05661398
vt 0.32034701 0.06400198
vt 0.31765401 0.06082600
vt 0.31648099 0.05660802
vt 0.31722900 0.05242300
vt 0.31973600 0.04929602
vt 0.32384300 0.04825401
vt 0.33261299 0.05661398
vt 0.33241001 0.06506002
vt 0.33295700 0.04825401
vt 0.33567500 0.06400198
vt 0.33635601 0.04929602
vt 0.33770001 0.06082600
vt 0.33813500 0.05242300
vt 0.33851099 0.05660802
vt 0.31648099 0.13737702
vt 0.31896999 0.13738298
vt 0.31722900 0.13319200
vt 0.31765401 0.14159501
vt 0.31973600 0.13006598
vt 0.32034701 0.14477098
vt 0.32384300 0.12902302
vt 0.32415700 0.14582902
vt 0.33277801 0.13738298
vt 0.33295700 0.12902302
vt 0.33241001 0.14582902
vt 0.33635601 0.13006598
vt 0.33567500 0.14477098
vt 0.33813500 0.13319200
vt 0.33770001 0.14159501
vt 0.33851099 0.13737702
vt 0.31648099 0.17857701
vt 0.31896999 0.17858303
vt 0.31722900 0.17439198
vt 0.31765401 0.18279499
vt 0.31973600 0.17126501
vt 0.32034701 0.18597102
vt 0.32384300 0.17022300
vt 0.32415700 0.18702900
vt 0.33256999 0.17856801
vt 0.33295700 0.17022300
vt 0.33241001 0.18702900
vt 0.33635601 0.17126501
vt 0.33567500 0.18597102
vt 0.33813500 0.17439198
vt 0.33770001 0.18279499
vt 0.33851099 0.17857701
vt 0.33567500 0.10426998
vt 0.33228299 0.09688199
vt 0.33241001 0.10532802
vt 0.33770001 0.10109401
vt 0.33851099 0.09687603
vt 0.33813500 0.09269100
vt 0.33635601 0.08956498
vt 0.33295700 0.08852202
vt 0.32415700 0.10532850
vt 0.31896999 0.09688199
vt 0.32384300 0.08852202
vt 0.32034701 0.10426998
vt 0.31973600 0.08956498
vt 0.31765401 0.10109401
vt 0.31722900 0.09269100
vt 0.31648099 0.09687603
f 3/3/3 2/2/2 1/1/1
f 4/4/4 1/1/1 2/2/2
f 1/1/1 4/4/4 5/5/5
f 4/4/4 2/2/2 6/6/6
f 7/7/7 6/6/6 2/2/2
f 7/7/7 8/8/8 6/6/6
f 5/5/5 4/4/4 9/9/9
f 5/5/5 9/9/9 10/10/10
f 6/6/6 11/11/11 4/4/4
f 9/9/9 4/4/4 11/11/11
f 9/9/9 12/12/12 10/10/10
f 9/9/9 11/11/11 12/12/12
f 10/10/10 12/12/12 13/13/13
f 14/14/14 6/6/6 8/8/8
f 14/14/14 11/11/11 6/6/6
f 13/13/13 12/12/12 15/15/15
f 13/13/13 15/15/15 16/16/16
f 17/17/17 12/12/12 11/11/11
f 12/12/12 17/17/17 15/15/15
f 18/18/18 16/16/16 15/15/15
f 16/16/16 18/18/18 19/19/19
f 8/8/8 20/20/20 14/14/14
f 21/21/21 20/20/20 8/8/8
f 21/21/21 22/22/22 20/20/20
f 14/14/14 23/23/23 11/11/11
f 11/11/11 23/23/23 17/17/17
f 15/15/15 17/17/17 24/24/24
f 15/15/15 24/24/24 18/18/18
f 19/19/19 18/18/18 25/25/25
f 19/19/19 25/25/25 26/26/26
f 27/27/27 20/20/20 22/22/22
f 22/22/22 28/28/28 27/27/27
f 20/20/20 29/29/29 14/14/14
f 23/23/23 14/14/14 29/29/29
f 29/29/29 20/20/20 27/27/27
f 30/30/30 17/17/17 23/23/23
f 30/30/30 24/24/24 17/17/17
f 18/18/18 24/24/24 31/31/31
f 18/18/18 31/31/31 25/25/25
f 29/29/29 32/32/32 23/23/23
f 30/30/30 23/23/23 32/32/32
f 30/30/30 33/33/33 24/24/24
f 24/24/24 33/33/33 31/31/31
f 34/34/34 29/29/29 27/27/27
f 34/34/34 32/32/32 29/29/29
f 32/32/32 35/35/35 30/30/30
f 33/33/33 30/30/30 35/35/35
f 25/25/25 31/31/31 36/36/36
f 37/37/37 31/31/31 33/33/33
f 37/37/37 36/36/36 31/31/31
f 35/35/35 38/38/38 33/33/33
f 37/37/37 33/33/33 38/38/38
f 25/25/25 36/36/36 39/39/39
f 39/39/39 26/26/26 25/25/25
f 39/39/39 40/40/40 26/26/26
f 41/41/41 26/26/26 40/40/40
f 39/39/39 36/36/36 42/42/42
f 39/39/39 42/42/42 40/40/40
f 36/36/36 37/37/37 43/43/43
f 36/36/36 43/43/43 42/42/42
f 38/38/38 44/44/44 37/37/37
f 43/43/43 37/37/37 44/44/44
f 40/40/40 45/45/45 41/41/41
f 46/46/46 41/41/41 45/45/45
f 45/45/45 47/47/47 46/46/46
f 48/48/48 46/46/46 47/47/47
f 47/47/47 49/49/49 48/48/48
f 50/50/50 48/48/48 49/49/49
f 49/49/49 51/51/51 50/50/50
f 52/52/52 50/50/50 51/51/51
f 52/52/52 51/51/51 53/53/53
f 49/49/49 47/47/47 54/54/54
f 49/49/49 54/54/54 51/51/51
f 47/47/47 45/45/45 55/55/55
f 55/55/55 54/54/54 47/47/47
f 45/45/45 40/40/40 56/56/56
f 56/56/56 55/55/55 45/45/45
f 51/51/51 57/57/57 53/53/53
f 53/53/53 57/57/57 58/58/58
f 54/54/54 59/59/59 51/51/51
f 51/51/51 59/59/59 57/57/57
f 58/58/58 57/57/57 60/60/60
f 58/58/58 60/60/60 61/61/61
f 62/62/62 56/56/56 40/40/40
f 40/40/40 42/42/42 62/62/62
f 59/59/59 63/63/63 57/57/57
f 57/57/57 63/63/63 60/60/60
f 60/60/60 64/64/64 61/61/61
f 61/61/61 64/64/64 65/65/65
f 42/42/42 66/66/66 62/62/62
f 66/66/66 42/42/42 43/43/43
f 60/60/60 63/63/63 67/67/67
f 60/60/60 67/67/67 64/64/64
f 66/66/66 43/43/43 68/68/68
f 44/44/44 68/68/68 43/43/43
f 56/56/56 62/62/62 69/69/69
f 70/70/70 62/62/62 66/66/66
f 70/70/70 69/69/69 62/62/62
f 70/70/70 66/66/66 71/71/71
f 68/68/68 71/71/71 66/66/66
f 69/69/69 72/72/72 56/56/56
f 55/55/55 56/56/56 72/72/72
f 69/69/69 70/70/70 73/73/73
f 71/71/71 73/73/73 70/70/70
f 72/72/72 74/74/74 55/55/55
f 54/54/54 55/55/55 74/74/74
f 72/72/72 69/69/69 75/75/75
f 73/73/73 75/75/75 69/69/69
f 74/74/74 72/72/72 76/76/76
f 75/75/75 76/76/76 72/72/72
f 74/74/74 77/77/77 54/54/54
f 74/74/74 76/76/76 77/77/77
f 59/59/59 54/54/54 77/77/77
f 77/77/77 78/78/78 59/59/59
f 63/63/63 59/59/59 78/78/78
f 79/79/79 77/77/77 76/76/76
f 77/77/77 79/79/79 78/78/78
f 78/78/78 80/80/80 63/63/63
f 67/67/67 63/63/63 80/80/80
f 73/73/73 71/71/71 81/81/81
f 75/75/75 73/73/73 82/82/82
f 81/81/81 82/82/82 73/73/73
f 76/76/76 75/75/75 83/83/83
f 82/82/82 83/83/83 75/75/75
f 79/79/79 76/76/76 84/84/84
f 83/83/83 84/84/84 76/76/76
f 85/85/85 81/81/81 71/71/71
f 71/71/71 68/68/68 85/85/85
f 86/86/86 85/85/85 68/68/68
f 68/68/68 44/44/44 86/86/86
f 87/87/87 86/86/86 44/44/44
f 44/44/44 38/38/38 87/87/87
f 88/88/88 87/87/87 38/38/38
f 38/38/38 35/35/35 88/88/88
f 89/89/89 88/88/88 35/35/35
f 35/35/35 32/32/32 89/89/89
f 90/90/90 87/87/87 88/88/88
f 88/88/88 89/89/89 90/90/90
f 91/91/91 89/89/89 32/32/32
f 91/91/91 32/32/32 34/34/34
f 89/89/89 91/91/91 92/92/92
f 92/92/92 90/90/90 89/89/89
f 91/91/91 34/34/34 93/93/93
f 93/93/93 92/92/92 91/91/91
f 94/94/94 93/93/93 34/34/34
f 34/34/34 27/27/27 94/94/94
f 95/95/95 92/92/92 93/93/93
f 93/93/93 94/94/94 95/95/95
f 96/96/96 94/94/94 27/27/27
f 96/96/96 27/27/27 28/28/28
f 94/94/94 96/96/96 97/97/97
f 97/97/97 95/95/95 94/94/94
f 96/96/96 28/28/28 98/98/98
f 98/98/98 97/97/97 96/96/96
f 99/99/99 98/98/98 28/28/28
f 100/100/100 92/92/92 95/95/95
f 100/100/100 90/90/90 92/92/92
f 95/95/95 97/97/97 101/101/101
f 101/101/101 100/100/100 95/95/95
f 97/97/97 98/98/98 102/102/102
f 102/102/102 101/101/101 97/97/97
f 98/98/98 99/99/99 103/103/103
f 103/103/103 102/102/102 98/98/98
f 104/104/104 103/103/103 99/99/99
f 103/103/103 104/104/104 105/105/105
f 105/105/105 104/104/104 106/106/106
f 102/102/102 103/103/103 107/107/107
f 105/105/105 107/107/107 103/103/103
f 105/105/105 106/106/106 108/108/108
f 108/108/108 106/106/106 109/109/109
f 109/109/109 110/110/110 108/108/108
f 108/108/108 111/111/111 105/105/105
f 107/107/107 105/105/105 111/111/111
f 112/112/112 108/108/108 110/110/110
f 108/108/108 112/112/112 111/111/111
f 110/110/110 113/113/113 112/112/112
f 107/107/107 114/114/114 102/102/102
f 101/101/101 102/102/102 114/114/114
f 111/111/111 115/115/115 107/107/107
f 114/114/114 107/107/107 115/115/115
f 116/116/116 112/112/112 113/113/113
f 113/113/113 117/117/117 116/116/116
f 118/118/118 111/111/111 112/112/112
f 118/118/118 115/115/115 111/111/111
f 112/112/112 116/116/116 118/118/118
f 119/119/119 116/116/116 117/117/117
f 117/117/117 120/120/120 119/119/119
f 121/121/121 119/119/119 120/120/120
f 118/118/118 116/116/116 122/122/122
f 119/119/119 122/122/122 116/116/116
f 119/119/119 121/121/121 123/123/123
f 122/122/122 119/119/119 123/123/123
f 123/123/123 121/121/121 124/124/124
f 118/118/118 122/122/122 125/125/125
f 115/115/115 118/118/118 125/125/125
f 123/123/123 124/124/124 126/126/126
f 124/124/124 127/127/127 126/126/126
f 122/122/122 123/123/123 128/128/128
f 128/128/128 125/125/125 122/122/122
f 126/126/126 128/128/128 123/123/123
f 125/125/125 129/129/129 115/115/115
f 125/125/125 128/128/128 129/129/129
f 126/126/126 127/127/127 130/130/130
f 130/130/130 127/127/127 131/131/131
f 128/128/128 126/126/126 132/132/132
f 132/132/132 126/126/126 130/130/130
f 129/129/129 128/128/128 132/132/132
f 130/130/130 131/131/131 133/133/133
f 130/130/130 133/133/133 132/132/132
f 133/133/133 131/131/131 134/134/134
f 134/134/134 135/135/135 133/133/133
f 136/136/136 132/132/132 133/133/133
f 129/129/129 132/132/132 136/136/136
f 137/137/137 133/133/133 135/135/135
f 133/133/133 137/137/137 136/136/136
f 135/135/135 138/138/138 137/137/137
f 139/139/139 115/115/115 129/129/129
f 115/115/115 139/139/139 114/114/114
f 140/140/140 137/137/137 138/138/138
f 138/138/138 141/141/141 140/140/140
f 129/129/129 142/142/142 139/139/139
f 142/142/142 129/129/129 136/136/136
f 143/143/143 114/114/114 139/139/139
f 139/139/139 142/142/142 143/143/143
f 114/114/114 143/143/143 101/101/101
f 144/144/144 136/136/136 137/137/137
f 137/137/137 140/140/140 144/144/144
f 142/142/142 136/136/136 145/145/145
f 144/144/144 145/145/145 136/136/136
f 146/146/146 101/101/101 143/143/143
f 146/146/146 100/100/100 101/101/101
f 147/147/147 143/143/143 142/142/142
f 146/146/146 143/143/143 147/147/147
f 146/146/146 147/147/147 100/100/100
f 142/142/142 145/145/145 147/147/147
f 148/148/148 100/100/100 147/147/147
f 148/148/148 90/90/90 100/100/100
f 149/149/149 147/147/147 145/145/145
f 147/147/147 149/149/149 148/148/148
f 144/144/144 150/150/150 145/145/145
f 145/145/145 150/150/150 149/149/149
f 148/148/148 151/151/151 90/90/90
f 151/151/151 87/87/87 90/90/90
f 152/152/152 148/148/148 149/149/149
f 152/152/152 151/151/151 148/148/148
f 151/151/151 153/153/153 87/87/87
f 152/152/152 153/153/153 151/151/151
f 86/86/86 87/87/87 153/153/153
f 149/149/149 154/154/154 152/152/152
f 154/154/154 149/149/149 150/150/150
f 150/150/150 144/144/144 155/155/155
f 155/155/155 144/144/144 140/140/140
f 153/153/153 156/156/156 86/86/86
f 85/85/85 86/86/86 156/156/156
f 157/157/157 153/153/153 152/152/152
f 157/157/157 152/152/152 154/154/154
f 156/156/156 153/153/153 157/157/157
f 150/150/150 158/158/158 154/154/154
f 155/155/155 158/158/158 150/150/150
f 155/155/155 140/140/140 159/159/159
f 158/158/158 155/155/155 159/159/159
f 156/156/156 160/160/160 85/85/85
f 81/81/81 85/85/85 160/160/160
f 161/161/161 156/156/156 157/157/157
f 161/161/161 160/160/160 156/156/156
f 154/154/154 162/162/162 157/157/157
f 162/162/162 154/154/154 158/158/158
f 161/161/161 157/157/157 162/162/162
f 160/160/160 163/163/163 81/81/81
f 82/82/82 81/81/81 163/163/163
f 164/164/164 162/162/162 158/158/158
f 162/162/162 164/164/164 161/161/161
f 165/165/165 160/160/160 161/161/161
f 163/163/163 160/160/160 165/165/165
f 165/165/165 161/161/161 164/164/164
f 163/163/163 166/166/166 82/82/82
f 83/83/83 82/82/82 166/166/166
f 164/164/164 158/158/158 167/167/167
f 167/167/167 158/158/158 159/159/159
f 168/168/168 163/163/163 165/165/165
f 168/168/168 166/166/166 163/163/163
f 164/164/164 169/169/169 165/165/165
f 164/164/164 167/167/167 169/169/169
f 168/168/168 165/165/165 169/169/169
f 166/166/166 170/170/170 83/83/83
f 84/84/84 83/83/83 170/170/170
f 167/167/167 159/159/159 171/171/171
f 172/172/172 169/169/169 167/167/167
f 167/167/167 171/171/171 172/172/172
f 169/169/169 173/173/173 168/168/168
f 173/173/173 169/169/169 172/172/172
f 174/174/174 166/166/166 168/168/168
f 174/174/174 168/168/168 173/173/173
f 174/174/174 175/175/175 166/166/166
f 170/170/170 166/166/166 175/175/175
f 159/159/159 176/176/176 171/171/171
f 159/159/159 140/140/140 176/176/176
f 176/176/176 140/140/140 141/141/141
f 141/141/141 177/177/177 176/176/176
f 178/178/178 176/176/176 177/177/177
f 178/178/178 171/171/171 176/176/176
f 177/177/177 179/179/179 178/178/178
f 180/180/180 172/172/172 171/171/171
f 178/178/178 180/180/180 171/171/171
f 181/181/181 178/178/178 179/179/179
f 180/180/180 178/178/178 181/181/181
f 179/179/179 182/182/182 181/181/181
f 183/183/183 172/172/172 180/180/180
f 172/172/172 183/183/183 173/173/173
f 180/180/180 181/181/181 184/184/184
f 180/180/180 184/184/184 183/183/183
f 185/185/185 181/181/181 182/182/182
f 185/185/185 184/184/184 181/181/181
f 182/182/182 186/186/186 185/185/185
f 183/183/183 187/187/187 173/173/173
f 187/187/187 183/183/183 184/184/184
f 184/184/184 185/185/185 188/188/188
f 187/187/187 184/184/184 188/188/188
f 189/189/189 185/185/185 186/186/186
f 189/189/189 188/188/188 185/185/185
f 190/190/190 173/173/173 187/187/187
f 173/173/173 190/190/190 174/174/174
f 175/175/175 174/174/174 190/190/190
f 189/189/189 186/186/186 191/191/191
f 186/186/186 192/192/192 191/191/191
f 193/193/193 187/187/187 188/188/188
f 187/187/187 193/193/193 190/190/190
f 188/188/188 189/189/189 194/194/194
f 189/189/189 191/191/191 194/194/194
f 193/193/193 188/188/188 194/194/194
f 190/190/190 195/195/195 175/175/175
f 195/195/195 190/190/190 193/193/193
f 191/191/191 192/192/192 196/196/196
f 196/196/196 192/192/192 197/197/197
f 193/193/193 194/194/194 198/198/198
f 193/193/193 198/198/198 195/195/195
f 194/194/194 191/191/191 199/199/199
f 199/199/199 191/191/191 196/196/196
f 199/199/199 198/198/198 194/194/194
f 200/200/200 175/175/175 195/195/195
f 175/175/175 200/200/200 170/170/170
f 196/196/196 197/197/197 201/201/201
f 197/197/197 202/202/202 201/201/201
f 203/203/203 195/195/195 198/198/198
f 195/195/195 203/203/203 200/200/200
f 204/204/204 198/198/198 199/199/199
f 198/198/198 204/204/204 203/203/203
f 199/199/199 196/196/196 205/205/205
f 196/196/196 201/201/201 205/205/205
f 204/204/204 199/199/199 205/205/205
f 206/206/206 170/170/170 200/200/200
f 170/170/170 206/206/206 84/84/84
f 201/201/201 202/202/202 207/207/207
f 207/207/207 202/202/202 208/208/208
f 209/209/209 200/200/200 203/203/203
f 200/200/200 209/209/209 206/206/206
f 205/205/205 201/201/201 210/210/210
f 210/210/210 201/201/201 207/207/207
f 211/211/211 84/84/84 206/206/206
f 84/84/84 211/211/211 79/79/79
f 207/207/207 208/208/208 212/212/212
f 213/213/213 212/212/212 208/208/208
f 203/203/203 214/214/214 209/209/209
f 214/214/214 203/203/203 204/204/204
f 204/204/204 205/205/205 215/215/215
f 210/210/210 215/215/215 205/205/205
f 216/216/216 206/206/206 209/209/209
f 206/206/206 216/216/216 211/211/211
f 217/217/217 79/79/79 211/211/211
f 217/217/217 78/78/78 79/79/79
f 218/218/218 209/209/209 214/214/214
f 209/209/209 218/218/218 216/216/216
f 214/214/214 204/204/204 219/219/219
f 215/215/215 219/219/219 204/204/204
f 214/214/214 219/219/219 218/218/218
f 211/211/211 220/220/220 217/217/217
f 220/220/220 211/211/211 216/216/216
f 217/217/217 221/221/221 78/78/78
f 221/221/221 217/217/217 220/220/220
f 80/80/80 78/78/78 221/221/221
f 222/222/222 216/216/216 218/218/218
f 216/216/216 222/222/222 220/220/220
f 223/223/223 218/218/218 219/219/219
f 218/218/218 223/223/223 222/222/222
f 219/219/219 215/215/215 224/224/224
f 219/219/219 224/224/224 223/223/223
f 220/220/220 225/225/225 221/221/221
f 225/225/225 220/220/220 222/222/222
f 221/221/221 226/226/226 80/80/80
f 226/226/226 221/221/221 225/225/225
f 227/227/227 222/222/222 223/223/223
f 222/222/222 227/227/227 225/225/225
f 228/228/228 224/224/224 215/215/215
f 215/215/215 210/210/210 228/228/228
f 229/229/229 228/228/228 210/210/210
f 210/210/210 207/207/207 229/229/229
f 212/212/212 229/229/229 207/207/207
f 228/228/228 229/229/229 230/230/230
f 228/228/228 230/230/230 224/224/224
f 231/231/231 223/223/223 224/224/224
f 223/223/223 231/231/231 227/227/227
f 232/232/232 225/225/225 227/227/227
f 225/225/225 232/232/232 226/226/226
f 229/229/229 212/212/212 233/233/233
f 233/233/233 230/230/230 229/229/229
f 231/231/231 224/224/224 234/234/234
f 234/234/234 224/224/224 230/230/230
f 235/235/235 227/227/227 231/231/231
f 227/227/227 235/235/235 232/232/232
f 236/236/236 233/233/233 212/212/212
f 212/212/212 213/213/213 236/236/236
f 237/237/237 236/236/236 213/213/213
f 237/237/237 238/238/238 236/236/236
f 233/233/233 236/236/236 239/239/239
f 239/239/239 236/236/236 238/238/238
f 233/233/233 240/240/240 230/230/230
f 233/233/233 239/239/239 240/240/240
f 239/239/239 238/238/238 241/241/241
f 242/242/242 241/241/241 238/238/238
f 241/241/241 242/242/242 243/243/243
f 235/235/235 231/231/231 244/244/244
f 244/244/244 231/231/231 234/234/234
f 245/245/245 234/234/234 230/230/230
f 245/245/245 230/230/230 240/240/240
f 246/246/246 245/245/245 240/240/240
f 247/247/247 240/240/240 239/239/239
f 247/247/247 239/239/239 241/241/241
f 241/241/241 243/243/243 248/248/248
f 243/243/243 249/249/249 248/248/248
f 250/250/250 234/234/234 245/245/245
f 245/245/245 246/246/246 250/250/250
f 251/251/251 244/244/244 234/234/234
f 250/250/250 251/251/251 234/234/234
f 252/252/252 235/235/235 244/244/244
f 244/244/244 251/251/251 252/252/252
f 253/253/253 240/240/240 247/247/247
f 246/246/246 240/240/240 253/253/253
f 247/247/247 241/241/241 254/254/254
f 253/253/253 247/247/247 254/254/254
f 248/248/248 254/254/254 241/241/241
f 255/255/255 248/248/248 249/249/249
f 249/249/249 256/256/256 255/255/255
f 257/257/257 255/255/255 256/256/256
f 255/255/255 258/258/258 248/248/248
f 254/254/254 248/248/248 258/258/258
f 258/258/258 255/255/255 257/257/257
f 253/253/253 254/254/254 259/259/259
f 254/254/254 258/258/258 259/259/259
f 259/259/259 246/246/246 253/253/253
f 260/260/260 258/258/258 257/257/257
f 260/260/260 259/259/259 258/258/258
f 260/260/260 257/257/257 261/261/261
f 262/262/262 259/259/259 260/260/260
f 262/262/262 246/246/246 259/259/259
f 260/260/260 261/261/261 263/263/263
f 263/263/263 262/262/262 260/260/260
f 264/264/264 263/263/263 261/261/261
f 264/264/264 265/265/265 263/263/263
f 266/266/266 263/263/263 265/265/265
f 263/263/263 266/266/266 262/262/262
f 265/265/265 267/267/267 266/266/266
f 262/262/262 268/268/268 246/246/246
f 268/268/268 262/262/262 266/266/266
f 269/269/269 266/266/266 267/267/267
f 266/266/266 269/269/269 268/268/268
f 270/270/270 246/246/246 268/268/268
f 270/270/270 250/250/250 246/246/246
f 269/269/269 267/267/267 271/271/271
f 267/267/267 272/272/272 271/271/271
f 273/273/273 268/268/268 269/269/269
f 268/268/268 273/273/273 270/270/270
f 269/269/269 271/271/271 273/273/273
f 274/274/274 250/250/250 270/270/270
f 274/274/274 270/270/270 273/273/273
f 250/250/250 274/274/274 251/251/251
f 274/274/274 273/273/273 275/275/275
f 274/274/274 275/275/275 251/251/251
f 276/276/276 273/273/273 271/271/271
f 276/276/276 275/275/275 273/273/273
f 277/277/277 271/271/271 272/272/272
f 271/271/271 277/277/277 276/276/276
f 251/251/251 275/275/275 278/278/278
f 278/278/278 252/252/252 251/251/251
f 276/276/276 279/279/279 275/275/275
f 279/279/279 276/276/276 277/277/277
f 272/272/272 280/280/280 277/277/277
f 280/280/280 272/272/272 281/281/281
f 282/282/282 277/277/277 280/280/280
f 277/277/277 282/282/282 279/279/279
f 283/283/283 275/275/275 279/279/279
f 283/283/283 278/278/278 275/275/275
f 284/284/284 280/280/280 281/281/281
f 280/280/280 284/284/284 282/282/282
f 279/279/279 285/285/285 283/283/283
f 285/285/285 279/279/279 282/282/282
f 283/283/283 286/286/286 278/278/278
f 286/286/286 283/283/283 285/285/285
f 287/287/287 278/278/278 286/286/286
f 278/278/278 287/287/287 252/252/252
f 281/281/281 288/288/288 284/284/284
f 281/281/281 289/289/289 288/288/288
f 289/289/289 290/290/290 288/288/288
f 291/291/291 282/282/282 284/284/284
f 282/282/282 291/291/291 285/285/285
f 286/286/286 285/285/285 292/292/292
f 286/286/286 292/292/292 287/287/287
f 288/288/288 293/293/293 284/284/284
f 293/293/293 291/291/291 284/284/284
f 294/294/294 288/288/288 290/290/290
f 288/288/288 294/294/294 293/293/293
f 294/294/294 290/290/290 295/295/295
f 296/296/296 292/292/292 285/285/285
f 296/296/296 285/285/285 291/291/291
f 294/294/294 295/295/295 297/297/297
f 298/298/298 297/297/297 295/295/295
f 298/298/298 299/299/299 297/297/297
f 298/298/298 300/300/300 299/299/299
f 301/301/301 299/299/299 300/300/300
f 302/302/302 294/294/294 297/297/297
f 302/302/302 297/297/297 299/299/299
f 303/303/303 293/293/293 294/294/294
f 303/303/303 294/294/294 302/302/302
f 293/293/293 304/304/304 291/291/291
f 293/293/293 303/303/303 304/304/304
f 296/296/296 291/291/291 305/305/305
f 304/304/304 305/305/305 291/291/291
f 301/301/301 306/306/306 299/299/299
f 301/301/301 307/307/307 306/306/306
f 302/302/302 299/299/299 308/308/308
f 308/308/308 303/303/303 302/302/302
f 306/306/306 308/308/308 299/299/299
f 309/309/309 304/304/304 303/303/303
f 304/304/304 309/309/309 305/305/305
f 309/309/309 303/303/303 308/308/308
f 296/296/296 305/305/305 310/310/310
f 296/296/296 310/310/310 292/292/292
f 311/311/311 306/306/306 307/307/307
f 312/312/312 311/311/311 307/307/307
f 306/306/306 313/313/313 308/308/308
f 313/313/313 306/306/306 311/311/311
f 312/312/312 314/314/314 311/311/311
f 314/314/314 313/313/313 311/311/311
f 312/312/312 315/315/315 314/314/314
f 316/316/316 305/305/305 309/309/309
f 305/305/305 316/316/316 310/310/310
f 317/317/317 309/309/309 308/308/308
f 317/317/317 308/308/308 313/313/313
f 316/316/316 309/309/309 317/317/317
f 318/318/318 314/314/314 315/315/315
f 319/319/319 318/318/318 315/315/315
f 314/314/314 320/320/320 313/313/313
f 318/318/318 320/320/320 314/314/314
f 317/317/317 313/313/313 321/321/321
f 316/316/316 317/317/317 321/321/321
f 320/320/320 321/321/321 313/313/313
f 322/322/322 310/310/310 316/316/316
f 322/322/322 316/316/316 321/321/321
f 319/319/319 323/323/323 318/318/318
f 319/319/319 324/324/324 323/323/323
f 320/320/320 325/325/325 321/321/321
f 325/325/325 322/322/322 321/321/321
f 318/318/318 326/326/326 320/320/320
f 318/318/318 323/323/323 326/326/326
f 320/320/320 326/326/326 325/325/325
f 310/310/310 322/322/322 327/327/327
f 327/327/327 292/292/292 310/310/310
f 328/328/328 323/323/323 324/324/324
f 65/65/65 328/328/328 324/324/324
f 329/329/329 322/322/322 325/325/325
f 329/329/329 327/327/327 322/322/322
f 330/330/330 325/325/325 326/326/326
f 329/329/329 325/325/325 330/330/330
f 331/331/331 326/326/326 323/323/323
f 330/330/330 326/326/326 331/331/331
f 323/323/323 328/328/328 331/331/331
f 292/292/292 327/327/327 332/332/332
f 332/332/332 287/287/287 292/292/292
f 65/65/65 333/333/333 328/328/328
f 65/65/65 64/64/64 333/333/333
f 334/334/334 329/329/329 330/330/330
f 334/334/334 330/330/330 331/331/331
f 327/327/327 329/329/329 335/335/335
f 334/334/334 335/335/335 329/329/329
f 335/335/335 332/332/332 327/327/327
f 287/287/287 332/332/332 336/336/336
f 336/336/336 252/252/252 287/287/287
f 337/337/337 331/331/331 328/328/328
f 333/333/333 337/337/337 328/328/328
f 338/338/338 334/334/334 331/331/331
f 334/334/334 338/338/338 335/335/335
f 337/337/337 338/338/338 331/331/331
f 339/339/339 332/332/332 335/335/335
f 332/332/332 339/339/339 336/336/336
f 339/339/339 335/335/335 338/338/338
f 336/336/336 340/340/340 252/252/252
f 336/336/336 339/339/339 340/340/340
f 252/252/252 340/340/340 235/235/235
f 340/340/340 232/232/232 235/235/235
f 339/339/339 338/338/338 341/341/341
f 341/341/341 340/340/340 339/339/339
f 232/232/232 340/340/340 342/342/342
f 341/341/341 342/342/342 340/340/340
f 342/342/342 226/226/226 232/232/232
f 343/343/343 338/338/338 337/337/337
f 343/343/343 341/341/341 338/338/338
f 226/226/226 342/342/342 344/344/344
f 344/344/344 80/80/80 226/226/226
f 80/80/80 344/344/344 67/67/67
f 342/342/342 341/341/341 345/345/345
f 343/343/343 345/345/345 341/341/341
f 345/345/345 344/344/344 342/342/342
f 343/343/343 337/337/337 346/346/346
f 345/345/345 343/343/343 346/346/346
f 333/333/333 346/346/346 337/337/337
f 347/347/347 67/67/67 344/344/344
f 344/344/344 345/345/345 347/347/347
f 346/346/346 347/347/347 345/345/345
f 333/333/333 347/347/347 346/346/346
f 67/67/67 347/347/347 64/64/64
f 64/64/64 347/347/347 333/333/333
f 350/350/350 349/349/349 348/348/348
f 351/351/351 348/348/348 349/349/349
f 349/349/349 352/352/352 351/351/351
f 351/351/351 353/353/353 348/348/348
f 354/354/354 348/348/348 353/353/353
f 354/354/354 353/353/353 355/355/355
f 356/356/356 351/351/351 352/352/352
f 352/352/352 357/357/357 356/356/356
f 358/358/358 353/353/353 351/351/351
f 356/356/356 358/358/358 351/351/351
f 359/359/359 356/356/356 357/357/357
f 356/356/356 359/359/359 358/358/358
f 357/357/357 360/360/360 359/359/359
f 353/353/353 361/361/361 355/355/355
f 353/353/353 358/358/358 361/361/361
f 362/362/362 359/359/359 360/360/360
f 360/360/360 363/363/363 362/362/362
f 364/364/364 358/358/358 359/359/359
f 359/359/359 362/362/362 364/364/364
f 365/365/365 362/362/362 363/363/363
f 363/363/363 366/366/366 365/365/365
f 361/361/361 367/367/367 355/355/355
f 368/368/368 355/355/355 367/367/367
f 369/369/369 368/368/368 367/367/367
f 370/370/370 361/361/361 358/358/358
f 358/358/358 364/364/364 370/370/370
f 371/371/371 364/364/364 362/362/362
f 362/362/362 365/365/365 371/371/371
f 372/372/372 365/365/365 366/366/366
f 366/366/366 373/373/373 372/372/372
f 361/361/361 374/374/374 367/367/367
f 361/361/361 370/370/370 374/374/374
f 369/369/369 367/367/367 375/375/375
f 367/367/367 374/374/374 375/375/375
f 369/369/369 375/375/375 376/376/376
f 377/377/377 370/370/370 364/364/364
f 364/364/364 371/371/371 377/377/377
f 378/378/378 371/371/371 365/365/365
f 365/365/365 372/372/372 378/378/378
f 374/374/374 370/370/370 379/379/379
f 377/377/377 379/379/379 370/370/370
f 380/380/380 377/377/377 371/371/371
f 371/371/371 378/378/378 380/380/380
f 381/381/381 375/375/375 374/374/374
f 374/374/374 379/379/379 381/381/381
f 382/382/382 377/377/377 380/380/380
f 377/377/377 382/382/382 379/379/379
f 383/383/383 376/376/376 375/375/375
f 384/384/384 375/375/375 381/381/381
f 383/383/383 375/375/375 384/384/384
f 383/383/383 385/385/385 376/376/376
f 386/386/386 376/376/376 385/385/385
f 387/387/387 383/383/383 384/384/384
f 385/385/385 383/383/383 387/387/387
f 385/385/385 388/388/388 386/386/386
f 389/389/389 386/386/386 388/388/388
f 390/390/390 385/385/385 387/387/387
f 388/388/388 385/385/385 390/390/390
f 388/388/388 391/391/391 389/389/389
f 392/392/392 389/389/389 391/391/391
f 390/390/390 393/393/393 388/388/388
f 391/391/391 388/388/388 393/393/393
f 391/391/391 394/394/394 392/392/392
f 395/395/395 392/392/392 394/394/394
f 396/396/396 395/395/395 394/394/394
f 394/394/394 391/391/391 397/397/397
f 393/393/393 397/397/397 391/391/391
f 398/398/398 396/396/396 394/394/394
f 394/394/394 397/397/397 398/398/398
f 398/398/398 399/399/399 396/396/396
f 398/398/398 400/400/400 399/399/399
f 399/399/399 400/400/400 401/401/401
f 402/402/402 398/398/398 397/397/397
f 398/398/398 402/402/402 400/400/400
f 403/403/403 397/397/397 393/393/393
f 397/397/397 403/403/403 402/402/402
f 390/390/390 404/404/404 393/393/393
f 403/403/403 393/393/393 404/404/404
f 405/405/405 401/401/401 400/400/400
f 401/401/401 405/405/405 406/406/406
f 407/407/407 406/406/406 405/405/405
f 408/408/408 400/400/400 402/402/402
f 400/400/400 408/408/408 405/405/405
f 405/405/405 409/409/409 407/407/407
f 409/409/409 405/405/405 408/408/408
f 410/410/410 407/407/407 409/409/409
f 402/402/402 411/411/411 408/408/408
f 411/411/411 402/402/402 403/403/403
f 408/408/408 412/412/412 409/409/409
f 412/412/412 408/408/408 411/411/411
f 409/409/409 413/413/413 410/410/410
f 413/413/413 409/409/409 412/412/412
f 414/414/414 410/410/410 413/413/413
f 411/411/411 403/403/403 415/415/415
f 411/411/411 415/415/415 412/412/412
f 413/413/413 416/416/416 414/414/414
f 417/417/417 414/414/414 416/416/416
f 412/412/412 418/418/418 413/413/413
f 416/416/416 413/413/413 418/418/418
f 418/418/418 412/412/412 415/415/415
f 416/416/416 419/419/419 417/417/417
f 418/418/418 419/419/419 416/416/416
f 420/420/420 417/417/417 419/419/419
f 419/419/419 421/421/421 420/420/420
f 422/422/422 419/419/419 418/418/418
f 418/418/418 415/415/415 422/422/422
f 423/423/423 421/421/421 419/419/419
f 423/423/423 419/419/419 422/422/422
f 423/423/423 424/424/424 421/421/421
f 425/425/425 415/415/415 403/403/403
f 403/403/403 404/404/404 425/425/425
f 426/426/426 424/424/424 423/423/423
f 426/426/426 427/427/427 424/424/424
f 425/425/425 428/428/428 415/415/415
f 422/422/422 415/415/415 428/428/428
f 429/429/429 425/425/425 404/404/404
f 429/429/429 428/428/428 425/425/425
f 430/430/430 423/423/423 422/422/422
f 430/430/430 426/426/426 423/423/423
f 428/428/428 431/431/431 422/422/422
f 430/430/430 422/422/422 431/431/431
f 432/432/432 427/427/427 426/426/426
f 432/432/432 433/433/433 427/427/427
f 404/404/404 434/434/434 429/429/429
f 404/404/404 390/390/390 434/434/434
f 390/390/390 387/387/387 434/434/434
f 428/428/428 429/429/429 435/435/435
f 428/428/428 435/435/435 431/431/431
f 436/436/436 433/433/433 432/432/432
f 437/437/437 433/433/433 436/436/436
f 438/438/438 434/434/434 387/387/387
f 387/387/387 384/384/384 438/438/438
f 439/439/439 429/429/429 434/434/434
f 429/429/429 439/439/439 435/435/435
f 439/439/439 434/434/434 440/440/440
f 438/438/438 440/440/440 434/434/434
f 439/439/439 440/440/440 435/435/435
f 441/441/441 438/438/438 384/384/384
f 384/384/384 381/381/381 441/441/441
f 441/441/441 442/442/442 438/438/438
f 440/440/440 438/438/438 442/442/442
f 443/443/443 441/441/441 381/381/381
f 441/441/441 443/443/443 442/442/442
f 443/443/443 381/381/381 379/379/379
f 443/443/443 379/379/379 444/444/444
f 444/444/444 442/442/442 443/443/443
f 444/444/444 379/379/379 382/382/382
f 442/442/442 445/445/445 440/440/440
f 442/442/442 444/444/444 445/445/445
f 435/435/435 440/440/440 446/446/446
f 446/446/446 440/440/440 445/445/445
f 444/444/444 382/382/382 447/447/447
f 447/447/447 445/445/445 444/444/444
f 382/382/382 448/448/448 447/447/447
f 382/382/382 380/380/380 448/448/448
f 447/447/447 449/449/449 445/445/445
f 447/447/447 448/448/448 449/449/449
f 450/450/450 448/448/448 380/380/380
f 450/450/450 380/380/380 378/378/378
f 435/435/435 446/446/446 451/451/451
f 451/451/451 431/431/431 435/435/435
f 445/445/445 452/452/452 446/446/446
f 452/452/452 445/445/445 449/449/449
f 453/453/453 446/446/446 452/452/452
f 453/453/453 451/451/451 446/446/446
f 454/454/454 431/431/431 451/451/451
f 431/431/431 454/454/454 430/430/430
f 450/450/450 455/455/455 448/448/448
f 449/449/449 448/448/448 455/455/455
f 378/378/378 456/456/456 450/450/450
f 456/456/456 378/378/378 372/372/372
f 452/452/452 449/449/449 457/457/457
f 452/452/452 457/457/457 453/453/453
f 458/458/458 451/451/451 453/453/453
f 454/454/454 451/451/451 458/458/458
f 459/459/459 430/430/430 454/454/454
f 459/459/459 426/426/426 430/430/430
f 454/454/454 460/460/460 459/459/459
f 460/460/460 454/454/454 458/458/458
f 459/459/459 461/461/461 426/426/426
f 461/461/461 459/459/459 460/460/460
f 432/432/432 426/426/426 461/461/461
f 458/458/458 453/453/453 462/462/462
f 462/462/462 453/453/453 457/457/457
f 463/463/463 457/457/457 449/449/449
f 449/449/449 455/455/455 463/463/463
f 461/461/461 464/464/464 432/432/432
f 436/436/436 432/432/432 464/464/464
f 460/460/460 458/458/458 465/465/465
f 458/458/458 462/462/462 465/465/465
f 457/457/457 466/466/466 462/462/462
f 457/457/457 463/463/463 466/466/466
f 460/460/460 467/467/467 461/461/461
f 464/464/464 461/461/461 467/467/467
f 468/468/468 465/465/465 462/462/462
f 468/468/468 462/462/462 466/466/466
f 465/465/465 469/469/469 460/460/460
f 467/467/467 460/460/460 469/469/469
f 469/469/469 465/465/465 468/468/468
f 455/455/455 470/470/470 463/463/463
f 466/466/466 463/463/463 471/471/471
f 463/463/463 470/470/470 471/471/471
f 466/466/466 472/472/472 468/468/468
f 466/466/466 471/471/471 472/472/472
f 469/469/469 468/468/468 473/473/473
f 473/473/473 468/468/468 472/472/472
f 469/469/469 474/474/474 467/467/467
f 469/469/469 473/473/473 474/474/474
f 467/467/467 475/475/475 464/464/464
f 475/475/475 467/467/467 474/474/474
f 455/455/455 476/476/476 470/470/470
f 450/450/450 476/476/476 455/455/455
f 476/476/476 450/450/450 456/456/456
f 477/477/477 464/464/464 475/475/475
f 464/464/464 477/477/477 436/436/436
f 478/478/478 436/436/436 477/477/477
f 478/478/478 437/437/437 436/436/436
f 479/479/479 437/437/437 478/478/478
f 480/480/480 479/479/479 478/478/478
f 480/480/480 481/481/481 479/479/479
f 477/477/477 482/482/482 478/478/478
f 480/480/480 478/478/478 482/482/482
f 475/475/475 483/483/483 477/477/477
f 482/482/482 477/477/477 483/483/483
f 483/483/483 475/475/475 484/484/484
f 474/474/474 484/484/484 475/475/475
f 483/483/483 485/485/485 482/482/482
f 485/485/485 483/483/483 484/484/484
f 482/482/482 486/486/486 480/480/480
f 486/486/486 482/482/482 485/485/485
f 487/487/487 481/481/481 480/480/480
f 487/487/487 480/480/480 486/486/486
f 487/487/487 488/488/488 481/481/481
f 489/489/489 481/481/481 488/488/488
f 486/486/486 490/490/490 487/487/487
f 488/488/488 487/487/487 490/490/490
f 485/485/485 491/491/491 486/486/486
f 490/490/490 486/486/486 491/491/491
f 488/488/488 492/492/492 489/489/489
f 493/493/493 489/489/489 492/492/492
f 490/490/490 494/494/494 488/488/488
f 492/492/492 488/488/488 494/494/494
f 492/492/492 495/495/495 493/493/493
f 496/496/496 493/493/493 495/495/495
f 491/491/491 485/485/485 497/497/497
f 485/485/485 484/484/484 497/497/497
f 491/491/491 498/498/498 490/490/490
f 494/494/494 490/490/490 498/498/498
f 494/494/494 499/499/499 492/492/492
f 495/495/495 492/492/492 499/499/499
f 495/495/495 500/500/500 496/496/496
f 501/501/501 496/496/496 500/500/500
f 491/491/491 497/497/497 502/502/502
f 491/491/491 502/502/502 498/498/498
f 498/498/498 503/503/503 494/494/494
f 499/499/499 494/494/494 503/503/503
f 499/499/499 504/504/504 495/495/495
f 500/500/500 495/495/495 504/504/504
f 505/505/505 501/501/501 500/500/500
f 505/505/505 506/506/506 501/501/501
f 507/507/507 498/498/498 502/502/502
f 503/503/503 498/498/498 507/507/507
f 504/504/504 499/499/499 508/508/508
f 503/503/503 508/508/508 499/499/499
f 500/500/500 504/504/504 509/509/509
f 509/509/509 505/505/505 500/500/500
f 505/505/505 510/510/510 506/506/506
f 511/511/511 506/506/506 510/510/510
f 511/511/511 510/510/510 512/512/512
f 510/510/510 505/505/505 513/513/513
f 509/509/509 513/513/513 505/505/505
f 509/509/509 504/504/504 514/514/514
f 504/504/504 508/508/508 514/514/514
f 515/515/515 512/512/512 510/510/510
f 510/510/510 513/513/513 515/515/515
f 513/513/513 509/509/509 516/516/516
f 516/516/516 509/509/509 514/514/514
f 514/514/514 508/508/508 517/517/517
f 514/514/514 517/517/517 516/516/516
f 508/508/508 503/503/503 518/518/518
f 508/508/508 518/518/518 517/517/517
f 515/515/515 519/519/519 512/512/512
f 520/520/520 512/512/512 519/519/519
f 520/520/520 519/519/519 521/521/521
f 513/513/513 522/522/522 515/515/515
f 513/513/513 516/516/516 522/522/522
f 523/523/523 518/518/518 503/503/503
f 503/503/503 507/507/507 523/523/523
f 524/524/524 521/521/521 519/519/519
f 521/521/521 524/524/524 525/525/525
f 515/515/515 526/526/526 519/519/519
f 515/515/515 522/522/522 526/526/526
f 526/526/526 527/527/527 519/519/519
f 524/524/524 519/519/519 527/527/527
f 528/528/528 525/525/525 524/524/524
f 525/525/525 528/528/528 529/529/529
f 530/530/530 529/529/529 528/528/528
f 528/528/528 524/524/524 531/531/531
f 528/528/528 531/531/531 530/530/530
f 527/527/527 531/531/531 524/524/524
f 526/526/526 532/532/532 527/527/527
f 522/522/522 532/532/532 526/526/526
f 532/532/532 522/522/522 533/533/533
f 534/534/534 527/527/527 532/532/532
f 527/527/527 534/534/534 531/531/531
f 532/532/532 533/533/533 534/534/534
f 531/531/531 535/535/535 530/530/530
f 535/535/535 531/531/531 534/534/534
f 536/536/536 530/530/530 535/535/535
f 534/534/534 537/537/537 535/535/535
f 537/537/537 534/534/534 533/533/533
f 535/535/535 538/538/538 536/536/536
f 538/538/538 535/535/535 537/537/537
f 539/539/539 536/536/536 538/538/538
f 539/539/539 538/538/538 540/540/540
f 538/538/538 541/541/541 540/540/540
f 538/538/538 537/537/537 541/541/541
f 540/540/540 541/541/541 542/542/542
f 537/537/537 543/543/543 541/541/541
f 537/537/537 533/533/533 543/543/543
f 544/544/544 542/542/542 541/541/541
f 541/541/541 543/543/543 544/544/544
f 542/542/542 544/544/544 545/545/545
f 545/545/545 546/546/546 542/542/542
f 544/544/544 543/543/543 547/547/547
f 544/544/544 547/547/547 545/545/545
f 533/533/533 548/548/548 543/543/543
f 543/543/543 548/548/548 547/547/547
f 545/545/545 549/549/549 546/546/546
f 545/545/545 547/547/547 550/550/550
f 545/545/545 550/550/550 549/549/549
f 549/549/549 551/551/551 546/546/546
f 551/551/551 552/552/552 546/546/546
f 548/548/548 533/533/533 553/553/553
f 554/554/554 547/547/547 548/548/548
f 553/553/553 554/554/554 548/548/548
f 550/550/550 547/547/547 555/555/555
f 554/554/554 555/555/555 547/547/547
f 556/556/556 549/549/549 550/550/550
f 550/550/550 555/555/555 556/556/556
f 551/551/551 549/549/549 557/557/557
f 556/556/556 557/557/557 549/549/549
f 551/551/551 558/558/558 552/552/552
f 551/551/551 557/557/557 558/558/558
f 559/559/559 553/553/553 533/533/533
f 559/559/559 533/533/533 522/522/522
f 559/559/559 522/522/522 516/516/516
f 516/516/516 560/560/560 559/559/559
f 553/553/553 559/559/559 560/560/560
f 560/560/560 516/516/516 517/517/517
f 554/554/554 553/553/553 561/561/561
f 560/560/560 561/561/561 553/553/553
f 555/555/555 554/554/554 561/561/561
f 552/552/552 558/558/558 562/562/562
f 563/563/563 552/552/552 562/562/562
f 562/562/562 564/564/564 563/563/563
f 565/565/565 564/564/564 562/562/562
f 564/564/564 565/565/565 566/566/566
f 567/567/567 562/562/562 558/558/558
f 565/565/565 562/562/562 567/567/567
f 568/568/568 566/566/566 565/565/565
f 568/568/568 569/569/569 566/566/566
f 569/569/569 568/568/568 570/570/570
f 569/569/569 570/570/570 571/571/571
f 572/572/572 571/571/571 570/570/570
f 568/568/568 565/565/565 573/573/573
f 573/573/573 570/570/570 568/568/568
f 574/574/574 572/572/572 570/570/570
f 572/572/572 574/574/574 575/575/575
f 576/576/576 573/573/573 565/565/565
f 576/576/576 565/565/565 567/567/567
f 573/573/573 577/577/577 570/570/570
f 570/570/570 577/577/577 574/574/574
f 573/573/573 576/576/576 577/577/577
f 558/558/558 578/578/578 567/567/567
f 578/578/578 558/558/558 557/557/557
f 579/579/579 575/575/575 574/574/574
f 575/575/575 579/579/579 580/580/580
f 581/581/581 576/576/576 567/567/567
f 581/581/581 567/567/567 578/578/578
f 574/574/574 582/582/582 579/579/579
f 574/574/574 577/577/577 582/582/582
f 583/583/583 580/580/580 579/579/579
f 579/579/579 582/582/582 583/583/583
f 580/580/580 583/583/583 584/584/584
f 585/585/585 576/576/576 581/581/581
f 585/585/585 577/577/577 576/576/576
f 586/586/586 584/584/584 583/583/583
f 584/584/584 586/586/586 587/587/587
f 581/581/581 578/578/578 588/588/588
f 588/588/588 585/585/585 581/581/581
f 577/577/577 585/585/585 589/589/589
f 589/589/589 582/582/582 577/577/577
f 590/590/590 583/583/583 582/582/582
f 583/583/583 590/590/590 586/586/586
f 591/591/591 587/587/587 586/586/586
f 587/587/587 591/591/591 592/592/592
f 593/593/593 589/589/589 585/585/585
f 593/593/593 585/585/585 588/588/588
f 582/582/582 589/589/589 594/594/594
f 582/582/582 594/594/594 590/590/590
f 589/589/589 593/593/593 594/594/594
f 595/595/595 586/586/586 590/590/590
f 586/586/586 595/595/595 591/591/591
f 596/596/596 592/592/592 591/591/591
f 592/592/592 596/596/596 597/597/597
f 598/598/598 590/590/590 594/594/594
f 590/590/590 598/598/598 595/595/595
f 599/599/599 594/594/594 593/593/593
f 594/594/594 599/599/599 598/598/598
f 600/600/600 593/593/593 588/588/588
f 599/599/599 593/593/593 600/600/600
f 595/595/595 601/601/601 591/591/591
f 591/591/591 601/601/601 596/596/596
f 602/602/602 595/595/595 598/598/598
f 595/595/595 602/602/602 601/601/601
f 603/603/603 598/598/598 599/599/599
f 598/598/598 603/603/603 602/602/602
f 588/588/588 604/604/604 600/600/600
f 604/604/604 588/588/588 578/578/578
f 605/605/605 599/599/599 600/600/600
f 603/603/603 599/599/599 605/605/605
f 606/606/606 602/602/602 603/603/603
f 602/602/602 606/606/606 601/601/601
f 604/604/604 578/578/578 607/607/607
f 557/557/557 607/607/607 578/578/578
f 556/556/556 607/607/607 557/557/557
f 608/608/608 600/600/600 604/604/604
f 608/608/608 605/605/605 600/600/600
f 604/604/604 607/607/607 608/608/608
f 609/609/609 603/603/603 605/605/605
f 606/606/606 603/603/603 609/609/609
f 610/610/610 601/601/601 606/606/606
f 606/606/606 609/609/609 610/610/610
f 556/556/556 611/611/611 607/607/607
f 611/611/611 556/556/556 555/555/555
f 612/612/612 609/609/609 605/605/605
f 608/608/608 612/612/612 605/605/605
f 613/613/613 607/607/607 611/611/611
f 613/613/613 608/608/608 607/607/607
f 614/614/614 611/611/611 555/555/555
f 611/611/611 614/614/614 613/613/613
f 561/561/561 614/614/614 555/555/555
f 613/613/613 615/615/615 608/608/608
f 615/615/615 613/613/613 614/614/614
f 612/612/612 608/608/608 615/615/615
f 612/612/612 616/616/616 609/609/609
f 616/616/616 610/610/610 609/609/609
f 614/614/614 561/561/561 617/617/617
f 614/614/614 617/617/617 615/615/615
f 615/615/615 618/618/618 612/612/612
f 616/616/616 612/612/612 618/618/618
f 618/618/618 615/615/615 617/617/617
f 619/619/619 616/616/616 618/618/618
f 618/618/618 617/617/617 619/619/619
f 620/620/620 617/617/617 561/561/561
f 620/620/620 561/561/561 560/560/560
f 617/617/617 620/620/620 621/621/621
f 621/621/621 619/619/619 617/617/617
f 620/620/620 560/560/560 622/622/622
f 622/622/622 621/621/621 620/620/620
f 517/517/517 622/622/622 560/560/560
f 622/622/622 517/517/517 623/623/623
f 518/518/518 623/623/623 517/517/517
f 621/621/621 622/622/622 624/624/624
f 623/623/623 624/624/624 622/622/622
f 518/518/518 625/625/625 623/623/623
f 523/523/523 625/625/625 518/518/518
f 619/619/619 626/626/626 616/616/616
f 610/610/610 616/616/616 626/626/626
f 619/619/619 621/621/621 627/627/627
f 624/624/624 627/627/627 621/621/621
f 623/623/623 628/628/628 624/624/624
f 625/625/625 628/628/628 623/623/623
f 629/629/629 625/625/625 523/523/523
f 507/507/507 629/629/629 523/523/523
f 626/626/626 619/619/619 630/630/630
f 627/627/627 630/630/630 619/619/619
f 624/624/624 631/631/631 627/627/627
f 628/628/628 631/631/631 624/624/624
f 632/632/632 628/628/628 625/625/625
f 629/629/629 632/632/632 625/625/625
f 629/629/629 507/507/507 633/633/633
f 502/502/502 633/633/633 507/507/507
f 627/627/627 634/634/634 630/630/630
f 631/631/631 634/634/634 627/627/627
f 635/635/635 631/631/631 628/628/628
f 632/632/632 635/635/635 628/628/628
f 629/629/629 636/636/636 632/632/632
f 633/633/633 636/636/636 629/629/629
f 502/502/502 637/637/637 633/633/633
f 502/502/502 497/497/497 637/637/637
f 638/638/638 634/634/634 631/631/631
f 635/635/635 638/638/638 631/631/631
f 632/632/632 639/639/639 635/635/635
f 636/636/636 639/639/639 632/632/632
f 640/640/640 636/636/636 633/633/633
f 637/637/637 640/640/640 633/633/633
f 497/497/497 641/641/641 637/637/637
f 497/497/497 484/484/484 641/641/641
f 641/641/641 642/642/642 637/637/637
f 642/642/642 640/640/640 637/637/637
f 484/484/484 643/643/643 641/641/641
f 641/641/641 643/643/643 642/642/642
f 484/484/484 474/474/474 643/643/643
f 643/643/643 474/474/474 473/473/473
f 643/643/643 473/473/473 644/644/644
f 644/644/644 642/642/642 643/643/643
f 472/472/472 644/644/644 473/473/473
f 640/640/640 645/645/645 636/636/636
f 645/645/645 639/639/639 636/636/636
f 642/642/642 646/646/646 640/640/640
f 646/646/646 645/645/645 640/640/640
f 644/644/644 647/647/647 642/642/642
f 647/647/647 646/646/646 642/642/642
f 472/472/472 648/648/648 644/644/644
f 644/644/644 648/648/648 647/647/647
f 471/471/471 648/648/648 472/472/472
f 471/471/471 649/649/649 648/648/648
f 471/471/471 470/470/470 649/649/649
f 648/648/648 650/650/650 647/647/647
f 649/649/649 650/650/650 648/648/648
f 647/647/647 651/651/651 646/646/646
f 647/647/647 650/650/650 651/651/651
f 646/646/646 652/652/652 645/645/645
f 651/651/651 652/652/652 646/646/646
f 645/645/645 653/653/653 639/639/639
f 652/652/652 653/653/653 645/645/645
f 654/654/654 649/649/649 470/470/470
f 654/654/654 470/470/470 476/476/476
f 649/649/649 655/655/655 650/650/650
f 654/654/654 655/655/655 649/649/649
f 656/656/656 651/651/651 650/650/650
f 656/656/656 650/650/650 655/655/655
f 654/654/654 476/476/476 657/657/657
f 456/456/456 657/657/657 476/476/476
f 655/655/655 654/654/654 658/658/658
f 655/655/655 658/658/658 656/656/656
f 657/657/657 658/658/658 654/654/654
f 656/656/656 659/659/659 651/651/651
f 651/651/651 659/659/659 652/652/652
f 657/657/657 456/456/456 660/660/660
f 372/372/372 660/660/660 456/456/456
f 660/660/660 372/372/372 373/373/373
f 660/660/660 661/661/661 657/657/657
f 373/373/373 661/661/661 660/660/660
f 658/658/658 657/657/657 661/661/661
f 662/662/662 661/661/661 373/373/373
f 663/663/663 656/656/656 658/658/658
f 661/661/661 663/663/663 658/658/658
f 663/663/663 659/659/659 656/656/656
f 662/662/662 664/664/664 661/661/661
f 664/664/664 663/663/663 661/661/661
f 664/664/664 662/662/662 665/665/665
f 663/663/663 666/666/666 659/659/659
f 663/663/663 664/664/664 666/666/666
f 667/667/667 664/664/664 665/665/665
f 667/667/667 666/666/666 664/664/664
f 668/668/668 667/667/667 665/665/665
f 659/659/659 666/666/666 669/669/669
f 669/669/669 652/652/652 659/659/659
f 670/670/670 667/667/667 668/668/668
f 670/670/670 668/668/668 671/671/671
f 667/667/667 672/672/672 666/666/666
f 672/672/672 669/669/669 666/666/666
f 670/670/670 672/672/672 667/667/667
f 669/669/669 673/673/673 652/652/652
f 669/669/669 672/672/672 673/673/673
f 653/653/653 652/652/652 673/673/673
f 671/671/671 674/674/674 670/670/670
f 670/670/670 674/674/674 672/672/672
f 675/675/675 674/674/674 671/671/671
f 675/675/675 676/676/676 674/674/674
f 677/677/677 673/673/673 672/672/672
f 677/677/677 672/672/672 674/674/674
f 678/678/678 674/674/674 676/676/676
f 674/674/674 678/678/678 677/677/677
f 676/676/676 679/679/679 678/678/678
f 673/673/673 680/680/680 653/653/653
f 673/673/673 677/677/677 680/680/680
f 681/681/681 678/678/678 679/679/679
f 679/679/679 682/682/682 681/681/681
f 683/683/683 677/677/677 678/678/678
f 683/683/683 680/680/680 677/677/677
f 678/678/678 681/681/681 683/683/683
f 684/684/684 681/681/681 682/682/682
f 682/682/682 597/597/597 684/684/684
f 685/685/685 683/683/683 681/681/681
f 681/681/681 684/684/684 685/685/685
f 686/686/686 684/684/684 597/597/597
f 686/686/686 597/597/597 596/596/596
f 687/687/687 653/653/653 680/680/680
f 653/653/653 687/687/687 639/639/639
f 639/639/639 687/687/687 635/635/635
f 635/635/635 687/687/687 638/638/638
f 680/680/680 638/638/638 687/687/687
f 683/683/683 688/688/688 680/680/680
f 680/680/680 688/688/688 638/638/638
f 683/683/683 685/685/685 688/688/688
f 638/638/638 688/688/688 634/634/634
f 689/689/689 634/634/634 688/688/688
f 688/688/688 685/685/685 689/689/689
f 689/689/689 630/630/630 634/634/634
f 690/690/690 685/685/685 684/684/684
f 690/690/690 689/689/689 685/685/685
f 684/684/684 686/686/686 690/690/690
f 689/689/689 691/691/691 630/630/630
f 690/690/690 691/691/691 689/689/689
f 630/630/630 691/691/691 626/626/626
f 692/692/692 690/690/690 686/686/686
f 690/690/690 692/692/692 691/691/691
f 693/693/693 626/626/626 691/691/691
f 691/691/691 692/692/692 693/693/693
f 693/693/693 610/610/610 626/626/626
f 692/692/692 686/686/686 694/694/694
f 694/694/694 693/693/693 692/692/692
f 693/693/693 694/694/694 610/610/610
f 596/596/596 694/694/694 686/686/686
f 601/601/601 610/610/610 694/694/694
f 694/694/694 596/596/596 601/601/601
f 697/697/697 696/696/696 695/695/695
f 697/697/697 695/695/695 698/698/698
f 698/698/698 695/695/695 699/699/699
f 700/700/700 698/698/698 699/699/699
f 701/701/701 700/700/700 699/699/699
f 702/702/702 699/699/699 695/695/695
f 702/702/702 695/695/695 703/703/703
f 703/703/703 704/704/704 702/702/702
f 703/703/703 705/705/705 704/704/704
f 704/704/704 706/706/706 702/702/702
f 707/707/707 702/702/702 706/706/706
f 702/702/702 707/707/707 699/699/699
f 708/708/708 699/699/699 707/707/707
f 699/699/699 708/708/708 709/709/709
f 710/710/710 708/708/708 707/707/707
f 710/710/710 711/711/711 708/708/708
f 701/701/701 699/699/699 712/712/712
f 712/712/712 699/699/699 709/709/709
f 713/713/713 701/701/701 712/712/712
f 713/713/713 714/714/714 701/701/701
f 712/712/712 709/709/709 715/715/715
f 716/716/716 715/715/715 709/709/709
f 708/708/708 711/711/711 717/717/717
f 717/717/717 709/709/709 708/708/708
f 718/718/718 717/717/717 711/711/711
f 719/719/719 718/718/718 711/711/711
f 718/718/718 719/719/719 720/720/720
f 719/719/719 721/721/721 720/720/720
f 717/717/717 718/718/718 722/722/722
f 718/718/718 720/720/720 722/722/722
f 723/723/723 720/720/720 721/721/721
f 721/721/721 724/724/724 723/723/723
f 725/725/725 723/723/723 724/724/724
f 720/720/720 723/723/723 726/726/726
f 726/726/726 722/722/722 720/720/720
f 723/723/723 725/725/725 727/727/727
f 727/727/727 726/726/726 723/723/723
f 728/728/728 727/727/727 725/725/725
f 728/728/728 729/729/729 727/727/727
f 727/727/727 729/729/729 730/730/730
f 727/727/727 730/730/730 726/726/726
f 729/729/729 731/731/731 730/730/730
f 726/726/726 730/730/730 732/732/732
f 726/726/726 732/732/732 722/722/722
f 730/730/730 731/731/731 733/733/733
f 730/730/730 733/733/733 732/732/732
f 731/731/731 734/734/734 733/733/733
f 735/735/735 733/733/733 734/734/734
f 734/734/734 736/736/736 735/735/735
f 732/732/732 733/733/733 737/737/737
f 733/733/733 735/735/735 737/737/737
f 722/722/722 732/732/732 738/738/738
f 732/732/732 737/737/737 738/738/738
f 739/739/739 735/735/735 736/736/736
f 736/736/736 740/740/740 739/739/739
f 722/722/722 738/738/738 741/741/741
f 717/717/717 722/722/722 741/741/741
f 742/742/742 737/737/737 735/735/735
f 735/735/735 739/739/739 742/742/742
f 743/743/743 739/739/739 740/740/740
f 740/740/740 744/744/744 743/743/743
f 745/745/745 742/742/742 739/739/739
f 739/739/739 743/743/743 745/745/745
f 742/742/742 746/746/746 737/737/737
f 742/742/742 745/745/745 746/746/746
f 747/747/747 738/738/738 737/737/737
f 747/747/747 737/737/737 746/746/746
f 748/748/748 717/717/717 741/741/741
f 709/709/709 717/717/717 748/748/748
f 749/749/749 709/709/709 748/748/748
f 716/716/716 709/709/709 749/749/749
f 749/749/749 750/750/750 716/716/716
f 751/751/751 716/716/716 750/750/750
f 749/749/749 748/748/748 752/752/752
f 753/753/753 752/752/752 748/748/748
f 741/741/741 753/753/753 748/748/748
f 752/752/752 753/753/753 754/754/754
f 755/755/755 741/741/741 738/738/738
f 741/741/741 755/755/755 753/753/753
f 753/753/753 756/756/756 754/754/754
f 756/756/756 753/753/753 755/755/755
f 757/757/757 754/754/754 756/756/756
f 757/757/757 756/756/756 758/758/758
f 755/755/755 738/738/738 759/759/759
f 747/747/747 759/759/759 738/738/738
f 756/756/756 755/755/755 760/760/760
f 756/756/756 760/760/760 758/758/758
f 759/759/759 760/760/760 755/755/755
f 759/759/759 747/747/747 761/761/761
f 746/746/746 761/761/761 747/747/747
f 761/761/761 746/746/746 762/762/762
f 763/763/763 762/762/762 746/746/746
f 762/762/762 764/764/764 761/761/761
f 746/746/746 745/745/745 763/763/763
f 745/745/745 765/765/765 763/763/763
f 765/765/765 745/745/745 743/743/743
f 763/763/763 766/766/766 762/762/762
f 766/766/766 763/763/763 765/765/765
f 767/767/767 762/762/762 766/766/766
f 767/767/767 766/766/766 768/768/768
f 766/766/766 765/765/765 769/769/769
f 769/769/769 768/768/768 766/766/766
f 768/768/768 769/769/769 770/770/770
f 765/765/765 743/743/743 771/771/771
f 771/771/771 769/769/769 765/765/765
f 772/772/772 770/770/770 769/769/769
f 769/769/769 771/771/771 772/772/772
f 773/773/773 770/770/770 772/772/772
f 774/774/774 771/771/771 743/743/743
f 774/774/774 743/743/743 744/744/744
f 775/775/775 772/772/772 771/771/771
f 775/775/775 771/771/771 774/774/774
f 776/776/776 774/774/774 744/744/744
f 776/776/776 744/744/744 777/777/777
f 776/776/776 777/777/777 778/778/778
f 772/772/772 779/779/779 773/773/773
f 772/772/772 775/775/775 779/779/779
f 774/774/774 780/780/780 775/775/775
f 776/776/776 780/780/780 774/774/774
f 778/778/778 781/781/781 776/776/776
f 778/778/778 782/782/782 781/781/781
f 781/781/781 783/783/783 776/776/776
f 776/776/776 783/783/783 780/780/780
f 784/784/784 781/781/781 782/782/782
f 781/781/781 784/784/784 783/783/783
f 784/784/784 782/782/782 785/785/785
f 786/786/786 775/775/775 780/780/780
f 786/786/786 779/779/779 775/775/775
f 783/783/783 787/787/787 780/780/780
f 786/786/786 780/780/780 787/787/787
f 783/783/783 784/784/784 788/788/788
f 783/783/783 788/788/788 787/787/787
f 784/784/784 785/785/785 789/789/789
f 784/784/784 789/789/789 788/788/788
f 787/787/787 790/790/790 786/786/786
f 779/779/779 786/786/786 790/790/790
f 789/789/789 785/785/785 791/791/791
f 792/792/792 791/791/791 785/785/785
f 791/791/791 793/793/793 789/789/789
f 788/788/788 794/794/794 787/787/787
f 787/787/787 794/794/794 790/790/790
f 789/789/789 795/795/795 788/788/788
f 795/795/795 789/789/789 793/793/793
f 794/794/794 788/788/788 795/795/795
f 795/795/795 793/793/793 796/796/796
f 793/793/793 797/797/797 796/796/796
f 797/797/797 798/798/798 796/796/796
f 795/795/795 799/799/799 794/794/794
f 795/795/795 796/796/796 799/799/799
f 800/800/800 796/796/796 798/798/798
f 796/796/796 800/800/800 799/799/799
f 800/800/800 798/798/798 801/801/801
f 794/794/794 802/802/802 790/790/790
f 802/802/802 794/794/794 799/799/799
f 803/803/803 800/800/800 801/801/801
f 803/803/803 801/801/801 804/804/804
f 804/804/804 805/805/805 803/803/803
f 803/803/803 805/805/805 806/806/806
f 807/807/807 806/806/806 805/805/805
f 806/806/806 808/808/808 803/803/803
f 800/800/800 803/803/803 808/808/808
f 809/809/809 799/799/799 800/800/800
f 809/809/809 800/800/800 808/808/808
f 802/802/802 799/799/799 809/809/809
f 809/809/809 808/808/808 810/810/810
f 790/790/790 802/802/802 811/811/811
f 811/811/811 779/779/779 790/790/790
f 810/810/810 812/812/812 809/809/809
f 812/812/812 810/810/810 813/813/813
f 814/814/814 802/802/802 809/809/809
f 814/814/814 811/811/811 802/802/802
f 809/809/809 812/812/812 814/814/814
f 814/814/814 812/812/812 815/815/815
f 815/815/815 811/811/811 814/814/814
f 779/779/779 811/811/811 816/816/816
f 816/816/816 773/773/773 779/779/779
f 817/817/817 812/812/812 813/813/813
f 817/817/817 815/815/815 812/812/812
f 818/818/818 811/811/811 815/815/815
f 811/811/811 818/818/818 816/816/816
f 815/815/815 819/819/819 818/818/818
f 815/815/815 817/817/817 819/819/819
f 820/820/820 817/817/817 813/813/813
f 820/820/820 813/813/813 821/821/821
f 820/820/820 822/822/822 817/817/817
f 822/822/822 820/820/820 821/821/821
f 819/819/819 817/817/817 822/822/822
f 823/823/823 816/816/816 818/818/818
f 819/819/819 823/823/823 818/818/818
f 822/822/822 821/821/821 824/824/824
f 824/824/824 821/821/821 825/825/825
f 819/819/819 822/822/822 826/826/826
f 823/823/823 819/819/819 826/826/826
f 824/824/824 826/826/826 822/822/822
f 816/816/816 823/823/823 827/827/827
f 826/826/826 827/827/827 823/823/823
f 826/826/826 824/824/824 827/827/827
f 825/825/825 827/827/827 824/824/824
f 827/827/827 773/773/773 816/816/816
f 828/828/828 827/827/827 825/825/825
f 827/827/827 828/828/828 773/773/773
f 828/828/828 829/829/829 773/773/773
f 830/830/830 829/829/829 828/828/828
f 829/829/829 831/831/831 773/773/773
f 832/832/832 831/831/831 829/829/829
f 770/770/770 773/773/773 831/831/831
f 831/831/831 832/832/832 833/833/833
f 831/831/831 833/833/833 770/770/770
f 834/834/834 833/833/833 832/832/832
f 833/833/833 834/834/834 835/835/835
f 836/836/836 835/835/835 834/834/834
f 833/833/833 835/835/835 837/837/837
f 833/833/833 837/837/837 770/770/770
f 835/835/835 838/838/838 837/837/837
f 839/839/839 770/770/770 837/837/837
f 768/768/768 770/770/770 839/839/839
f 838/838/838 840/840/840 837/837/837
f 841/841/841 840/840/840 838/838/838
f 837/837/837 842/842/842 839/839/839
f 842/842/842 837/837/837 840/840/840
f 839/839/839 842/842/842 843/843/843
f 843/843/843 768/768/768 839/839/839
f 840/840/840 844/844/844 842/842/842
f 844/844/844 843/843/843 842/842/842
f 845/845/845 840/840/840 841/841/841
f 844/844/844 840/840/840 845/845/845
f 845/845/845 841/841/841 846/846/846
f 846/846/846 844/844/844 845/845/845
f 847/847/847 846/846/846 841/841/841
f 848/848/848 768/768/768 843/843/843
f 843/843/843 844/844/844 848/848/848
f 849/849/849 844/844/844 846/846/846
f 849/849/849 848/848/848 844/844/844
f 848/848/848 850/850/850 768/768/768
f 849/849/849 850/850/850 848/848/848
f 767/767/767 768/768/768 850/850/850
f 849/849/849 846/846/846 851/851/851
f 847/847/847 851/851/851 846/846/846
f 851/851/851 850/850/850 849/849/849
f 852/852/852 767/767/767 850/850/850
f 850/850/850 851/851/851 852/852/852
f 851/851/851 847/847/847 853/853/853
f 853/853/853 847/847/847 854/854/854
f 854/854/854 855/855/855 853/853/853
f 856/856/856 851/851/851 853/853/853
f 856/856/856 852/852/852 851/851/851
f 856/856/856 857/857/857 852/852/852
f 856/856/856 853/853/853 858/858/858
f 857/857/857 856/856/856 858/858/858
f 859/859/859 858/858/858 853/853/853
f 860/860/860 858/858/858 859/859/859
f 857/857/857 858/858/858 860/860/860
f 860/860/860 859/859/859 861/861/861
f 861/861/861 857/857/857 860/860/860
f 862/862/862 861/861/861 859/859/859
f 863/863/863 767/767/767 852/852/852
f 863/863/863 852/852/852 857/857/857
f 864/864/864 767/767/767 863/863/863
f 864/864/864 863/863/863 857/857/857
f 865/865/865 857/857/857 861/861/861
f 865/865/865 864/864/864 857/857/857
f 864/864/864 866/866/866 767/767/767
f 865/865/865 866/866/866 864/864/864
f 866/866/866 762/762/762 767/767/767
f 865/865/865 861/861/861 867/867/867
f 862/862/862 867/867/867 861/861/861
f 866/866/866 865/865/865 867/867/867
f 868/868/868 762/762/762 866/866/866
f 869/869/869 866/866/866 867/867/867
f 868/868/868 866/866/866 869/869/869
f 870/870/870 867/867/867 862/862/862
f 870/870/870 862/862/862 871/871/871
f 872/872/872 871/871/871 862/862/862
f 870/870/870 873/873/873 867/867/867
f 869/869/869 867/867/867 873/873/873
f 874/874/874 873/873/873 870/870/870
f 874/874/874 875/875/875 873/873/873
f 873/873/873 875/875/875 869/869/869
f 874/874/874 876/876/876 875/875/875
f 877/877/877 868/868/868 869/869/869
f 877/877/877 869/869/869 875/875/875
f 878/878/878 762/762/762 868/868/868
f 868/868/868 877/877/877 878/878/878
f 879/879/879 762/762/762 878/878/878
f 879/879/879 878/878/878 877/877/877
f 879/879/879 764/764/764 762/762/762
f 764/764/764 879/879/879 880/880/880
f 881/881/881 877/877/877 875/875/875
f 881/881/881 875/875/875 876/876/876
f 876/876/876 880/880/880 881/881/881
f 882/882/882 879/879/879 877/877/877
f 882/882/882 877/877/877 881/881/881
f 882/882/882 881/881/881 880/880/880
f 882/882/882 880/880/880 879/879/879
f 883/883/883 764/764/764 880/880/880
f 884/884/884 764/764/764 883/883/883
f 884/884/884 761/761/761 764/764/764
f 885/885/885 761/761/761 884/884/884
f 761/761/761 885/885/885 759/759/759
f 884/884/884 886/886/886 885/885/885
f 886/886/886 884/884/884 883/883/883
f 887/887/887 759/759/759 885/885/885
f 887/887/887 885/885/885 886/886/886
f 759/759/759 887/887/887 760/760/760
f 888/888/888 760/760/760 887/887/887
f 888/888/888 887/887/887 886/886/886
f 888/888/888 889/889/889 760/760/760
f 888/888/888 886/886/886 889/889/889
f 758/758/758 760/760/760 889/889/889
f 889/889/889 886/886/886 890/890/890
f 889/889/889 890/890/890 758/758/758
f 886/886/886 883/883/883 890/890/890
f 891/891/891 758/758/758 890/890/890
f 892/892/892 890/890/890 883/883/883
f 892/892/892 891/891/891 890/890/890
f 883/883/883 880/880/880 892/892/892
f 891/891/891 892/892/892 893/893/893
f 893/893/893 892/892/892 880/880/880
f 893/893/893 880/880/880 876/876/876
f 893/893/893 876/876/876 894/894/894
f 894/894/894 876/876/876 895/895/895
f 898/898/898 897/897/897 896/896/896
f 899/899/899 896/896/896 897/897/897
f 897/897/897 900/900/900 899/899/899
f 896/896/896 899/899/899 901/901/901
f 902/902/902 899/899/899 900/900/900
f 903/903/903 902/902/902 900/900/900
f 904/904/904 901/901/901 899/899/899
f 899/899/899 902/902/902 904/904/904
f 904/904/904 905/905/905 901/901/901
f 906/906/906 901/901/901 905/905/905
f 907/907/907 904/904/904 902/902/902
f 907/907/907 905/905/905 904/904/904
f 905/905/905 908/908/908 906/906/906
f 909/909/909 906/906/906 908/908/908
f 905/905/905 907/907/907 910/910/910
f 905/905/905 910/910/910 908/908/908
f 908/908/908 911/911/911 909/909/909
f 912/912/912 909/909/909 911/911/911
f 912/912/912 911/911/911 913/913/913
f 908/908/908 914/914/914 911/911/911
f 914/914/914 908/908/908 910/910/910
f 915/915/915 913/913/913 911/911/911
f 915/915/915 911/911/911 914/914/914
f 916/916/916 913/913/913 915/915/915
f 915/915/915 914/914/914 916/916/916
f 913/913/913 916/916/916 917/917/917
f 917/917/917 916/916/916 918/918/918
f 919/919/919 916/916/916 914/914/914
f 919/919/919 918/918/918 916/916/916
f 914/914/914 910/910/910 919/919/919
f 918/918/918 919/919/919 920/920/920
f 921/921/921 919/919/919 910/910/910
f 910/910/910 907/907/907 921/921/921
f 921/921/921 920/920/920 919/919/919
f 920/920/920 921/921/921 922/922/922
f 923/923/923 921/921/921 907/907/907
f 922/922/922 921/921/921 923/923/923
f 907/907/907 902/902/902 923/923/923
f 924/924/924 923/923/923 902/902/902
f 923/923/923 924/924/924 922/922/922
f 924/924/924 902/902/902 903/903/903
f 924/924/924 903/903/903 925/925/925
f 925/925/925 922/922/922 924/924/924
f 926/926/926 925/925/925 903/903/903
f 927/927/927 925/925/925 926/926/926
f 925/925/925 927/927/927 928/928/928
f 928/928/928 922/922/922 925/925/925
f 928/928/928 927/927/927 929/929/929
f 930/930/930 929/929/929 927/927/927
f 931/931/931 929/929/929 930/930/930
f 932/932/932 922/922/922 928/928/928
f 928/928/928 929/929/929 932/932/932
f 922/922/922 933/933/933 920/920/920
f 933/933/933 922/922/922 932/932/932
f 920/920/920 933/933/933 934/934/934
f 934/934/934 935/935/935 920/920/920
f 931/931/931 936/936/936 929/929/929
f 937/937/937 932/932/932 929/929/929
f 936/936/936 937/937/937 929/929/929
f 933/933/933 932/932/932 938/938/938
f 937/937/937 938/938/938 932/932/932
f 931/931/931 939/939/939 936/936/936
f 939/939/939 931/931/931 940/940/940
f 939/939/939 941/941/941 936/936/936
f 937/937/937 936/936/936 942/942/942
f 942/942/942 936/936/936 941/941/941
f 937/937/937 942/942/942 938/938/938
f 941/941/941 943/943/943 942/942/942
f 943/943/943 938/938/938 942/942/942
f 943/943/943 941/941/941 944/944/944
f 938/938/938 945/945/945 933/933/933
f 938/938/938 943/943/943 945/945/945
f 934/934/934 933/933/933 945/945/945
f 934/934/934 945/945/945 946/946/946
f 943/943/943 944/944/944 947/947/947
f 947/947/947 945/945/945 943/943/943
f 945/945/945 947/947/947 946/946/946
f 944/944/944 948/948/948 947/947/947
f 949/949/949 947/947/947 948/948/948
f 948/948/948 950/950/950 949/949/949
f 951/951/951 947/947/947 949/949/949
f 951/951/951 949/949/949 950/950/950
f 951/951/951 946/946/946 947/947/947
f 951/951/951 950/950/950 946/946/946
f 952/952/952 946/946/946 950/950/950
f 952/952/952 953/953/953 946/946/946
f 954/954/954 946/946/946 953/953/953
f 946/946/946 954/954/954 934/934/934
f 953/953/953 935/935/935 954/954/954
f 955/955/955 934/934/934 954/954/954
f 955/955/955 954/954/954 935/935/935
f 955/955/955 935/935/935 934/934/934
f 958/958/958 957/957/957 956/956/956
f 959/959/959 956/956/956 957/957/957
f 959/959/959 957/957/957 960/960/960
f 961/961/961 960/960/960 957/957/957
f 961/961/961 962/962/962 960/960/960
f 959/959/959 963/963/963 956/956/956
f 964/964/964 956/956/956 963/963/963
f 960/960/960 965/965/965 959/959/959
f 963/963/963 959/959/959 965/965/965
f 962/962/962 966/966/966 960/960/960
f 960/960/960 966/966/966 965/965/965
f 962/962/962 967/967/967 966/966/966
f 963/963/963 968/968/968 964/964/964
f 969/969/969 964/964/964 968/968/968
f 965/965/965 970/970/970 963/963/963
f 968/968/968 963/963/963 970/970/970
f 969/969/969 968/968/968 971/971/971
f 971/971/971 972/972/972 969/969/969
f 970/970/970 973/973/973 968/968/968
f 971/971/971 968/968/968 973/973/973
f 971/971/971 974/974/974 972/972/972
f 975/975/975 972/972/972 974/974/974
f 973/973/973 976/976/976 971/971/971
f 974/974/974 971/971/971 976/976/976
f 976/976/976 977/977/977 974/974/974
f 975/975/975 974/974/974 978/978/978
f 978/978/978 974/974/974 977/977/977
f 979/979/979 975/975/975 978/978/978
f 980/980/980 979/979/979 978/978/978
f 978/978/978 977/977/977 980/980/980
f 980/980/980 981/981/981 979/979/979
f 980/980/980 982/982/982 981/981/981
f 980/980/980 977/977/977 982/982/982
f 981/981/981 982/982/982 983/983/983
f 983/983/983 982/982/982 984/984/984
f 985/985/985 984/984/984 982/982/982
f 982/982/982 977/977/977 985/985/985
f 984/984/984 985/985/985 986/986/986
f 986/986/986 985/985/985 987/987/987
f 987/987/987 985/985/985 977/977/977
f 987/987/987 988/988/988 986/986/986
f 976/976/976 989/989/989 977/977/977
f 987/987/987 977/977/977 989/989/989
f 988/988/988 987/987/987 989/989/989
f 976/976/976 973/973/973 989/989/989
f 990/990/990 989/989/989 973/973/973
f 989/989/989 990/990/990 988/988/988
f 973/973/973 970/970/970 990/990/990
f 991/991/991 990/990/990 970/970/970
f 970/970/970 965/965/965 991/991/991
f 992/992/992 988/988/988 990/990/990
f 990/990/990 991/991/991 992/992/992
f 993/993/993 991/991/991 965/965/965
f 965/965/965 966/966/966 993/993/993
f 991/991/991 993/993/993 994/994/994
f 994/994/994 992/992/992 991/991/991
f 993/993/993 966/966/966 995/995/995
f 995/995/995 994/994/994 993/993/993
f 996/996/996 995/995/995 966/966/966
f 967/967/967 996/996/996 966/966/966
f 967/967/967 997/997/997 996/996/996
f 996/996/996 997/997/997 995/995/995
f 997/997/997 967/967/967 998/998/998
f 997/997/997 998/998/998 999/999/999
f 995/995/995 1000/1000/1000 994/994/994
f 1001/1001/1001 995/995/995 997/997/997
f 1000/1000/1000 995/995/995 1001/1001/1001
f 999/999/999 1002/1002/1002 997/997/997
f 1002/1002/1002 1001/1001/1001 997/997/997
f 994/994/994 1003/1003/1003 992/992/992
f 994/994/994 1000/1000/1000 1003/1003/1003
f 1002/1002/1002 999/999/999 1004/1004/1004
f 1005/1005/1005 1004/1004/1004 999/999/999
f 1005/1005/1005 1006/1006/1006 1004/1004/1004
f 1007/1007/1007 1004/1004/1004 1006/1006/1006
f 1004/1004/1004 1007/1007/1007 1008/1008/1008
f 1004/1004/1004 1008/1008/1008 1002/1002/1002
f 1009/1009/1009 1008/1008/1008 1007/1007/1007
f 1001/1001/1001 1002/1002/1002 1010/1010/1010
f 1010/1010/1010 1002/1002/1002 1008/1008/1008
f 1001/1001/1001 1010/1010/1010 1000/1000/1000
f 1009/1009/1009 1011/1011/1011 1008/1008/1008
f 1008/1008/1008 1011/1011/1011 1010/1010/1010
f 1011/1011/1011 1009/1009/1009 1012/1012/1012
f 1013/1013/1013 1000/1000/1000 1010/1010/1010
f 1013/1013/1013 1010/1010/1010 1011/1011/1011
f 1003/1003/1003 1000/1000/1000 1014/1014/1014
f 1013/1013/1013 1014/1014/1014 1000/1000/1000
f 1011/1011/1011 1015/1015/1015 1013/1013/1013
f 1012/1012/1012 1015/1015/1015 1011/1011/1011
f 1014/1014/1014 1013/1013/1013 1015/1015/1015
f 1015/1015/1015 1012/1012/1012 1016/1016/1016
f 1015/1015/1015 1016/1016/1016 1014/1014/1014
f 1017/1017/1017 1016/1016/1016 1012/1012/1012
f 1003/1003/1003 1014/1014/1014 1018/1018/1018
f 1018/1018/1018 992/992/992 1003/1003/1003
f 1019/1019/1019 1014/1014/1014 1016/1016/1016
f 1019/1019/1019 1018/1018/1018 1014/1014/1014
f 1017/1017/1017 1020/1020/1020 1016/1016/1016
f 1016/1016/1016 1020/1020/1020 1019/1019/1019
f 1020/1020/1020 1017/1017/1017 1021/1021/1021
f 1022/1022/1022 992/992/992 1018/1018/1018
f 1018/1018/1018 1019/1019/1019 1022/1022/1022
f 992/992/992 1022/1022/1022 988/988/988
f 1023/1023/1023 1019/1019/1019 1020/1020/1020
f 1023/1023/1023 1022/1022/1022 1019/1019/1019
f 1021/1021/1021 1024/1024/1024 1020/1020/1020
f 1020/1020/1020 1024/1024/1024 1023/1023/1023
f 1023/1023/1023 1025/1025/1025 1022/1022/1022
f 1025/1025/1025 1023/1023/1023 1024/1024/1024
f 988/988/988 1022/1022/1022 1026/1026/1026
f 1026/1026/1026 1022/1022/1022 1025/1025/1025
f 1024/1024/1024 1021/1021/1021 1027/1027/1027
f 1028/1028/1028 1027/1027/1027 1021/1021/1021
f 1024/1024/1024 1027/1027/1027 1029/1029/1029
f 1029/1029/1029 1027/1027/1027 1028/1028/1028
f 1025/1025/1025 1024/1024/1024 1029/1029/1029
f 1029/1029/1029 1028/1028/1028 1030/1030/1030
f 1031/1031/1031 1025/1025/1025 1029/1029/1029
f 1029/1029/1029 1030/1030/1030 1031/1031/1031
f 1025/1025/1025 1031/1031/1031 1026/1026/1026
f 1032/1032/1032 1031/1031/1031 1030/1030/1030
f 1033/1033/1033 1031/1031/1031 1032/1032/1032
f 1031/1031/1031 1033/1033/1033 1034/1034/1034
f 1034/1034/1034 1026/1026/1026 1031/1031/1031
f 1034/1034/1034 1033/1033/1033 1035/1035/1035
f 1035/1035/1035 988/988/988 1036/1036/1036
f 1026/1026/1026 1036/1036/1036 988/988/988
f 1036/1036/1036 1034/1034/1034 1035/1035/1035
f 1026/1026/1026 1034/1034/1034 1036/1036/1036
f 1039/1039/1039 1038/1038/1038 1037/1037/1037
f 1040/1040/1040 1037/1037/1037 1038/1038/1038
f 1037/1037/1037 1040/1040/1040 1041/1041/1041
f 1042/1042/1042 1040/1040/1040 1038/1038/1038
f 1043/1043/1043 1041/1041/1041 1040/1040/1040
f 1041/1041/1041 1043/1043/1043 1044/1044/1044
f 1042/1042/1042 1045/1045/1045 1040/1040/1040
f 1040/1040/1040 1045/1045/1045 1043/1043/1043
f 1046/1046/1046 1045/1045/1045 1042/1042/1042
f 1047/1047/1047 1046/1046/1046 1042/1042/1042
f 1048/1048/1048 1043/1043/1043 1045/1045/1045
f 1045/1045/1045 1046/1046/1046 1048/1048/1048
f 1047/1047/1047 1049/1049/1049 1046/1046/1046
f 1050/1050/1050 1049/1049/1049 1047/1047/1047
f 1051/1051/1051 1048/1048/1048 1046/1046/1046
f 1046/1046/1046 1049/1049/1049 1051/1051/1051
f 1052/1052/1052 1049/1049/1049 1050/1050/1050
f 1053/1053/1053 1052/1052/1052 1050/1050/1050
f 1053/1053/1053 1054/1054/1054 1052/1052/1052
f 1052/1052/1052 1055/1055/1055 1049/1049/1049
f 1055/1055/1055 1051/1051/1051 1049/1049/1049
f 1056/1056/1056 1052/1052/1052 1054/1054/1054
f 1056/1056/1056 1055/1055/1055 1052/1052/1052
f 1056/1056/1056 1054/1054/1054 1057/1057/1057
f 1057/1057/1057 1055/1055/1055 1056/1056/1056
f 1058/1058/1058 1057/1057/1057 1054/1054/1054
f 1058/1058/1058 1059/1059/1059 1057/1057/1057
f 1060/1060/1060 1055/1055/1055 1057/1057/1057
f 1060/1060/1060 1057/1057/1057 1059/1059/1059
f 1060/1060/1060 1051/1051/1051 1055/1055/1055
f 1059/1059/1059 1061/1061/1061 1060/1060/1060
f 1051/1051/1051 1060/1060/1060 1062/1062/1062
f 1062/1062/1062 1048/1048/1048 1051/1051/1051
f 1062/1062/1062 1060/1060/1060 1061/1061/1061
f 1061/1061/1061 1063/1063/1063 1062/1062/1062
f 1048/1048/1048 1062/1062/1062 1064/1064/1064
f 1064/1064/1064 1062/1062/1062 1063/1063/1063
f 1048/1048/1048 1064/1064/1064 1043/1043/1043
f 1065/1065/1065 1043/1043/1043 1064/1064/1064
f 1064/1064/1064 1063/1063/1063 1065/1065/1065
f 1065/1065/1065 1044/1044/1044 1043/1043/1043
f 1065/1065/1065 1066/1066/1066 1044/1044/1044
f 1066/1066/1066 1065/1065/1065 1063/1063/1063
f 1067/1067/1067 1044/1044/1044 1066/1066/1066
f 1066/1066/1066 1068/1068/1068 1067/1067/1067
f 1068/1068/1068 1066/1066/1066 1069/1069/1069
f 1066/1066/1066 1063/1063/1063 1069/1069/1069
f 1068/1068/1068 1069/1069/1069 1070/1070/1070
f 1068/1068/1068 1070/1070/1070 1071/1071/1071
f 1071/1071/1071 1070/1070/1070 1072/1072/1072
f 1073/1073/1073 1069/1069/1069 1063/1063/1063
f 1069/1069/1069 1073/1073/1073 1070/1070/1070
f 1074/1074/1074 1063/1063/1063 1061/1061/1061
f 1063/1063/1063 1074/1074/1074 1073/1073/1073
f 1074/1074/1074 1061/1061/1061 1075/1075/1075
f 1061/1061/1061 1076/1076/1076 1075/1075/1075
f 1077/1077/1077 1072/1072/1072 1070/1070/1070
f 1078/1078/1078 1070/1070/1070 1073/1073/1073
f 1070/1070/1070 1078/1078/1078 1077/1077/1077
f 1074/1074/1074 1079/1079/1079 1073/1073/1073
f 1078/1078/1078 1073/1073/1073 1079/1079/1079
f 1080/1080/1080 1072/1072/1072 1077/1077/1077
f 1072/1072/1072 1080/1080/1080 1081/1081/1081
f 1080/1080/1080 1077/1077/1077 1082/1082/1082
f 1083/1083/1083 1077/1077/1077 1078/1078/1078
f 1083/1083/1083 1082/1082/1082 1077/1077/1077
f 1078/1078/1078 1079/1079/1079 1083/1083/1083
f 1084/1084/1084 1082/1082/1082 1083/1083/1083
f 1084/1084/1084 1083/1083/1083 1079/1079/1079
f 1082/1082/1082 1084/1084/1084 1085/1085/1085
f 1079/1079/1079 1074/1074/1074 1086/1086/1086
f 1079/1079/1079 1086/1086/1086 1084/1084/1084
f 1075/1075/1075 1086/1086/1086 1074/1074/1074
f 1086/1086/1086 1075/1075/1075 1087/1087/1087
f 1085/1085/1085 1084/1084/1084 1088/1088/1088
f 1088/1088/1088 1084/1084/1084 1086/1086/1086
f 1086/1086/1086 1087/1087/1087 1088/1088/1088
f 1085/1085/1085 1088/1088/1088 1089/1089/1089
f 1090/1090/1090 1089/1089/1089 1088/1088/1088
f 1089/1089/1089 1090/1090/1090 1091/1091/1091
f 1088/1088/1088 1092/1092/1092 1090/1090/1090
f 1092/1092/1092 1091/1091/1091 1090/1090/1090
f 1092/1092/1092 1088/1088/1088 1087/1087/1087
f 1092/1092/1092 1087/1087/1087 1091/1091/1091
f 1093/1093/1093 1091/1091/1091 1087/1087/1087
f 1093/1093/1093 1087/1087/1087 1094/1094/1094
f 1095/1095/1095 1094/1094/1094 1087/1087/1087
f 1095/1095/1095 1087/1087/1087 1075/1075/1075
f 1076/1076/1076 1094/1094/1094 1095/1095/1095
f 1075/1075/1075 1096/1096/1096 1095/1095/1095
f 1096/1096/1096 1076/1076/1076 1095/1095/1095
f 1096/1096/1096 1075/1075/1075 1076/1076/1076
f 1099/1099/1099 1098/1098/1098 1097/1097/1097
f 1100/1100/1100 1097/1097/1097 1098/1098/1098
f 1100/1100/1100 1098/1098/1098 1101/1101/1101
f 1102/1102/1102 1101/1101/1101 1098/1098/1098
f 1100/1100/1100 1103/1103/1103 1097/1097/1097
f 1104/1104/1104 1097/1097/1097 1103/1103/1103
f 1104/1104/1104 1103/1103/1103 1105/1105/1105
f 1103/1103/1103 1100/1100/1100 1106/1106/1106
f 1101/1101/1101 1106/1106/1106 1100/1100/1100
f 1107/1107/1107 1105/1105/1105 1103/1103/1103
f 1103/1103/1103 1106/1106/1106 1107/1107/1107
f 1105/1105/1105 1107/1107/1107 1108/1108/1108
f 1101/1101/1101 1102/1102/1102 1109/1109/1109
f 1110/1110/1110 1109/1109/1109 1102/1102/1102
f 1111/1111/1111 1106/1106/1106 1101/1101/1101
f 1111/1111/1111 1101/1101/1101 1109/1109/1109
f 1109/1109/1109 1110/1110/1110 1112/1112/1112
f 1113/1113/1113 1112/1112/1112 1110/1110/1110
f 1111/1111/1111 1109/1109/1109 1114/1114/1114
f 1112/1112/1112 1114/1114/1114 1109/1109/1109
f 1112/1112/1112 1113/1113/1113 1115/1115/1115
f 1116/1116/1116 1115/1115/1115 1113/1113/1113
f 1117/1117/1117 1114/1114/1114 1112/1112/1112
f 1117/1117/1117 1112/1112/1112 1115/1115/1115
f 1117/1117/1117 1115/1115/1115 1118/1118/1118
f 1115/1115/1115 1116/1116/1116 1119/1119/1119
f 1119/1119/1119 1118/1118/1118 1115/1115/1115
f 1120/1120/1120 1119/1119/1119 1116/1116/1116
f 1119/1119/1119 1120/1120/1120 1121/1121/1121
f 1119/1119/1119 1121/1121/1121 1118/1118/1118
f 1122/1122/1122 1121/1121/1121 1120/1120/1120
f 1121/1121/1121 1122/1122/1122 1123/1123/1123
f 1123/1123/1123 1118/1118/1118 1121/1121/1121
f 1124/1124/1124 1123/1123/1123 1122/1122/1122
f 1124/1124/1124 1125/1125/1125 1123/1123/1123
f 1126/1126/1126 1123/1123/1123 1125/1125/1125
f 1123/1123/1123 1126/1126/1126 1118/1118/1118
f 1125/1125/1125 1127/1127/1127 1126/1126/1126
f 1128/1128/1128 1126/1126/1126 1127/1127/1127
f 1128/1128/1128 1118/1118/1118 1126/1126/1126
f 1127/1127/1127 1129/1129/1129 1128/1128/1128
f 1117/1117/1117 1118/1118/1118 1130/1130/1130
f 1128/1128/1128 1130/1130/1130 1118/1118/1118
f 1130/1130/1130 1128/1128/1128 1129/1129/1129
f 1130/1130/1130 1114/1114/1114 1117/1117/1117
f 1130/1130/1130 1131/1131/1131 1114/1114/1114
f 1130/1130/1130 1129/1129/1129 1131/1131/1131
f 1131/1131/1131 1111/1111/1111 1114/1114/1114
f 1111/1111/1111 1131/1131/1131 1132/1132/1132
f 1132/1132/1132 1106/1106/1106 1111/1111/1111
f 1133/1133/1133 1131/1131/1131 1129/1129/1129
f 1131/1131/1131 1133/1133/1133 1132/1132/1132
f 1132/1132/1132 1134/1134/1134 1106/1106/1106
f 1134/1134/1134 1107/1107/1107 1106/1106/1106
f 1132/1132/1132 1135/1135/1135 1134/1134/1134
f 1135/1135/1135 1132/1132/1132 1133/1133/1133
f 1134/1134/1134 1136/1136/1136 1107/1107/1107
f 1136/1136/1136 1134/1134/1134 1135/1135/1135
f 1137/1137/1137 1107/1107/1107 1136/1136/1136
f 1137/1137/1137 1108/1108/1108 1107/1107/1107
f 1137/1137/1137 1138/1138/1138 1108/1108/1108
f 1137/1137/1137 1136/1136/1136 1138/1138/1138
f 1138/1138/1138 1139/1139/1139 1108/1108/1108
f 1139/1139/1139 1138/1138/1138 1140/1140/1140
f 1141/1141/1141 1136/1136/1136 1135/1135/1135
f 1142/1142/1142 1138/1138/1138 1136/1136/1136
f 1136/1136/1136 1141/1141/1141 1142/1142/1142
f 1143/1143/1143 1140/1140/1140 1138/1138/1138
f 1138/1138/1138 1142/1142/1142 1143/1143/1143
f 1135/1135/1135 1133/1133/1133 1144/1144/1144
f 1141/1141/1141 1135/1135/1135 1144/1144/1144
f 1143/1143/1143 1145/1145/1145 1140/1140/1140
f 1146/1146/1146 1140/1140/1140 1145/1145/1145
f 1146/1146/1146 1145/1145/1145 1147/1147/1147
f 1148/1148/1148 1147/1147/1147 1145/1145/1145
f 1145/1145/1145 1149/1149/1149 1148/1148/1148
f 1145/1145/1145 1143/1143/1143 1149/1149/1149
f 1150/1150/1150 1148/1148/1148 1149/1149/1149
f 1151/1151/1151 1143/1143/1143 1142/1142/1142
f 1151/1151/1151 1149/1149/1149 1143/1143/1143
f 1142/1142/1142 1141/1141/1141 1151/1151/1151
f 1152/1152/1152 1150/1150/1150 1149/1149/1149
f 1151/1151/1151 1152/1152/1152 1149/1149/1149
f 1150/1150/1150 1152/1152/1152 1153/1153/1153
f 1154/1154/1154 1151/1151/1151 1141/1141/1141
f 1151/1151/1151 1154/1154/1154 1152/1152/1152
f 1141/1141/1141 1144/1144/1144 1155/1155/1155
f 1154/1154/1154 1141/1141/1141 1155/1155/1155
f 1152/1152/1152 1154/1154/1154 1156/1156/1156
f 1156/1156/1156 1153/1153/1153 1152/1152/1152
f 1155/1155/1155 1156/1156/1156 1154/1154/1154
f 1156/1156/1156 1157/1157/1157 1153/1153/1153
f 1156/1156/1156 1155/1155/1155 1157/1157/1157
f 1158/1158/1158 1153/1153/1153 1157/1157/1157
f 1144/1144/1144 1159/1159/1159 1155/1155/1155
f 1159/1159/1159 1144/1144/1144 1133/1133/1133
f 1160/1160/1160 1158/1158/1158 1157/1157/1157
f 1158/1158/1158 1160/1160/1160 1161/1161/1161
f 1162/1162/1162 1157/1157/1157 1155/1155/1155
f 1162/1162/1162 1155/1155/1155 1159/1159/1159
f 1157/1157/1157 1162/1162/1162 1160/1160/1160
f 1133/1133/1133 1163/1163/1163 1159/1159/1159
f 1159/1159/1159 1163/1163/1163 1162/1162/1162
f 1163/1163/1163 1133/1133/1133 1129/1129/1129
f 1164/1164/1164 1160/1160/1160 1162/1162/1162
f 1164/1164/1164 1162/1162/1162 1163/1163/1163
f 1165/1165/1165 1161/1161/1161 1160/1160/1160
f 1160/1160/1160 1164/1164/1164 1165/1165/1165
f 1164/1164/1164 1163/1163/1163 1166/1166/1166
f 1166/1166/1166 1165/1165/1165 1164/1164/1164
f 1163/1163/1163 1129/1129/1129 1167/1167/1167
f 1166/1166/1166 1163/1163/1163 1167/1167/1167
f 1165/1165/1165 1168/1168/1168 1161/1161/1161
f 1169/1169/1169 1161/1161/1161 1168/1168/1168
f 1168/1168/1168 1165/1165/1165 1170/1170/1170
f 1168/1168/1168 1170/1170/1170 1169/1169/1169
f 1165/1165/1165 1166/1166/1166 1170/1170/1170
f 1171/1171/1171 1169/1169/1169 1170/1170/1170
f 1172/1172/1172 1170/1170/1170 1166/1166/1166
f 1170/1170/1170 1172/1172/1172 1171/1171/1171
f 1167/1167/1167 1172/1172/1172 1166/1166/1166
f 1173/1173/1173 1171/1171/1171 1172/1172/1172
f 1173/1173/1173 1172/1172/1172 1174/1174/1174
f 1175/1175/1175 1174/1174/1174 1172/1172/1172
f 1172/1172/1172 1167/1167/1167 1175/1175/1175
f 1174/1174/1174 1175/1175/1175 1176/1176/1176
f 1167/1167/1167 1129/1129/1129 1177/1177/1177
f 1176/1176/1176 1177/1177/1177 1129/1129/1129
f 1175/1175/1175 1167/1167/1167 1177/1177/1177
f 1177/1177/1177 1176/1176/1176 1175/1175/1175
f 1180/1180/1180 1179/1179/1179 1178/1178/1178
f 1179/1179/1179 1180/1180/1180 1181/1181/1181
f 1181/1181/1181 1182/1182/1182 1179/1179/1179
f 1181/1181/1181 1183/1183/1183 1182/1182/1182
f 1183/1183/1183 1184/1184/1184 1182/1182/1182
f 1182/1182/1182 1185/1185/1185 1179/1179/1179
f 1179/1179/1179 1185/1185/1185 1186/1186/1186
f 1185/1185/1185 1187/1187/1187 1186/1186/1186
f 1188/1188/1188 1186/1186/1186 1187/1187/1187
f 1185/1185/1185 1189/1189/1189 1187/1187/1187
f 1190/1190/1190 1189/1189/1189 1185/1185/1185
f 1185/1185/1185 1182/1182/1182 1190/1190/1190
f 1191/1191/1191 1190/1190/1190 1182/1182/1182
f 1191/1191/1191 1182/1182/1182 1192/1192/1192
f 1191/1191/1191 1193/1193/1193 1190/1190/1190
f 1194/1194/1194 1193/1193/1193 1191/1191/1191
f 1184/1184/1184 1195/1195/1195 1182/1182/1182
f 1192/1192/1192 1182/1182/1182 1195/1195/1195
f 1195/1195/1195 1184/1184/1184 1196/1196/1196
f 1197/1197/1197 1196/1196/1196 1184/1184/1184
f 1192/1192/1192 1195/1195/1195 1198/1198/1198
f 1198/1198/1198 1199/1199/1199 1192/1192/1192
f 1191/1191/1191 1200/1200/1200 1194/1194/1194
f 1200/1200/1200 1191/1191/1191 1192/1192/1192
f 1201/1201/1201 1194/1194/1194 1200/1200/1200
f 1194/1194/1194 1201/1201/1201 1202/1202/1202
f 1203/1203/1203 1202/1202/1202 1201/1201/1201
f 1203/1203/1203 1204/1204/1204 1202/1202/1202
f 1201/1201/1201 1200/1200/1200 1205/1205/1205
f 1205/1205/1205 1203/1203/1203 1201/1201/1201
f 1206/1206/1206 1204/1204/1204 1203/1203/1203
f 1207/1207/1207 1204/1204/1204 1206/1206/1206
f 1208/1208/1208 1207/1207/1207 1206/1206/1206
f 1209/1209/1209 1206/1206/1206 1203/1203/1203
f 1203/1203/1203 1205/1205/1205 1209/1209/1209
f 1208/1208/1208 1206/1206/1206 1210/1210/1210
f 1210/1210/1210 1206/1206/1206 1209/1209/1209
f 1211/1211/1211 1208/1208/1208 1210/1210/1210
f 1211/1211/1211 1210/1210/1210 1212/1212/1212
f 1213/1213/1213 1212/1212/1212 1210/1210/1210
f 1210/1210/1210 1209/1209/1209 1213/1213/1213
f 1212/1212/1212 1213/1213/1213 1214/1214/1214
f 1215/1215/1215 1213/1213/1213 1209/1209/1209
f 1209/1209/1209 1205/1205/1205 1215/1215/1215
f 1216/1216/1216 1214/1214/1214 1213/1213/1213
f 1213/1213/1213 1215/1215/1215 1216/1216/1216
f 1217/1217/1217 1214/1214/1214 1216/1216/1216
f 1218/1218/1218 1217/1217/1217 1216/1216/1216
f 1218/1218/1218 1219/1219/1219 1217/1217/1217
f 1220/1220/1220 1216/1216/1216 1215/1215/1215
f 1218/1218/1218 1216/1216/1216 1220/1220/1220
f 1221/1221/1221 1215/1215/1215 1205/1205/1205
f 1215/1215/1215 1221/1221/1221 1220/1220/1220
f 1222/1222/1222 1219/1219/1219 1218/1218/1218
f 1222/1222/1222 1223/1223/1223 1219/1219/1219
f 1205/1205/1205 1224/1224/1224 1221/1221/1221
f 1224/1224/1224 1205/1205/1205 1200/1200/1200
f 1220/1220/1220 1225/1225/1225 1218/1218/1218
f 1225/1225/1225 1222/1222/1222 1218/1218/1218
f 1226/1226/1226 1223/1223/1223 1222/1222/1222
f 1226/1226/1226 1227/1227/1227 1223/1223/1223
f 1225/1225/1225 1228/1228/1228 1222/1222/1222
f 1222/1222/1222 1228/1228/1228 1226/1226/1226
f 1225/1225/1225 1220/1220/1220 1229/1229/1229
f 1225/1225/1225 1229/1229/1229 1228/1228/1228
f 1230/1230/1230 1220/1220/1220 1221/1221/1221
f 1230/1230/1230 1229/1229/1229 1220/1220/1220
f 1224/1224/1224 1200/1200/1200 1231/1231/1231
f 1192/1192/1192 1231/1231/1231 1200/1200/1200
f 1231/1231/1231 1192/1192/1192 1232/1232/1232
f 1199/1199/1199 1232/1232/1232 1192/1192/1192
f 1199/1199/1199 1233/1233/1233 1232/1232/1232
f 1233/1233/1233 1199/1199/1199 1234/1234/1234
f 1231/1231/1231 1232/1232/1232 1235/1235/1235
f 1231/1231/1231 1235/1235/1235 1236/1236/1236
f 1236/1236/1236 1224/1224/1224 1231/1231/1231
f 1237/1237/1237 1236/1236/1236 1235/1235/1235
f 1238/1238/1238 1221/1221/1221 1224/1224/1224
f 1238/1238/1238 1224/1224/1224 1236/1236/1236
f 1237/1237/1237 1239/1239/1239 1236/1236/1236
f 1239/1239/1239 1238/1238/1238 1236/1236/1236
f 1240/1240/1240 1239/1239/1239 1237/1237/1237
f 1240/1240/1240 1241/1241/1241 1239/1239/1239
f 1238/1238/1238 1242/1242/1242 1221/1221/1221
f 1230/1230/1230 1221/1221/1221 1242/1242/1242
f 1243/1243/1243 1238/1238/1238 1239/1239/1239
f 1243/1243/1243 1239/1239/1239 1241/1241/1241
f 1238/1238/1238 1243/1243/1243 1242/1242/1242
f 1242/1242/1242 1244/1244/1244 1230/1230/1230
f 1229/1229/1229 1230/1230/1230 1244/1244/1244
f 1244/1244/1244 1245/1245/1245 1229/1229/1229
f 1246/1246/1246 1229/1229/1229 1245/1245/1245
f 1247/1247/1247 1245/1245/1245 1244/1244/1244
f 1246/1246/1246 1228/1228/1228 1229/1229/1229
f 1228/1228/1228 1246/1246/1246 1248/1248/1248
f 1248/1248/1248 1226/1226/1226 1228/1228/1228
f 1246/1246/1246 1245/1245/1245 1249/1249/1249
f 1249/1249/1249 1248/1248/1248 1246/1246/1246
f 1250/1250/1250 1249/1249/1249 1245/1245/1245
f 1250/1250/1250 1251/1251/1251 1249/1249/1249
f 1252/1252/1252 1248/1248/1248 1249/1249/1249
f 1252/1252/1252 1249/1249/1249 1251/1251/1251
f 1251/1251/1251 1253/1253/1253 1252/1252/1252
f 1248/1248/1248 1254/1254/1254 1226/1226/1226
f 1252/1252/1252 1254/1254/1254 1248/1248/1248
f 1253/1253/1253 1255/1255/1255 1252/1252/1252
f 1255/1255/1255 1254/1254/1254 1252/1252/1252
f 1255/1255/1255 1253/1253/1253 1256/1256/1256
f 1257/1257/1257 1226/1226/1226 1254/1254/1254
f 1227/1227/1227 1226/1226/1226 1257/1257/1257
f 1258/1258/1258 1254/1254/1254 1255/1255/1255
f 1254/1254/1254 1258/1258/1258 1257/1257/1257
f 1257/1257/1257 1259/1259/1259 1227/1227/1227
f 1227/1227/1227 1259/1259/1259 1260/1260/1260
f 1260/1260/1260 1259/1259/1259 1261/1261/1261
f 1255/1255/1255 1256/1256/1256 1262/1262/1262
f 1258/1258/1258 1255/1255/1255 1262/1262/1262
f 1263/1263/1263 1257/1257/1257 1258/1258/1258
f 1263/1263/1263 1259/1259/1259 1257/1257/1257
f 1264/1264/1264 1261/1261/1261 1259/1259/1259
f 1264/1264/1264 1265/1265/1265 1261/1261/1261
f 1264/1264/1264 1259/1259/1259 1266/1266/1266
f 1263/1263/1263 1266/1266/1266 1259/1259/1259
f 1267/1267/1267 1265/1265/1265 1264/1264/1264
f 1264/1264/1264 1266/1266/1266 1267/1267/1267
f 1265/1265/1265 1267/1267/1267 1268/1268/1268
f 1263/1263/1263 1258/1258/1258 1269/1269/1269
f 1269/1269/1269 1258/1258/1258 1262/1262/1262
f 1266/1266/1266 1263/1263/1263 1270/1270/1270
f 1269/1269/1269 1270/1270/1270 1263/1263/1263
f 1271/1271/1271 1267/1267/1267 1266/1266/1266
f 1266/1266/1266 1270/1270/1270 1271/1271/1271
f 1268/1268/1268 1267/1267/1267 1272/1272/1272
f 1272/1272/1272 1267/1267/1267 1271/1271/1271
f 1269/1269/1269 1273/1273/1273 1270/1270/1270
f 1262/1262/1262 1273/1273/1273 1269/1269/1269
f 1274/1274/1274 1268/1268/1268 1272/1272/1272
f 1275/1275/1275 1268/1268/1268 1274/1274/1274
f 1274/1274/1274 1272/1272/1272 1276/1276/1276
f 1277/1277/1277 1271/1271/1271 1270/1270/1270
f 1270/1270/1270 1273/1273/1273 1277/1277/1277
f 1278/1278/1278 1272/1272/1272 1271/1271/1271
f 1278/1278/1278 1276/1276/1276 1272/1272/1272
f 1278/1278/1278 1271/1271/1271 1277/1277/1277
f 1276/1276/1276 1278/1278/1278 1279/1279/1279
f 1280/1280/1280 1276/1276/1276 1279/1279/1279
f 1281/1281/1281 1280/1280/1280 1279/1279/1279
f 1277/1277/1277 1282/1282/1282 1278/1278/1278
f 1282/1282/1282 1279/1279/1279 1278/1278/1278
f 1283/1283/1283 1281/1281/1281 1279/1279/1279
f 1279/1279/1279 1282/1282/1282 1283/1283/1283
f 1281/1281/1281 1283/1283/1283 1284/1284/1284
f 1285/1285/1285 1277/1277/1277 1273/1273/1273
f 1282/1282/1282 1277/1277/1277 1285/1285/1285
f 1286/1286/1286 1284/1284/1284 1283/1283/1283
f 1284/1284/1284 1286/1286/1286 1287/1287/1287
f 1288/1288/1288 1287/1287/1287 1286/1286/1286
f 1289/1289/1289 1288/1288/1288 1286/1286/1286
f 1288/1288/1288 1289/1289/1289 1290/1290/1290
f 1289/1289/1289 1286/1286/1286 1291/1291/1291
f 1283/1283/1283 1291/1291/1291 1286/1286/1286
f 1292/1292/1292 1283/1283/1283 1282/1282/1282
f 1283/1283/1283 1292/1292/1292 1291/1291/1291
f 1282/1282/1282 1285/1285/1285 1292/1292/1292
f 1293/1293/1293 1291/1291/1291 1292/1292/1292
f 1294/1294/1294 1285/1285/1285 1273/1273/1273
f 1273/1273/1273 1262/1262/1262 1294/1294/1294
f 1295/1295/1295 1293/1293/1293 1292/1292/1292
f 1293/1293/1293 1295/1295/1295 1296/1296/1296
f 1297/1297/1297 1292/1292/1292 1285/1285/1285
f 1285/1285/1285 1294/1294/1294 1297/1297/1297
f 1295/1295/1295 1292/1292/1292 1297/1297/1297
f 1295/1295/1295 1297/1297/1297 1298/1298/1298
f 1297/1297/1297 1294/1294/1294 1298/1298/1298
f 1299/1299/1299 1294/1294/1294 1262/1262/1262
f 1262/1262/1262 1256/1256/1256 1299/1299/1299
f 1295/1295/1295 1300/1300/1300 1296/1296/1296
f 1300/1300/1300 1295/1295/1295 1298/1298/1298
f 1301/1301/1301 1298/1298/1298 1294/1294/1294
f 1294/1294/1294 1299/1299/1299 1301/1301/1301
f 1301/1301/1301 1302/1302/1302 1298/1298/1298
f 1300/1300/1300 1298/1298/1298 1302/1302/1302
f 1303/1303/1303 1296/1296/1296 1300/1300/1300
f 1296/1296/1296 1303/1303/1303 1304/1304/1304
f 1300/1300/1300 1305/1305/1305 1303/1303/1303
f 1305/1305/1305 1304/1304/1304 1303/1303/1303
f 1305/1305/1305 1300/1300/1300 1302/1302/1302
f 1306/1306/1306 1301/1301/1301 1299/1299/1299
f 1301/1301/1301 1306/1306/1306 1302/1302/1302
f 1305/1305/1305 1307/1307/1307 1304/1304/1304
f 1308/1308/1308 1304/1304/1304 1307/1307/1307
f 1305/1305/1305 1302/1302/1302 1309/1309/1309
f 1309/1309/1309 1302/1302/1302 1306/1306/1306
f 1307/1307/1307 1305/1305/1305 1309/1309/1309
f 1306/1306/1306 1299/1299/1299 1310/1310/1310
f 1309/1309/1309 1306/1306/1306 1310/1310/1310
f 1309/1309/1309 1310/1310/1310 1307/1307/1307
f 1308/1308/1308 1307/1307/1307 1310/1310/1310
f 1256/1256/1256 1310/1310/1310 1299/1299/1299
f 1310/1310/1310 1311/1311/1311 1308/1308/1308
f 1311/1311/1311 1310/1310/1310 1256/1256/1256
f 1256/1256/1256 1312/1312/1312 1311/1311/1311
f 1313/1313/1313 1311/1311/1311 1312/1312/1312
f 1256/1256/1256 1314/1314/1314 1312/1312/1312
f 1315/1315/1315 1312/1312/1312 1314/1314/1314
f 1314/1314/1314 1256/1256/1256 1253/1253/1253
f 1316/1316/1316 1315/1315/1315 1314/1314/1314
f 1314/1314/1314 1253/1253/1253 1316/1316/1316
f 1316/1316/1316 1317/1317/1317 1315/1315/1315
f 1316/1316/1316 1318/1318/1318 1317/1317/1317
f 1318/1318/1318 1319/1319/1319 1317/1317/1317
f 1316/1316/1316 1320/1320/1320 1318/1318/1318
f 1320/1320/1320 1316/1316/1316 1253/1253/1253
f 1321/1321/1321 1318/1318/1318 1320/1320/1320
f 1322/1322/1322 1320/1320/1320 1253/1253/1253
f 1253/1253/1253 1251/1251/1251 1322/1322/1322
f 1323/1323/1323 1321/1321/1321 1320/1320/1320
f 1321/1321/1321 1323/1323/1323 1324/1324/1324
f 1325/1325/1325 1320/1320/1320 1322/1322/1322
f 1325/1325/1325 1323/1323/1323 1320/1320/1320
f 1322/1322/1322 1326/1326/1326 1325/1325/1325
f 1326/1326/1326 1322/1322/1322 1251/1251/1251
f 1325/1325/1325 1327/1327/1327 1323/1323/1323
f 1327/1327/1327 1325/1325/1325 1326/1326/1326
f 1328/1328/1328 1324/1324/1324 1323/1323/1323
f 1328/1328/1328 1323/1323/1323 1327/1327/1327
f 1328/1328/1328 1329/1329/1329 1324/1324/1324
f 1328/1328/1328 1327/1327/1327 1329/1329/1329
f 1330/1330/1330 1324/1324/1324 1329/1329/1329
f 1326/1326/1326 1251/1251/1251 1331/1331/1331
f 1326/1326/1326 1331/1331/1331 1327/1327/1327
f 1332/1332/1332 1329/1329/1329 1327/1327/1327
f 1332/1332/1332 1327/1327/1327 1331/1331/1331
f 1333/1333/1333 1331/1331/1331 1251/1251/1251
f 1331/1331/1331 1333/1333/1333 1332/1332/1332
f 1251/1251/1251 1250/1250/1250 1333/1333/1333
f 1329/1329/1329 1332/1332/1332 1334/1334/1334
f 1334/1334/1334 1330/1330/1330 1329/1329/1329
f 1334/1334/1334 1332/1332/1332 1333/1333/1333
f 1333/1333/1333 1250/1250/1250 1335/1335/1335
f 1333/1333/1333 1335/1335/1335 1334/1334/1334
f 1330/1330/1330 1334/1334/1334 1336/1336/1336
f 1330/1330/1330 1336/1336/1336 1337/1337/1337
f 1338/1338/1338 1337/1337/1337 1336/1336/1336
f 1334/1334/1334 1339/1339/1339 1336/1336/1336
f 1339/1339/1339 1334/1334/1334 1335/1335/1335
f 1339/1339/1339 1335/1335/1335 1340/1340/1340
f 1341/1341/1341 1336/1336/1336 1339/1339/1339
f 1339/1339/1339 1340/1340/1340 1341/1341/1341
f 1336/1336/1336 1341/1341/1341 1342/1342/1342
f 1343/1343/1343 1342/1342/1342 1341/1341/1341
f 1343/1343/1343 1341/1341/1341 1340/1340/1340
f 1343/1343/1343 1344/1344/1344 1342/1342/1342
f 1343/1343/1343 1340/1340/1340 1344/1344/1344
f 1345/1345/1345 1342/1342/1342 1344/1344/1344
f 1346/1346/1346 1335/1335/1335 1250/1250/1250
f 1346/1346/1346 1340/1340/1340 1335/1335/1335
f 1346/1346/1346 1250/1250/1250 1347/1347/1347
f 1346/1346/1346 1347/1347/1347 1340/1340/1340
f 1348/1348/1348 1344/1344/1344 1340/1340/1340
f 1348/1348/1348 1340/1340/1340 1347/1347/1347
f 1349/1349/1349 1347/1347/1347 1250/1250/1250
f 1347/1347/1347 1349/1349/1349 1348/1348/1348
f 1245/1245/1245 1349/1349/1349 1250/1250/1250
f 1344/1344/1344 1348/1348/1348 1350/1350/1350
f 1344/1344/1344 1350/1350/1350 1345/1345/1345
f 1350/1350/1350 1348/1348/1348 1349/1349/1349
f 1349/1349/1349 1245/1245/1245 1351/1351/1351
f 1350/1350/1350 1349/1349/1349 1352/1352/1352
f 1351/1351/1351 1352/1352/1352 1349/1349/1349
f 1350/1350/1350 1353/1353/1353 1345/1345/1345
f 1345/1345/1345 1353/1353/1353 1354/1354/1354
f 1355/1355/1355 1345/1345/1345 1354/1354/1354
f 1356/1356/1356 1353/1353/1353 1350/1350/1350
f 1356/1356/1356 1350/1350/1350 1352/1352/1352
f 1353/1353/1353 1356/1356/1356 1357/1357/1357
f 1358/1358/1358 1357/1357/1357 1356/1356/1356
f 1356/1356/1356 1352/1352/1352 1358/1358/1358
f 1357/1357/1357 1358/1358/1358 1359/1359/1359
f 1352/1352/1352 1351/1351/1351 1360/1360/1360
f 1352/1352/1352 1360/1360/1360 1358/1358/1358
f 1361/1361/1361 1351/1351/1351 1245/1245/1245
f 1361/1361/1361 1360/1360/1360 1351/1351/1351
f 1361/1361/1361 1245/1245/1245 1362/1362/1362
f 1361/1361/1361 1362/1362/1362 1360/1360/1360
f 1247/1247/1247 1362/1362/1362 1245/1245/1245
f 1363/1363/1363 1362/1362/1362 1247/1247/1247
f 1358/1358/1358 1360/1360/1360 1364/1364/1364
f 1364/1364/1364 1359/1359/1359 1358/1358/1358
f 1364/1364/1364 1363/1363/1363 1359/1359/1359
f 1365/1365/1365 1360/1360/1360 1362/1362/1362
f 1365/1365/1365 1364/1364/1364 1360/1360/1360
f 1364/1364/1364 1365/1365/1365 1363/1363/1363
f 1365/1365/1365 1362/1362/1362 1363/1363/1363
f 1363/1363/1363 1247/1247/1247 1366/1366/1366
f 1367/1367/1367 1366/1366/1366 1247/1247/1247
f 1247/1247/1247 1244/1244/1244 1367/1367/1367
f 1368/1368/1368 1367/1367/1367 1244/1244/1244
f 1368/1368/1368 1244/1244/1244 1242/1242/1242
f 1368/1368/1368 1369/1369/1369 1367/1367/1367
f 1366/1366/1366 1367/1367/1367 1369/1369/1369
f 1368/1368/1368 1242/1242/1242 1370/1370/1370
f 1368/1368/1368 1370/1370/1370 1369/1369/1369
f 1370/1370/1370 1242/1242/1242 1243/1243/1243
f 1371/1371/1371 1370/1370/1370 1243/1243/1243
f 1371/1371/1371 1369/1369/1369 1370/1370/1370
f 1243/1243/1243 1372/1372/1372 1371/1371/1371
f 1371/1371/1371 1372/1372/1372 1369/1369/1369
f 1372/1372/1372 1243/1243/1243 1241/1241/1241
f 1373/1373/1373 1369/1369/1369 1372/1372/1372
f 1372/1372/1372 1241/1241/1241 1373/1373/1373
f 1366/1366/1366 1369/1369/1369 1373/1373/1373
f 1373/1373/1373 1241/1241/1241 1374/1374/1374
f 1375/1375/1375 1366/1366/1366 1373/1373/1373
f 1373/1373/1373 1374/1374/1374 1375/1375/1375
f 1375/1375/1375 1363/1363/1363 1366/1366/1366
f 1376/1376/1376 1375/1375/1375 1374/1374/1374
f 1375/1375/1375 1376/1376/1376 1363/1363/1363
f 1363/1363/1363 1376/1376/1376 1359/1359/1359
f 1376/1376/1376 1377/1377/1377 1359/1359/1359
f 1378/1378/1378 1359/1359/1359 1377/1377/1377
f 1381/1381/1381 1380/1380/1380 1379/1379/1379
f 1380/1380/1380 1381/1381/1381 1382/1382/1382
f 1382/1382/1382 1383/1383/1383 1380/1380/1380
f 1384/1384/1384 1379/1379/1379 1380/1380/1380
f 1379/1379/1379 1384/1384/1384 1385/1385/1385
f 1386/1386/1386 1380/1380/1380 1383/1383/1383
f 1380/1380/1380 1386/1386/1386 1384/1384/1384
f 1383/1383/1383 1387/1387/1387 1386/1386/1386
f 1388/1388/1388 1386/1386/1386 1387/1387/1387
f 1387/1387/1387 1389/1389/1389 1388/1388/1388
f 1390/1390/1390 1384/1384/1384 1386/1386/1386
f 1386/1386/1386 1388/1388/1388 1390/1390/1390
f 1391/1391/1391 1385/1385/1385 1384/1384/1384
f 1384/1384/1384 1390/1390/1390 1391/1391/1391
f 1392/1392/1392 1388/1388/1388 1389/1389/1389
f 1389/1389/1389 1393/1393/1393 1392/1392/1392
f 1394/1394/1394 1390/1390/1390 1388/1388/1388
f 1388/1388/1388 1392/1392/1392 1394/1394/1394
f 1395/1395/1395 1392/1392/1392 1393/1393/1393
f 1393/1393/1393 1396/1396/1396 1395/1395/1395
f 1385/1385/1385 1391/1391/1391 1397/1397/1397
f 1398/1398/1398 1385/1385/1385 1397/1397/1397
f 1399/1399/1399 1391/1391/1391 1390/1390/1390
f 1390/1390/1390 1394/1394/1394 1399/1399/1399
f 1400/1400/1400 1394/1394/1394 1392/1392/1392
f 1392/1392/1392 1395/1395/1395 1400/1400/1400
f 1401/1401/1401 1395/1395/1395 1396/1396/1396
f 1396/1396/1396 1402/1402/1402 1401/1401/1401
f 1403/1403/1403 1397/1397/1397 1391/1391/1391
f 1391/1391/1391 1399/1399/1399 1403/1403/1403
f 1404/1404/1404 1398/1398/1398 1397/1397/1397
f 1404/1404/1404 1405/1405/1405 1398/1398/1398
f 1405/1405/1405 1404/1404/1404 1406/1406/1406
f 1407/1407/1407 1399/1399/1399 1394/1394/1394
f 1394/1394/1394 1400/1400/1400 1407/1407/1407
f 1408/1408/1408 1400/1400/1400 1395/1395/1395
f 1395/1395/1395 1401/1401/1401 1408/1408/1408
f 1409/1409/1409 1401/1401/1401 1402/1402/1402
f 1402/1402/1402 1410/1410/1410 1409/1409/1409
f 1411/1411/1411 1404/1404/1404 1397/1397/1397
f 1397/1397/1397 1403/1403/1403 1411/1411/1411
f 1412/1412/1412 1406/1406/1406 1404/1404/1404
f 1411/1411/1411 1412/1412/1412 1404/1404/1404
f 1406/1406/1406 1412/1412/1412 1413/1413/1413
f 1414/1414/1414 1413/1413/1413 1412/1412/1412
f 1413/1413/1413 1414/1414/1414 1415/1415/1415
f 1412/1412/1412 1411/1411/1411 1416/1416/1416
f 1416/1416/1416 1414/1414/1414 1412/1412/1412
f 1417/1417/1417 1411/1411/1411 1403/1403/1403
f 1411/1411/1411 1417/1417/1417 1416/1416/1416
f 1401/1401/1401 1409/1409/1409 1418/1418/1418
f 1418/1418/1418 1408/1408/1408 1401/1401/1401
f 1403/1403/1403 1419/1419/1419 1417/1417/1417
f 1419/1419/1419 1403/1403/1403 1399/1399/1399
f 1399/1399/1399 1407/1407/1407 1419/1419/1419
f 1415/1415/1415 1414/1414/1414 1420/1420/1420
f 1414/1414/1414 1416/1416/1416 1421/1421/1421
f 1421/1421/1421 1420/1420/1420 1414/1414/1414
f 1420/1420/1420 1422/1422/1422 1415/1415/1415
f 1423/1423/1423 1415/1415/1415 1422/1422/1422
f 1422/1422/1422 1424/1424/1424 1423/1423/1423
f 1425/1425/1425 1419/1419/1419 1407/1407/1407
f 1426/1426/1426 1417/1417/1417 1419/1419/1419
f 1419/1419/1419 1425/1425/1425 1426/1426/1426
f 1407/1407/1407 1427/1427/1427 1425/1425/1425
f 1427/1427/1427 1407/1407/1407 1400/1400/1400
f 1400/1400/1400 1408/1408/1408 1427/1427/1427
f 1428/1428/1428 1427/1427/1427 1408/1408/1408
f 1408/1408/1408 1418/1418/1418 1428/1428/1428
f 1429/1429/1429 1425/1425/1425 1427/1427/1427
f 1427/1427/1427 1428/1428/1428 1429/1429/1429
f 1430/1430/1430 1426/1426/1426 1425/1425/1425
f 1425/1425/1425 1429/1429/1429 1430/1430/1430
f 1422/1422/1422 1431/1431/1431 1424/1424/1424
f 1432/1432/1432 1424/1424/1424 1431/1431/1431
f 1424/1424/1424 1432/1432/1432 1433/1433/1433
f 1432/1432/1432 1434/1434/1434 1433/1433/1433
f 1435/1435/1435 1434/1434/1434 1432/1432/1432
f 1436/1436/1436 1435/1435/1435 1432/1432/1432
f 1436/1436/1436 1432/1432/1432 1431/1431/1431
f 1437/1437/1437 1435/1435/1435 1436/1436/1436
f 1431/1431/1431 1422/1422/1422 1438/1438/1438
f 1420/1420/1420 1438/1438/1438 1422/1422/1422
f 1439/1439/1439 1437/1437/1437 1436/1436/1436
f 1440/1440/1440 1437/1437/1437 1439/1439/1439
f 1441/1441/1441 1436/1436/1436 1431/1431/1431
f 1431/1431/1431 1438/1438/1438 1441/1441/1441
f 1439/1439/1439 1436/1436/1436 1441/1441/1441
f 1420/1420/1420 1442/1442/1442 1438/1438/1438
f 1421/1421/1421 1442/1442/1442 1420/1420/1420
f 1443/1443/1443 1440/1440/1440 1439/1439/1439
f 1443/1443/1443 1444/1444/1444 1440/1440/1440
f 1445/1445/1445 1439/1439/1439 1441/1441/1441
f 1443/1443/1443 1439/1439/1439 1445/1445/1445
f 1441/1441/1441 1438/1438/1438 1446/1446/1446
f 1438/1438/1438 1442/1442/1442 1446/1446/1446
f 1441/1441/1441 1446/1446/1446 1445/1445/1445
f 1421/1421/1421 1447/1447/1447 1442/1442/1442
f 1447/1447/1447 1421/1421/1421 1416/1416/1416
f 1448/1448/1448 1444/1444/1444 1443/1443/1443
f 1449/1449/1449 1444/1444/1444 1448/1448/1448
f 1450/1450/1450 1443/1443/1443 1445/1445/1445
f 1448/1448/1448 1443/1443/1443 1450/1450/1450
f 1451/1451/1451 1445/1445/1445 1446/1446/1446
f 1445/1445/1445 1451/1451/1451 1450/1450/1450
f 1442/1442/1442 1452/1452/1452 1446/1446/1446
f 1442/1442/1442 1447/1447/1447 1452/1452/1452
f 1446/1446/1446 1452/1452/1452 1451/1451/1451
f 1453/1453/1453 1449/1449/1449 1448/1448/1448
f 1454/1454/1454 1449/1449/1449 1453/1453/1453
f 1455/1455/1455 1448/1448/1448 1450/1450/1450
f 1453/1453/1453 1448/1448/1448 1455/1455/1455
f 1456/1456/1456 1450/1450/1450 1451/1451/1451
f 1450/1450/1450 1456/1456/1456 1455/1455/1455
f 1451/1451/1451 1452/1452/1452 1457/1457/1457
f 1451/1451/1451 1457/1457/1457 1456/1456/1456
f 1458/1458/1458 1454/1454/1454 1453/1453/1453
f 1459/1459/1459 1454/1454/1454 1458/1458/1458
f 1460/1460/1460 1453/1453/1453 1455/1455/1455
f 1453/1453/1453 1460/1460/1460 1458/1458/1458
f 1461/1461/1461 1455/1455/1455 1456/1456/1456
f 1455/1455/1455 1461/1461/1461 1460/1460/1460
f 1452/1452/1452 1462/1462/1462 1457/1457/1457
f 1452/1452/1452 1447/1447/1447 1462/1462/1462
f 1457/1457/1457 1463/1463/1463 1456/1456/1456
f 1456/1456/1456 1463/1463/1463 1461/1461/1461
f 1457/1457/1457 1462/1462/1462 1464/1464/1464
f 1457/1457/1457 1464/1464/1464 1463/1463/1463
f 1465/1465/1465 1459/1459/1459 1458/1458/1458
f 1466/1466/1466 1458/1458/1458 1460/1460/1460
f 1465/1465/1465 1458/1458/1458 1466/1466/1466
f 1467/1467/1467 1460/1460/1460 1461/1461/1461
f 1460/1460/1460 1467/1467/1467 1466/1466/1466
f 1463/1463/1463 1468/1468/1468 1461/1461/1461
f 1461/1461/1461 1468/1468/1468 1467/1467/1467
f 1465/1465/1465 1469/1469/1469 1459/1459/1459
f 1470/1470/1470 1459/1459/1459 1469/1469/1469
f 1471/1471/1471 1465/1465/1465 1466/1466/1466
f 1469/1469/1469 1465/1465/1465 1471/1471/1471
f 1472/1472/1472 1466/1466/1466 1467/1467/1467
f 1466/1466/1466 1472/1472/1472 1471/1471/1471
f 1464/1464/1464 1473/1473/1473 1463/1463/1463
f 1463/1463/1463 1473/1473/1473 1468/1468/1468
f 1468/1468/1468 1474/1474/1474 1467/1467/1467
f 1467/1467/1467 1474/1474/1474 1472/1472/1472
f 1469/1469/1469 1475/1475/1475 1470/1470/1470
f 1476/1476/1476 1470/1470/1470 1475/1475/1475
f 1473/1473/1473 1477/1477/1477 1468/1468/1468
f 1468/1468/1468 1477/1477/1477 1474/1474/1474
f 1475/1475/1475 1478/1478/1478 1476/1476/1476
f 1479/1479/1479 1476/1476/1476 1478/1478/1478
f 1473/1473/1473 1464/1464/1464 1480/1480/1480
f 1477/1477/1477 1473/1473/1473 1481/1481/1481
f 1480/1480/1480 1481/1481/1481 1473/1473/1473
f 1482/1482/1482 1480/1480/1480 1464/1464/1464
f 1464/1464/1464 1462/1462/1462 1482/1482/1482
f 1483/1483/1483 1482/1482/1482 1462/1462/1462
f 1462/1462/1462 1447/1447/1447 1483/1483/1483
f 1484/1484/1484 1483/1483/1483 1447/1447/1447
f 1416/1416/1416 1484/1484/1484 1447/1447/1447
f 1484/1484/1484 1416/1416/1416 1417/1417/1417
f 1484/1484/1484 1417/1417/1417 1483/1483/1483
f 1426/1426/1426 1483/1483/1483 1417/1417/1417
f 1483/1483/1483 1426/1426/1426 1482/1482/1482
f 1426/1426/1426 1430/1430/1430 1482/1482/1482
f 1482/1482/1482 1430/1430/1430 1480/1480/1480
f 1485/1485/1485 1480/1480/1480 1430/1430/1430
f 1480/1480/1480 1485/1485/1485 1481/1481/1481
f 1485/1485/1485 1430/1430/1430 1429/1429/1429
f 1429/1429/1429 1486/1486/1486 1485/1485/1485
f 1486/1486/1486 1429/1429/1429 1428/1428/1428
f 1487/1487/1487 1481/1481/1481 1485/1485/1485
f 1487/1487/1487 1485/1485/1485 1486/1486/1486
f 1428/1428/1428 1488/1488/1488 1486/1486/1486
f 1488/1488/1488 1428/1428/1428 1418/1418/1418
f 1481/1481/1481 1487/1487/1487 1489/1489/1489
f 1481/1481/1481 1489/1489/1489 1477/1477/1477
f 1486/1486/1486 1490/1490/1490 1487/1487/1487
f 1490/1490/1490 1486/1486/1486 1488/1488/1488
f 1418/1418/1418 1491/1491/1491 1488/1488/1488
f 1491/1491/1491 1418/1418/1418 1409/1409/1409
f 1492/1492/1492 1477/1477/1477 1489/1489/1489
f 1477/1477/1477 1492/1492/1492 1474/1474/1474
f 1493/1493/1493 1489/1489/1489 1487/1487/1487
f 1493/1493/1493 1487/1487/1487 1490/1490/1490
f 1489/1489/1489 1493/1493/1493 1494/1494/1494
f 1489/1489/1489 1494/1494/1494 1492/1492/1492
f 1474/1474/1474 1492/1492/1492 1495/1495/1495
f 1472/1472/1472 1474/1474/1474 1495/1495/1495
f 1496/1496/1496 1488/1488/1488 1491/1491/1491
f 1488/1488/1488 1496/1496/1496 1490/1490/1490
f 1409/1409/1409 1497/1497/1497 1491/1491/1491
f 1497/1497/1497 1409/1409/1409 1410/1410/1410
f 1410/1410/1410 1498/1498/1498 1497/1497/1497
f 1493/1493/1493 1490/1490/1490 1499/1499/1499
f 1493/1493/1493 1499/1499/1499 1494/1494/1494
f 1500/1500/1500 1492/1492/1492 1494/1494/1494
f 1495/1495/1495 1492/1492/1492 1500/1500/1500
f 1472/1472/1472 1495/1495/1495 1501/1501/1501
f 1501/1501/1501 1471/1471/1471 1472/1472/1472
f 1502/1502/1502 1491/1491/1491 1497/1497/1497
f 1491/1491/1491 1502/1502/1502 1496/1496/1496
f 1503/1503/1503 1497/1497/1497 1498/1498/1498
f 1497/1497/1497 1503/1503/1503 1502/1502/1502
f 1498/1498/1498 1504/1504/1504 1503/1503/1503
f 1505/1505/1505 1503/1503/1503 1504/1504/1504
f 1506/1506/1506 1505/1505/1505 1504/1504/1504
f 1507/1507/1507 1502/1502/1502 1503/1503/1503
f 1503/1503/1503 1505/1505/1505 1507/1507/1507
f 1508/1508/1508 1496/1496/1496 1502/1502/1502
f 1502/1502/1502 1507/1507/1507 1508/1508/1508
f 1505/1505/1505 1506/1506/1506 1509/1509/1509
f 1506/1506/1506 1510/1510/1510 1509/1509/1509
f 1511/1511/1511 1507/1507/1507 1505/1505/1505
f 1511/1511/1511 1505/1505/1505 1509/1509/1509
f 1512/1512/1512 1509/1509/1509 1510/1510/1510
f 1510/1510/1510 1513/1513/1513 1512/1512/1512
f 1496/1496/1496 1508/1508/1508 1514/1514/1514
f 1514/1514/1514 1490/1490/1490 1496/1496/1496
f 1514/1514/1514 1499/1499/1499 1490/1490/1490
f 1515/1515/1515 1508/1508/1508 1507/1507/1507
f 1507/1507/1507 1511/1511/1511 1515/1515/1515
f 1511/1511/1511 1509/1509/1509 1516/1516/1516
f 1516/1516/1516 1509/1509/1509 1512/1512/1512
f 1517/1517/1517 1512/1512/1512 1513/1513/1513
f 1513/1513/1513 1518/1518/1518 1517/1517/1517
f 1519/1519/1519 1514/1514/1514 1508/1508/1508
f 1508/1508/1508 1515/1515/1515 1519/1519/1519
f 1499/1499/1499 1514/1514/1514 1520/1520/1520
f 1519/1519/1519 1520/1520/1520 1514/1514/1514
f 1521/1521/1521 1515/1515/1515 1511/1511/1511
f 1521/1521/1521 1511/1511/1511 1516/1516/1516
f 1522/1522/1522 1516/1516/1516 1512/1512/1512
f 1512/1512/1512 1517/1517/1517 1522/1522/1522
f 1523/1523/1523 1517/1517/1517 1518/1518/1518
f 1518/1518/1518 1524/1524/1524 1523/1523/1523
f 1499/1499/1499 1520/1520/1520 1525/1525/1525
f 1494/1494/1494 1499/1499/1499 1525/1525/1525
f 1494/1494/1494 1525/1525/1525 1500/1500/1500
f 1516/1516/1516 1526/1526/1526 1521/1521/1521
f 1516/1516/1516 1522/1522/1522 1526/1526/1526
f 1527/1527/1527 1522/1522/1522 1517/1517/1517
f 1517/1517/1517 1523/1523/1523 1527/1527/1527
f 1528/1528/1528 1523/1523/1523 1524/1524/1524
f 1524/1524/1524 1529/1529/1529 1528/1528/1528
f 1530/1530/1530 1526/1526/1526 1522/1522/1522
f 1522/1522/1522 1527/1527/1527 1530/1530/1530
f 1531/1531/1531 1527/1527/1527 1523/1523/1523
f 1523/1523/1523 1528/1528/1528 1531/1531/1531
f 1532/1532/1532 1528/1528/1528 1529/1529/1529
f 1529/1529/1529 1533/1533/1533 1532/1532/1532
f 1534/1534/1534 1530/1530/1530 1527/1527/1527
f 1527/1527/1527 1531/1531/1531 1534/1534/1534
f 1535/1535/1535 1531/1531/1531 1528/1528/1528
f 1528/1528/1528 1532/1532/1532 1535/1535/1535
f 1536/1536/1536 1532/1532/1532 1533/1533/1533
f 1533/1533/1533 1537/1537/1537 1536/1536/1536
f 1538/1538/1538 1534/1534/1534 1531/1531/1531
f 1531/1531/1531 1535/1535/1535 1538/1538/1538
f 1539/1539/1539 1535/1535/1535 1532/1532/1532
f 1532/1532/1532 1536/1536/1536 1539/1539/1539
f 1540/1540/1540 1536/1536/1536 1537/1537/1537
f 1537/1537/1537 1541/1541/1541 1540/1540/1540
f 1542/1542/1542 1538/1538/1538 1535/1535/1535
f 1535/1535/1535 1539/1539/1539 1542/1542/1542
f 1536/1536/1536 1540/1540/1540 1543/1543/1543
f 1543/1543/1543 1539/1539/1539 1536/1536/1536
f 1544/1544/1544 1540/1540/1540 1541/1541/1541
f 1541/1541/1541 1545/1545/1545 1544/1544/1544
f 1546/1546/1546 1544/1544/1544 1545/1545/1545
f 1545/1545/1545 1547/1547/1547 1546/1546/1546
f 1548/1548/1548 1546/1546/1546 1547/1547/1547
f 1547/1547/1547 1549/1549/1549 1548/1548/1548
f 1550/1550/1550 1548/1548/1548 1549/1549/1549
f 1549/1549/1549 1551/1551/1551 1550/1550/1550
f 1552/1552/1552 1550/1550/1550 1551/1551/1551
f 1551/1551/1551 1553/1553/1553 1552/1552/1552
f 1554/1554/1554 1552/1552/1552 1553/1553/1553
f 1553/1553/1553 1555/1555/1555 1554/1554/1554
f 1556/1556/1556 1554/1554/1554 1555/1555/1555
f 1557/1557/1557 1556/1556/1556 1555/1555/1555
f 1557/1557/1557 1558/1558/1558 1556/1556/1556
f 1558/1558/1558 1559/1559/1559 1556/1556/1556
f 1560/1560/1560 1552/1552/1552 1554/1554/1554
f 1554/1554/1554 1556/1556/1556 1560/1560/1560
f 1561/1561/1561 1556/1556/1556 1559/1559/1559
f 1561/1561/1561 1560/1560/1560 1556/1556/1556
f 1559/1559/1559 1562/1562/1562 1561/1561/1561
f 1563/1563/1563 1561/1561/1561 1562/1562/1562
f 1561/1561/1561 1563/1563/1563 1560/1560/1560
f 1562/1562/1562 1564/1564/1564 1563/1563/1563
f 1565/1565/1565 1550/1550/1550 1552/1552/1552
f 1560/1560/1560 1565/1565/1565 1552/1552/1552
f 1566/1566/1566 1560/1560/1560 1563/1563/1563
f 1566/1566/1566 1565/1565/1565 1560/1560/1560
f 1567/1567/1567 1563/1563/1563 1564/1564/1564
f 1564/1564/1564 1568/1568/1568 1567/1567/1567
f 1565/1565/1565 1569/1569/1569 1550/1550/1550
f 1569/1569/1569 1548/1548/1548 1550/1550/1550
f 1565/1565/1565 1566/1566/1566 1570/1570/1570
f 1570/1570/1570 1569/1569/1569 1565/1565/1565
f 1566/1566/1566 1563/1563/1563 1571/1571/1571
f 1567/1567/1567 1571/1571/1571 1563/1563/1563
f 1572/1572/1572 1567/1567/1567 1568/1568/1568
f 1568/1568/1568 1573/1573/1573 1572/1572/1572
f 1569/1569/1569 1574/1574/1574 1548/1548/1548
f 1548/1548/1548 1574/1574/1574 1546/1546/1546
f 1572/1572/1572 1575/1575/1575 1567/1567/1567
f 1567/1567/1567 1575/1575/1575 1571/1571/1571
f 1576/1576/1576 1572/1572/1572 1573/1573/1573
f 1576/1576/1576 1575/1575/1575 1572/1572/1572
f 1573/1573/1573 1577/1577/1577 1576/1576/1576
f 1571/1571/1571 1578/1578/1578 1566/1566/1566
f 1570/1570/1570 1566/1566/1566 1578/1578/1578
f 1569/1569/1569 1570/1570/1570 1579/1579/1579
f 1579/1579/1579 1574/1574/1574 1569/1569/1569
f 1580/1580/1580 1546/1546/1546 1574/1574/1574
f 1580/1580/1580 1544/1544/1544 1546/1546/1546
f 1575/1575/1575 1581/1581/1581 1571/1571/1571
f 1578/1578/1578 1571/1571/1571 1581/1581/1581
f 1582/1582/1582 1575/1575/1575 1576/1576/1576
f 1581/1581/1581 1575/1575/1575 1582/1582/1582
f 1583/1583/1583 1576/1576/1576 1577/1577/1577
f 1576/1576/1576 1583/1583/1583 1582/1582/1582
f 1579/1579/1579 1570/1570/1570 1584/1584/1584
f 1578/1578/1578 1584/1584/1584 1570/1570/1570
f 1574/1574/1574 1579/1579/1579 1585/1585/1585
f 1585/1585/1585 1580/1580/1580 1574/1574/1574
f 1579/1579/1579 1584/1584/1584 1585/1585/1585
f 1580/1580/1580 1586/1586/1586 1544/1544/1544
f 1586/1586/1586 1540/1540/1540 1544/1544/1544
f 1581/1581/1581 1587/1587/1587 1578/1578/1578
f 1584/1584/1584 1578/1578/1578 1587/1587/1587
f 1582/1582/1582 1588/1588/1588 1581/1581/1581
f 1588/1588/1588 1587/1587/1587 1581/1581/1581
f 1580/1580/1580 1585/1585/1585 1589/1589/1589
f 1589/1589/1589 1586/1586/1586 1580/1580/1580
f 1540/1540/1540 1586/1586/1586 1590/1590/1590
f 1590/1590/1590 1543/1543/1543 1540/1540/1540
f 1591/1591/1591 1585/1585/1585 1584/1584/1584
f 1585/1585/1585 1591/1591/1591 1589/1589/1589
f 1587/1587/1587 1592/1592/1592 1584/1584/1584
f 1591/1591/1591 1584/1584/1584 1592/1592/1592
f 1586/1586/1586 1589/1589/1589 1593/1593/1593
f 1593/1593/1593 1590/1590/1590 1586/1586/1586
f 1590/1590/1590 1594/1594/1594 1543/1543/1543
f 1590/1590/1590 1593/1593/1593 1594/1594/1594
f 1595/1595/1595 1589/1589/1589 1591/1591/1591
f 1589/1589/1589 1595/1595/1595 1593/1593/1593
f 1596/1596/1596 1587/1587/1587 1588/1588/1588
f 1592/1592/1592 1587/1587/1587 1596/1596/1596
f 1592/1592/1592 1597/1597/1597 1591/1591/1591
f 1595/1595/1595 1591/1591/1591 1597/1597/1597
f 1598/1598/1598 1543/1543/1543 1594/1594/1594
f 1539/1539/1539 1543/1543/1543 1598/1598/1598
f 1596/1596/1596 1599/1599/1599 1592/1592/1592
f 1597/1597/1597 1592/1592/1592 1599/1599/1599
f 1539/1539/1539 1598/1598/1598 1600/1600/1600
f 1600/1600/1600 1542/1542/1542 1539/1539/1539
f 1542/1542/1542 1600/1600/1600 1601/1601/1601
f 1542/1542/1542 1601/1601/1601 1538/1538/1538
f 1600/1600/1600 1598/1598/1598 1602/1602/1602
f 1602/1602/1602 1601/1601/1601 1600/1600/1600
f 1598/1598/1598 1594/1594/1594 1603/1603/1603
f 1603/1603/1603 1602/1602/1602 1598/1598/1598
f 1604/1604/1604 1538/1538/1538 1601/1601/1601
f 1538/1538/1538 1604/1604/1604 1534/1534/1534
f 1605/1605/1605 1603/1603/1603 1594/1594/1594
f 1594/1594/1594 1593/1593/1593 1605/1605/1605
f 1606/1606/1606 1534/1534/1534 1604/1604/1604
f 1534/1534/1534 1606/1606/1606 1530/1530/1530
f 1607/1607/1607 1530/1530/1530 1606/1606/1606
f 1530/1530/1530 1607/1607/1607 1526/1526/1526
f 1606/1606/1606 1604/1604/1604 1608/1608/1608
f 1607/1607/1607 1606/1606/1606 1608/1608/1608
f 1604/1604/1604 1601/1601/1601 1609/1609/1609
f 1609/1609/1609 1608/1608/1608 1604/1604/1604
f 1601/1601/1601 1602/1602/1602 1610/1610/1610
f 1610/1610/1610 1609/1609/1609 1601/1601/1601
f 1602/1602/1602 1603/1603/1603 1611/1611/1611
f 1611/1611/1611 1610/1610/1610 1602/1602/1602
f 1612/1612/1612 1526/1526/1526 1607/1607/1607
f 1526/1526/1526 1612/1612/1612 1521/1521/1521
f 1607/1607/1607 1608/1608/1608 1613/1613/1613
f 1607/1607/1607 1613/1613/1613 1612/1612/1612
f 1614/1614/1614 1521/1521/1521 1612/1612/1612
f 1521/1521/1521 1614/1614/1614 1515/1515/1515
f 1615/1615/1615 1611/1611/1611 1603/1603/1603
f 1603/1603/1603 1605/1605/1605 1615/1615/1615
f 1616/1616/1616 1612/1612/1612 1613/1613/1613
f 1614/1614/1614 1612/1612/1612 1616/1616/1616
f 1617/1617/1617 1515/1515/1515 1614/1614/1614
f 1617/1617/1617 1519/1519/1519 1515/1515/1515
f 1614/1614/1614 1618/1618/1618 1617/1617/1617
f 1614/1614/1614 1616/1616/1616 1618/1618/1618
f 1619/1619/1619 1519/1519/1519 1617/1617/1617
f 1619/1619/1619 1617/1617/1617 1618/1618/1618
f 1519/1519/1519 1619/1619/1619 1520/1520/1520
f 1520/1520/1520 1619/1619/1619 1620/1620/1620
f 1525/1525/1525 1520/1520/1520 1620/1620/1620
f 1619/1619/1619 1618/1618/1618 1621/1621/1621
f 1620/1620/1620 1619/1619/1619 1621/1621/1621
f 1618/1618/1618 1616/1616/1616 1622/1622/1622
f 1618/1618/1618 1622/1622/1622 1621/1621/1621
f 1613/1613/1613 1623/1623/1623 1616/1616/1616
f 1622/1622/1622 1616/1616/1616 1623/1623/1623
f 1525/1525/1525 1620/1620/1620 1624/1624/1624
f 1624/1624/1624 1500/1500/1500 1525/1525/1525
f 1613/1613/1613 1625/1625/1625 1623/1623/1623
f 1608/1608/1608 1625/1625/1625 1613/1613/1613
f 1626/1626/1626 1500/1500/1500 1624/1624/1624
f 1495/1495/1495 1500/1500/1500 1626/1626/1626
f 1495/1495/1495 1626/1626/1626 1501/1501/1501
f 1625/1625/1625 1608/1608/1608 1627/1627/1627
f 1608/1608/1608 1609/1609/1609 1627/1627/1627
f 1627/1627/1627 1609/1609/1609 1628/1628/1628
f 1609/1609/1609 1610/1610/1610 1628/1628/1628
f 1628/1628/1628 1610/1610/1610 1629/1629/1629
f 1610/1610/1610 1611/1611/1611 1629/1629/1629
f 1629/1629/1629 1611/1611/1611 1630/1630/1630
f 1615/1615/1615 1630/1630/1630 1611/1611/1611
f 1625/1625/1625 1627/1627/1627 1631/1631/1631
f 1627/1627/1627 1628/1628/1628 1632/1632/1632
f 1632/1632/1632 1631/1631/1631 1627/1627/1627
f 1628/1628/1628 1629/1629/1629 1633/1633/1633
f 1633/1633/1633 1632/1632/1632 1628/1628/1628
f 1629/1629/1629 1630/1630/1630 1634/1634/1634
f 1634/1634/1634 1633/1633/1633 1629/1629/1629
f 1635/1635/1635 1625/1625/1625 1631/1631/1631
f 1625/1625/1625 1635/1635/1635 1623/1623/1623
f 1630/1630/1630 1615/1615/1615 1636/1636/1636
f 1637/1637/1637 1634/1634/1634 1630/1630/1630
f 1630/1630/1630 1636/1636/1636 1637/1637/1637
f 1615/1615/1615 1638/1638/1638 1636/1636/1636
f 1638/1638/1638 1615/1615/1615 1605/1605/1605
f 1605/1605/1605 1639/1639/1639 1638/1638/1638
f 1639/1639/1639 1605/1605/1605 1593/1593/1593
f 1639/1639/1639 1593/1593/1593 1595/1595/1595
f 1639/1639/1639 1595/1595/1595 1640/1640/1640
f 1640/1640/1640 1638/1638/1638 1639/1639/1639
f 1597/1597/1597 1640/1640/1640 1595/1595/1595
f 1636/1636/1636 1638/1638/1638 1641/1641/1641
f 1638/1638/1638 1640/1640/1640 1641/1641/1641
f 1640/1640/1640 1597/1597/1597 1642/1642/1642
f 1641/1641/1641 1640/1640/1640 1642/1642/1642
f 1642/1642/1642 1597/1597/1597 1599/1599/1599
f 1636/1636/1636 1641/1641/1641 1643/1643/1643
f 1643/1643/1643 1637/1637/1637 1636/1636/1636
f 1641/1641/1641 1642/1642/1642 1644/1644/1644
f 1644/1644/1644 1643/1643/1643 1641/1641/1641
f 1645/1645/1645 1642/1642/1642 1599/1599/1599
f 1646/1646/1646 1644/1644/1644 1642/1642/1642
f 1645/1645/1645 1646/1646/1646 1642/1642/1642
f 1647/1647/1647 1645/1645/1645 1599/1599/1599
f 1647/1647/1647 1599/1599/1599 1596/1596/1596
f 1647/1647/1647 1596/1596/1596 1648/1648/1648
f 1588/1588/1588 1648/1648/1648 1596/1596/1596
f 1648/1648/1648 1588/1588/1588 1649/1649/1649
f 1582/1582/1582 1649/1649/1649 1588/1588/1588
f 1649/1649/1649 1582/1582/1582 1583/1583/1583
f 1637/1637/1637 1643/1643/1643 1650/1650/1650
f 1643/1643/1643 1644/1644/1644 1651/1651/1651
f 1651/1651/1651 1650/1650/1650 1643/1643/1643
f 1644/1644/1644 1646/1646/1646 1652/1652/1652
f 1652/1652/1652 1651/1651/1651 1644/1644/1644
f 1646/1646/1646 1645/1645/1645 1653/1653/1653
f 1653/1653/1653 1652/1652/1652 1646/1646/1646
f 1645/1645/1645 1647/1647/1647 1654/1654/1654
f 1654/1654/1654 1653/1653/1653 1645/1645/1645
f 1647/1647/1647 1648/1648/1648 1655/1655/1655
f 1655/1655/1655 1654/1654/1654 1647/1647/1647
f 1648/1648/1648 1649/1649/1649 1656/1656/1656
f 1656/1656/1656 1655/1655/1655 1648/1648/1648
f 1651/1651/1651 1652/1652/1652 1657/1657/1657
f 1651/1651/1651 1657/1657/1657 1650/1650/1650
f 1650/1650/1650 1658/1658/1658 1637/1637/1637
f 1634/1634/1634 1637/1637/1637 1658/1658/1658
f 1652/1652/1652 1653/1653/1653 1659/1659/1659
f 1659/1659/1659 1657/1657/1657 1652/1652/1652
f 1653/1653/1653 1654/1654/1654 1660/1660/1660
f 1660/1660/1660 1659/1659/1659 1653/1653/1653
f 1661/1661/1661 1656/1656/1656 1649/1649/1649
f 1649/1649/1649 1583/1583/1583 1661/1661/1661
f 1662/1662/1662 1650/1650/1650 1657/1657/1657
f 1650/1650/1650 1662/1662/1662 1658/1658/1658
f 1658/1658/1658 1663/1663/1663 1634/1634/1634
f 1633/1633/1633 1634/1634/1634 1663/1663/1663
f 1664/1664/1664 1661/1661/1661 1583/1583/1583
f 1583/1583/1583 1577/1577/1577 1664/1664/1664
f 1665/1665/1665 1664/1664/1664 1577/1577/1577
f 1665/1665/1665 1666/1666/1666 1664/1664/1664
f 1667/1667/1667 1666/1666/1666 1665/1665/1665
f 1661/1661/1661 1664/1664/1664 1668/1668/1668
f 1666/1666/1666 1668/1668/1668 1664/1664/1664
f 1666/1666/1666 1667/1667/1667 1669/1669/1669
f 1667/1667/1667 1670/1670/1670 1669/1669/1669
f 1671/1671/1671 1661/1661/1661 1668/1668/1668
f 1661/1661/1661 1671/1671/1671 1656/1656/1656
f 1672/1672/1672 1668/1668/1668 1666/1666/1666
f 1669/1669/1669 1672/1672/1672 1666/1666/1666
f 1671/1671/1671 1668/1668/1668 1672/1672/1672
f 1673/1673/1673 1669/1669/1669 1670/1670/1670
f 1669/1669/1669 1673/1673/1673 1672/1672/1672
f 1674/1674/1674 1673/1673/1673 1670/1670/1670
f 1675/1675/1675 1656/1656/1656 1671/1671/1671
f 1655/1655/1655 1656/1656/1656 1675/1675/1675
f 1676/1676/1676 1671/1671/1671 1672/1672/1672
f 1676/1676/1676 1672/1672/1672 1673/1673/1673
f 1676/1676/1676 1675/1675/1675 1671/1671/1671
f 1677/1677/1677 1673/1673/1673 1674/1674/1674
f 1677/1677/1677 1676/1676/1676 1673/1673/1673
f 1678/1678/1678 1677/1677/1677 1674/1674/1674
f 1679/1679/1679 1655/1655/1655 1675/1675/1675
f 1679/1679/1679 1675/1675/1675 1676/1676/1676
f 1680/1680/1680 1676/1676/1676 1677/1677/1677
f 1680/1680/1680 1679/1679/1679 1676/1676/1676
f 1678/1678/1678 1681/1681/1681 1677/1677/1677
f 1677/1677/1677 1681/1681/1681 1680/1680/1680
f 1678/1678/1678 1682/1682/1682 1681/1681/1681
f 1683/1683/1683 1681/1681/1681 1682/1682/1682
f 1683/1683/1683 1684/1684/1684 1681/1681/1681
f 1684/1684/1684 1680/1680/1680 1681/1681/1681
f 1683/1683/1683 1685/1685/1685 1684/1684/1684
f 1686/1686/1686 1655/1655/1655 1679/1679/1679
f 1686/1686/1686 1654/1654/1654 1655/1655/1655
f 1687/1687/1687 1679/1679/1679 1680/1680/1680
f 1684/1684/1684 1687/1687/1687 1680/1680/1680
f 1687/1687/1687 1686/1686/1686 1679/1679/1679
f 1685/1685/1685 1688/1688/1688 1684/1684/1684
f 1687/1687/1687 1684/1684/1684 1688/1688/1688
f 1685/1685/1685 1689/1689/1689 1688/1688/1688
f 1689/1689/1689 1690/1690/1690 1688/1688/1688
f 1691/1691/1691 1654/1654/1654 1686/1686/1686
f 1691/1691/1691 1660/1660/1660 1654/1654/1654
f 1692/1692/1692 1686/1686/1686 1687/1687/1687
f 1687/1687/1687 1688/1688/1688 1692/1692/1692
f 1692/1692/1692 1691/1691/1691 1686/1686/1686
f 1693/1693/1693 1688/1688/1688 1690/1690/1690
f 1693/1693/1693 1692/1692/1692 1688/1688/1688
f 1690/1690/1690 1694/1694/1694 1693/1693/1693
f 1695/1695/1695 1691/1691/1691 1692/1692/1692
f 1695/1695/1695 1660/1660/1660 1691/1691/1691
f 1693/1693/1693 1695/1695/1695 1692/1692/1692
f 1696/1696/1696 1693/1693/1693 1694/1694/1694
f 1695/1695/1695 1693/1693/1693 1696/1696/1696
f 1694/1694/1694 1697/1697/1697 1696/1696/1696
f 1698/1698/1698 1660/1660/1660 1695/1695/1695
f 1695/1695/1695 1696/1696/1696 1698/1698/1698
f 1660/1660/1660 1698/1698/1698 1659/1659/1659
f 1699/1699/1699 1696/1696/1696 1697/1697/1697
f 1699/1699/1699 1698/1698/1698 1696/1696/1696
f 1700/1700/1700 1659/1659/1659 1698/1698/1698
f 1699/1699/1699 1700/1700/1700 1698/1698/1698
f 1700/1700/1700 1657/1657/1657 1659/1659/1659
f 1699/1699/1699 1697/1697/1697 1701/1701/1701
f 1700/1700/1700 1699/1699/1699 1701/1701/1701
f 1702/1702/1702 1701/1701/1701 1697/1697/1697
f 1703/1703/1703 1657/1657/1657 1700/1700/1700
f 1700/1700/1700 1701/1701/1701 1703/1703/1703
f 1703/1703/1703 1662/1662/1662 1657/1657/1657
f 1701/1701/1701 1702/1702/1702 1704/1704/1704
f 1704/1704/1704 1703/1703/1703 1701/1701/1701
f 1705/1705/1705 1704/1704/1704 1702/1702/1702
f 1706/1706/1706 1662/1662/1662 1703/1703/1703
f 1704/1704/1704 1706/1706/1706 1703/1703/1703
f 1704/1704/1704 1705/1705/1705 1707/1707/1707
f 1704/1704/1704 1707/1707/1707 1706/1706/1706
f 1708/1708/1708 1707/1707/1707 1705/1705/1705
f 1706/1706/1706 1709/1709/1709 1662/1662/1662
f 1709/1709/1709 1658/1658/1658 1662/1662/1662
f 1658/1658/1658 1709/1709/1709 1663/1663/1663
f 1707/1707/1707 1708/1708/1708 1710/1710/1710
f 1711/1711/1711 1710/1710/1710 1708/1708/1708
f 1706/1706/1706 1707/1707/1707 1712/1712/1712
f 1712/1712/1712 1709/1709/1709 1706/1706/1706
f 1710/1710/1710 1712/1712/1712 1707/1707/1707
f 1713/1713/1713 1663/1663/1663 1709/1709/1709
f 1712/1712/1712 1713/1713/1713 1709/1709/1709
f 1710/1710/1710 1711/1711/1711 1714/1714/1714
f 1715/1715/1715 1714/1714/1714 1711/1711/1711
f 1716/1716/1716 1712/1712/1712 1710/1710/1710
f 1716/1716/1716 1713/1713/1713 1712/1712/1712
f 1710/1710/1710 1714/1714/1714 1716/1716/1716
f 1663/1663/1663 1713/1713/1713 1717/1717/1717
f 1663/1663/1663 1717/1717/1717 1633/1633/1633
f 1632/1632/1632 1633/1633/1633 1717/1717/1717
f 1714/1714/1714 1715/1715/1715 1718/1718/1718
f 1719/1719/1719 1718/1718/1718 1715/1715/1715
f 1714/1714/1714 1720/1720/1720 1716/1716/1716
f 1720/1720/1720 1714/1714/1714 1718/1718/1718
f 1716/1716/1716 1721/1721/1721 1713/1713/1713
f 1721/1721/1721 1717/1717/1717 1713/1713/1713
f 1720/1720/1720 1721/1721/1721 1716/1716/1716
f 1717/1717/1717 1722/1722/1722 1632/1632/1632
f 1722/1722/1722 1717/1717/1717 1721/1721/1721
f 1631/1631/1631 1632/1632/1632 1722/1722/1722
f 1718/1718/1718 1719/1719/1719 1723/1723/1723
f 1724/1724/1724 1723/1723/1723 1719/1719/1719
f 1720/1720/1720 1725/1725/1725 1721/1721/1721
f 1725/1725/1725 1722/1722/1722 1721/1721/1721
f 1722/1722/1722 1726/1726/1726 1631/1631/1631
f 1726/1726/1726 1722/1722/1722 1725/1725/1725
f 1635/1635/1635 1631/1631/1631 1726/1726/1726
f 1727/1727/1727 1720/1720/1720 1718/1718/1718
f 1727/1727/1727 1725/1725/1725 1720/1720/1720
f 1723/1723/1723 1727/1727/1727 1718/1718/1718
f 1724/1724/1724 1728/1728/1728 1723/1723/1723
f 1728/1728/1728 1724/1724/1724 1729/1729/1729
f 1727/1727/1727 1730/1730/1730 1725/1725/1725
f 1730/1730/1730 1726/1726/1726 1725/1725/1725
f 1731/1731/1731 1727/1727/1727 1723/1723/1723
f 1723/1723/1723 1728/1728/1728 1731/1731/1731
f 1731/1731/1731 1730/1730/1730 1727/1727/1727
f 1729/1729/1729 1732/1732/1732 1728/1728/1728
f 1479/1479/1479 1732/1732/1732 1729/1729/1729
f 1728/1728/1728 1732/1732/1732 1733/1733/1733
f 1728/1728/1728 1733/1733/1733 1731/1731/1731
f 1732/1732/1732 1479/1479/1479 1734/1734/1734
f 1732/1732/1732 1734/1734/1734 1733/1733/1733
f 1734/1734/1734 1479/1479/1479 1478/1478/1478
f 1726/1726/1726 1730/1730/1730 1735/1735/1735
f 1731/1731/1731 1736/1736/1736 1730/1730/1730
f 1736/1736/1736 1735/1735/1735 1730/1730/1730
f 1733/1733/1733 1737/1737/1737 1731/1731/1731
f 1737/1737/1737 1736/1736/1736 1731/1731/1731
f 1738/1738/1738 1733/1733/1733 1734/1734/1734
f 1733/1733/1733 1738/1738/1738 1737/1737/1737
f 1734/1734/1734 1478/1478/1478 1739/1739/1739
f 1734/1734/1734 1739/1739/1739 1738/1738/1738
f 1740/1740/1740 1737/1737/1737 1738/1738/1738
f 1739/1739/1739 1740/1740/1740 1738/1738/1738
f 1736/1736/1736 1737/1737/1737 1741/1741/1741
f 1740/1740/1740 1741/1741/1741 1737/1737/1737
f 1478/1478/1478 1742/1742/1742 1739/1739/1739
f 1478/1478/1478 1475/1475/1475 1742/1742/1742
f 1740/1740/1740 1739/1739/1739 1743/1743/1743
f 1740/1740/1740 1743/1743/1743 1741/1741/1741
f 1742/1742/1742 1743/1743/1743 1739/1739/1739
f 1744/1744/1744 1742/1742/1742 1475/1475/1475
f 1475/1475/1475 1469/1469/1469 1744/1744/1744
f 1743/1743/1743 1742/1742/1742 1745/1745/1745
f 1742/1742/1742 1744/1744/1744 1745/1745/1745
f 1746/1746/1746 1744/1744/1744 1469/1469/1469
f 1746/1746/1746 1469/1469/1469 1471/1471/1471
f 1744/1744/1744 1746/1746/1746 1747/1747/1747
f 1747/1747/1747 1745/1745/1745 1744/1744/1744
f 1748/1748/1748 1746/1746/1746 1471/1471/1471
f 1748/1748/1748 1747/1747/1747 1746/1746/1746
f 1471/1471/1471 1501/1501/1501 1748/1748/1748
f 1743/1743/1743 1745/1745/1745 1749/1749/1749
f 1749/1749/1749 1741/1741/1741 1743/1743/1743
f 1745/1745/1745 1747/1747/1747 1750/1750/1750
f 1750/1750/1750 1749/1749/1749 1745/1745/1745
f 1747/1747/1747 1748/1748/1748 1751/1751/1751
f 1751/1751/1751 1750/1750/1750 1747/1747/1747
f 1752/1752/1752 1748/1748/1748 1501/1501/1501
f 1752/1752/1752 1751/1751/1751 1748/1748/1748
f 1501/1501/1501 1626/1626/1626 1752/1752/1752
f 1752/1752/1752 1753/1753/1753 1751/1751/1751
f 1626/1626/1626 1753/1753/1753 1752/1752/1752
f 1751/1751/1751 1754/1754/1754 1750/1750/1750
f 1753/1753/1753 1754/1754/1754 1751/1751/1751
f 1755/1755/1755 1753/1753/1753 1626/1626/1626
f 1753/1753/1753 1755/1755/1755 1754/1754/1754
f 1624/1624/1624 1755/1755/1755 1626/1626/1626
f 1750/1750/1750 1756/1756/1756 1749/1749/1749
f 1756/1756/1756 1750/1750/1750 1754/1754/1754
f 1749/1749/1749 1757/1757/1757 1741/1741/1741
f 1757/1757/1757 1749/1749/1749 1756/1756/1756
f 1755/1755/1755 1624/1624/1624 1758/1758/1758
f 1758/1758/1758 1624/1624/1624 1620/1620/1620
f 1754/1754/1754 1755/1755/1755 1759/1759/1759
f 1754/1754/1754 1759/1759/1759 1756/1756/1756
f 1755/1755/1755 1758/1758/1758 1759/1759/1759
f 1758/1758/1758 1620/1620/1620 1760/1760/1760
f 1758/1758/1758 1760/1760/1760 1759/1759/1759
f 1620/1620/1620 1621/1621/1621 1760/1760/1760
f 1756/1756/1756 1759/1759/1759 1761/1761/1761
f 1760/1760/1760 1761/1761/1761 1759/1759/1759
f 1756/1756/1756 1761/1761/1761 1757/1757/1757
f 1760/1760/1760 1621/1621/1621 1762/1762/1762
f 1761/1761/1761 1760/1760/1760 1762/1762/1762
f 1622/1622/1622 1762/1762/1762 1621/1621/1621
f 1763/1763/1763 1741/1741/1741 1757/1757/1757
f 1741/1741/1741 1763/1763/1763 1736/1736/1736
f 1735/1735/1735 1736/1736/1736 1763/1763/1763
f 1764/1764/1764 1757/1757/1757 1761/1761/1761
f 1761/1761/1761 1762/1762/1762 1764/1764/1764
f 1757/1757/1757 1764/1764/1764 1763/1763/1763
f 1622/1622/1622 1765/1765/1765 1762/1762/1762
f 1765/1765/1765 1764/1764/1764 1762/1762/1762
f 1766/1766/1766 1763/1763/1763 1764/1764/1764
f 1763/1763/1763 1766/1766/1766 1735/1735/1735
f 1765/1765/1765 1766/1766/1766 1764/1764/1764
f 1765/1765/1765 1622/1622/1622 1767/1767/1767
f 1765/1765/1765 1767/1767/1767 1766/1766/1766
f 1623/1623/1623 1767/1767/1767 1622/1622/1622
f 1768/1768/1768 1735/1735/1735 1766/1766/1766
f 1766/1766/1766 1767/1767/1767 1768/1768/1768
f 1735/1735/1735 1768/1768/1768 1726/1726/1726
f 1726/1726/1726 1768/1768/1768 1635/1635/1635
f 1769/1769/1769 1623/1623/1623 1635/1635/1635
f 1623/1623/1623 1769/1769/1769 1767/1767/1767
f 1769/1769/1769 1635/1635/1635 1768/1768/1768
f 1769/1769/1769 1768/1768/1768 1767/1767/1767
f 1772/1772/1772 1771/1771/1771 1770/1770/1770
f 1770/1770/1770 1771/1771/1771 1773/1773/1773
f 1774/1774/1774 1771/1771/1771 1772/1772/1772
f 1771/1771/1771 1775/1775/1775 1773/1773/1773
f 1775/1775/1775 1776/1776/1776 1773/1773/1773
f 1777/1777/1777 1771/1771/1771 1774/1774/1774
f 1771/1771/1771 1777/1777/1777 1775/1775/1775
f 1774/1774/1774 1778/1778/1778 1777/1777/1777
f 1776/1776/1776 1775/1775/1775 1779/1779/1779
f 1776/1776/1776 1779/1779/1779 1780/1780/1780
f 1781/1781/1781 1775/1775/1775 1777/1777/1777
f 1781/1781/1781 1779/1779/1779 1775/1775/1775
f 1782/1782/1782 1777/1777/1777 1778/1778/1778
f 1781/1781/1781 1777/1777/1777 1782/1782/1782
f 1783/1783/1783 1780/1780/1780 1779/1779/1779
f 1780/1780/1780 1783/1783/1783 1784/1784/1784
f 1785/1785/1785 1779/1779/1779 1781/1781/1781
f 1779/1779/1779 1785/1785/1785 1783/1783/1783
f 1786/1786/1786 1784/1784/1784 1783/1783/1783
f 1784/1784/1784 1786/1786/1786 1787/1787/1787
f 1782/1782/1782 1778/1778/1778 1788/1788/1788
f 1788/1788/1788 1778/1778/1778 1789/1789/1789
f 1790/1790/1790 1781/1781/1781 1782/1782/1782
f 1785/1785/1785 1781/1781/1781 1790/1790/1790
f 1791/1791/1791 1783/1783/1783 1785/1785/1785
f 1783/1783/1783 1791/1791/1791 1786/1786/1786
f 1792/1792/1792 1787/1787/1787 1786/1786/1786
f 1792/1792/1792 1793/1793/1793 1787/1787/1787
f 1789/1789/1789 1794/1794/1794 1788/1788/1788
f 1794/1794/1794 1789/1789/1789 1795/1795/1795
f 1796/1796/1796 1794/1794/1794 1795/1795/1795
f 1782/1782/1782 1788/1788/1788 1797/1797/1797
f 1797/1797/1797 1790/1790/1790 1782/1782/1782
f 1798/1798/1798 1785/1785/1785 1790/1790/1790
f 1785/1785/1785 1798/1798/1798 1791/1791/1791
f 1799/1799/1799 1786/1786/1786 1791/1791/1791
f 1799/1799/1799 1792/1792/1792 1786/1786/1786
f 1792/1792/1792 1800/1800/1800 1793/1793/1793
f 1793/1793/1793 1800/1800/1800 1801/1801/1801
f 1802/1802/1802 1794/1794/1794 1796/1796/1796
f 1802/1802/1802 1796/1796/1796 1803/1803/1803
f 1804/1804/1804 1790/1790/1790 1797/1797/1797
f 1798/1798/1798 1790/1790/1790 1804/1804/1804
f 1805/1805/1805 1791/1791/1791 1798/1798/1798
f 1791/1791/1791 1805/1805/1805 1799/1799/1799
f 1806/1806/1806 1792/1792/1792 1799/1799/1799
f 1806/1806/1806 1800/1800/1800 1792/1792/1792
f 1807/1807/1807 1801/1801/1801 1800/1800/1800
f 1807/1807/1807 1808/1808/1808 1801/1801/1801
f 1809/1809/1809 1802/1802/1802 1803/1803/1803
f 1809/1809/1809 1803/1803/1803 1810/1810/1810
f 1811/1811/1811 1798/1798/1798 1804/1804/1804
f 1811/1811/1811 1805/1805/1805 1798/1798/1798
f 1812/1812/1812 1799/1799/1799 1805/1805/1805
f 1812/1812/1812 1806/1806/1806 1799/1799/1799
f 1813/1813/1813 1800/1800/1800 1806/1806/1806
f 1813/1813/1813 1807/1807/1807 1800/1800/1800
f 1807/1807/1807 1814/1814/1814 1808/1808/1808
f 1808/1808/1808 1814/1814/1814 1815/1815/1815
f 1816/1816/1816 1805/1805/1805 1811/1811/1811
f 1816/1816/1816 1812/1812/1812 1805/1805/1805
f 1817/1817/1817 1806/1806/1806 1812/1812/1812
f 1817/1817/1817 1813/1813/1813 1806/1806/1806
f 1818/1818/1818 1807/1807/1807 1813/1813/1813
f 1818/1818/1818 1814/1814/1814 1807/1807/1807
f 1814/1814/1814 1819/1819/1819 1815/1815/1815
f 1815/1815/1815 1819/1819/1819 1820/1820/1820
f 1821/1821/1821 1812/1812/1812 1816/1816/1816
f 1821/1821/1821 1817/1817/1817 1812/1812/1812
f 1822/1822/1822 1813/1813/1813 1817/1817/1817
f 1822/1822/1822 1818/1818/1818 1813/1813/1813
f 1823/1823/1823 1814/1814/1814 1818/1818/1818
f 1823/1823/1823 1819/1819/1819 1814/1814/1814
f 1824/1824/1824 1820/1820/1820 1819/1819/1819
f 1820/1820/1820 1824/1824/1824 1825/1825/1825
f 1826/1826/1826 1817/1817/1817 1821/1821/1821
f 1817/1817/1817 1826/1826/1826 1822/1822/1822
f 1827/1827/1827 1818/1818/1818 1822/1822/1822
f 1823/1823/1823 1818/1818/1818 1827/1827/1827
f 1819/1819/1819 1823/1823/1823 1828/1828/1828
f 1819/1819/1819 1828/1828/1828 1824/1824/1824
f 1829/1829/1829 1825/1825/1825 1824/1824/1824
f 1825/1825/1825 1829/1829/1829 1830/1830/1830
f 1831/1831/1831 1822/1822/1822 1826/1826/1826
f 1822/1822/1822 1831/1831/1831 1827/1827/1827
f 1832/1832/1832 1823/1823/1823 1827/1827/1827
f 1823/1823/1823 1832/1832/1832 1828/1828/1828
f 1833/1833/1833 1824/1824/1824 1828/1828/1828
f 1824/1824/1824 1833/1833/1833 1829/1829/1829
f 1829/1829/1829 1834/1834/1834 1830/1830/1830
f 1830/1830/1830 1834/1834/1834 1835/1835/1835
f 1836/1836/1836 1827/1827/1827 1831/1831/1831
f 1832/1832/1832 1827/1827/1827 1836/1836/1836
f 1837/1837/1837 1828/1828/1828 1832/1832/1832
f 1828/1828/1828 1837/1837/1837 1833/1833/1833
f 1838/1838/1838 1829/1829/1829 1833/1833/1833
f 1834/1834/1834 1829/1829/1829 1838/1838/1838
f 1834/1834/1834 1839/1839/1839 1835/1835/1835
f 1835/1835/1835 1839/1839/1839 1840/1840/1840
f 1841/1841/1841 1833/1833/1833 1837/1837/1837
f 1833/1833/1833 1841/1841/1841 1838/1838/1838
f 1842/1842/1842 1834/1834/1834 1838/1838/1838
f 1842/1842/1842 1839/1839/1839 1834/1834/1834
f 1840/1840/1840 1839/1839/1839 1843/1843/1843
f 1840/1840/1840 1843/1843/1843 1844/1844/1844
f 1845/1845/1845 1838/1838/1838 1841/1841/1841
f 1842/1842/1842 1838/1838/1838 1845/1845/1845
f 1846/1846/1846 1839/1839/1839 1842/1842/1842
f 1843/1843/1843 1839/1839/1839 1846/1846/1846
f 1843/1843/1843 1847/1847/1847 1844/1844/1844
f 1844/1844/1844 1847/1847/1847 1848/1848/1848
f 1849/1849/1849 1842/1842/1842 1845/1845/1845
f 1842/1842/1842 1849/1849/1849 1846/1846/1846
f 1850/1850/1850 1843/1843/1843 1846/1846/1846
f 1850/1850/1850 1847/1847/1847 1843/1843/1843
f 1848/1848/1848 1847/1847/1847 1851/1851/1851
f 1848/1848/1848 1851/1851/1851 1852/1852/1852
f 1853/1853/1853 1846/1846/1846 1849/1849/1849
f 1846/1846/1846 1853/1853/1853 1850/1850/1850
f 1854/1854/1854 1847/1847/1847 1850/1850/1850
f 1854/1854/1854 1851/1851/1851 1847/1847/1847
f 1851/1851/1851 1855/1855/1855 1852/1852/1852
f 1852/1852/1852 1855/1855/1855 1856/1856/1856
f 1857/1857/1857 1850/1850/1850 1853/1853/1853
f 1850/1850/1850 1857/1857/1857 1854/1854/1854
f 1851/1851/1851 1858/1858/1858 1855/1855/1855
f 1858/1858/1858 1851/1851/1851 1854/1854/1854
f 1856/1856/1856 1855/1855/1855 1859/1859/1859
f 1856/1856/1856 1859/1859/1859 1860/1860/1860
f 1860/1860/1860 1859/1859/1859 1861/1861/1861
f 1860/1860/1860 1861/1861/1861 1862/1862/1862
f 1863/1863/1863 1862/1862/1862 1861/1861/1861
f 1862/1862/1862 1863/1863/1863 1864/1864/1864
f 1865/1865/1865 1864/1864/1864 1863/1863/1863
f 1864/1864/1864 1865/1865/1865 1866/1866/1866
f 1866/1866/1866 1865/1865/1865 1867/1867/1867
f 1866/1866/1866 1867/1867/1867 1868/1868/1868
f 1868/1868/1868 1867/1867/1867 1869/1869/1869
f 1870/1870/1870 1868/1868/1868 1869/1869/1869
f 1869/1869/1869 1871/1871/1871 1870/1870/1870
f 1870/1870/1870 1871/1871/1871 1872/1872/1872
f 1873/1873/1873 1872/1872/1872 1871/1871/1871
f 1873/1873/1873 1871/1871/1871 1874/1874/1874
f 1869/1869/1869 1867/1867/1867 1875/1875/1875
f 1871/1871/1871 1869/1869/1869 1875/1875/1875
f 1876/1876/1876 1874/1874/1874 1871/1871/1871
f 1871/1871/1871 1875/1875/1875 1876/1876/1876
f 1876/1876/1876 1877/1877/1877 1874/1874/1874
f 1877/1877/1877 1876/1876/1876 1878/1878/1878
f 1876/1876/1876 1875/1875/1875 1878/1878/1878
f 1877/1877/1877 1878/1878/1878 1879/1879/1879
f 1867/1867/1867 1865/1865/1865 1880/1880/1880
f 1880/1880/1880 1875/1875/1875 1867/1867/1867
f 1881/1881/1881 1879/1879/1879 1878/1878/1878
f 1881/1881/1881 1882/1882/1882 1879/1879/1879
f 1883/1883/1883 1878/1878/1878 1875/1875/1875
f 1875/1875/1875 1880/1880/1880 1883/1883/1883
f 1884/1884/1884 1880/1880/1880 1865/1865/1865
f 1865/1865/1865 1863/1863/1863 1884/1884/1884
f 1882/1882/1882 1881/1881/1881 1885/1885/1885
f 1885/1885/1885 1886/1886/1886 1882/1882/1882
f 1881/1881/1881 1878/1878/1878 1887/1887/1887
f 1887/1887/1887 1878/1878/1878 1883/1883/1883
f 1888/1888/1888 1883/1883/1883 1880/1880/1880
f 1880/1880/1880 1884/1884/1884 1888/1888/1888
f 1889/1889/1889 1884/1884/1884 1863/1863/1863
f 1863/1863/1863 1861/1861/1861 1889/1889/1889
f 1886/1886/1886 1885/1885/1885 1890/1890/1890
f 1886/1886/1886 1890/1890/1890 1891/1891/1891
f 1885/1885/1885 1881/1881/1881 1892/1892/1892
f 1887/1887/1887 1892/1892/1892 1881/1881/1881
f 1885/1885/1885 1892/1892/1892 1890/1890/1890
f 1887/1887/1887 1883/1883/1883 1893/1893/1893
f 1893/1893/1893 1883/1883/1883 1888/1888/1888
f 1894/1894/1894 1888/1888/1888 1884/1884/1884
f 1884/1884/1884 1889/1889/1889 1894/1894/1894
f 1895/1895/1895 1889/1889/1889 1861/1861/1861
f 1861/1861/1861 1859/1859/1859 1895/1895/1895
f 1892/1892/1892 1887/1887/1887 1896/1896/1896
f 1896/1896/1896 1887/1887/1887 1893/1893/1893
f 1897/1897/1897 1890/1890/1890 1892/1892/1892
f 1892/1892/1892 1896/1896/1896 1897/1897/1897
f 1894/1894/1894 1898/1898/1898 1888/1888/1888
f 1893/1893/1893 1888/1888/1888 1898/1898/1898
f 1899/1899/1899 1894/1894/1894 1889/1889/1889
f 1889/1889/1889 1895/1895/1895 1899/1899/1899
f 1894/1894/1894 1899/1899/1899 1898/1898/1898
f 1900/1900/1900 1895/1895/1895 1859/1859/1859
f 1859/1859/1859 1855/1855/1855 1900/1900/1900
f 1896/1896/1896 1893/1893/1893 1901/1901/1901
f 1901/1901/1901 1893/1893/1893 1898/1898/1898
f 1902/1902/1902 1899/1899/1899 1895/1895/1895
f 1895/1895/1895 1900/1900/1900 1902/1902/1902
f 1903/1903/1903 1900/1900/1900 1855/1855/1855
f 1903/1903/1903 1855/1855/1855 1858/1858/1858
f 1904/1904/1904 1898/1898/1898 1899/1899/1899
f 1899/1899/1899 1902/1902/1902 1904/1904/1904
f 1905/1905/1905 1902/1902/1902 1900/1900/1900
f 1900/1900/1900 1903/1903/1903 1905/1905/1905
f 1903/1903/1903 1858/1858/1858 1906/1906/1906
f 1906/1906/1906 1905/1905/1905 1903/1903/1903
f 1896/1896/1896 1901/1901/1901 1907/1907/1907
f 1907/1907/1907 1897/1897/1897 1896/1896/1896
f 1901/1901/1901 1898/1898/1898 1908/1908/1908
f 1908/1908/1908 1898/1898/1898 1904/1904/1904
f 1909/1909/1909 1904/1904/1904 1902/1902/1902
f 1902/1902/1902 1905/1905/1905 1909/1909/1909
f 1910/1910/1910 1906/1906/1906 1858/1858/1858
f 1858/1858/1858 1854/1854/1854 1910/1910/1910
f 1911/1911/1911 1907/1907/1907 1901/1901/1901
f 1901/1901/1901 1908/1908/1908 1911/1911/1911
f 1908/1908/1908 1904/1904/1904 1912/1912/1912
f 1912/1912/1912 1904/1904/1904 1909/1909/1909
f 1913/1913/1913 1910/1910/1910 1854/1854/1854
f 1913/1913/1913 1854/1854/1854 1857/1857/1857
f 1857/1857/1857 1914/1914/1914 1913/1913/1913
f 1857/1857/1857 1853/1853/1853 1914/1914/1914
f 1910/1910/1910 1913/1913/1913 1915/1915/1915
f 1915/1915/1915 1913/1913/1913 1914/1914/1914
f 1910/1910/1910 1916/1916/1916 1906/1906/1906
f 1916/1916/1916 1910/1910/1910 1915/1915/1915
f 1917/1917/1917 1911/1911/1911 1908/1908/1908
f 1908/1908/1908 1912/1912/1912 1917/1917/1917
f 1918/1918/1918 1914/1914/1914 1853/1853/1853
f 1853/1853/1853 1849/1849/1849 1918/1918/1918
f 1919/1919/1919 1906/1906/1906 1916/1916/1916
f 1906/1906/1906 1919/1919/1919 1905/1905/1905
f 1920/1920/1920 1918/1918/1918 1849/1849/1849
f 1849/1849/1849 1845/1845/1845 1920/1920/1920
f 1921/1921/1921 1920/1920/1920 1845/1845/1845
f 1845/1845/1845 1841/1841/1841 1921/1921/1921
f 1920/1920/1920 1922/1922/1922 1918/1918/1918
f 1920/1920/1920 1921/1921/1921 1922/1922/1922
f 1918/1918/1918 1923/1923/1923 1914/1914/1914
f 1923/1923/1923 1918/1918/1918 1922/1922/1922
f 1924/1924/1924 1921/1921/1921 1841/1841/1841
f 1924/1924/1924 1841/1841/1841 1837/1837/1837
f 1925/1925/1925 1905/1905/1905 1919/1919/1919
f 1925/1925/1925 1909/1909/1909 1905/1905/1905
f 1926/1926/1926 1909/1909/1909 1925/1925/1925
f 1912/1912/1912 1909/1909/1909 1926/1926/1926
f 1927/1927/1927 1925/1925/1925 1919/1919/1919
f 1926/1926/1926 1925/1925/1925 1927/1927/1927
f 1912/1912/1912 1926/1926/1926 1928/1928/1928
f 1928/1928/1928 1917/1917/1917 1912/1912/1912
f 1929/1929/1929 1922/1922/1922 1921/1921/1921
f 1929/1929/1929 1921/1921/1921 1924/1924/1924
f 1930/1930/1930 1924/1924/1924 1837/1837/1837
f 1837/1837/1837 1832/1832/1832 1930/1930/1930
f 1927/1927/1927 1919/1919/1919 1931/1931/1931
f 1931/1931/1931 1919/1919/1919 1916/1916/1916
f 1926/1926/1926 1927/1927/1927 1932/1932/1932
f 1932/1932/1932 1928/1928/1928 1926/1926/1926
f 1924/1924/1924 1933/1933/1933 1929/1929/1929
f 1924/1924/1924 1930/1930/1930 1933/1933/1933
f 1934/1934/1934 1930/1930/1930 1832/1832/1832
f 1934/1934/1934 1832/1832/1832 1836/1836/1836
f 1930/1930/1930 1934/1934/1934 1935/1935/1935
f 1935/1935/1935 1933/1933/1933 1930/1930/1930
f 1934/1934/1934 1836/1836/1836 1936/1936/1936
f 1936/1936/1936 1935/1935/1935 1934/1934/1934
f 1931/1931/1931 1916/1916/1916 1937/1937/1937
f 1916/1916/1916 1915/1915/1915 1937/1937/1937
f 1938/1938/1938 1936/1936/1936 1836/1836/1836
f 1836/1836/1836 1831/1831/1831 1938/1938/1938
f 1937/1937/1937 1915/1915/1915 1939/1939/1939
f 1914/1914/1914 1939/1939/1939 1915/1915/1915
f 1939/1939/1939 1914/1914/1914 1923/1923/1923
f 1940/1940/1940 1938/1938/1938 1831/1831/1831
f 1831/1831/1831 1826/1826/1826 1940/1940/1940
f 1933/1933/1933 1935/1935/1935 1941/1941/1941
f 1935/1935/1935 1936/1936/1936 1942/1942/1942
f 1942/1942/1942 1941/1941/1941 1935/1935/1935
f 1936/1936/1936 1938/1938/1938 1943/1943/1943
f 1943/1943/1943 1942/1942/1942 1936/1936/1936
f 1938/1938/1938 1940/1940/1940 1944/1944/1944
f 1944/1944/1944 1943/1943/1943 1938/1938/1938
f 1941/1941/1941 1945/1945/1945 1933/1933/1933
f 1929/1929/1929 1933/1933/1933 1945/1945/1945
f 1945/1945/1945 1946/1946/1946 1929/1929/1929
f 1922/1922/1922 1929/1929/1929 1946/1946/1946
f 1946/1946/1946 1947/1947/1947 1922/1922/1922
f 1923/1923/1923 1922/1922/1922 1947/1947/1947
f 1947/1947/1947 1948/1948/1948 1923/1923/1923
f 1939/1939/1939 1923/1923/1923 1948/1948/1948
f 1948/1948/1948 1949/1949/1949 1939/1939/1939
f 1937/1937/1937 1939/1939/1939 1949/1949/1949
f 1949/1949/1949 1950/1950/1950 1937/1937/1937
f 1931/1931/1931 1937/1937/1937 1950/1950/1950
f 1950/1950/1950 1951/1951/1951 1931/1931/1931
f 1927/1927/1927 1931/1931/1931 1951/1951/1951
f 1951/1951/1951 1932/1932/1932 1927/1927/1927
f 1947/1947/1947 1946/1946/1946 1952/1952/1952
f 1947/1947/1947 1953/1953/1953 1948/1948/1948
f 1947/1947/1947 1952/1952/1952 1953/1953/1953
f 1949/1949/1949 1948/1948/1948 1954/1954/1954
f 1954/1954/1954 1948/1948/1948 1953/1953/1953
f 1949/1949/1949 1955/1955/1955 1950/1950/1950
f 1949/1949/1949 1954/1954/1954 1955/1955/1955
f 1951/1951/1951 1950/1950/1950 1956/1956/1956
f 1956/1956/1956 1950/1950/1950 1955/1955/1955
f 1951/1951/1951 1957/1957/1957 1932/1932/1932
f 1951/1951/1951 1956/1956/1956 1957/1957/1957
f 1946/1946/1946 1958/1958/1958 1952/1952/1952
f 1958/1958/1958 1946/1946/1946 1945/1945/1945
f 1959/1959/1959 1932/1932/1932 1957/1957/1957
f 1928/1928/1928 1932/1932/1932 1959/1959/1959
f 1953/1953/1953 1960/1960/1960 1954/1954/1954
f 1954/1954/1954 1961/1961/1961 1955/1955/1955
f 1961/1961/1961 1954/1954/1954 1960/1960/1960
f 1955/1955/1955 1962/1962/1962 1956/1956/1956
f 1962/1962/1962 1955/1955/1955 1961/1961/1961
f 1953/1953/1953 1952/1952/1952 1963/1963/1963
f 1953/1953/1953 1963/1963/1963 1960/1960/1960
f 1956/1956/1956 1964/1964/1964 1957/1957/1957
f 1964/1964/1964 1956/1956/1956 1962/1962/1962
f 1958/1958/1958 1965/1965/1965 1952/1952/1952
f 1963/1963/1963 1952/1952/1952 1965/1965/1965
f 1959/1959/1959 1957/1957/1957 1966/1966/1966
f 1966/1966/1966 1957/1957/1957 1964/1964/1964
f 1928/1928/1928 1959/1959/1959 1967/1967/1967
f 1959/1959/1959 1966/1966/1966 1968/1968/1968
f 1967/1967/1967 1959/1959/1959 1968/1968/1968
f 1966/1966/1966 1964/1964/1964 1969/1969/1969
f 1969/1969/1969 1968/1968/1968 1966/1966/1966
f 1964/1964/1964 1962/1962/1962 1970/1970/1970
f 1970/1970/1970 1969/1969/1969 1964/1964/1964
f 1967/1967/1967 1971/1971/1971 1928/1928/1928
f 1917/1917/1917 1928/1928/1928 1971/1971/1971
f 1967/1967/1967 1968/1968/1968 1972/1972/1972
f 1971/1971/1971 1967/1967/1967 1972/1972/1972
f 1971/1971/1971 1973/1973/1973 1917/1917/1917
f 1911/1911/1911 1917/1917/1917 1973/1973/1973
f 1974/1974/1974 1970/1970/1970 1962/1962/1962
f 1962/1962/1962 1961/1961/1961 1974/1974/1974
f 1968/1968/1968 1969/1969/1969 1975/1975/1975
f 1975/1975/1975 1972/1972/1972 1968/1968/1968
f 1971/1971/1971 1972/1972/1972 1976/1976/1976
f 1973/1973/1973 1971/1971/1971 1976/1976/1976
f 1973/1973/1973 1977/1977/1977 1911/1911/1911
f 1907/1907/1907 1911/1911/1911 1977/1977/1977
f 1978/1978/1978 1974/1974/1974 1961/1961/1961
f 1961/1961/1961 1960/1960/1960 1978/1978/1978
f 1972/1972/1972 1975/1975/1975 1979/1979/1979
f 1979/1979/1979 1976/1976/1976 1972/1972/1972
f 1973/1973/1973 1980/1980/1980 1977/1977/1977
f 1973/1973/1973 1976/1976/1976 1980/1980/1980
f 1977/1977/1977 1981/1981/1981 1907/1907/1907
f 1897/1897/1897 1907/1907/1907 1981/1981/1981
f 1982/1982/1982 1978/1978/1978 1960/1960/1960
f 1960/1960/1960 1963/1963/1963 1982/1982/1982
f 1983/1983/1983 1977/1977/1977 1980/1980/1980
f 1977/1977/1977 1983/1983/1983 1981/1981/1981
f 1984/1984/1984 1897/1897/1897 1981/1981/1981
f 1890/1890/1890 1897/1897/1897 1984/1984/1984
f 1891/1891/1891 1890/1890/1890 1984/1984/1984
f 1981/1981/1981 1985/1985/1985 1984/1984/1984
f 1985/1985/1985 1981/1981/1981 1983/1983/1983
f 1984/1984/1984 1986/1986/1986 1891/1891/1891
f 1986/1986/1986 1984/1984/1984 1985/1985/1985
f 1987/1987/1987 1891/1891/1891 1986/1986/1986
f 1988/1988/1988 1987/1987/1987 1986/1986/1986
f 1987/1987/1987 1988/1988/1988 1989/1989/1989
f 1985/1985/1985 1990/1990/1990 1986/1986/1986
f 1988/1988/1988 1986/1986/1986 1990/1990/1990
f 1985/1985/1985 1983/1983/1983 1991/1991/1991
f 1985/1985/1985 1991/1991/1991 1990/1990/1990
f 1992/1992/1992 1989/1989/1989 1988/1988/1988
f 1989/1989/1989 1992/1992/1992 1993/1993/1993
f 1990/1990/1990 1994/1994/1994 1988/1988/1988
f 1992/1992/1992 1988/1988/1988 1994/1994/1994
f 1994/1994/1994 1990/1990/1990 1991/1991/1991
f 1993/1993/1993 1992/1992/1992 1995/1995/1995
f 1992/1992/1992 1994/1994/1994 1995/1995/1995
f 1993/1993/1993 1995/1995/1995 1996/1996/1996
f 1997/1997/1997 1991/1991/1991 1983/1983/1983
f 1983/1983/1983 1980/1980/1980 1997/1997/1997
f 1991/1991/1991 1998/1998/1998 1994/1994/1994
f 1995/1995/1995 1994/1994/1994 1998/1998/1998
f 1991/1991/1991 1997/1997/1997 1998/1998/1998
f 1999/1999/1999 1996/1996/1996 1995/1995/1995
f 1995/1995/1995 1998/1998/1998 1999/1999/1999
f 1996/1996/1996 1999/1999/1999 2000/2000/2000
f 1997/1997/1997 1980/1980/1980 2001/2001/2001
f 2001/2001/2001 1998/1998/1998 1997/1997/1997
f 2002/2002/2002 2000/2000/2000 1999/1999/1999
f 2002/2002/2002 2003/2003/2003 2000/2000/2000
f 2003/2003/2003 2002/2002/2002 2004/2004/2004
f 2005/2005/2005 1999/1999/1999 1998/1998/1998
f 1999/1999/1999 2005/2005/2005 2002/2002/2002
f 1998/1998/1998 2001/2001/2001 2005/2005/2005
f 2002/2002/2002 2006/2006/2006 2004/2004/2004
f 2005/2005/2005 2006/2006/2006 2002/2002/2002
f 2007/2007/2007 2004/2004/2004 2006/2006/2006
f 2008/2008/2008 2001/2001/2001 1980/1980/1980
f 1980/1980/1980 1976/1976/1976 2008/2008/2008
f 2009/2009/2009 2005/2005/2005 2001/2001/2001
f 2005/2005/2005 2009/2009/2009 2006/2006/2006
f 2001/2001/2001 2008/2008/2008 2009/2009/2009
f 2006/2006/2006 2010/2010/2010 2007/2007/2007
f 2010/2010/2010 2006/2006/2006 2009/2009/2009
f 2011/2011/2011 2007/2007/2007 2010/2010/2010
f 2010/2010/2010 2012/2012/2012 2011/2011/2011
f 2013/2013/2013 2008/2008/2008 1976/1976/1976
f 1976/1976/1976 1979/1979/1979 2013/2013/2013
f 2014/2014/2014 2009/2009/2009 2008/2008/2008
f 2009/2009/2009 2014/2014/2014 2010/2010/2010
f 2008/2008/2008 2013/2013/2013 2014/2014/2014
f 2015/2015/2015 2012/2012/2012 2010/2010/2010
f 2015/2015/2015 2010/2010/2010 2014/2014/2014
f 2015/2015/2015 2016/2016/2016 2012/2012/2012
f 2017/2017/2017 2014/2014/2014 2013/2013/2013
f 2013/2013/2013 1979/1979/1979 2017/2017/2017
f 2014/2014/2014 2017/2017/2017 2015/2015/2015
f 2018/2018/2018 2016/2016/2016 2015/2015/2015
f 2018/2018/2018 2015/2015/2015 2017/2017/2017
f 2018/2018/2018 2019/2019/2019 2016/2016/2016
f 2020/2020/2020 2017/2017/2017 1979/1979/1979
f 2017/2017/2017 2020/2020/2020 2018/2018/2018
f 1979/1979/1979 1975/1975/1975 2020/2020/2020
f 2021/2021/2021 2019/2019/2019 2018/2018/2018
f 2021/2021/2021 2018/2018/2018 2020/2020/2020
f 2022/2022/2022 2020/2020/2020 1975/1975/1975
f 2020/2020/2020 2022/2022/2022 2021/2021/2021
f 1975/1975/1975 1969/1969/1969 2022/2022/2022
f 2021/2021/2021 2023/2023/2023 2019/2019/2019
f 2023/2023/2023 2021/2021/2021 2022/2022/2022
f 2024/2024/2024 2019/2019/2019 2023/2023/2023
f 2025/2025/2025 2022/2022/2022 1969/1969/1969
f 2022/2022/2022 2025/2025/2025 2023/2023/2023
f 1969/1969/1969 1970/1970/1970 2025/2025/2025
f 2023/2023/2023 2026/2026/2026 2024/2024/2024
f 2026/2026/2026 2023/2023/2023 2025/2025/2025
f 2027/2027/2027 2024/2024/2024 2026/2026/2026
f 2028/2028/2028 2025/2025/2025 1970/1970/1970
f 2025/2025/2025 2028/2028/2028 2026/2026/2026
f 1970/1970/1970 1974/1974/1974 2028/2028/2028
f 2026/2026/2026 2029/2029/2029 2027/2027/2027
f 2029/2029/2029 2026/2026/2026 2028/2028/2028
f 2030/2030/2030 2027/2027/2027 2029/2029/2029
f 2031/2031/2031 2028/2028/2028 1974/1974/1974
f 2028/2028/2028 2031/2031/2031 2029/2029/2029
f 1974/1974/1974 1978/1978/1978 2031/2031/2031
f 2029/2029/2029 2032/2032/2032 2030/2030/2030
f 2032/2032/2032 2029/2029/2029 2031/2031/2031
f 2033/2033/2033 2030/2030/2030 2032/2032/2032
f 2034/2034/2034 2031/2031/2031 1978/1978/1978
f 2031/2031/2031 2034/2034/2034 2032/2032/2032
f 1978/1978/1978 1982/1982/1982 2034/2034/2034
f 2032/2032/2032 2035/2035/2035 2033/2033/2033
f 2035/2035/2035 2032/2032/2032 2034/2034/2034
f 2036/2036/2036 2033/2033/2033 2035/2035/2035
f 2037/2037/2037 2034/2034/2034 1982/1982/1982
f 2034/2034/2034 2037/2037/2037 2035/2035/2035
f 2035/2035/2035 2038/2038/2038 2036/2036/2036
f 2038/2038/2038 2035/2035/2035 2037/2037/2037
f 2039/2039/2039 2036/2036/2036 2038/2038/2038
f 1982/1982/1982 2040/2040/2040 2037/2037/2037
f 2040/2040/2040 1982/1982/1982 1963/1963/1963
f 1963/1963/1963 1965/1965/1965 2040/2040/2040
f 2038/2038/2038 2041/2041/2041 2039/2039/2039
f 2042/2042/2042 2039/2039/2039 2041/2041/2041
f 2037/2037/2037 2043/2043/2043 2038/2038/2038
f 2043/2043/2043 2037/2037/2037 2040/2040/2040
f 2041/2041/2041 2038/2038/2038 2043/2043/2043
f 2044/2044/2044 2042/2042/2042 2041/2041/2041
f 2042/2042/2042 2044/2044/2044 2045/2045/2045
f 2040/2040/2040 2046/2046/2046 2043/2043/2043
f 2046/2046/2046 2040/2040/2040 1965/1965/1965
f 2043/2043/2043 2047/2047/2047 2041/2041/2041
f 2044/2044/2044 2041/2041/2041 2047/2047/2047
f 2047/2047/2047 2043/2043/2043 2046/2046/2046
f 2048/2048/2048 2045/2045/2045 2044/2044/2044
f 2048/2048/2048 2049/2049/2049 2045/2045/2045
f 2048/2048/2048 2044/2044/2044 2050/2050/2050
f 2047/2047/2047 2050/2050/2050 2044/2044/2044
f 2049/2049/2049 2048/2048/2048 2051/2051/2051
f 2051/2051/2051 2048/2048/2048 2050/2050/2050
f 2049/2049/2049 2051/2051/2051 2052/2052/2052
f 2053/2053/2053 2049/2049/2049 2052/2052/2052
f 2053/2053/2053 2052/2052/2052 2054/2054/2054
f 2053/2053/2053 2054/2054/2054 2055/2055/2055
f 2056/2056/2056 2055/2055/2055 2054/2054/2054
f 2056/2056/2056 2057/2057/2057 2055/2055/2055
f 2046/2046/2046 2058/2058/2058 2047/2047/2047
f 2059/2059/2059 2050/2050/2050 2047/2047/2047
f 2059/2059/2059 2047/2047/2047 2058/2058/2058
f 2060/2060/2060 2051/2051/2051 2050/2050/2050
f 2050/2050/2050 2059/2059/2059 2060/2060/2060
f 2052/2052/2052 2051/2051/2051 2061/2061/2061
f 2061/2061/2061 2051/2051/2051 2060/2060/2060
f 2054/2054/2054 2052/2052/2052 2062/2062/2062
f 2062/2062/2062 2052/2052/2052 2061/2061/2061
f 2063/2063/2063 2060/2060/2060 2059/2059/2059
f 2060/2060/2060 2063/2063/2063 2061/2061/2061
f 2063/2063/2063 2059/2059/2059 2064/2064/2064
f 2058/2058/2058 2064/2064/2064 2059/2059/2059
f 2065/2065/2065 2061/2061/2061 2063/2063/2063
f 2061/2061/2061 2065/2065/2065 2062/2062/2062
f 2063/2063/2063 2064/2064/2064 2065/2065/2065
f 2058/2058/2058 2046/2046/2046 2066/2066/2066
f 1965/1965/1965 2066/2066/2066 2046/2046/2046
f 2062/2062/2062 2067/2067/2067 2054/2054/2054
f 2056/2056/2056 2054/2054/2054 2067/2067/2067
f 2068/2068/2068 2062/2062/2062 2065/2065/2065
f 2067/2067/2067 2062/2062/2062 2068/2068/2068
f 2064/2064/2064 2058/2058/2058 2069/2069/2069
f 2066/2066/2066 2069/2069/2069 2058/2058/2058
f 2070/2070/2070 2066/2066/2066 1965/1965/1965
f 1958/1958/1958 2070/2070/2070 1965/1965/1965
f 2071/2071/2071 2065/2065/2065 2064/2064/2064
f 2065/2065/2065 2071/2071/2071 2068/2068/2068
f 2072/2072/2072 2069/2069/2069 2066/2066/2066
f 2070/2070/2070 2072/2072/2072 2066/2066/2066
f 2070/2070/2070 1958/1958/1958 2073/2073/2073
f 1945/1945/1945 2073/2073/2073 1958/1958/1958
f 2073/2073/2073 2074/2074/2074 2070/2070/2070
f 2073/2073/2073 1945/1945/1945 2074/2074/2074
f 2072/2072/2072 2070/2070/2070 2074/2074/2074
f 2074/2074/2074 1945/1945/1945 1941/1941/1941
f 2069/2069/2069 2075/2075/2075 2064/2064/2064
f 2071/2071/2071 2064/2064/2064 2075/2075/2075
f 2069/2069/2069 2072/2072/2072 2076/2076/2076
f 2076/2076/2076 2075/2075/2075 2069/2069/2069
f 2074/2074/2074 2077/2077/2077 2072/2072/2072
f 1941/1941/1941 2077/2077/2077 2074/2074/2074
f 2076/2076/2076 2072/2072/2072 2077/2077/2077
f 2077/2077/2077 1941/1941/1941 2078/2078/2078
f 2078/2078/2078 2076/2076/2076 2077/2077/2077
f 1941/1941/1941 1942/1942/1942 2078/2078/2078
f 2075/2075/2075 2076/2076/2076 2079/2079/2079
f 2076/2076/2076 2078/2078/2078 2079/2079/2079
f 2080/2080/2080 2078/2078/2078 1942/1942/1942
f 2078/2078/2078 2080/2080/2080 2079/2079/2079
f 1942/1942/1942 1943/1943/1943 2080/2080/2080
f 2075/2075/2075 2081/2081/2081 2071/2071/2071
f 2079/2079/2079 2081/2081/2081 2075/2075/2075
f 2082/2082/2082 2079/2079/2079 2080/2080/2080
f 2079/2079/2079 2082/2082/2082 2081/2081/2081
f 2083/2083/2083 2080/2080/2080 1943/1943/1943
f 2080/2080/2080 2083/2083/2083 2082/2082/2082
f 2084/2084/2084 2071/2071/2071 2081/2081/2081
f 2084/2084/2084 2068/2068/2068 2071/2071/2071
f 2083/2083/2083 1943/1943/1943 2085/2085/2085
f 1944/1944/1944 2085/2085/2085 1943/1943/1943
f 2086/2086/2086 2081/2081/2081 2082/2082/2082
f 2081/2081/2081 2086/2086/2086 2084/2084/2084
f 2087/2087/2087 2082/2082/2082 2083/2083/2083
f 2083/2083/2083 2085/2085/2085 2087/2087/2087
f 2082/2082/2082 2087/2087/2087 2086/2086/2086
f 2068/2068/2068 2084/2084/2084 2088/2088/2088
f 2067/2067/2067 2068/2068/2068 2088/2088/2088
f 2089/2089/2089 2084/2084/2084 2086/2086/2086
f 2089/2089/2089 2088/2088/2088 2084/2084/2084
f 2090/2090/2090 2086/2086/2086 2087/2087/2087
f 2086/2086/2086 2090/2090/2090 2089/2089/2089
f 2091/2091/2091 2087/2087/2087 2085/2085/2085
f 2090/2090/2090 2087/2087/2087 2091/2091/2091
f 1944/1944/1944 2092/2092/2092 2085/2085/2085
f 2085/2085/2085 2092/2092/2092 2091/2091/2091
f 2093/2093/2093 2067/2067/2067 2088/2088/2088
f 2067/2067/2067 2093/2093/2093 2056/2056/2056
f 2088/2088/2088 2089/2089/2089 2094/2094/2094
f 2094/2094/2094 2093/2093/2093 2088/2088/2088
f 2095/2095/2095 2089/2089/2089 2090/2090/2090
f 2090/2090/2090 2091/2091/2091 2095/2095/2095
f 2095/2095/2095 2094/2094/2094 2089/2089/2089
f 2093/2093/2093 2096/2096/2096 2056/2056/2056
f 2093/2093/2093 2094/2094/2094 2096/2096/2096
f 2095/2095/2095 2097/2097/2097 2094/2094/2094
f 2097/2097/2097 2095/2095/2095 2091/2091/2091
f 2096/2096/2096 2094/2094/2094 2097/2097/2097
f 2091/2091/2091 2098/2098/2098 2097/2097/2097
f 2098/2098/2098 2091/2091/2091 2092/2092/2092
f 1944/1944/1944 2099/2099/2099 2092/2092/2092
f 2099/2099/2099 1944/1944/1944 1940/1940/1940
f 2100/2100/2100 2056/2056/2056 2096/2096/2096
f 2100/2100/2100 2057/2057/2057 2056/2056/2056
f 2097/2097/2097 2101/2101/2101 2096/2096/2096
f 2101/2101/2101 2097/2097/2097 2098/2098/2098
f 2092/2092/2092 2102/2102/2102 2098/2098/2098
f 2099/2099/2099 2102/2102/2102 2092/2092/2092
f 1940/1940/1940 2103/2103/2103 2099/2099/2099
f 2103/2103/2103 1940/1940/1940 1826/1826/1826
f 2100/2100/2100 2104/2104/2104 2057/2057/2057
f 2105/2105/2105 2057/2057/2057 2104/2104/2104
f 2096/2096/2096 2106/2106/2106 2100/2100/2100
f 2106/2106/2106 2096/2096/2096 2101/2101/2101
f 2104/2104/2104 2100/2100/2100 2106/2106/2106
f 2098/2098/2098 2107/2107/2107 2101/2101/2101
f 2107/2107/2107 2098/2098/2098 2102/2102/2102
f 2099/2099/2099 2108/2108/2108 2102/2102/2102
f 2108/2108/2108 2099/2099/2099 2103/2103/2103
f 2103/2103/2103 1826/1826/1826 2109/2109/2109
f 2103/2103/2103 2109/2109/2109 2108/2108/2108
f 2109/2109/2109 1826/1826/1826 1821/1821/1821
f 2104/2104/2104 2110/2110/2110 2105/2105/2105
f 2111/2111/2111 2105/2105/2105 2110/2110/2110
f 2106/2106/2106 2112/2112/2112 2104/2104/2104
f 2110/2110/2110 2104/2104/2104 2112/2112/2112
f 2101/2101/2101 2113/2113/2113 2106/2106/2106
f 2113/2113/2113 2101/2101/2101 2107/2107/2107
f 2112/2112/2112 2106/2106/2106 2113/2113/2113
f 2102/2102/2102 2114/2114/2114 2107/2107/2107
f 2108/2108/2108 2114/2114/2114 2102/2102/2102
f 2109/2109/2109 1821/1821/1821 2115/2115/2115
f 2115/2115/2115 1821/1821/1821 1816/1816/1816
f 2116/2116/2116 2108/2108/2108 2109/2109/2109
f 2108/2108/2108 2116/2116/2116 2114/2114/2114
f 2109/2109/2109 2115/2115/2115 2116/2116/2116
f 2110/2110/2110 2117/2117/2117 2111/2111/2111
f 2118/2118/2118 2111/2111/2111 2117/2117/2117
f 2107/2107/2107 2119/2119/2119 2113/2113/2113
f 2119/2119/2119 2107/2107/2107 2114/2114/2114
f 2112/2112/2112 2120/2120/2120 2110/2110/2110
f 2117/2117/2117 2110/2110/2110 2120/2120/2120
f 2113/2113/2113 2121/2121/2121 2112/2112/2112
f 2121/2121/2121 2113/2113/2113 2119/2119/2119
f 2120/2120/2120 2112/2112/2112 2121/2121/2121
f 2116/2116/2116 2122/2122/2122 2114/2114/2114
f 2114/2114/2114 2122/2122/2122 2119/2119/2119
f 2123/2123/2123 2116/2116/2116 2115/2115/2115
f 2116/2116/2116 2123/2123/2123 2122/2122/2122
f 2117/2117/2117 2124/2124/2124 2118/2118/2118
f 2125/2125/2125 2118/2118/2118 2124/2124/2124
f 2119/2119/2119 2126/2126/2126 2121/2121/2121
f 2126/2126/2126 2119/2119/2119 2122/2122/2122
f 2120/2120/2120 2127/2127/2127 2117/2117/2117
f 2124/2124/2124 2117/2117/2117 2127/2127/2127
f 2121/2121/2121 2128/2128/2128 2120/2120/2120
f 2128/2128/2128 2121/2121/2121 2126/2126/2126
f 2127/2127/2127 2120/2120/2120 2128/2128/2128
f 2124/2124/2124 2129/2129/2129 2125/2125/2125
f 2130/2130/2130 2125/2125/2125 2129/2129/2129
f 2122/2122/2122 2131/2131/2131 2126/2126/2126
f 2123/2123/2123 2131/2131/2131 2122/2122/2122
f 2126/2126/2126 2132/2132/2132 2128/2128/2128
f 2132/2132/2132 2126/2126/2126 2131/2131/2131
f 2128/2128/2128 2133/2133/2133 2127/2127/2127
f 2133/2133/2133 2128/2128/2128 2132/2132/2132
f 2127/2127/2127 2134/2134/2134 2124/2124/2124
f 2129/2129/2129 2124/2124/2124 2134/2134/2134
f 2134/2134/2134 2127/2127/2127 2133/2133/2133
f 2129/2129/2129 2135/2135/2135 2130/2130/2130
f 2136/2136/2136 2130/2130/2130 2135/2135/2135
f 2134/2134/2134 2137/2137/2137 2129/2129/2129
f 2135/2135/2135 2129/2129/2129 2137/2137/2137
f 2133/2133/2133 2138/2138/2138 2134/2134/2134
f 2137/2137/2137 2134/2134/2134 2138/2138/2138
f 2132/2132/2132 2139/2139/2139 2133/2133/2133
f 2138/2138/2138 2133/2133/2133 2139/2139/2139
f 2131/2131/2131 2140/2140/2140 2132/2132/2132
f 2139/2139/2139 2132/2132/2132 2140/2140/2140
f 2135/2135/2135 2141/2141/2141 2136/2136/2136
f 2142/2142/2142 2136/2136/2136 2141/2141/2141
f 2141/2141/2141 2143/2143/2143 2142/2142/2142
f 2143/2143/2143 2141/2141/2141 2144/2144/2144
f 2141/2141/2141 2135/2135/2135 2145/2145/2145
f 2137/2137/2137 2145/2145/2145 2135/2135/2135
f 2145/2145/2145 2144/2144/2144 2141/2141/2141
f 2138/2138/2138 2146/2146/2146 2137/2137/2137
f 2145/2145/2145 2137/2137/2137 2146/2146/2146
f 2144/2144/2144 2145/2145/2145 2147/2147/2147
f 2146/2146/2146 2147/2147/2147 2145/2145/2145
f 2147/2147/2147 2148/2148/2148 2144/2144/2144
f 2148/2148/2148 2147/2147/2147 1810/1810/1810
f 2149/2149/2149 1810/1810/1810 2147/2147/2147
f 2147/2147/2147 2146/2146/2146 2149/2149/2149
f 1810/1810/1810 2149/2149/2149 1809/1809/1809
f 2146/2146/2146 2138/2138/2138 2150/2150/2150
f 2150/2150/2150 2149/2149/2149 2146/2146/2146
f 2139/2139/2139 2150/2150/2150 2138/2138/2138
f 2151/2151/2151 1809/1809/1809 2149/2149/2149
f 2149/2149/2149 2150/2150/2150 2151/2151/2151
f 2150/2150/2150 2139/2139/2139 2152/2152/2152
f 2152/2152/2152 2151/2151/2151 2150/2150/2150
f 2140/2140/2140 2152/2152/2152 2139/2139/2139
f 2151/2151/2151 2153/2153/2153 1809/1809/1809
f 2151/2151/2151 2152/2152/2152 2153/2153/2153
f 1802/1802/1802 1809/1809/1809 2153/2153/2153
f 2153/2153/2153 2154/2154/2154 1802/1802/1802
f 1794/1794/1794 1802/1802/1802 2154/2154/2154
f 2154/2154/2154 1788/1788/1788 1794/1794/1794
f 1797/1797/1797 1788/1788/1788 2154/2154/2154
f 2155/2155/2155 1797/1797/1797 2154/2154/2154
f 2155/2155/2155 2154/2154/2154 2153/2153/2153
f 1804/1804/1804 1797/1797/1797 2155/2155/2155
f 2156/2156/2156 2153/2153/2153 2152/2152/2152
f 2156/2156/2156 2155/2155/2155 2153/2153/2153
f 2157/2157/2157 2156/2156/2156 2152/2152/2152
f 2157/2157/2157 2152/2152/2152 2140/2140/2140
f 2156/2156/2156 2157/2157/2157 2155/2155/2155
f 2158/2158/2158 1804/1804/1804 2155/2155/2155
f 2158/2158/2158 2155/2155/2155 2157/2157/2157
f 1811/1811/1811 1804/1804/1804 2158/2158/2158
f 2159/2159/2159 2157/2157/2157 2140/2140/2140
f 2157/2157/2157 2159/2159/2159 2158/2158/2158
f 2131/2131/2131 2159/2159/2159 2140/2140/2140
f 2123/2123/2123 2159/2159/2159 2131/2131/2131
f 2160/2160/2160 1811/1811/1811 2158/2158/2158
f 2160/2160/2160 2158/2158/2158 2159/2159/2159
f 2159/2159/2159 2123/2123/2123 2160/2160/2160
f 2160/2160/2160 1816/1816/1816 1811/1811/1811
f 2115/2115/2115 2160/2160/2160 2123/2123/2123
f 2115/2115/2115 1816/1816/1816 2160/2160/2160
f 2163/2163/2163 2162/2162/2162 2161/2161/2161
f 2161/2161/2161 2164/2164/2164 2163/2163/2163
f 2165/2165/2165 2161/2161/2161 2162/2162/2162
f 2166/2166/2166 2165/2165/2165 2162/2162/2162
f 2167/2167/2167 2166/2166/2166 2162/2162/2162
f 2168/2168/2168 2166/2166/2166 2167/2167/2167
f 2161/2161/2161 2165/2165/2165 2169/2169/2169
f 2166/2166/2166 2169/2169/2169 2165/2165/2165
f 2164/2164/2164 2161/2161/2161 2170/2170/2170
f 2170/2170/2170 2161/2161/2161 2169/2169/2169
f 2166/2166/2166 2168/2168/2168 2171/2171/2171
f 2166/2166/2166 2171/2171/2171 2169/2169/2169
f 2170/2170/2170 2169/2169/2169 2172/2172/2172
f 2173/2173/2173 2164/2164/2164 2170/2170/2170
f 2173/2173/2173 2170/2170/2170 2172/2172/2172
f 2169/2169/2169 2171/2171/2171 2174/2174/2174
f 2174/2174/2174 2172/2172/2172 2169/2169/2169
f 2171/2171/2171 2168/2168/2168 2175/2175/2175
f 2176/2176/2176 2174/2174/2174 2171/2171/2171
f 2171/2171/2171 2175/2175/2175 2176/2176/2176
f 2174/2174/2174 2177/2177/2177 2172/2172/2172
f 2174/2174/2174 2176/2176/2176 2177/2177/2177
f 2168/2168/2168 2178/2178/2178 2175/2175/2175
f 2178/2178/2178 2168/2168/2168 2179/2179/2179
f 2179/2179/2179 2180/2180/2180 2178/2178/2178
f 2181/2181/2181 2164/2164/2164 2173/2173/2173
f 2172/2172/2172 2182/2182/2182 2173/2173/2173
f 2173/2173/2173 2182/2182/2182 2181/2181/2181
f 2183/2183/2183 2172/2172/2172 2177/2177/2177
f 2182/2182/2182 2172/2172/2172 2183/2183/2183
f 2164/2164/2164 2181/2181/2181 2184/2184/2184
f 2164/2164/2164 2184/2184/2184 2185/2185/2185
f 2185/2185/2185 2184/2184/2184 2186/2186/2186
f 2182/2182/2182 2187/2187/2187 2181/2181/2181
f 2184/2184/2184 2181/2181/2181 2188/2188/2188
f 2181/2181/2181 2187/2187/2187 2188/2188/2188
f 2184/2184/2184 2189/2189/2189 2186/2186/2186
f 2184/2184/2184 2188/2188/2188 2189/2189/2189
f 2186/2186/2186 2189/2189/2189 2190/2190/2190
f 2188/2188/2188 2190/2190/2190 2189/2189/2189
f 2190/2190/2190 2191/2191/2191 2186/2186/2186
f 2191/2191/2191 2190/2190/2190 2192/2192/2192
f 2190/2190/2190 2193/2193/2193 2192/2192/2192
f 2193/2193/2193 2190/2190/2190 2188/2188/2188
f 2194/2194/2194 2192/2192/2192 2193/2193/2193
f 2193/2193/2193 2188/2188/2188 2195/2195/2195
f 2195/2195/2195 2188/2188/2188 2187/2187/2187
f 2193/2193/2193 2196/2196/2196 2194/2194/2194
f 2193/2193/2193 2195/2195/2195 2196/2196/2196
f 2197/2197/2197 2194/2194/2194 2196/2196/2196
f 2197/2197/2197 2196/2196/2196 2198/2198/2198
f 2187/2187/2187 2182/2182/2182 2199/2199/2199
f 2199/2199/2199 2182/2182/2182 2183/2183/2183
f 2199/2199/2199 2200/2200/2200 2187/2187/2187
f 2187/2187/2187 2200/2200/2200 2195/2195/2195
f 2183/2183/2183 2200/2200/2200 2199/2199/2199
f 2201/2201/2201 2196/2196/2196 2195/2195/2195
f 2201/2201/2201 2195/2195/2195 2200/2200/2200
f 2202/2202/2202 2198/2198/2198 2196/2196/2196
f 2202/2202/2202 2196/2196/2196 2201/2201/2201
f 2183/2183/2183 2203/2203/2203 2200/2200/2200
f 2200/2200/2200 2203/2203/2203 2201/2201/2201
f 2202/2202/2202 2204/2204/2204 2198/2198/2198
f 2205/2205/2205 2198/2198/2198 2204/2204/2204
f 2205/2205/2205 2204/2204/2204 2206/2206/2206
f 2201/2201/2201 2207/2207/2207 2202/2202/2202
f 2207/2207/2207 2201/2201/2201 2203/2203/2203
f 2204/2204/2204 2202/2202/2202 2207/2207/2207
f 2208/2208/2208 2206/2206/2206 2204/2204/2204
f 2206/2206/2206 2208/2208/2208 2209/2209/2209
f 2204/2204/2204 2207/2207/2207 2210/2210/2210
f 2203/2203/2203 2210/2210/2210 2207/2207/2207
f 2208/2208/2208 2204/2204/2204 2210/2210/2210
f 2203/2203/2203 2183/2183/2183 2211/2211/2211
f 2177/2177/2177 2211/2211/2211 2183/2183/2183
f 2210/2210/2210 2203/2203/2203 2212/2212/2212
f 2211/2211/2211 2212/2212/2212 2203/2203/2203
f 2213/2213/2213 2211/2211/2211 2177/2177/2177
f 2213/2213/2213 2177/2177/2177 2176/2176/2176
f 2212/2212/2212 2211/2211/2211 2214/2214/2214
f 2211/2211/2211 2213/2213/2213 2214/2214/2214
f 2215/2215/2215 2213/2213/2213 2176/2176/2176
f 2215/2215/2215 2176/2176/2176 2175/2175/2175
f 2216/2216/2216 2209/2209/2209 2208/2208/2208
f 2217/2217/2217 2208/2208/2208 2210/2210/2210
f 2216/2216/2216 2208/2208/2208 2217/2217/2217
f 2209/2209/2209 2216/2216/2216 2218/2218/2218
f 2219/2219/2219 2209/2209/2209 2218/2218/2218
f 2219/2219/2219 2218/2218/2218 2220/2220/2220
f 2212/2212/2212 2221/2221/2221 2210/2210/2210
f 2217/2217/2217 2210/2210/2210 2221/2221/2221
f 2221/2221/2221 2212/2212/2212 2222/2222/2222
f 2221/2221/2221 2223/2223/2223 2217/2217/2217
f 2217/2217/2217 2224/2224/2224 2216/2216/2216
f 2218/2218/2218 2216/2216/2216 2224/2224/2224
f 2224/2224/2224 2217/2217/2217 2223/2223/2223
f 2225/2225/2225 2220/2220/2220 2218/2218/2218
f 2220/2220/2220 2225/2225/2225 2226/2226/2226
f 2224/2224/2224 2227/2227/2227 2218/2218/2218
f 2225/2225/2225 2218/2218/2218 2227/2227/2227
f 2212/2212/2212 2228/2228/2228 2222/2222/2222
f 2228/2228/2228 2212/2212/2212 2214/2214/2214
f 2221/2221/2221 2229/2229/2229 2223/2223/2223
f 2221/2221/2221 2222/2222/2222 2229/2229/2229
f 2230/2230/2230 2226/2226/2226 2225/2225/2225
f 2226/2226/2226 2230/2230/2230 2231/2231/2231
f 2232/2232/2232 2231/2231/2231 2230/2230/2230
f 2231/2231/2231 2232/2232/2232 2233/2233/2233
f 2230/2230/2230 2225/2225/2225 2234/2234/2234
f 2230/2230/2230 2234/2234/2234 2232/2232/2232
f 2225/2225/2225 2227/2227/2227 2235/2235/2235
f 2234/2234/2234 2225/2225/2225 2235/2235/2235
f 2228/2228/2228 2214/2214/2214 2236/2236/2236
f 2237/2237/2237 2236/2236/2236 2214/2214/2214
f 2237/2237/2237 2214/2214/2214 2213/2213/2213
f 2237/2237/2237 2213/2213/2213 2238/2238/2238
f 2213/2213/2213 2215/2215/2215 2238/2238/2238
f 2215/2215/2215 2239/2239/2239 2238/2238/2238
f 2237/2237/2237 2238/2238/2238 2239/2239/2239
f 2239/2239/2239 2215/2215/2215 2175/2175/2175
f 2237/2237/2237 2240/2240/2240 2236/2236/2236
f 2240/2240/2240 2237/2237/2237 2239/2239/2239
f 2241/2241/2241 2239/2239/2239 2175/2175/2175
f 2241/2241/2241 2175/2175/2175 2178/2178/2178
f 2241/2241/2241 2242/2242/2242 2239/2239/2239
f 2241/2241/2241 2178/2178/2178 2242/2242/2242
f 2240/2240/2240 2239/2239/2239 2242/2242/2242
f 2243/2243/2243 2242/2242/2242 2178/2178/2178
f 2243/2243/2243 2178/2178/2178 2180/2180/2180
f 2244/2244/2244 2243/2243/2243 2180/2180/2180
f 2243/2243/2243 2244/2244/2244 2242/2242/2242
f 2245/2245/2245 2244/2244/2244 2180/2180/2180
f 2246/2246/2246 2244/2244/2244 2245/2245/2245
f 2247/2247/2247 2242/2242/2242 2244/2244/2244
f 2242/2242/2242 2247/2247/2247 2240/2240/2240
f 2244/2244/2244 2246/2246/2246 2247/2247/2247
f 2240/2240/2240 2248/2248/2248 2236/2236/2236
f 2248/2248/2248 2240/2240/2240 2247/2247/2247
f 2249/2249/2249 2247/2247/2247 2246/2246/2246
f 2247/2247/2247 2249/2249/2249 2248/2248/2248
f 2250/2250/2250 2236/2236/2236 2248/2248/2248
f 2236/2236/2236 2250/2250/2250 2228/2228/2228
f 2251/2251/2251 2248/2248/2248 2249/2249/2249
f 2248/2248/2248 2251/2251/2251 2250/2250/2250
f 2249/2249/2249 2246/2246/2246 2252/2252/2252
f 2249/2249/2249 2252/2252/2252 2251/2251/2251
f 2253/2253/2253 2228/2228/2228 2250/2250/2250
f 2254/2254/2254 2253/2253/2253 2250/2250/2250
f 2253/2253/2253 2222/2222/2222 2228/2228/2228
f 2255/2255/2255 2250/2250/2250 2251/2251/2251
f 2250/2250/2250 2255/2255/2255 2254/2254/2254
f 2255/2255/2255 2251/2251/2251 2254/2254/2254
f 2256/2256/2256 2252/2252/2252 2246/2246/2246
f 2256/2256/2256 2246/2246/2246 2257/2257/2257
f 2257/2257/2257 2258/2258/2258 2256/2256/2256
f 2259/2259/2259 2251/2251/2251 2252/2252/2252
f 2251/2251/2251 2259/2259/2259 2254/2254/2254
f 2252/2252/2252 2256/2256/2256 2260/2260/2260
f 2252/2252/2252 2260/2260/2260 2259/2259/2259
f 2261/2261/2261 2256/2256/2256 2258/2258/2258
f 2261/2261/2261 2260/2260/2260 2256/2256/2256
f 2258/2258/2258 2262/2262/2262 2261/2261/2261
f 2261/2261/2261 2262/2262/2262 2260/2260/2260
f 2263/2263/2263 2262/2262/2262 2258/2258/2258
f 2264/2264/2264 2262/2262/2262 2263/2263/2263
f 2265/2265/2265 2259/2259/2259 2260/2260/2260
f 2259/2259/2259 2265/2265/2265 2254/2254/2254
f 2266/2266/2266 2260/2260/2260 2262/2262/2262
f 2262/2262/2262 2264/2264/2264 2266/2266/2266
f 2260/2260/2260 2266/2266/2266 2265/2265/2265
f 2267/2267/2267 2254/2254/2254 2265/2265/2265
f 2268/2268/2268 2265/2265/2265 2266/2266/2266
f 2265/2265/2265 2268/2268/2268 2267/2267/2267
f 2269/2269/2269 2266/2266/2266 2264/2264/2264
f 2266/2266/2266 2269/2269/2269 2268/2268/2268
f 2254/2254/2254 2267/2267/2267 2270/2270/2270
f 2253/2253/2253 2254/2254/2254 2270/2270/2270
f 2270/2270/2270 2222/2222/2222 2253/2253/2253
f 2267/2267/2267 2271/2271/2271 2270/2270/2270
f 2271/2271/2271 2267/2267/2267 2268/2268/2268
f 2272/2272/2272 2222/2222/2222 2270/2270/2270
f 2272/2272/2272 2270/2270/2270 2271/2271/2271
f 2273/2273/2273 2269/2269/2269 2264/2264/2264
f 2273/2273/2273 2264/2264/2264 2274/2274/2274
f 2274/2274/2274 2275/2275/2275 2273/2273/2273
f 2222/2222/2222 2272/2272/2272 2276/2276/2276
f 2222/2222/2222 2276/2276/2276 2229/2229/2229
f 2277/2277/2277 2271/2271/2271 2268/2268/2268
f 2268/2268/2268 2269/2269/2269 2278/2278/2278
f 2278/2278/2278 2277/2277/2277 2268/2268/2268
f 2269/2269/2269 2273/2273/2273 2279/2279/2279
f 2269/2269/2269 2279/2279/2279 2278/2278/2278
f 2280/2280/2280 2273/2273/2273 2275/2275/2275
f 2273/2273/2273 2280/2280/2280 2279/2279/2279
f 2281/2281/2281 2271/2271/2271 2277/2277/2277
f 2281/2281/2281 2272/2272/2272 2271/2271/2271
f 2278/2278/2278 2282/2282/2282 2277/2277/2277
f 2282/2282/2282 2278/2278/2278 2279/2279/2279
f 2281/2281/2281 2277/2277/2277 2282/2282/2282
f 2283/2283/2283 2280/2280/2280 2275/2275/2275
f 2284/2284/2284 2283/2283/2283 2275/2275/2275
f 2284/2284/2284 2285/2285/2285 2283/2283/2283
f 2286/2286/2286 2279/2279/2279 2280/2280/2280
f 2279/2279/2279 2286/2286/2286 2282/2282/2282
f 2280/2280/2280 2283/2283/2283 2286/2286/2286
f 2282/2282/2282 2287/2287/2287 2281/2281/2281
f 2287/2287/2287 2282/2282/2282 2286/2286/2286
f 2288/2288/2288 2286/2286/2286 2283/2283/2283
f 2288/2288/2288 2283/2283/2283 2285/2285/2285
f 2288/2288/2288 2287/2287/2287 2286/2286/2286
f 2285/2285/2285 2289/2289/2289 2288/2288/2288
f 2287/2287/2287 2288/2288/2288 2289/2289/2289
f 2289/2289/2289 2285/2285/2285 2290/2290/2290
f 2291/2291/2291 2281/2281/2281 2287/2287/2287
f 2287/2287/2287 2289/2289/2289 2291/2291/2291
f 2281/2281/2281 2291/2291/2291 2272/2272/2272
f 2289/2289/2289 2290/2290/2290 2292/2292/2292
f 2292/2292/2292 2291/2291/2291 2289/2289/2289
f 2293/2293/2293 2292/2292/2292 2290/2290/2290
f 2293/2293/2293 2294/2294/2294 2292/2292/2292
f 2295/2295/2295 2272/2272/2272 2291/2291/2291
f 2292/2292/2292 2295/2295/2295 2291/2291/2291
f 2295/2295/2295 2292/2292/2292 2294/2294/2294
f 2294/2294/2294 2296/2296/2296 2295/2295/2295
f 2276/2276/2276 2272/2272/2272 2295/2295/2295
f 2276/2276/2276 2295/2295/2295 2296/2296/2296
f 2296/2296/2296 2297/2297/2297 2276/2276/2276
f 2298/2298/2298 2276/2276/2276 2297/2297/2297
f 2298/2298/2298 2229/2229/2229 2276/2276/2276
f 2298/2298/2298 2297/2297/2297 2299/2299/2299
f 2299/2299/2299 2297/2297/2297 2300/2300/2300
f 2299/2299/2299 2300/2300/2300 2301/2301/2301
f 2301/2301/2301 2300/2300/2300 2302/2302/2302
f 2301/2301/2301 2302/2302/2302 2303/2303/2303
f 2304/2304/2304 2303/2303/2303 2302/2302/2302
f 2305/2305/2305 2303/2303/2303 2304/2304/2304
f 2229/2229/2229 2298/2298/2298 2306/2306/2306
f 2306/2306/2306 2298/2298/2298 2299/2299/2299
f 2306/2306/2306 2223/2223/2223 2229/2229/2229
f 2306/2306/2306 2299/2299/2299 2307/2307/2307
f 2306/2306/2306 2307/2307/2307 2223/2223/2223
f 2308/2308/2308 2299/2299/2299 2301/2301/2301
f 2308/2308/2308 2307/2307/2307 2299/2299/2299
f 2309/2309/2309 2303/2303/2303 2305/2305/2305
f 2310/2310/2310 2309/2309/2309 2305/2305/2305
f 2311/2311/2311 2310/2310/2310 2305/2305/2305
f 2311/2311/2311 2312/2312/2312 2310/2310/2310
f 2310/2310/2310 2312/2312/2312 2313/2313/2313
f 2310/2310/2310 2313/2313/2313 2314/2314/2314
f 2310/2310/2310 2315/2315/2315 2309/2309/2309
f 2310/2310/2310 2314/2314/2314 2315/2315/2315
f 2309/2309/2309 2316/2316/2316 2303/2303/2303
f 2309/2309/2309 2315/2315/2315 2316/2316/2316
f 2315/2315/2315 2314/2314/2314 2317/2317/2317
f 2318/2318/2318 2317/2317/2317 2314/2314/2314
f 2318/2318/2318 2319/2319/2319 2317/2317/2317
f 2320/2320/2320 2317/2317/2317 2319/2319/2319
f 2319/2319/2319 2321/2321/2321 2320/2320/2320
f 2322/2322/2322 2320/2320/2320 2321/2321/2321
f 2320/2320/2320 2322/2322/2322 2323/2323/2323
f 2320/2320/2320 2323/2323/2323 2317/2317/2317
f 2324/2324/2324 2323/2323/2323 2322/2322/2322
f 2317/2317/2317 2325/2325/2325 2315/2315/2315
f 2325/2325/2325 2317/2317/2317 2323/2323/2323
f 2323/2323/2323 2324/2324/2324 2326/2326/2326
f 2323/2323/2323 2326/2326/2326 2325/2325/2325
f 2327/2327/2327 2326/2326/2326 2324/2324/2324
f 2315/2315/2315 2325/2325/2325 2328/2328/2328
f 2328/2328/2328 2316/2316/2316 2315/2315/2315
f 2329/2329/2329 2325/2325/2325 2326/2326/2326
f 2329/2329/2329 2328/2328/2328 2325/2325/2325
f 2327/2327/2327 2330/2330/2330 2326/2326/2326
f 2326/2326/2326 2330/2330/2330 2329/2329/2329
f 2331/2331/2331 2328/2328/2328 2329/2329/2329
f 2331/2331/2331 2329/2329/2329 2330/2330/2330
f 2330/2330/2330 2327/2327/2327 2332/2332/2332
f 2330/2330/2330 2332/2332/2332 2331/2331/2331
f 2333/2333/2333 2332/2332/2332 2327/2327/2327
f 2331/2331/2331 2334/2334/2334 2328/2328/2328
f 2316/2316/2316 2328/2328/2328 2334/2334/2334
f 2331/2331/2331 2335/2335/2335 2334/2334/2334
f 2332/2332/2332 2335/2335/2335 2331/2331/2331
f 2332/2332/2332 2333/2333/2333 2336/2336/2336
f 2337/2337/2337 2336/2336/2336 2333/2333/2333
f 2334/2334/2334 2338/2338/2338 2316/2316/2316
f 2334/2334/2334 2335/2335/2335 2338/2338/2338
f 2335/2335/2335 2332/2332/2332 2339/2339/2339
f 2336/2336/2336 2339/2339/2339 2332/2332/2332
f 2336/2336/2336 2337/2337/2337 2340/2340/2340
f 2337/2337/2337 2341/2341/2341 2340/2340/2340
f 2340/2340/2340 2342/2342/2342 2336/2336/2336
f 2339/2339/2339 2336/2336/2336 2342/2342/2342
f 2335/2335/2335 2339/2339/2339 2343/2343/2343
f 2335/2335/2335 2343/2343/2343 2338/2338/2338
f 2316/2316/2316 2338/2338/2338 2344/2344/2344
f 2344/2344/2344 2303/2303/2303 2316/2316/2316
f 2344/2344/2344 2338/2338/2338 2345/2345/2345
f 2344/2344/2344 2345/2345/2345 2303/2303/2303
f 2343/2343/2343 2345/2345/2345 2338/2338/2338
f 2301/2301/2301 2303/2303/2303 2345/2345/2345
f 2343/2343/2343 2339/2339/2339 2346/2346/2346
f 2346/2346/2346 2345/2345/2345 2343/2343/2343
f 2345/2345/2345 2346/2346/2346 2301/2301/2301
f 2342/2342/2342 2346/2346/2346 2339/2339/2339
f 2347/2347/2347 2301/2301/2301 2346/2346/2346
f 2346/2346/2346 2342/2342/2342 2347/2347/2347
f 2308/2308/2308 2301/2301/2301 2347/2347/2347
f 2340/2340/2340 2348/2348/2348 2342/2342/2342
f 2348/2348/2348 2340/2340/2340 2341/2341/2341
f 2349/2349/2349 2347/2347/2347 2342/2342/2342
f 2349/2349/2349 2342/2342/2342 2348/2348/2348
f 2347/2347/2347 2350/2350/2350 2308/2308/2308
f 2347/2347/2347 2349/2349/2349 2350/2350/2350
f 2307/2307/2307 2308/2308/2308 2350/2350/2350
f 2348/2348/2348 2341/2341/2341 2351/2351/2351
f 2352/2352/2352 2351/2351/2351 2341/2341/2341
f 2351/2351/2351 2352/2352/2352 2353/2353/2353
f 2349/2349/2349 2348/2348/2348 2354/2354/2354
f 2351/2351/2351 2354/2354/2354 2348/2348/2348
f 2349/2349/2349 2355/2355/2355 2350/2350/2350
f 2307/2307/2307 2350/2350/2350 2355/2355/2355
f 2355/2355/2355 2349/2349/2349 2354/2354/2354
f 2351/2351/2351 2353/2353/2353 2356/2356/2356
f 2351/2351/2351 2356/2356/2356 2354/2354/2354
f 2355/2355/2355 2357/2357/2357 2307/2307/2307
f 2357/2357/2357 2223/2223/2223 2307/2307/2307
f 2354/2354/2354 2358/2358/2358 2355/2355/2355
f 2358/2358/2358 2354/2354/2354 2356/2356/2356
f 2356/2356/2356 2353/2353/2353 2359/2359/2359
f 2360/2360/2360 2359/2359/2359 2353/2353/2353
f 2357/2357/2357 2361/2361/2361 2223/2223/2223
f 2224/2224/2224 2223/2223/2223 2361/2361/2361
f 2361/2361/2361 2227/2227/2227 2224/2224/2224
f 2355/2355/2355 2362/2362/2362 2357/2357/2357
f 2361/2361/2361 2357/2357/2357 2362/2362/2362
f 2362/2362/2362 2355/2355/2355 2358/2358/2358
f 2227/2227/2227 2361/2361/2361 2363/2363/2363
f 2362/2362/2362 2363/2363/2363 2361/2361/2361
f 2363/2363/2363 2362/2362/2362 2358/2358/2358
f 2363/2363/2363 2235/2235/2235 2227/2227/2227
f 2358/2358/2358 2356/2356/2356 2364/2364/2364
f 2358/2358/2358 2364/2364/2364 2363/2363/2363
f 2235/2235/2235 2363/2363/2363 2364/2364/2364
f 2359/2359/2359 2364/2364/2364 2356/2356/2356
f 2235/2235/2235 2364/2364/2364 2365/2365/2365
f 2235/2235/2235 2365/2365/2365 2234/2234/2234
f 2364/2364/2364 2359/2359/2359 2366/2366/2366
f 2366/2366/2366 2365/2365/2365 2364/2364/2364
f 2365/2365/2365 2366/2366/2366 2367/2367/2367
f 2368/2368/2368 2366/2366/2366 2359/2359/2359
f 2366/2366/2366 2368/2368/2368 2367/2367/2367
f 2359/2359/2359 2360/2360/2360 2368/2368/2368
f 2368/2368/2368 2360/2360/2360 2369/2369/2369
f 2369/2369/2369 2367/2367/2367 2368/2368/2368
f 2370/2370/2370 2369/2369/2369 2360/2360/2360
f 2370/2370/2370 2371/2371/2371 2369/2369/2369
f 2372/2372/2372 2234/2234/2234 2365/2365/2365
f 2372/2372/2372 2365/2365/2365 2367/2367/2367
f 2373/2373/2373 2369/2369/2369 2371/2371/2371
f 2369/2369/2369 2373/2373/2373 2367/2367/2367
f 2234/2234/2234 2372/2372/2372 2374/2374/2374
f 2374/2374/2374 2232/2232/2232 2234/2234/2234
f 2375/2375/2375 2232/2232/2232 2374/2374/2374
f 2371/2371/2371 2376/2376/2376 2373/2373/2373
f 2376/2376/2376 2371/2371/2371 2377/2377/2377
f 2378/2378/2378 2372/2372/2372 2367/2367/2367
f 2378/2378/2378 2374/2374/2374 2372/2372/2372
f 2379/2379/2379 2367/2367/2367 2373/2373/2373
f 2378/2378/2378 2367/2367/2367 2379/2379/2379
f 2376/2376/2376 2379/2379/2379 2373/2373/2373
f 2379/2379/2379 2380/2380/2380 2378/2378/2378
f 2374/2374/2374 2378/2378/2378 2380/2380/2380
f 2379/2379/2379 2376/2376/2376 2380/2380/2380
f 2381/2381/2381 2376/2376/2376 2377/2377/2377
f 2381/2381/2381 2380/2380/2380 2376/2376/2376
f 2381/2381/2381 2377/2377/2377 2382/2382/2382
f 2383/2383/2383 2374/2374/2374 2380/2380/2380
f 2380/2380/2380 2381/2381/2381 2383/2383/2383
f 2374/2374/2374 2383/2383/2383 2375/2375/2375
f 2384/2384/2384 2381/2381/2381 2382/2382/2382
f 2384/2384/2384 2383/2383/2383 2381/2381/2381
f 2385/2385/2385 2384/2384/2384 2382/2382/2382
f 2385/2385/2385 2386/2386/2386 2384/2384/2384
f 2387/2387/2387 2383/2383/2383 2384/2384/2384
f 2384/2384/2384 2386/2386/2386 2387/2387/2387
f 2383/2383/2383 2387/2387/2387 2375/2375/2375
f 2388/2388/2388 2387/2387/2387 2386/2386/2386
f 2387/2387/2387 2388/2388/2388 2375/2375/2375
f 2389/2389/2389 2375/2375/2375 2388/2388/2388
f 2390/2390/2390 2375/2375/2375 2389/2389/2389
f 2390/2390/2390 2389/2389/2389 2391/2391/2391
f 2390/2390/2390 2391/2391/2391 2392/2392/2392
f 2393/2393/2393 2390/2390/2390 2392/2392/2392
f 2393/2393/2393 2233/2233/2233 2390/2390/2390
f 2390/2390/2390 2394/2394/2394 2375/2375/2375
f 2390/2390/2390 2233/2233/2233 2394/2394/2394
f 2394/2394/2394 2232/2232/2232 2375/2375/2375
f 2394/2394/2394 2233/2233/2233 2232/2232/2232
f 2397/2397/2397 2396/2396/2396 2395/2395/2395
f 2396/2396/2396 2397/2397/2397 2398/2398/2398
f 2397/2397/2397 2395/2395/2395 2399/2399/2399
f 2399/2399/2399 2395/2395/2395 2400/2400/2400
f 2399/2399/2399 2400/2400/2400 2401/2401/2401
f 2400/2400/2400 2402/2402/2402 2401/2401/2401
f 2403/2403/2403 2398/2398/2398 2397/2397/2397
f 2404/2404/2404 2397/2397/2397 2399/2399/2399
f 2397/2397/2397 2404/2404/2404 2403/2403/2403
f 2403/2403/2403 2405/2405/2405 2398/2398/2398
f 2406/2406/2406 2398/2398/2398 2405/2405/2405
f 2406/2406/2406 2405/2405/2405 2407/2407/2407
f 2408/2408/2408 2407/2407/2407 2405/2405/2405
f 2407/2407/2407 2408/2408/2408 2409/2409/2409
f 2410/2410/2410 2409/2409/2409 2408/2408/2408
f 2409/2409/2409 2410/2410/2410 2411/2411/2411
f 2408/2408/2408 2405/2405/2405 2412/2412/2412
f 2408/2408/2408 2412/2412/2412 2410/2410/2410
f 2405/2405/2405 2403/2403/2403 2413/2413/2413
f 2413/2413/2413 2412/2412/2412 2405/2405/2405
f 2414/2414/2414 2403/2403/2403 2404/2404/2404
f 2414/2414/2414 2413/2413/2413 2403/2403/2403
f 2415/2415/2415 2411/2411/2411 2410/2410/2410
f 2416/2416/2416 2410/2410/2410 2412/2412/2412
f 2410/2410/2410 2416/2416/2416 2415/2415/2415
f 2411/2411/2411 2415/2415/2415 2417/2417/2417
f 2411/2411/2411 2417/2417/2417 2418/2418/2418
f 2418/2418/2418 2417/2417/2417 2419/2419/2419
f 2420/2420/2420 2415/2415/2415 2416/2416/2416
f 2415/2415/2415 2420/2420/2420 2417/2417/2417
f 2421/2421/2421 2419/2419/2419 2417/2417/2417
f 2419/2419/2419 2421/2421/2421 2422/2422/2422
f 2423/2423/2423 2417/2417/2417 2420/2420/2420
f 2417/2417/2417 2423/2423/2423 2421/2421/2421
f 2424/2424/2424 2422/2422/2422 2421/2421/2421
f 2422/2422/2422 2424/2424/2424 2425/2425/2425
f 2426/2426/2426 2421/2421/2421 2423/2423/2423
f 2421/2421/2421 2426/2426/2426 2424/2424/2424
f 2412/2412/2412 2427/2427/2427 2416/2416/2416
f 2416/2416/2416 2428/2428/2428 2420/2420/2420
f 2428/2428/2428 2416/2416/2416 2427/2427/2427
f 2420/2420/2420 2429/2429/2429 2423/2423/2423
f 2429/2429/2429 2420/2420/2420 2428/2428/2428
f 2426/2426/2426 2423/2423/2423 2430/2430/2430
f 2430/2430/2430 2423/2423/2423 2429/2429/2429
f 2412/2412/2412 2431/2431/2431 2427/2427/2427
f 2412/2412/2412 2413/2413/2413 2431/2431/2431
f 2431/2431/2431 2413/2413/2413 2432/2432/2432
f 2414/2414/2414 2432/2432/2432 2413/2413/2413
f 2432/2432/2432 2414/2414/2414 2433/2433/2433
f 2404/2404/2404 2433/2433/2433 2414/2414/2414
f 2433/2433/2433 2404/2404/2404 2434/2434/2434
f 2431/2431/2431 2432/2432/2432 2435/2435/2435
f 2432/2432/2432 2433/2433/2433 2435/2435/2435
f 2427/2427/2427 2431/2431/2431 2436/2436/2436
f 2435/2435/2435 2436/2436/2436 2431/2431/2431
f 2437/2437/2437 2435/2435/2435 2433/2433/2433
f 2433/2433/2433 2434/2434/2434 2437/2437/2437
f 2438/2438/2438 2434/2434/2434 2404/2404/2404
f 2404/2404/2404 2399/2399/2399 2438/2438/2438
f 2438/2438/2438 2399/2399/2399 2439/2439/2439
f 2438/2438/2438 2439/2439/2439 2434/2434/2434
f 2401/2401/2401 2439/2439/2439 2399/2399/2399
f 2440/2440/2440 2427/2427/2427 2436/2436/2436
f 2428/2428/2428 2427/2427/2427 2440/2440/2440
f 2441/2441/2441 2436/2436/2436 2435/2435/2435
f 2435/2435/2435 2437/2437/2437 2441/2441/2441
f 2441/2441/2441 2442/2442/2442 2436/2436/2436
f 2440/2440/2440 2436/2436/2436 2442/2442/2442
f 2428/2428/2428 2440/2440/2440 2443/2443/2443
f 2429/2429/2429 2428/2428/2428 2443/2443/2443
f 2441/2441/2441 2437/2437/2437 2444/2444/2444
f 2444/2444/2444 2442/2442/2442 2441/2441/2441
f 2442/2442/2442 2445/2445/2445 2440/2440/2440
f 2440/2440/2440 2445/2445/2445 2443/2443/2443
f 2401/2401/2401 2446/2446/2446 2439/2439/2439
f 2446/2446/2446 2401/2401/2401 2402/2402/2402
f 2429/2429/2429 2443/2443/2443 2447/2447/2447
f 2430/2430/2430 2429/2429/2429 2447/2447/2447
f 2437/2437/2437 2448/2448/2448 2444/2444/2444
f 2448/2448/2448 2437/2437/2437 2434/2434/2434
f 2442/2442/2442 2449/2449/2449 2445/2445/2445
f 2442/2442/2442 2444/2444/2444 2449/2449/2449
f 2446/2446/2446 2402/2402/2402 2450/2450/2450
f 2450/2450/2450 2451/2451/2451 2446/2446/2446
f 2451/2451/2451 2450/2450/2450 2452/2452/2452
f 2453/2453/2453 2450/2450/2450 2402/2402/2402
f 2450/2450/2450 2453/2453/2453 2452/2452/2452
f 2454/2454/2454 2452/2452/2452 2453/2453/2453
f 2454/2454/2454 2455/2455/2455 2452/2452/2452
f 2456/2456/2456 2446/2446/2446 2451/2451/2451
f 2456/2456/2456 2439/2439/2439 2446/2446/2446
f 2439/2439/2439 2456/2456/2456 2457/2457/2457
f 2457/2457/2457 2434/2434/2434 2439/2439/2439
f 2458/2458/2458 2452/2452/2452 2455/2455/2455
f 2455/2455/2455 2459/2459/2459 2458/2458/2458
f 2459/2459/2459 2460/2460/2460 2458/2458/2458
f 2452/2452/2452 2458/2458/2458 2460/2460/2460
f 2459/2459/2459 2461/2461/2461 2460/2460/2460
f 2451/2451/2451 2452/2452/2452 2462/2462/2462
f 2462/2462/2462 2452/2452/2452 2460/2460/2460
f 2463/2463/2463 2460/2460/2460 2461/2461/2461
f 2463/2463/2463 2461/2461/2461 2464/2464/2464
f 2462/2462/2462 2460/2460/2460 2465/2465/2465
f 2462/2462/2462 2465/2465/2465 2451/2451/2451
f 2463/2463/2463 2465/2465/2465 2460/2460/2460
f 2451/2451/2451 2466/2466/2466 2456/2456/2456
f 2466/2466/2466 2457/2457/2457 2456/2456/2456
f 2434/2434/2434 2457/2457/2457 2467/2467/2467
f 2448/2448/2448 2434/2434/2434 2467/2467/2467
f 2468/2468/2468 2451/2451/2451 2465/2465/2465
f 2466/2466/2466 2451/2451/2451 2468/2468/2468
f 2466/2466/2466 2469/2469/2469 2457/2457/2457
f 2469/2469/2469 2467/2467/2467 2457/2457/2457
f 2466/2466/2466 2468/2468/2468 2470/2470/2470
f 2468/2468/2468 2465/2465/2465 2470/2470/2470
f 2469/2469/2469 2466/2466/2466 2470/2470/2470
f 2465/2465/2465 2463/2463/2463 2471/2471/2471
f 2471/2471/2471 2470/2470/2470 2465/2465/2465
f 2467/2467/2467 2469/2469/2469 2472/2472/2472
f 2470/2470/2470 2472/2472/2472 2469/2469/2469
f 2467/2467/2467 2473/2473/2473 2448/2448/2448
f 2473/2473/2473 2467/2467/2467 2472/2472/2472
f 2472/2472/2472 2470/2470/2470 2474/2474/2474
f 2470/2470/2470 2471/2471/2471 2474/2474/2474
f 2474/2474/2474 2473/2473/2473 2472/2472/2472
f 2475/2475/2475 2471/2471/2471 2463/2463/2463
f 2475/2475/2475 2463/2463/2463 2464/2464/2464
f 2476/2476/2476 2448/2448/2448 2473/2473/2473
f 2476/2476/2476 2444/2444/2444 2448/2448/2448
f 2477/2477/2477 2474/2474/2474 2471/2471/2471
f 2471/2471/2471 2475/2475/2475 2477/2477/2477
f 2475/2475/2475 2464/2464/2464 2478/2478/2478
f 2478/2478/2478 2477/2477/2477 2475/2475/2475
f 2479/2479/2479 2478/2478/2478 2464/2464/2464
f 2473/2473/2473 2474/2474/2474 2480/2480/2480
f 2473/2473/2473 2480/2480/2480 2476/2476/2476
f 2474/2474/2474 2477/2477/2477 2480/2480/2480
f 2476/2476/2476 2481/2481/2481 2444/2444/2444
f 2481/2481/2481 2476/2476/2476 2480/2480/2480
f 2449/2449/2449 2444/2444/2444 2481/2481/2481
f 2478/2478/2478 2479/2479/2479 2482/2482/2482
f 2483/2483/2483 2482/2482/2482 2479/2479/2479
f 2477/2477/2477 2478/2478/2478 2484/2484/2484
f 2484/2484/2484 2480/2480/2480 2477/2477/2477
f 2482/2482/2482 2484/2484/2484 2478/2478/2478
f 2482/2482/2482 2483/2483/2483 2485/2485/2485
f 2485/2485/2485 2484/2484/2484 2482/2482/2482
f 2486/2486/2486 2485/2485/2485 2483/2483/2483
f 2487/2487/2487 2480/2480/2480 2484/2484/2484
f 2487/2487/2487 2481/2481/2481 2480/2480/2480
f 2484/2484/2484 2485/2485/2485 2487/2487/2487
f 2488/2488/2488 2449/2449/2449 2481/2481/2481
f 2481/2481/2481 2487/2487/2487 2488/2488/2488
f 2486/2486/2486 2489/2489/2489 2485/2485/2485
f 2489/2489/2489 2486/2486/2486 2490/2490/2490
f 2489/2489/2489 2490/2490/2490 2491/2491/2491
f 2487/2487/2487 2485/2485/2485 2492/2492/2492
f 2489/2489/2489 2492/2492/2492 2485/2485/2485
f 2491/2491/2491 2493/2493/2493 2489/2489/2489
f 2489/2489/2489 2493/2493/2493 2492/2492/2492
f 2491/2491/2491 2494/2494/2494 2493/2493/2493
f 2495/2495/2495 2493/2493/2493 2494/2494/2494
f 2494/2494/2494 2496/2496/2496 2495/2495/2495
f 2488/2488/2488 2497/2497/2497 2449/2449/2449
f 2497/2497/2497 2445/2445/2445 2449/2449/2449
f 2497/2497/2497 2488/2488/2488 2498/2498/2498
f 2488/2488/2488 2499/2499/2499 2498/2498/2498
f 2499/2499/2499 2488/2488/2488 2487/2487/2487
f 2499/2499/2499 2487/2487/2487 2492/2492/2492
f 2500/2500/2500 2492/2492/2492 2493/2493/2493
f 2493/2493/2493 2495/2495/2495 2500/2500/2500
f 2445/2445/2445 2497/2497/2497 2501/2501/2501
f 2501/2501/2501 2443/2443/2443 2445/2445/2445
f 2498/2498/2498 2502/2502/2502 2497/2497/2497
f 2502/2502/2502 2501/2501/2501 2497/2497/2497
f 2501/2501/2501 2503/2503/2503 2443/2443/2443
f 2447/2447/2447 2443/2443/2443 2503/2503/2503
f 2501/2501/2501 2504/2504/2504 2503/2503/2503
f 2504/2504/2504 2501/2501/2501 2502/2502/2502
f 2447/2447/2447 2503/2503/2503 2505/2505/2505
f 2504/2504/2504 2505/2505/2505 2503/2503/2503
f 2447/2447/2447 2505/2505/2505 2430/2430/2430
f 2506/2506/2506 2430/2430/2430 2505/2505/2505
f 2426/2426/2426 2430/2430/2430 2506/2506/2506
f 2507/2507/2507 2505/2505/2505 2504/2504/2504
f 2506/2506/2506 2505/2505/2505 2507/2507/2507
f 2504/2504/2504 2502/2502/2502 2508/2508/2508
f 2507/2507/2507 2504/2504/2504 2508/2508/2508
f 2426/2426/2426 2506/2506/2506 2509/2509/2509
f 2509/2509/2509 2424/2424/2424 2426/2426/2426
f 2510/2510/2510 2506/2506/2506 2507/2507/2507
f 2510/2510/2510 2509/2509/2509 2506/2506/2506
f 2509/2509/2509 2511/2511/2511 2424/2424/2424
f 2511/2511/2511 2509/2509/2509 2510/2510/2510
f 2511/2511/2511 2425/2425/2425 2424/2424/2424
f 2510/2510/2510 2507/2507/2507 2512/2512/2512
f 2512/2512/2512 2507/2507/2507 2508/2508/2508
f 2513/2513/2513 2508/2508/2508 2502/2502/2502
f 2502/2502/2502 2498/2498/2498 2513/2513/2513
f 2513/2513/2513 2498/2498/2498 2514/2514/2514
f 2508/2508/2508 2513/2513/2513 2515/2515/2515
f 2512/2512/2512 2508/2508/2508 2515/2515/2515
f 2514/2514/2514 2515/2515/2515 2513/2513/2513
f 2511/2511/2511 2516/2516/2516 2425/2425/2425
f 2425/2425/2425 2516/2516/2516 2517/2517/2517
f 2517/2517/2517 2516/2516/2516 2518/2518/2518
f 2510/2510/2510 2519/2519/2519 2511/2511/2511
f 2519/2519/2519 2510/2510/2510 2512/2512/2512
f 2520/2520/2520 2511/2511/2511 2519/2519/2519
f 2511/2511/2511 2520/2520/2520 2516/2516/2516
f 2521/2521/2521 2518/2518/2518 2516/2516/2516
f 2518/2518/2518 2521/2521/2521 2522/2522/2522
f 2523/2523/2523 2519/2519/2519 2512/2512/2512
f 2519/2519/2519 2523/2523/2523 2520/2520/2520
f 2515/2515/2515 2524/2524/2524 2512/2512/2512
f 2523/2523/2523 2512/2512/2512 2524/2524/2524
f 2520/2520/2520 2525/2525/2525 2516/2516/2516
f 2521/2521/2521 2516/2516/2516 2525/2525/2525
f 2526/2526/2526 2522/2522/2522 2521/2521/2521
f 2521/2521/2521 2525/2525/2525 2526/2526/2526
f 2522/2522/2522 2526/2526/2526 2527/2527/2527
f 2528/2528/2528 2520/2520/2520 2523/2523/2523
f 2523/2523/2523 2524/2524/2524 2528/2528/2528
f 2520/2520/2520 2528/2528/2528 2525/2525/2525
f 2524/2524/2524 2515/2515/2515 2529/2529/2529
f 2529/2529/2529 2528/2528/2528 2524/2524/2524
f 2514/2514/2514 2529/2529/2529 2515/2515/2515
f 2530/2530/2530 2527/2527/2527 2526/2526/2526
f 2530/2530/2530 2526/2526/2526 2525/2525/2525
f 2527/2527/2527 2530/2530/2530 2531/2531/2531
f 2532/2532/2532 2525/2525/2525 2528/2528/2528
f 2532/2532/2532 2528/2528/2528 2529/2529/2529
f 2525/2525/2525 2532/2532/2532 2530/2530/2530
f 2533/2533/2533 2531/2531/2531 2530/2530/2530
f 2533/2533/2533 2530/2530/2530 2532/2532/2532
f 2531/2531/2531 2533/2533/2533 2534/2534/2534
f 2532/2532/2532 2529/2529/2529 2535/2535/2535
f 2532/2532/2532 2535/2535/2535 2533/2533/2533
f 2529/2529/2529 2514/2514/2514 2535/2535/2535
f 2536/2536/2536 2534/2534/2534 2533/2533/2533
f 2536/2536/2536 2533/2533/2533 2535/2535/2535
f 2535/2535/2535 2514/2514/2514 2536/2536/2536
f 2537/2537/2537 2534/2534/2534 2536/2536/2536
f 2538/2538/2538 2536/2536/2536 2514/2514/2514
f 2537/2537/2537 2536/2536/2536 2538/2538/2538
f 2514/2514/2514 2539/2539/2539 2538/2538/2538
f 2538/2538/2538 2539/2539/2539 2537/2537/2537
f 2540/2540/2540 2537/2537/2537 2539/2539/2539
f 2539/2539/2539 2514/2514/2514 2498/2498/2498
f 2540/2540/2540 2539/2539/2539 2541/2541/2541
f 2542/2542/2542 2539/2539/2539 2498/2498/2498
f 2542/2542/2542 2541/2541/2541 2539/2539/2539
f 2542/2542/2542 2498/2498/2498 2543/2543/2543
f 2543/2543/2543 2498/2498/2498 2499/2499/2499
f 2542/2542/2542 2544/2544/2544 2541/2541/2541
f 2542/2542/2542 2543/2543/2543 2544/2544/2544
f 2545/2545/2545 2541/2541/2541 2544/2544/2544
f 2546/2546/2546 2543/2543/2543 2499/2499/2499
f 2546/2546/2546 2544/2544/2544 2543/2543/2543
f 2545/2545/2545 2544/2544/2544 2547/2547/2547
f 2544/2544/2544 2546/2546/2546 2547/2547/2547
f 2547/2547/2547 2548/2548/2548 2545/2545/2545
f 2546/2546/2546 2499/2499/2499 2549/2549/2549
f 2549/2549/2549 2499/2499/2499 2492/2492/2492
f 2549/2549/2549 2492/2492/2492 2500/2500/2500
f 2548/2548/2548 2547/2547/2547 2550/2550/2550
f 2548/2548/2548 2550/2550/2550 2551/2551/2551
f 2552/2552/2552 2547/2547/2547 2546/2546/2546
f 2546/2546/2546 2549/2549/2549 2552/2552/2552
f 2547/2547/2547 2552/2552/2552 2550/2550/2550
f 2549/2549/2549 2500/2500/2500 2553/2553/2553
f 2553/2553/2553 2552/2552/2552 2549/2549/2549
f 2554/2554/2554 2550/2550/2550 2552/2552/2552
f 2552/2552/2552 2553/2553/2553 2554/2554/2554
f 2555/2555/2555 2551/2551/2551 2550/2550/2550
f 2550/2550/2550 2554/2554/2554 2555/2555/2555
f 2556/2556/2556 2553/2553/2553 2500/2500/2500
f 2556/2556/2556 2500/2500/2500 2495/2495/2495
f 2557/2557/2557 2553/2553/2553 2556/2556/2556
f 2557/2557/2557 2554/2554/2554 2553/2553/2553
f 2557/2557/2557 2558/2558/2558 2554/2554/2554
f 2557/2557/2557 2556/2556/2556 2559/2559/2559
f 2556/2556/2556 2495/2495/2495 2559/2559/2559
f 2558/2558/2558 2557/2557/2557 2559/2559/2559
f 2560/2560/2560 2559/2559/2559 2495/2495/2495
f 2560/2560/2560 2495/2495/2495 2496/2496/2496
f 2559/2559/2559 2560/2560/2560 2561/2561/2561
f 2558/2558/2558 2559/2559/2559 2561/2561/2561
f 2496/2496/2496 2562/2562/2562 2560/2560/2560
f 2562/2562/2562 2561/2561/2561 2560/2560/2560
f 2562/2562/2562 2496/2496/2496 2563/2563/2563
f 2561/2561/2561 2562/2562/2562 2564/2564/2564
f 2564/2564/2564 2558/2558/2558 2561/2561/2561
f 2562/2562/2562 2563/2563/2563 2565/2565/2565
f 2565/2565/2565 2564/2564/2564 2562/2562/2562
f 2566/2566/2566 2565/2565/2565 2563/2563/2563
f 2567/2567/2567 2565/2565/2565 2566/2566/2566
f 2568/2568/2568 2564/2564/2564 2565/2565/2565
f 2568/2568/2568 2565/2565/2565 2567/2567/2567
f 2568/2568/2568 2569/2569/2569 2564/2564/2564
f 2569/2569/2569 2558/2558/2558 2564/2564/2564
f 2568/2568/2568 2567/2567/2567 2570/2570/2570
f 2568/2568/2568 2570/2570/2570 2569/2569/2569
f 2567/2567/2567 2571/2571/2571 2570/2570/2570
f 2572/2572/2572 2570/2570/2570 2571/2571/2571
f 2573/2573/2573 2569/2569/2569 2570/2570/2570
f 2573/2573/2573 2570/2570/2570 2572/2572/2572
f 2569/2569/2569 2574/2574/2574 2558/2558/2558
f 2573/2573/2573 2574/2574/2574 2569/2569/2569
f 2573/2573/2573 2572/2572/2572 2575/2575/2575
f 2573/2573/2573 2575/2575/2575 2574/2574/2574
f 2572/2572/2572 2576/2576/2576 2575/2575/2575
f 2576/2576/2576 2551/2551/2551 2575/2575/2575
f 2551/2551/2551 2555/2555/2555 2575/2575/2575
f 2575/2575/2575 2555/2555/2555 2574/2574/2574
f 2577/2577/2577 2558/2558/2558 2574/2574/2574
f 2577/2577/2577 2574/2574/2574 2555/2555/2555
f 2577/2577/2577 2554/2554/2554 2558/2558/2558
f 2577/2577/2577 2555/2555/2555 2554/2554/2554
f 2580/2580/2580 2579/2579/2579 2578/2578/2578
f 2579/2579/2579 2580/2580/2580 2581/2581/2581
f 2579/2579/2579 2581/2581/2581 2582/2582/2582
f 2579/2579/2579 2582/2582/2582 2583/2583/2583
f 2584/2584/2584 2579/2579/2579 2583/2583/2583
f 2578/2578/2578 2579/2579/2579 2585/2585/2585
f 2586/2586/2586 2585/2585/2585 2579/2579/2579
f 2585/2585/2585 2586/2586/2586 2587/2587/2587
f 2588/2588/2588 2579/2579/2579 2584/2584/2584
f 2579/2579/2579 2588/2588/2588 2586/2586/2586
f 2587/2587/2587 2586/2586/2586 2589/2589/2589
f 2590/2590/2590 2586/2586/2586 2588/2588/2588
f 2589/2589/2589 2586/2586/2586 2591/2591/2591
f 2592/2592/2592 2586/2586/2586 2590/2590/2590
f 2591/2591/2591 2586/2586/2586 2593/2593/2593
f 2593/2593/2593 2586/2586/2586 2592/2592/2592
f 2596/2596/2596 2595/2595/2595 2594/2594/2594
f 2595/2595/2595 2596/2596/2596 2597/2597/2597
f 2595/2595/2595 2597/2597/2597 2598/2598/2598
f 2595/2595/2595 2598/2598/2598 2599/2599/2599
f 2600/2600/2600 2595/2595/2595 2599/2599/2599
f 2594/2594/2594 2595/2595/2595 2601/2601/2601
f 2602/2602/2602 2601/2601/2601 2595/2595/2595
f 2603/2603/2603 2601/2601/2601 2602/2602/2602
f 2604/2604/2604 2595/2595/2595 2600/2600/2600
f 2595/2595/2595 2604/2604/2604 2602/2602/2602
f 2603/2603/2603 2602/2602/2602 2605/2605/2605
f 2606/2606/2606 2602/2602/2602 2604/2604/2604
f 2605/2605/2605 2602/2602/2602 2607/2607/2607
f 2608/2608/2608 2602/2602/2602 2606/2606/2606
f 2607/2607/2607 2602/2602/2602 2609/2609/2609
f 2609/2609/2609 2602/2602/2602 2608/2608/2608
f 2612/2612/2612 2611/2611/2611 2610/2610/2610
f 2610/2610/2610 2613/2613/2613 2612/2612/2612
f 2611/2611/2611 2612/2612/2612 2614/2614/2614
f 2614/2614/2614 2612/2612/2612 2615/2615/2615
f 2615/2615/2615 2612/2612/2612 2616/2616/2616
f 2617/2617/2617 2612/2612/2612 2613/2613/2613
f 2612/2612/2612 2617/2617/2617 2618/2618/2618
f 2619/2619/2619 2618/2618/2618 2617/2617/2617
f 2616/2616/2616 2612/2612/2612 2620/2620/2620
f 2618/2618/2618 2620/2620/2620 2612/2612/2612
f 2621/2621/2621 2618/2618/2618 2619/2619/2619
f 2620/2620/2620 2618/2618/2618 2622/2622/2622
f 2623/2623/2623 2618/2618/2618 2621/2621/2621
f 2622/2622/2622 2618/2618/2618 2624/2624/2624
f 2625/2625/2625 2618/2618/2618 2623/2623/2623
f 2624/2624/2624 2618/2618/2618 2625/2625/2625
f 2628/2628/2628 2627/2627/2627 2626/2626/2626
f 2627/2627/2627 2629/2629/2629 2626/2626/2626
f 2627/2627/2627 2628/2628/2628 2630/2630/2630
f 2631/2631/2631 2630/2630/2630 2628/2628/2628
f 2627/2627/2627 2632/2632/2632 2629/2629/2629
f 2633/2633/2633 2630/2630/2630 2631/2631/2631
f 2627/2627/2627 2634/2634/2634 2632/2632/2632
f 2635/2635/2635 2630/2630/2630 2633/2633/2633
f 2627/2627/2627 2636/2636/2636 2634/2634/2634
f 2636/2636/2636 2627/2627/2627 2637/2637/2637
f 2637/2637/2637 2627/2627/2627 2638/2638/2638
f 2630/2630/2630 2638/2638/2638 2627/2627/2627
f 2639/2639/2639 2630/2630/2630 2635/2635/2635
f 2638/2638/2638 2630/2630/2630 2640/2640/2640
f 2641/2641/2641 2630/2630/2630 2639/2639/2639
f 2640/2640/2640 2630/2630/2630 2641/2641/2641
f 2644/2644/2644 2643/2643/2643 2642/2642/2642
f 2642/2642/2642 2643/2643/2643 2645/2645/2645
f 2643/2643/2643 2646/2646/2646 2645/2645/2645
f 2646/2646/2646 2643/2643/2643 2647/2647/2647
f 2647/2647/2647 2643/2643/2643 2648/2648/2648
f 2648/2648/2648 2643/2643/2643 2649/2649/2649
f 2643/2643/2643 2644/2644/2644 2650/2650/2650
f 2643/2643/2643 2650/2650/2650 2649/2649/2649
f 2651/2651/2651 2650/2650/2650 2644/2644/2644
f 2652/2652/2652 2649/2649/2649 2650/2650/2650
f 2653/2653/2653 2650/2650/2650 2651/2651/2651
f 2652/2652/2652 2650/2650/2650 2654/2654/2654
f 2650/2650/2650 2653/2653/2653 2655/2655/2655
f 2650/2650/2650 2656/2656/2656 2654/2654/2654
f 2657/2657/2657 2650/2650/2650 2655/2655/2655
f 2650/2650/2650 2657/2657/2657 2656/2656/2656
f 2660/2660/2660 2659/2659/2659 2658/2658/2658
f 2661/2661/2661 2659/2659/2659 2660/2660/2660
f 2659/2659/2659 2662/2662/2662 2658/2658/2658
f 2662/2662/2662 2663/2663/2663 2658/2658/2658
f 2664/2664/2664 2658/2658/2658 2663/2663/2663
f 2664/2664/2664 2663/2663/2663 2665/2665/2665
f 2659/2659/2659 2666/2666/2666 2662/2662/2662
f 2663/2663/2663 2662/2662/2662 2667/2667/2667
f 2667/2667/2667 2662/2662/2662 2666/2666/2666
f 2668/2668/2668 2665/2665/2665 2663/2663/2663
f 2663/2663/2663 2667/2667/2667 2668/2668/2668
f 2668/2668/2668 2669/2669/2669 2665/2665/2665
f 2670/2670/2670 2665/2665/2665 2669/2669/2669
f 2667/2667/2667 2671/2671/2671 2668/2668/2668
f 2669/2669/2669 2668/2668/2668 2671/2671/2671
f 2670/2670/2670 2669/2669/2669 2672/2672/2672
f 2673/2673/2673 2670/2670/2670 2672/2672/2672
f 2672/2672/2672 2674/2674/2674 2673/2673/2673
f 2672/2672/2672 2669/2669/2669 2675/2675/2675
f 2669/2669/2669 2671/2671/2671 2675/2675/2675
f 2674/2674/2674 2672/2672/2672 2676/2676/2676
f 2676/2676/2676 2672/2672/2672 2675/2675/2675
f 2674/2674/2674 2676/2676/2676 2677/2677/2677
f 2671/2671/2671 2667/2667/2667 2678/2678/2678
f 2666/2666/2666 2678/2678/2678 2667/2667/2667
f 2675/2675/2675 2671/2671/2671 2679/2679/2679
f 2671/2671/2671 2678/2678/2678 2679/2679/2679
f 2680/2680/2680 2677/2677/2677 2676/2676/2676
f 2680/2680/2680 2681/2681/2681 2677/2677/2677
f 2682/2682/2682 2676/2676/2676 2675/2675/2675
f 2675/2675/2675 2679/2679/2679 2682/2682/2682
f 2682/2682/2682 2680/2680/2680 2676/2676/2676
f 2682/2682/2682 2683/2683/2683 2680/2680/2680
f 2684/2684/2684 2678/2678/2678 2666/2666/2666
f 2685/2685/2685 2679/2679/2679 2678/2678/2678
f 2678/2678/2678 2684/2684/2684 2685/2685/2685
f 2682/2682/2682 2679/2679/2679 2686/2686/2686
f 2686/2686/2686 2679/2679/2679 2685/2685/2685
f 2666/2666/2666 2687/2687/2687 2684/2684/2684
f 2666/2666/2666 2659/2659/2659 2687/2687/2687
f 2661/2661/2661 2687/2687/2687 2659/2659/2659
f 2684/2684/2684 2688/2688/2688 2685/2685/2685
f 2684/2684/2684 2687/2687/2687 2688/2688/2688
f 2686/2686/2686 2685/2685/2685 2688/2688/2688
f 2686/2686/2686 2689/2689/2689 2682/2682/2682
f 2683/2683/2683 2682/2682/2682 2689/2689/2689
f 2661/2661/2661 2690/2690/2690 2687/2687/2687
f 2690/2690/2690 2688/2688/2688 2687/2687/2687
f 2686/2686/2686 2688/2688/2688 2691/2691/2691
f 2686/2686/2686 2691/2691/2691 2689/2689/2689
f 2691/2691/2691 2692/2692/2692 2689/2689/2689
f 2688/2688/2688 2693/2693/2693 2691/2691/2691
f 2688/2688/2688 2690/2690/2690 2693/2693/2693
f 2691/2691/2691 2693/2693/2693 2692/2692/2692
f 2690/2690/2690 2661/2661/2661 2694/2694/2694
f 2694/2694/2694 2661/2661/2661 2695/2695/2695
f 2695/2695/2695 2696/2696/2696 2694/2694/2694
f 2697/2697/2697 2693/2693/2693 2690/2690/2690
f 2690/2690/2690 2694/2694/2694 2697/2697/2697
f 2698/2698/2698 2694/2694/2694 2696/2696/2696
f 2694/2694/2694 2698/2698/2698 2697/2697/2697
f 2696/2696/2696 2699/2699/2699 2698/2698/2698
f 2698/2698/2698 2699/2699/2699 2697/2697/2697
f 2700/2700/2700 2699/2699/2699 2696/2696/2696
f 2701/2701/2701 2699/2699/2699 2700/2700/2700
f 2693/2693/2693 2697/2697/2697 2702/2702/2702
f 2693/2693/2693 2702/2702/2702 2692/2692/2692
f 2703/2703/2703 2697/2697/2697 2699/2699/2699
f 2703/2703/2703 2702/2702/2702 2697/2697/2697
f 2699/2699/2699 2701/2701/2701 2703/2703/2703
f 2704/2704/2704 2702/2702/2702 2703/2703/2703
f 2702/2702/2702 2704/2704/2704 2692/2692/2692
f 2705/2705/2705 2703/2703/2703 2701/2701/2701
f 2703/2703/2703 2705/2705/2705 2704/2704/2704
f 2705/2705/2705 2701/2701/2701 2706/2706/2706
f 2707/2707/2707 2704/2704/2704 2705/2705/2705
f 2705/2705/2705 2706/2706/2706 2707/2707/2707
f 2708/2708/2708 2706/2706/2706 2701/2701/2701
f 2708/2708/2708 2701/2701/2701 2709/2709/2709
f 2709/2709/2709 2710/2710/2710 2708/2708/2708
f 2711/2711/2711 2692/2692/2692 2704/2704/2704
f 2704/2704/2704 2712/2712/2712 2711/2711/2711
f 2711/2711/2711 2712/2712/2712 2692/2692/2692
f 2704/2704/2704 2707/2707/2707 2712/2712/2712
f 2713/2713/2713 2692/2692/2692 2712/2712/2712
f 2713/2713/2713 2689/2689/2689 2692/2692/2692
f 2683/2683/2683 2689/2689/2689 2713/2713/2713
f 2712/2712/2712 2714/2714/2714 2713/2713/2713
f 2683/2683/2683 2713/2713/2713 2714/2714/2714
f 2712/2712/2712 2707/2707/2707 2715/2715/2715
f 2712/2712/2712 2715/2715/2715 2714/2714/2714
f 2706/2706/2706 2716/2716/2716 2707/2707/2707
f 2707/2707/2707 2716/2716/2716 2715/2715/2715
f 2708/2708/2708 2717/2717/2717 2706/2706/2706
f 2706/2706/2706 2717/2717/2717 2716/2716/2716
f 2718/2718/2718 2708/2708/2708 2710/2710/2710
f 2708/2708/2708 2718/2718/2718 2717/2717/2717
f 2718/2718/2718 2710/2710/2710 2719/2719/2719
f 2718/2718/2718 2719/2719/2719 2717/2717/2717
f 2720/2720/2720 2719/2719/2719 2710/2710/2710
f 2721/2721/2721 2719/2719/2719 2720/2720/2720
f 2715/2715/2715 2722/2722/2722 2714/2714/2714
f 2715/2715/2715 2716/2716/2716 2723/2723/2723
f 2723/2723/2723 2722/2722/2722 2715/2715/2715
f 2717/2717/2717 2724/2724/2724 2716/2716/2716
f 2724/2724/2724 2723/2723/2723 2716/2716/2716
f 2725/2725/2725 2717/2717/2717 2719/2719/2719
f 2717/2717/2717 2725/2725/2725 2724/2724/2724
f 2726/2726/2726 2725/2725/2725 2719/2719/2719
f 2719/2719/2719 2721/2721/2721 2726/2726/2726
f 2725/2725/2725 2726/2726/2726 2724/2724/2724
f 2727/2727/2727 2714/2714/2714 2722/2722/2722
f 2714/2714/2714 2727/2727/2727 2683/2683/2683
f 2722/2722/2722 2723/2723/2723 2728/2728/2728
f 2729/2729/2729 2723/2723/2723 2724/2724/2724
f 2728/2728/2728 2723/2723/2723 2729/2729/2729
f 2730/2730/2730 2729/2729/2729 2724/2724/2724
f 2730/2730/2730 2724/2724/2724 2726/2726/2726
f 2729/2729/2729 2730/2730/2730 2728/2728/2728
f 2730/2730/2730 2726/2726/2726 2731/2731/2731
f 2731/2731/2731 2728/2728/2728 2730/2730/2730
f 2726/2726/2726 2721/2721/2721 2732/2732/2732
f 2732/2732/2732 2731/2731/2731 2726/2726/2726
f 2722/2722/2722 2728/2728/2728 2733/2733/2733
f 2733/2733/2733 2727/2727/2727 2722/2722/2722
f 2728/2728/2728 2731/2731/2731 2734/2734/2734
f 2734/2734/2734 2733/2733/2733 2728/2728/2728
f 2735/2735/2735 2732/2732/2732 2721/2721/2721
f 2735/2735/2735 2721/2721/2721 2736/2736/2736
f 2736/2736/2736 2737/2737/2737 2735/2735/2735
f 2732/2732/2732 2738/2738/2738 2731/2731/2731
f 2731/2731/2731 2738/2738/2738 2734/2734/2734
f 2732/2732/2732 2735/2735/2735 2739/2739/2739
f 2732/2732/2732 2739/2739/2739 2738/2738/2738
f 2740/2740/2740 2735/2735/2735 2737/2737/2737
f 2739/2739/2739 2735/2735/2735 2740/2740/2740
f 2740/2740/2740 2737/2737/2737 2741/2741/2741
f 2740/2740/2740 2741/2741/2741 2739/2739/2739
f 2742/2742/2742 2741/2741/2741 2737/2737/2737
f 2743/2743/2743 2741/2741/2741 2742/2742/2742
f 2744/2744/2744 2734/2734/2734 2738/2738/2738
f 2739/2739/2739 2744/2744/2744 2738/2738/2738
f 2741/2741/2741 2745/2745/2745 2739/2739/2739
f 2741/2741/2741 2743/2743/2743 2745/2745/2745
f 2739/2739/2739 2745/2745/2745 2744/2744/2744
f 2733/2733/2733 2734/2734/2734 2746/2746/2746
f 2734/2734/2734 2744/2744/2744 2746/2746/2746
f 2745/2745/2745 2747/2747/2747 2744/2744/2744
f 2747/2747/2747 2745/2745/2745 2743/2743/2743
f 2748/2748/2748 2744/2744/2744 2747/2747/2747
f 2744/2744/2744 2748/2748/2748 2746/2746/2746
f 2747/2747/2747 2743/2743/2743 2749/2749/2749
f 2747/2747/2747 2749/2749/2749 2748/2748/2748
f 2733/2733/2733 2746/2746/2746 2750/2750/2750
f 2727/2727/2727 2733/2733/2733 2750/2750/2750
f 2751/2751/2751 2749/2749/2749 2743/2743/2743
f 2751/2751/2751 2743/2743/2743 2752/2752/2752
f 2752/2752/2752 2753/2753/2753 2751/2751/2751
f 2754/2754/2754 2746/2746/2746 2748/2748/2748
f 2755/2755/2755 2748/2748/2748 2749/2749/2749
f 2748/2748/2748 2755/2755/2755 2754/2754/2754
f 2756/2756/2756 2746/2746/2746 2754/2754/2754
f 2750/2750/2750 2746/2746/2746 2756/2756/2756
f 2756/2756/2756 2754/2754/2754 2755/2755/2755
f 2749/2749/2749 2751/2751/2751 2757/2757/2757
f 2749/2749/2749 2757/2757/2757 2755/2755/2755
f 2758/2758/2758 2751/2751/2751 2753/2753/2753
f 2757/2757/2757 2751/2751/2751 2758/2758/2758
f 2758/2758/2758 2753/2753/2753 2759/2759/2759
f 2759/2759/2759 2757/2757/2757 2758/2758/2758
f 2760/2760/2760 2759/2759/2759 2753/2753/2753
f 2759/2759/2759 2760/2760/2760 2761/2761/2761
f 2759/2759/2759 2761/2761/2761 2762/2762/2762
f 2759/2759/2759 2762/2762/2762 2757/2757/2757
f 2763/2763/2763 2762/2762/2762 2761/2761/2761
f 2764/2764/2764 2755/2755/2755 2757/2757/2757
f 2756/2756/2756 2755/2755/2755 2764/2764/2764
f 2757/2757/2757 2762/2762/2762 2764/2764/2764
f 2762/2762/2762 2763/2763/2763 2765/2765/2765
f 2765/2765/2765 2764/2764/2764 2762/2762/2762
f 2766/2766/2766 2765/2765/2765 2763/2763/2763
f 2766/2766/2766 2767/2767/2767 2765/2765/2765
f 2756/2756/2756 2764/2764/2764 2768/2768/2768
f 2764/2764/2764 2765/2765/2765 2768/2768/2768
f 2756/2756/2756 2768/2768/2768 2750/2750/2750
f 2769/2769/2769 2765/2765/2765 2767/2767/2767
f 2769/2769/2769 2768/2768/2768 2765/2765/2765
f 2750/2750/2750 2768/2768/2768 2770/2770/2770
f 2769/2769/2769 2770/2770/2770 2768/2768/2768
f 2767/2767/2767 2771/2771/2771 2769/2769/2769
f 2770/2770/2770 2769/2769/2769 2771/2771/2771
f 2771/2771/2771 2767/2767/2767 2772/2772/2772
f 2771/2771/2771 2772/2772/2772 2773/2773/2773
f 2774/2774/2774 2750/2750/2750 2770/2770/2770
f 2770/2770/2770 2771/2771/2771 2774/2774/2774
f 2750/2750/2750 2774/2774/2774 2727/2727/2727
f 2771/2771/2771 2773/2773/2773 2775/2775/2775
f 2775/2775/2775 2774/2774/2774 2771/2771/2771
f 2775/2775/2775 2773/2773/2773 2776/2776/2776
f 2727/2727/2727 2774/2774/2774 2777/2777/2777
f 2727/2727/2727 2777/2777/2777 2683/2683/2683
f 2774/2774/2774 2775/2775/2775 2778/2778/2778
f 2778/2778/2778 2777/2777/2777 2774/2774/2774
f 2777/2777/2777 2778/2778/2778 2779/2779/2779
f 2780/2780/2780 2683/2683/2683 2777/2777/2777
f 2777/2777/2777 2779/2779/2779 2780/2780/2780
f 2683/2683/2683 2780/2780/2780 2680/2680/2680
f 2781/2781/2781 2775/2775/2775 2776/2776/2776
f 2781/2781/2781 2778/2778/2778 2775/2775/2775
f 2782/2782/2782 2680/2680/2680 2780/2780/2780
f 2681/2681/2681 2680/2680/2680 2782/2782/2782
f 2781/2781/2781 2776/2776/2776 2783/2783/2783
f 2784/2784/2784 2783/2783/2783 2776/2776/2776
f 2784/2784/2784 2785/2785/2785 2783/2783/2783
f 2778/2778/2778 2781/2781/2781 2786/2786/2786
f 2786/2786/2786 2779/2779/2779 2778/2778/2778
f 2786/2786/2786 2781/2781/2781 2783/2783/2783
f 2780/2780/2780 2787/2787/2787 2782/2782/2782
f 2787/2787/2787 2780/2780/2780 2779/2779/2779
f 2782/2782/2782 2788/2788/2788 2681/2681/2681
f 2788/2788/2788 2782/2782/2782 2787/2787/2787
f 2789/2789/2789 2681/2681/2681 2788/2788/2788
f 2788/2788/2788 2790/2790/2790 2789/2789/2789
f 2791/2791/2791 2789/2789/2789 2790/2790/2790
f 2791/2791/2791 2790/2790/2790 2792/2792/2792
f 2791/2791/2791 2792/2792/2792 2793/2793/2793
f 2793/2793/2793 2792/2792/2792 2794/2794/2794
f 2787/2787/2787 2795/2795/2795 2788/2788/2788
f 2787/2787/2787 2779/2779/2779 2795/2795/2795
f 2788/2788/2788 2796/2796/2796 2790/2790/2790
f 2796/2796/2796 2788/2788/2788 2795/2795/2795
f 2786/2786/2786 2797/2797/2797 2779/2779/2779
f 2798/2798/2798 2795/2795/2795 2779/2779/2779
f 2798/2798/2798 2779/2779/2779 2797/2797/2797
f 2797/2797/2797 2786/2786/2786 2799/2799/2799
f 2783/2783/2783 2799/2799/2799 2786/2786/2786
f 2783/2783/2783 2800/2800/2800 2799/2799/2799
f 2785/2785/2785 2800/2800/2800 2783/2783/2783
f 2785/2785/2785 2801/2801/2801 2800/2800/2800
f 2802/2802/2802 2800/2800/2800 2801/2801/2801
f 2802/2802/2802 2801/2801/2801 2803/2803/2803
f 2804/2804/2804 2802/2802/2802 2803/2803/2803
f 2804/2804/2804 2803/2803/2803 2805/2805/2805
f 2802/2802/2802 2806/2806/2806 2800/2800/2800
f 2804/2804/2804 2806/2806/2806 2802/2802/2802
f 2799/2799/2799 2800/2800/2800 2807/2807/2807
f 2807/2807/2807 2800/2800/2800 2806/2806/2806
f 2799/2799/2799 2808/2808/2808 2797/2797/2797
f 2808/2808/2808 2799/2799/2799 2807/2807/2807
f 2809/2809/2809 2798/2798/2798 2797/2797/2797
f 2809/2809/2809 2797/2797/2797 2808/2808/2808
f 2798/2798/2798 2809/2809/2809 2810/2810/2810
f 2798/2798/2798 2810/2810/2810 2795/2795/2795
f 2809/2809/2809 2808/2808/2808 2811/2811/2811
f 2809/2809/2809 2811/2811/2811 2810/2810/2810
f 2807/2807/2807 2812/2812/2812 2808/2808/2808
f 2811/2811/2811 2808/2808/2808 2812/2812/2812
f 2807/2807/2807 2806/2806/2806 2813/2813/2813
f 2813/2813/2813 2812/2812/2812 2807/2807/2807
f 2814/2814/2814 2795/2795/2795 2810/2810/2810
f 2814/2814/2814 2796/2796/2796 2795/2795/2795
f 2814/2814/2814 2815/2815/2815 2796/2796/2796
f 2790/2790/2790 2796/2796/2796 2815/2815/2815
f 2814/2814/2814 2810/2810/2810 2816/2816/2816
f 2816/2816/2816 2815/2815/2815 2814/2814/2814
f 2810/2810/2810 2811/2811/2811 2817/2817/2817
f 2817/2817/2817 2816/2816/2816 2810/2810/2810
f 2812/2812/2812 2818/2818/2818 2811/2811/2811
f 2811/2811/2811 2818/2818/2818 2817/2817/2817
f 2819/2819/2819 2790/2790/2790 2815/2815/2815
f 2815/2815/2815 2816/2816/2816 2820/2820/2820
f 2819/2819/2819 2815/2815/2815 2820/2820/2820
f 2816/2816/2816 2817/2817/2817 2821/2821/2821
f 2816/2816/2816 2821/2821/2821 2820/2820/2820
f 2822/2822/2822 2817/2817/2817 2818/2818/2818
f 2822/2822/2822 2821/2821/2821 2817/2817/2817
f 2823/2823/2823 2790/2790/2790 2819/2819/2819
f 2823/2823/2823 2792/2792/2792 2790/2790/2790
f 2824/2824/2824 2818/2818/2818 2812/2812/2812
f 2818/2818/2818 2825/2825/2825 2822/2822/2822
f 2825/2825/2825 2818/2818/2818 2824/2824/2824
f 2826/2826/2826 2822/2822/2822 2825/2825/2825
f 2822/2822/2822 2826/2826/2826 2827/2827/2827
f 2822/2822/2822 2827/2827/2827 2821/2821/2821
f 2824/2824/2824 2828/2828/2828 2825/2825/2825
f 2821/2821/2821 2827/2827/2827 2829/2829/2829
f 2830/2830/2830 2829/2829/2829 2827/2827/2827
f 2829/2829/2829 2820/2820/2820 2821/2821/2821
f 2830/2830/2830 2831/2831/2831 2829/2829/2829
f 2829/2829/2829 2831/2831/2831 2820/2820/2820
f 2832/2832/2832 2831/2831/2831 2830/2830/2830
f 2833/2833/2833 2824/2824/2824 2812/2812/2812
f 2833/2833/2833 2812/2812/2812 2813/2813/2813
f 2833/2833/2833 2813/2813/2813 2834/2834/2834
f 2835/2835/2835 2824/2824/2824 2833/2833/2833
f 2828/2828/2828 2824/2824/2824 2835/2835/2835
f 2834/2834/2834 2835/2835/2835 2833/2833/2833
f 2836/2836/2836 2828/2828/2828 2835/2835/2835
f 2836/2836/2836 2835/2835/2835 2834/2834/2834
f 2837/2837/2837 2828/2828/2828 2836/2836/2836
f 2837/2837/2837 2836/2836/2836 2838/2838/2838
f 2839/2839/2839 2820/2820/2820 2831/2831/2831
f 2820/2820/2820 2839/2839/2839 2819/2819/2819
f 2840/2840/2840 2831/2831/2831 2832/2832/2832
f 2839/2839/2839 2831/2831/2831 2840/2840/2840
f 2832/2832/2832 2841/2841/2841 2840/2840/2840
f 2842/2842/2842 2838/2838/2838 2836/2836/2836
f 2836/2836/2836 2834/2834/2834 2842/2842/2842
f 2843/2843/2843 2819/2819/2819 2839/2839/2839
f 2823/2823/2823 2819/2819/2819 2843/2843/2843
f 2844/2844/2844 2838/2838/2838 2842/2842/2842
f 2838/2838/2838 2844/2844/2844 2845/2845/2845
f 2839/2839/2839 2846/2846/2846 2843/2843/2843
f 2846/2846/2846 2839/2839/2839 2840/2840/2840
f 2847/2847/2847 2823/2823/2823 2843/2843/2843
f 2847/2847/2847 2843/2843/2843 2846/2846/2846
f 2848/2848/2848 2842/2842/2842 2834/2834/2834
f 2842/2842/2842 2848/2848/2848 2844/2844/2844
f 2849/2849/2849 2845/2845/2845 2844/2844/2844
f 2845/2845/2845 2849/2849/2849 2850/2850/2850
f 2851/2851/2851 2844/2844/2844 2848/2848/2848
f 2844/2844/2844 2851/2851/2851 2849/2849/2849
f 2848/2848/2848 2834/2834/2834 2852/2852/2852
f 2851/2851/2851 2848/2848/2848 2852/2852/2852
f 2853/2853/2853 2850/2850/2850 2849/2849/2849
f 2850/2850/2850 2853/2853/2853 2854/2854/2854
f 2855/2855/2855 2854/2854/2854 2853/2853/2853
f 2856/2856/2856 2852/2852/2852 2834/2834/2834
f 2856/2856/2856 2834/2834/2834 2813/2813/2813
f 2856/2856/2856 2813/2813/2813 2806/2806/2806
f 2852/2852/2852 2856/2856/2856 2857/2857/2857
f 2856/2856/2856 2806/2806/2806 2857/2857/2857
f 2851/2851/2851 2852/2852/2852 2857/2857/2857
f 2857/2857/2857 2806/2806/2806 2804/2804/2804
f 2857/2857/2857 2804/2804/2804 2858/2858/2858
f 2859/2859/2859 2849/2849/2849 2851/2851/2851
f 2851/2851/2851 2857/2857/2857 2859/2859/2859
f 2849/2849/2849 2859/2859/2859 2853/2853/2853
f 2858/2858/2858 2859/2859/2859 2857/2857/2857
f 2853/2853/2853 2860/2860/2860 2855/2855/2855
f 2860/2860/2860 2853/2853/2853 2859/2859/2859
f 2860/2860/2860 2859/2859/2859 2858/2858/2858
f 2861/2861/2861 2855/2855/2855 2860/2860/2860
f 2860/2860/2860 2858/2858/2858 2861/2861/2861
f 2858/2858/2858 2862/2862/2862 2861/2861/2861
f 2863/2863/2863 2858/2858/2858 2804/2804/2804
f 2863/2863/2863 2804/2804/2804 2805/2805/2805
f 2858/2858/2858 2864/2864/2864 2862/2862/2862
f 2863/2863/2863 2864/2864/2864 2858/2858/2858
f 2805/2805/2805 2864/2864/2864 2863/2863/2863
f 2862/2862/2862 2864/2864/2864 2865/2865/2865
f 2805/2805/2805 2866/2866/2866 2864/2864/2864
f 2865/2865/2865 2864/2864/2864 2867/2867/2867
f 2864/2864/2864 2866/2866/2866 2867/2867/2867
f 2823/2823/2823 2847/2847/2847 2868/2868/2868
f 2868/2868/2868 2792/2792/2792 2823/2823/2823
f 2868/2868/2868 2847/2847/2847 2869/2869/2869
f 2868/2868/2868 2869/2869/2869 2792/2792/2792
f 2870/2870/2870 2869/2869/2869 2847/2847/2847
f 2847/2847/2847 2846/2846/2846 2870/2870/2870
f 2871/2871/2871 2870/2870/2870 2846/2846/2846
f 2846/2846/2846 2840/2840/2840 2871/2871/2871
f 2869/2869/2869 2872/2872/2872 2792/2792/2792
f 2872/2872/2872 2794/2794/2794 2792/2792/2792
f 2873/2873/2873 2869/2869/2869 2870/2870/2870
f 2870/2870/2870 2871/2871/2871 2873/2873/2873
f 2874/2874/2874 2871/2871/2871 2840/2840/2840
f 2874/2874/2874 2840/2840/2840 2841/2841/2841
f 2872/2872/2872 2875/2875/2875 2794/2794/2794
f 2875/2875/2875 2876/2876/2876 2794/2794/2794
f 2877/2877/2877 2876/2876/2876 2875/2875/2875
f 2877/2877/2877 2875/2875/2875 2878/2878/2878
f 2878/2878/2878 2875/2875/2875 2879/2879/2879
f 2880/2880/2880 2872/2872/2872 2869/2869/2869
f 2880/2880/2880 2875/2875/2875 2872/2872/2872
f 2879/2879/2879 2875/2875/2875 2880/2880/2880
f 2873/2873/2873 2880/2880/2880 2869/2869/2869
f 2881/2881/2881 2873/2873/2873 2871/2871/2871
f 2871/2871/2871 2874/2874/2874 2881/2881/2881
f 2874/2874/2874 2841/2841/2841 2882/2882/2882
f 2882/2882/2882 2881/2881/2881 2874/2874/2874
f 2882/2882/2882 2841/2841/2841 2883/2883/2883
f 2884/2884/2884 2873/2873/2873 2881/2881/2881
f 2880/2880/2880 2873/2873/2873 2884/2884/2884
f 2881/2881/2881 2882/2882/2882 2884/2884/2884
f 2880/2880/2880 2885/2885/2885 2879/2879/2879
f 2884/2884/2884 2885/2885/2885 2880/2880/2880
f 2886/2886/2886 2879/2879/2879 2885/2885/2885
f 2886/2886/2886 2885/2885/2885 2887/2887/2887
f 2888/2888/2888 2882/2882/2882 2883/2883/2883
f 2888/2888/2888 2884/2884/2884 2882/2882/2882
f 2884/2884/2884 2888/2888/2888 2885/2885/2885
f 2889/2889/2889 2888/2888/2888 2883/2883/2883
f 2890/2890/2890 2887/2887/2887 2885/2885/2885
f 2890/2890/2890 2885/2885/2885 2888/2888/2888
f 2889/2889/2889 2890/2890/2890 2888/2888/2888
f 2891/2891/2891 2887/2887/2887 2890/2890/2890
f 2891/2891/2891 2890/2890/2890 2889/2889/2889
f 2894/2894/2894 2893/2893/2893 2892/2892/2892
f 2894/2894/2894 2892/2892/2892 2895/2895/2895
f 2894/2894/2894 2896/2896/2896 2893/2893/2893
f 2894/2894/2894 2895/2895/2895 2897/2897/2897
f 2894/2894/2894 2897/2897/2897 2898/2898/2898
f 2894/2894/2894 2899/2899/2899 2896/2896/2896
f 2899/2899/2899 2894/2894/2894 2900/2900/2900
f 2901/2901/2901 2899/2899/2899 2900/2900/2900
f 2902/2902/2902 2894/2894/2894 2898/2898/2898
f 2902/2902/2902 2900/2900/2900 2894/2894/2894
f 2900/2900/2900 2903/2903/2903 2901/2901/2901
f 2900/2900/2900 2902/2902/2902 2904/2904/2904
f 2903/2903/2903 2900/2900/2900 2905/2905/2905
f 2900/2900/2900 2904/2904/2904 2906/2906/2906
f 2905/2905/2905 2900/2900/2900 2907/2907/2907
f 2907/2907/2907 2900/2900/2900 2906/2906/2906
f 2910/2910/2910 2909/2909/2909 2908/2908/2908
f 2910/2910/2910 2908/2908/2908 2911/2911/2911
f 2910/2910/2910 2912/2912/2912 2909/2909/2909
f 2910/2910/2910 2911/2911/2911 2913/2913/2913
f 2910/2910/2910 2913/2913/2913 2914/2914/2914
f 2915/2915/2915 2912/2912/2912 2910/2910/2910
f 2915/2915/2915 2910/2910/2910 2916/2916/2916
f 2917/2917/2917 2915/2915/2915 2916/2916/2916
f 2914/2914/2914 2918/2918/2918 2910/2910/2910
f 2916/2916/2916 2910/2910/2910 2918/2918/2918
f 2916/2916/2916 2919/2919/2919 2917/2917/2917
f 2916/2916/2916 2918/2918/2918 2920/2920/2920
f 2919/2919/2919 2916/2916/2916 2921/2921/2921
f 2916/2916/2916 2920/2920/2920 2922/2922/2922
f 2921/2921/2921 2916/2916/2916 2923/2923/2923
f 2923/2923/2923 2916/2916/2916 2922/2922/2922
f 2926/2926/2926 2925/2925/2925 2924/2924/2924
f 2926/2926/2926 2924/2924/2924 2927/2927/2927
f 2926/2926/2926 2928/2928/2928 2925/2925/2925
f 2926/2926/2926 2927/2927/2927 2929/2929/2929
f 2926/2926/2926 2929/2929/2929 2930/2930/2930
f 2926/2926/2926 2931/2931/2931 2928/2928/2928
f 2931/2931/2931 2926/2926/2926 2932/2932/2932
f 2933/2933/2933 2931/2931/2931 2932/2932/2932
f 2930/2930/2930 2934/2934/2934 2926/2926/2926
f 2932/2932/2932 2926/2926/2926 2934/2934/2934
f 2932/2932/2932 2935/2935/2935 2933/2933/2933
f 2932/2932/2932 2934/2934/2934 2936/2936/2936
f 2932/2932/2932 2937/2937/2937 2935/2935/2935
f 2936/2936/2936 2938/2938/2938 2932/2932/2932
f 2932/2932/2932 2939/2939/2939 2937/2937/2937
f 2939/2939/2939 2932/2932/2932 2938/2938/2938
f 2942/2942/2942 2941/2941/2941 2940/2940/2940
f 2941/2941/2941 2942/2942/2942 2943/2943/2943
f 2943/2943/2943 2942/2942/2942 2944/2944/2944
f 2944/2944/2944 2942/2942/2942 2945/2945/2945
f 2945/2945/2945 2942/2942/2942 2946/2946/2946
f 2940/2940/2940 2947/2947/2947 2942/2942/2942
f 2947/2947/2947 2948/2948/2948 2942/2942/2942
f 2948/2948/2948 2947/2947/2947 2949/2949/2949
f 2942/2942/2942 2950/2950/2950 2946/2946/2946
f 2942/2942/2942 2948/2948/2948 2950/2950/2950
f 2948/2948/2948 2949/2949/2949 2951/2951/2951
f 2952/2952/2952 2950/2950/2950 2948/2948/2948
f 2948/2948/2948 2951/2951/2951 2953/2953/2953
f 2948/2948/2948 2954/2954/2954 2952/2952/2952
f 2948/2948/2948 2953/2953/2953 2955/2955/2955
f 2948/2948/2948 2955/2955/2955 2954/2954/2954
f 2958/2958/2958 2957/2957/2957 2956/2956/2956
f 2959/2959/2959 2958/2958/2958 2956/2956/2956
f 2957/2957/2957 2958/2958/2958 2960/2960/2960
f 2958/2958/2958 2959/2959/2959 2961/2961/2961
f 2960/2960/2960 2958/2958/2958 2962/2962/2962
f 2958/2958/2958 2963/2963/2963 2962/2962/2962
f 2961/2961/2961 2964/2964/2964 2958/2958/2958
f 2964/2964/2964 2965/2965/2965 2958/2958/2958
f 2963/2963/2963 2958/2958/2958 2966/2966/2966
f 2965/2965/2965 2966/2966/2966 2958/2958/2958
f 2965/2965/2965 2964/2964/2964 2967/2967/2967
f 2965/2965/2965 2968/2968/2968 2966/2966/2966
f 2965/2965/2965 2967/2967/2967 2969/2969/2969
f 2965/2965/2965 2970/2970/2970 2968/2968/2968
f 2971/2971/2971 2965/2965/2965 2969/2969/2969
f 2965/2965/2965 2971/2971/2971 2970/2970/2970
f 2974/2974/2974 2973/2973/2973 2972/2972/2972
f 2972/2972/2972 2973/2973/2973 2975/2975/2975
f 2976/2976/2976 2973/2973/2973 2974/2974/2974
f 2975/2975/2975 2973/2973/2973 2977/2977/2977
f 2978/2978/2978 2973/2973/2973 2976/2976/2976
f 2979/2979/2979 2973/2973/2973 2978/2978/2978
f 2977/2977/2977 2973/2973/2973 2980/2980/2980
f 2981/2981/2981 2980/2980/2980 2973/2973/2973
f 2979/2979/2979 2982/2982/2982 2973/2973/2973
f 2982/2982/2982 2981/2981/2981 2973/2973/2973
f 2980/2980/2980 2981/2981/2981 2983/2983/2983
f 2984/2984/2984 2981/2981/2981 2982/2982/2982
f 2983/2983/2983 2981/2981/2981 2985/2985/2985
f 2986/2986/2986 2981/2981/2981 2984/2984/2984
f 2985/2985/2985 2981/2981/2981 2987/2987/2987
f 2987/2987/2987 2981/2981/2981 2986/2986/2986
f 2990/2990/2990 2989/2989/2989 2988/2988/2988
f 2991/2991/2991 2989/2989/2989 2990/2990/2990
f 2992/2992/2992 2989/2989/2989 2991/2991/2991
f 2993/2993/2993 2989/2989/2989 2992/2992/2992
f 2988/2988/2988 2989/2989/2989 2994/2994/2994
f 2995/2995/2995 2989/2989/2989 2993/2993/2993
f 2994/2994/2994 2989/2989/2989 2996/2996/2996
f 2989/2989/2989 2995/2995/2995 2996/2996/2996
f 2997/2997/2997 2994/2994/2994 2996/2996/2996
f 2998/2998/2998 2996/2996/2996 2995/2995/2995
f 2997/2997/2997 2996/2996/2996 2999/2999/2999
f 3000/3000/3000 2996/2996/2996 2998/2998/2998
f 2999/2999/2999 2996/2996/2996 3001/3001/3001
f 3002/3002/3002 2996/2996/2996 3000/3000/3000
f 3001/3001/3001 2996/2996/2996 3003/3003/3003
f 3003/3003/3003 2996/2996/2996 3002/3002/3002
f 3006/3006/3006 3005/3005/3005 3004/3004/3004
f 3006/3006/3006 3007/3007/3007 3005/3005/3005
f 3008/3008/3008 3004/3004/3004 3005/3005/3005
f 3004/3004/3004 3008/3008/3008 3009/3009/3009
f 3010/3010/3010 3009/3009/3009 3008/3008/3008
f 3008/3008/3008 3005/3005/3005 3010/3010/3010
f 3010/3010/3010 3011/3011/3011 3009/3009/3009
f 3012/3012/3012 3009/3009/3009 3011/3011/3011
f 3010/3010/3010 3013/3013/3013 3011/3011/3011
f 3013/3013/3013 3010/3010/3010 3005/3005/3005
f 3014/3014/3014 3005/3005/3005 3007/3007/3007
f 3007/3007/3007 3015/3015/3015 3014/3014/3014
f 3014/3014/3014 3016/3016/3016 3005/3005/3005
f 3016/3016/3016 3014/3014/3014 3015/3015/3015
f 3016/3016/3016 3013/3013/3013 3005/3005/3005
f 3015/3015/3015 3017/3017/3017 3016/3016/3016
f 3018/3018/3018 3016/3016/3016 3017/3017/3017
f 3013/3013/3013 3016/3016/3016 3018/3018/3018
f 3019/3019/3019 3011/3011/3011 3013/3013/3013
f 3019/3019/3019 3012/3012/3012 3011/3011/3011
f 3018/3018/3018 3017/3017/3017 3020/3020/3020
f 3021/3021/3021 3020/3020/3020 3017/3017/3017
f 3013/3013/3013 3018/3018/3018 3022/3022/3022
f 3022/3022/3022 3019/3019/3019 3013/3013/3013
f 3020/3020/3020 3022/3022/3022 3018/3018/3018
f 3020/3020/3020 3021/3021/3021 3023/3023/3023
f 3021/3021/3021 3024/3024/3024 3023/3023/3023
f 3022/3022/3022 3020/3020/3020 3025/3025/3025
f 3023/3023/3023 3025/3025/3025 3020/3020/3020
f 3026/3026/3026 3019/3019/3019 3022/3022/3022
f 3025/3025/3025 3026/3026/3026 3022/3022/3022
f 3019/3019/3019 3027/3027/3027 3012/3012/3012
f 3027/3027/3027 3019/3019/3019 3026/3026/3026
f 3028/3028/3028 3023/3023/3023 3024/3024/3024
f 3025/3025/3025 3023/3023/3023 3029/3029/3029
f 3028/3028/3028 3029/3029/3029 3023/3023/3023
f 3025/3025/3025 3030/3030/3030 3026/3026/3026
f 3029/3029/3029 3030/3030/3030 3025/3025/3025
f 3028/3028/3028 3024/3024/3024 3031/3031/3031
f 3032/3032/3032 3031/3031/3031 3024/3024/3024
f 3030/3030/3030 3033/3033/3033 3026/3026/3026
f 3027/3027/3027 3026/3026/3026 3033/3033/3033
f 3029/3029/3029 3028/3028/3028 3034/3034/3034
f 3031/3031/3031 3034/3034/3034 3028/3028/3028
f 3035/3035/3035 3030/3030/3030 3029/3029/3029
f 3035/3035/3035 3033/3033/3033 3030/3030/3030
f 3029/3029/3029 3034/3034/3034 3035/3035/3035
f 3031/3031/3031 3032/3032/3032 3036/3036/3036
f 3032/3032/3032 3037/3037/3037 3036/3036/3036
f 3034/3034/3034 3031/3031/3031 3038/3038/3038
f 3036/3036/3036 3038/3038/3038 3031/3031/3031
f 3039/3039/3039 3035/3035/3035 3034/3034/3034
f 3034/3034/3034 3038/3038/3038 3039/3039/3039
f 3040/3040/3040 3036/3036/3036 3037/3037/3037
f 3037/3037/3037 3041/3041/3041 3040/3040/3040
f 3042/3042/3042 3040/3040/3040 3041/3041/3041
f 3043/3043/3043 3040/3040/3040 3042/3042/3042
f 3040/3040/3040 3044/3044/3044 3036/3036/3036
f 3038/3038/3038 3036/3036/3036 3044/3044/3044
f 3043/3043/3043 3044/3044/3044 3040/3040/3040
f 3044/3044/3044 3045/3045/3045 3038/3038/3038
f 3044/3044/3044 3043/3043/3043 3045/3045/3045
f 3038/3038/3038 3045/3045/3045 3039/3039/3039
f 3046/3046/3046 3045/3045/3045 3043/3043/3043
f 3045/3045/3045 3046/3046/3046 3047/3047/3047
f 3045/3045/3045 3047/3047/3047 3039/3039/3039
f 3048/3048/3048 3047/3047/3047 3046/3046/3046
f 3048/3048/3048 3049/3049/3049 3047/3047/3047
f 3050/3050/3050 3035/3035/3035 3039/3039/3039
f 3050/3050/3050 3039/3039/3039 3047/3047/3047
f 3035/3035/3035 3050/3050/3050 3033/3033/3033
f 3051/3051/3051 3047/3047/3047 3049/3049/3049
f 3047/3047/3047 3051/3051/3051 3050/3050/3050
f 3050/3050/3050 3052/3052/3052 3033/3033/3033
f 3052/3052/3052 3050/3050/3050 3051/3051/3051
f 3051/3051/3051 3049/3049/3049 3053/3053/3053
f 3053/3053/3053 3052/3052/3052 3051/3051/3051
f 3054/3054/3054 3053/3053/3053 3049/3049/3049
f 3054/3054/3054 3055/3055/3055 3053/3053/3053
f 3056/3056/3056 3033/3033/3033 3052/3052/3052
f 3033/3033/3033 3056/3056/3056 3027/3027/3027
f 3057/3057/3057 3053/3053/3053 3055/3055/3055
f 3055/3055/3055 3058/3058/3058 3057/3057/3057
f 3058/3058/3058 3059/3059/3059 3057/3057/3057
f 3052/3052/3052 3053/3053/3053 3060/3060/3060
f 3053/3053/3053 3057/3057/3057 3060/3060/3060
f 3056/3056/3056 3052/3052/3052 3060/3060/3060
f 3057/3057/3057 3059/3059/3059 3061/3061/3061
f 3061/3061/3061 3060/3060/3060 3057/3057/3057
f 3061/3061/3061 3059/3059/3059 3062/3062/3062
f 3062/3062/3062 3063/3063/3063 3061/3061/3061
f 3064/3064/3064 3027/3027/3027 3056/3056/3056
f 3027/3027/3027 3064/3064/3064 3012/3012/3012
f 3056/3056/3056 3060/3060/3060 3065/3065/3065
f 3060/3060/3060 3061/3061/3061 3065/3065/3065
f 3065/3065/3065 3064/3064/3064 3056/3056/3056
f 3066/3066/3066 3061/3061/3061 3063/3063/3063
f 3066/3066/3066 3065/3065/3065 3061/3061/3061
f 3064/3064/3064 3065/3065/3065 3067/3067/3067
f 3065/3065/3065 3066/3066/3066 3067/3067/3067
f 3066/3066/3066 3063/3063/3063 3068/3068/3068
f 3068/3068/3068 3067/3067/3067 3066/3066/3066
f 3068/3068/3068 3063/3063/3063 3069/3069/3069
f 3070/3070/3070 3012/3012/3012 3064/3064/3064
f 3070/3070/3070 3064/3064/3064 3067/3067/3067
f 3068/3068/3068 3069/3069/3069 3071/3071/3071
f 3071/3071/3071 3069/3069/3069 3072/3072/3072
f 3067/3067/3067 3068/3068/3068 3073/3073/3073
f 3070/3070/3070 3067/3067/3067 3073/3073/3073
f 3071/3071/3071 3073/3073/3073 3068/3068/3068
f 3073/3073/3073 3074/3074/3074 3070/3070/3070
f 3071/3071/3071 3074/3074/3074 3073/3073/3073
f 3070/3070/3070 3075/3075/3075 3012/3012/3012
f 3075/3075/3075 3070/3070/3070 3074/3074/3074
f 3076/3076/3076 3012/3012/3012 3075/3075/3075
f 3071/3071/3071 3072/3072/3072 3077/3077/3077
f 3074/3074/3074 3071/3071/3071 3077/3077/3077
f 3078/3078/3078 3077/3077/3077 3072/3072/3072
f 3075/3075/3075 3079/3079/3079 3076/3076/3076
f 3075/3075/3075 3074/3074/3074 3079/3079/3079
f 3080/3080/3080 3076/3076/3076 3079/3079/3079
f 3077/3077/3077 3078/3078/3078 3081/3081/3081
f 3077/3077/3077 3081/3081/3081 3074/3074/3074
f 3082/3082/3082 3081/3081/3081 3078/3078/3078
f 3079/3079/3079 3083/3083/3083 3080/3080/3080
f 3083/3083/3083 3079/3079/3079 3074/3074/3074
f 3083/3083/3083 3074/3074/3074 3081/3081/3081
f 3081/3081/3081 3082/3082/3082 3083/3083/3083
f 3084/3084/3084 3080/3080/3080 3083/3083/3083
f 3084/3084/3084 3083/3083/3083 3082/3082/3082
f 3087/3087/3087 3086/3086/3086 3085/3085/3085
f 3087/3087/3087 3088/3088/3088 3086/3086/3086
f 3089/3089/3089 3085/3085/3085 3086/3086/3086
f 3086/3086/3086 3090/3090/3090 3089/3089/3089
f 3085/3085/3085 3089/3089/3089 3091/3091/3091
f 3092/3092/3092 3086/3086/3086 3088/3088/3088
f 3086/3086/3086 3092/3092/3092 3090/3090/3090
f 3088/3088/3088 3093/3093/3093 3092/3092/3092
f 3094/3094/3094 3091/3091/3091 3089/3089/3089
f 3094/3094/3094 3089/3089/3089 3090/3090/3090
f 3091/3091/3091 3094/3094/3094 3095/3095/3095
f 3096/3096/3096 3092/3092/3092 3093/3093/3093
f 3096/3096/3096 3090/3090/3090 3092/3092/3092
f 3093/3093/3093 3097/3097/3097 3096/3096/3096
f 3098/3098/3098 3095/3095/3095 3094/3094/3094
f 3094/3094/3094 3090/3090/3090 3098/3098/3098
f 3098/3098/3098 3099/3099/3099 3095/3095/3095
f 3090/3090/3090 3096/3096/3096 3100/3100/3100
f 3100/3100/3100 3096/3096/3096 3097/3097/3097
f 3101/3101/3101 3099/3099/3099 3098/3098/3098
f 3099/3099/3099 3101/3101/3101 3102/3102/3102
f 3103/3103/3103 3098/3098/3098 3090/3090/3090
f 3100/3100/3100 3103/3103/3103 3090/3090/3090
f 3098/3098/3098 3103/3103/3103 3101/3101/3101
f 3104/3104/3104 3102/3102/3102 3101/3101/3101
f 3102/3102/3102 3104/3104/3104 3105/3105/3105
f 3106/3106/3106 3101/3101/3101 3103/3103/3103
f 3100/3100/3100 3106/3106/3106 3103/3103/3103
f 3101/3101/3101 3106/3106/3106 3104/3104/3104
f 3107/3107/3107 3105/3105/3105 3104/3104/3104
f 3107/3107/3107 3108/3108/3108 3105/3105/3105
f 3100/3100/3100 3109/3109/3109 3106/3106/3106
f 3100/3100/3100 3097/3097/3097 3109/3109/3109
f 3110/3110/3110 3104/3104/3104 3106/3106/3106
f 3104/3104/3104 3110/3110/3110 3107/3107/3107
f 3106/3106/3106 3109/3109/3109 3110/3110/3110
f 3111/3111/3111 3108/3108/3108 3107/3107/3107
f 3112/3112/3112 3108/3108/3108 3111/3111/3111
f 3113/3113/3113 3112/3112/3112 3111/3111/3111
f 3114/3114/3114 3107/3107/3107 3110/3110/3110
f 3107/3107/3107 3114/3114/3114 3111/3111/3111
f 3111/3111/3111 3115/3115/3115 3113/3113/3113
f 3115/3115/3115 3111/3111/3111 3114/3114/3114
f 3116/3116/3116 3113/3113/3113 3115/3115/3115
f 3117/3117/3117 3110/3110/3110 3109/3109/3109
f 3117/3117/3117 3114/3114/3114 3110/3110/3110
f 3116/3116/3116 3115/3115/3115 3118/3118/3118
f 3118/3118/3118 3119/3119/3119 3116/3116/3116
f 3120/3120/3120 3115/3115/3115 3114/3114/3114
f 3117/3117/3117 3120/3120/3120 3114/3114/3114
f 3115/3115/3115 3120/3120/3120 3118/3118/3118
f 3109/3109/3109 3121/3121/3121 3117/3117/3117
f 3121/3121/3121 3109/3109/3109 3097/3097/3097
f 3118/3118/3118 3122/3122/3122 3119/3119/3119
f 3123/3123/3123 3119/3119/3119 3122/3122/3122
f 3120/3120/3120 3124/3124/3124 3118/3118/3118
f 3122/3122/3122 3118/3118/3118 3124/3124/3124
f 3117/3117/3117 3125/3125/3125 3120/3120/3120
f 3125/3125/3125 3117/3117/3117 3121/3121/3121
f 3124/3124/3124 3120/3120/3120 3125/3125/3125
f 3123/3123/3123 3122/3122/3122 3126/3126/3126
f 3127/3127/3127 3123/3123/3123 3126/3126/3126
f 3124/3124/3124 3128/3128/3128 3122/3122/3122
f 3126/3126/3126 3122/3122/3122 3128/3128/3128
f 3129/3129/3129 3124/3124/3124 3125/3125/3125
f 3124/3124/3124 3129/3129/3129 3128/3128/3128
f 3127/3127/3127 3126/3126/3126 3130/3130/3130
f 3130/3130/3130 3131/3131/3131 3127/3127/3127
f 3132/3132/3132 3126/3126/3126 3128/3128/3128
f 3130/3130/3130 3126/3126/3126 3132/3132/3132
f 3130/3130/3130 3133/3133/3133 3131/3131/3131
f 3130/3130/3130 3132/3132/3132 3133/3133/3133
f 3134/3134/3134 3131/3131/3131 3133/3133/3133
f 3134/3134/3134 3133/3133/3133 3135/3135/3135
f 3136/3136/3136 3135/3135/3135 3133/3133/3133
f 3133/3133/3133 3137/3137/3137 3136/3136/3136
f 3137/3137/3137 3133/3133/3133 3132/3132/3132
f 3138/3138/3138 3136/3136/3136 3137/3137/3137
f 3139/3139/3139 3138/3138/3138 3137/3137/3137
f 3137/3137/3137 3132/3132/3132 3139/3139/3139
f 3138/3138/3138 3139/3139/3139 3140/3140/3140
f 3141/3141/3141 3132/3132/3132 3128/3128/3128
f 3141/3141/3141 3139/3139/3139 3132/3132/3132
f 3128/3128/3128 3129/3129/3129 3141/3141/3141
f 3142/3142/3142 3140/3140/3140 3139/3139/3139
f 3139/3139/3139 3141/3141/3141 3142/3142/3142
f 3143/3143/3143 3141/3141/3141 3129/3129/3129
f 3143/3143/3143 3142/3142/3142 3141/3141/3141
f 3142/3142/3142 3144/3144/3144 3140/3140/3140
f 3142/3142/3142 3143/3143/3143 3144/3144/3144
f 3145/3145/3145 3140/3140/3140 3144/3144/3144
f 3129/3129/3129 3146/3146/3146 3143/3143/3143
f 3129/3129/3129 3125/3125/3125 3146/3146/3146
f 3125/3125/3125 3121/3121/3121 3146/3146/3146
f 3147/3147/3147 3145/3145/3145 3144/3144/3144
f 3145/3145/3145 3147/3147/3147 3148/3148/3148
f 3149/3149/3149 3144/3144/3144 3143/3143/3143
f 3143/3143/3143 3146/3146/3146 3149/3149/3149
f 3144/3144/3144 3149/3149/3149 3147/3147/3147
f 3150/3150/3150 3146/3146/3146 3121/3121/3121
f 3149/3149/3149 3146/3146/3146 3150/3150/3150
f 3147/3147/3147 3149/3149/3149 3151/3151/3151
f 3149/3149/3149 3150/3150/3150 3151/3151/3151
f 3121/3121/3121 3152/3152/3152 3150/3150/3150
f 3150/3150/3150 3152/3152/3152 3151/3151/3151
f 3152/3152/3152 3121/3121/3121 3097/3097/3097
f 3153/3153/3153 3148/3148/3148 3147/3147/3147
f 3147/3147/3147 3151/3151/3151 3153/3153/3153
f 3152/3152/3152 3097/3097/3097 3154/3154/3154
f 3152/3152/3152 3154/3154/3154 3151/3151/3151
f 3153/3153/3153 3155/3155/3155 3148/3148/3148
f 3156/3156/3156 3148/3148/3148 3155/3155/3155
f 3155/3155/3155 3157/3157/3157 3156/3156/3156
f 3155/3155/3155 3153/3153/3153 3157/3157/3157
f 3158/3158/3158 3156/3156/3156 3157/3157/3157
f 3159/3159/3159 3153/3153/3153 3151/3151/3151
f 3153/3153/3153 3159/3159/3159 3157/3157/3157
f 3159/3159/3159 3151/3151/3151 3154/3154/3154
f 3157/3157/3157 3160/3160/3160 3158/3158/3158
f 3160/3160/3160 3157/3157/3157 3159/3159/3159
f 3154/3154/3154 3160/3160/3160 3159/3159/3159
f 3161/3161/3161 3158/3158/3158 3160/3160/3160
f 3161/3161/3161 3160/3160/3160 3162/3162/3162
f 3163/3163/3163 3162/3162/3162 3160/3160/3160
f 3160/3160/3160 3154/3154/3154 3163/3163/3163
f 3162/3162/3162 3163/3163/3163 3164/3164/3164
f 3154/3154/3154 3097/3097/3097 3165/3165/3165
f 3164/3164/3164 3165/3165/3165 3097/3097/3097
f 3165/3165/3165 3164/3164/3164 3163/3163/3163
f 3163/3163/3163 3154/3154/3154 3165/3165/3165
f 3168/3168/3168 3167/3167/3167 3166/3166/3166
f 3168/3168/3168 3169/3169/3169 3167/3167/3167
f 3170/3170/3170 3166/3166/3166 3167/3167/3167
f 3167/3167/3167 3171/3171/3171 3170/3170/3170
f 3166/3166/3166 3170/3170/3170 3172/3172/3172
f 3173/3173/3173 3167/3167/3167 3169/3169/3169
f 3167/3167/3167 3173/3173/3173 3171/3171/3171
f 3169/3169/3169 3174/3174/3174 3173/3173/3173
f 3175/3175/3175 3172/3172/3172 3170/3170/3170
f 3175/3175/3175 3170/3170/3170 3171/3171/3171
f 3172/3172/3172 3175/3175/3175 3176/3176/3176
f 3177/3177/3177 3173/3173/3173 3174/3174/3174
f 3177/3177/3177 3171/3171/3171 3173/3173/3173
f 3174/3174/3174 3178/3178/3178 3177/3177/3177
f 3179/3179/3179 3176/3176/3176 3175/3175/3175
f 3175/3175/3175 3171/3171/3171 3179/3179/3179
f 3176/3176/3176 3179/3179/3179 3180/3180/3180
f 3177/3177/3177 3181/3181/3181 3171/3171/3171
f 3181/3181/3181 3177/3177/3177 3178/3178/3178
f 3182/3182/3182 3180/3180/3180 3179/3179/3179
f 3180/3180/3180 3182/3182/3182 3183/3183/3183
f 3184/3184/3184 3179/3179/3179 3171/3171/3171
f 3184/3184/3184 3171/3171/3171 3181/3181/3181
f 3184/3184/3184 3182/3182/3182 3179/3179/3179
f 3185/3185/3185 3183/3183/3183 3182/3182/3182
f 3183/3183/3183 3185/3185/3185 3186/3186/3186
f 3184/3184/3184 3187/3187/3187 3182/3182/3182
f 3181/3181/3181 3187/3187/3187 3184/3184/3184
f 3182/3182/3182 3187/3187/3187 3185/3185/3185
f 3188/3188/3188 3186/3186/3186 3185/3185/3185
f 3186/3186/3186 3188/3188/3188 3189/3189/3189
f 3181/3181/3181 3190/3190/3190 3187/3187/3187
f 3181/3181/3181 3178/3178/3178 3190/3190/3190
f 3191/3191/3191 3185/3185/3185 3187/3187/3187
f 3191/3191/3191 3188/3188/3188 3185/3185/3185
f 3190/3190/3190 3191/3191/3191 3187/3187/3187
f 3192/3192/3192 3189/3189/3189 3188/3188/3188
f 3189/3189/3189 3192/3192/3192 3193/3193/3193
f 3194/3194/3194 3193/3193/3193 3192/3192/3192
f 3191/3191/3191 3195/3195/3195 3188/3188/3188
f 3188/3188/3188 3195/3195/3195 3192/3192/3192
f 3192/3192/3192 3196/3196/3196 3194/3194/3194
f 3196/3196/3196 3192/3192/3192 3195/3195/3195
f 3197/3197/3197 3194/3194/3194 3196/3196/3196
f 3197/3197/3197 3196/3196/3196 3198/3198/3198
f 3196/3196/3196 3195/3195/3195 3198/3198/3198
f 3198/3198/3198 3199/3199/3199 3197/3197/3197
f 3191/3191/3191 3190/3190/3190 3200/3200/3200
f 3200/3200/3200 3195/3195/3195 3191/3191/3191
f 3198/3198/3198 3201/3201/3201 3199/3199/3199
f 3202/3202/3202 3199/3199/3199 3201/3201/3201
f 3203/3203/3203 3198/3198/3198 3195/3195/3195
f 3200/3200/3200 3203/3203/3203 3195/3195/3195
f 3190/3190/3190 3204/3204/3204 3200/3200/3200
f 3204/3204/3204 3190/3190/3190 3178/3178/3178
f 3203/3203/3203 3205/3205/3205 3198/3198/3198
f 3201/3201/3201 3198/3198/3198 3205/3205/3205
f 3200/3200/3200 3206/3206/3206 3203/3203/3203
f 3206/3206/3206 3200/3200/3200 3204/3204/3204
f 3205/3205/3205 3203/3203/3203 3206/3206/3206
f 3201/3201/3201 3207/3207/3207 3202/3202/3202
f 3208/3208/3208 3202/3202/3202 3207/3207/3207
f 3205/3205/3205 3209/3209/3209 3201/3201/3201
f 3207/3207/3207 3201/3201/3201 3209/3209/3209
f 3210/3210/3210 3205/3205/3205 3206/3206/3206
f 3205/3205/3205 3210/3210/3210 3209/3209/3209
f 3208/3208/3208 3207/3207/3207 3211/3211/3211
f 3211/3211/3211 3212/3212/3212 3208/3208/3208
f 3213/3213/3213 3207/3207/3207 3209/3209/3209
f 3211/3211/3211 3207/3207/3207 3213/3213/3213
f 3211/3211/3211 3214/3214/3214 3212/3212/3212
f 3215/3215/3215 3212/3212/3212 3214/3214/3214
f 3215/3215/3215 3214/3214/3214 3216/3216/3216
f 3217/3217/3217 3216/3216/3216 3214/3214/3214
f 3214/3214/3214 3211/3211/3211 3218/3218/3218
f 3214/3214/3214 3218/3218/3218 3217/3217/3217
f 3213/3213/3213 3218/3218/3218 3211/3211/3211
f 3219/3219/3219 3217/3217/3217 3218/3218/3218
f 3220/3220/3220 3219/3219/3219 3218/3218/3218
f 3218/3218/3218 3213/3213/3213 3220/3220/3220
f 3219/3219/3219 3220/3220/3220 3221/3221/3221
f 3213/3213/3213 3209/3209/3209 3222/3222/3222
f 3222/3222/3222 3220/3220/3220 3213/3213/3213
f 3210/3210/3210 3222/3222/3222 3209/3209/3209
f 3223/3223/3223 3221/3221/3221 3220/3220/3220
f 3220/3220/3220 3222/3222/3222 3223/3223/3223
f 3222/3222/3222 3210/3210/3210 3224/3224/3224
f 3224/3224/3224 3223/3223/3223 3222/3222/3222
f 3223/3223/3223 3225/3225/3225 3221/3221/3221
f 3223/3223/3223 3224/3224/3224 3225/3225/3225
f 3226/3226/3226 3221/3221/3221 3225/3225/3225
f 3227/3227/3227 3224/3224/3224 3210/3210/3210
f 3210/3210/3210 3206/3206/3206 3227/3227/3227
f 3206/3206/3206 3204/3204/3204 3227/3227/3227
f 3228/3228/3228 3226/3226/3226 3225/3225/3225
f 3226/3226/3226 3228/3228/3228 3229/3229/3229
f 3230/3230/3230 3225/3225/3225 3224/3224/3224
f 3224/3224/3224 3227/3227/3227 3230/3230/3230
f 3225/3225/3225 3230/3230/3230 3228/3228/3228
f 3231/3231/3231 3227/3227/3227 3204/3204/3204
f 3230/3230/3230 3227/3227/3227 3231/3231/3231
f 3228/3228/3228 3230/3230/3230 3232/3232/3232
f 3230/3230/3230 3231/3231/3231 3232/3232/3232
f 3204/3204/3204 3233/3233/3233 3231/3231/3231
f 3233/3233/3233 3232/3232/3232 3231/3231/3231
f 3233/3233/3233 3204/3204/3204 3178/3178/3178
f 3234/3234/3234 3229/3229/3229 3228/3228/3228
f 3228/3228/3228 3232/3232/3232 3234/3234/3234
f 3232/3232/3232 3233/3233/3233 3235/3235/3235
f 3235/3235/3235 3234/3234/3234 3232/3232/3232
f 3233/3233/3233 3178/3178/3178 3236/3236/3236
f 3236/3236/3236 3235/3235/3235 3233/3233/3233
f 3234/3234/3234 3237/3237/3237 3229/3229/3229
f 3238/3238/3238 3229/3229/3229 3237/3237/3237
f 3237/3237/3237 3234/3234/3234 3239/3239/3239
f 3237/3237/3237 3239/3239/3239 3238/3238/3238
f 3234/3234/3234 3235/3235/3235 3239/3239/3239
f 3240/3240/3240 3238/3238/3238 3239/3239/3239
f 3241/3241/3241 3239/3239/3239 3235/3235/3235
f 3239/3239/3239 3241/3241/3241 3240/3240/3240
f 3235/3235/3235 3236/3236/3236 3241/3241/3241
f 3242/3242/3242 3240/3240/3240 3241/3241/3241
f 3242/3242/3242 3241/3241/3241 3243/3243/3243
f 3244/3244/3244 3243/3243/3243 3241/3241/3241
f 3241/3241/3241 3236/3236/3236 3244/3244/3244
f 3243/3243/3243 3244/3244/3244 3245/3245/3245
f 3236/3236/3236 3178/3178/3178 3246/3246/3246
f 3245/3245/3245 3246/3246/3246 3178/3178/3178
f 3246/3246/3246 3245/3245/3245 3244/3244/3244
f 3244/3244/3244 3236/3236/3236 3246/3246/3246
f 3249/3249/3249 3248/3248/3248 3247/3247/3247
f 3249/3249/3249 3247/3247/3247 3250/3250/3250
f 3249/3249/3249 3251/3251/3251 3248/3248/3248
f 3249/3249/3249 3252/3252/3252 3251/3251/3251
f 3253/3253/3253 3249/3249/3249 3250/3250/3250
f 3252/3252/3252 3249/3249/3249 3254/3254/3254
f 3249/3249/3249 3253/3253/3253 3255/3255/3255
f 3254/3254/3254 3249/3249/3249 3255/3255/3255
f 3256/3256/3256 3255/3255/3255 3253/3253/3253
f 3257/3257/3257 3254/3254/3254 3255/3255/3255
f 3258/3258/3258 3255/3255/3255 3256/3256/3256
f 3257/3257/3257 3255/3255/3255 3259/3259/3259
f 3260/3260/3260 3255/3255/3255 3258/3258/3258
f 3259/3259/3259 3255/3255/3255 3261/3261/3261
f 3262/3262/3262 3255/3255/3255 3260/3260/3260
f 3261/3261/3261 3255/3255/3255 3262/3262/3262
f 3265/3265/3265 3264/3264/3264 3263/3263/3263
f 3265/3265/3265 3263/3263/3263 3266/3266/3266
f 3265/3265/3265 3267/3267/3267 3264/3264/3264
f 3268/3268/3268 3265/3265/3265 3266/3266/3266
f 3265/3265/3265 3269/3269/3269 3267/3267/3267
f 3268/3268/3268 3270/3270/3270 3265/3265/3265
f 3271/3271/3271 3265/3265/3265 3270/3270/3270
f 3272/3272/3272 3271/3271/3271 3270/3270/3270
f 3269/3269/3269 3265/3265/3265 3273/3273/3273
f 3273/3273/3273 3265/3265/3265 3271/3271/3271
f 3274/3274/3274 3271/3271/3271 3272/3272/3272
f 3275/3275/3275 3273/3273/3273 3271/3271/3271
f 3276/3276/3276 3271/3271/3271 3274/3274/3274
f 3275/3275/3275 3271/3271/3271 3277/3277/3277
f 3278/3278/3278 3271/3271/3271 3276/3276/3276
f 3277/3277/3277 3271/3271/3271 3278/3278/3278
f 3281/3281/3281 3280/3280/3280 3279/3279/3279
f 3280/3280/3280 3282/3282/3282 3279/3279/3279
f 3283/3283/3283 3280/3280/3280 3281/3281/3281
f 3280/3280/3280 3284/3284/3284 3282/3282/3282
f 3284/3284/3284 3280/3280/3280 3285/3285/3285
f 3283/3283/3283 3286/3286/3286 3280/3280/3280
f 3287/3287/3287 3280/3280/3280 3286/3286/3286
f 3288/3288/3288 3287/3287/3287 3286/3286/3286
f 3285/3285/3285 3280/3280/3280 3289/3289/3289
f 3289/3289/3289 3280/3280/3280 3287/3287/3287
f 3290/3290/3290 3287/3287/3287 3288/3288/3288
f 3289/3289/3289 3287/3287/3287 3291/3291/3291
f 3292/3292/3292 3287/3287/3287 3290/3290/3290
f 3291/3291/3291 3287/3287/3287 3293/3293/3293
f 3294/3294/3294 3287/3287/3287 3292/3292/3292
f 3293/3293/3293 3287/3287/3287 3294/3294/3294
f 3297/3297/3297 3296/3296/3296 3295/3295/3295
f 3295/3295/3295 3296/3296/3296 3298/3298/3298
f 3298/3298/3298 3296/3296/3296 3299/3299/3299
f 3299/3299/3299 3296/3296/3296 3300/3300/3300
f 3300/3300/3300 3296/3296/3296 3301/3301/3301
f 3297/3297/3297 3302/3302/3302 3296/3296/3296
f 3302/3302/3302 3303/3303/3303 3296/3296/3296
f 3304/3304/3304 3303/3303/3303 3302/3302/3302
f 3301/3301/3301 3296/3296/3296 3305/3305/3305
f 3296/3296/3296 3303/3303/3303 3305/3305/3305
f 3303/3303/3303 3304/3304/3304 3306/3306/3306
f 3307/3307/3307 3305/3305/3305 3303/3303/3303
f 3303/3303/3303 3306/3306/3306 3308/3308/3308
f 3307/3307/3307 3303/3303/3303 3309/3309/3309
f 3303/3303/3303 3308/3308/3308 3310/3310/3310
f 3303/3303/3303 3310/3310/3310 3309/3309/3309
f 3313/3313/3313 3312/3312/3312 3311/3311/3311
f 3311/3311/3311 3312/3312/3312 3314/3314/3314
f 3314/3314/3314 3312/3312/3312 3315/3315/3315
f 3315/3315/3315 3312/3312/3312 3316/3316/3316
f 3316/3316/3316 3312/3312/3312 3317/3317/3317
f 3313/3313/3313 3318/3318/3318 3312/3312/3312
f 3318/3318/3318 3319/3319/3319 3312/3312/3312
f 3320/3320/3320 3319/3319/3319 3318/3318/3318
f 3317/3317/3317 3312/3312/3312 3321/3321/3321
f 3312/3312/3312 3319/3319/3319 3321/3321/3321
f 3319/3319/3319 3320/3320/3320 3322/3322/3322
f 3323/3323/3323 3321/3321/3321 3319/3319/3319
f 3319/3319/3319 3322/3322/3322 3324/3324/3324
f 3323/3323/3323 3319/3319/3319 3325/3325/3325
f 3319/3319/3319 3324/3324/3324 3326/3326/3326
f 3319/3319/3319 3326/3326/3326 3325/3325/3325
f 3329/3329/3329 3328/3328/3328 3327/3327/3327
f 3329/3329/3329 3327/3327/3327 3330/3330/3330
f 3331/3331/3331 3327/3327/3327 3328/3328/3328
f 3328/3328/3328 3332/3332/3332 3331/3331/3331
f 3333/3333/3333 3331/3331/3331 3332/3332/3332
f 3331/3331/3331 3333/3333/3333 3334/3334/3334
f 3335/3335/3335 3334/3334/3334 3333/3333/3333
f 3334/3334/3334 3335/3335/3335 3336/3336/3336
f 3327/3327/3327 3331/3331/3331 3337/3337/3337
f 3334/3334/3334 3337/3337/3337 3331/3331/3331
f 3338/3338/3338 3330/3330/3330 3327/3327/3327
f 3337/3337/3337 3339/3339/3339 3327/3327/3327
f 3338/3338/3338 3327/3327/3327 3339/3339/3339
f 3338/3338/3338 3340/3340/3340 3330/3330/3330
f 3341/3341/3341 3330/3330/3330 3340/3340/3340
f 3339/3339/3339 3342/3342/3342 3338/3338/3338
f 3340/3340/3340 3338/3338/3338 3342/3342/3342
f 3340/3340/3340 3343/3343/3343 3341/3341/3341
f 3344/3344/3344 3341/3341/3341 3343/3343/3343
f 3342/3342/3342 3345/3345/3345 3340/3340/3340
f 3343/3343/3343 3340/3340/3340 3345/3345/3345
f 3345/3345/3345 3346/3346/3346 3343/3343/3343
f 3344/3344/3344 3343/3343/3343 3347/3347/3347
f 3347/3347/3347 3343/3343/3343 3346/3346/3346
f 3347/3347/3347 3348/3348/3348 3344/3344/3344
f 3349/3349/3349 3348/3348/3348 3347/3347/3347
f 3347/3347/3347 3346/3346/3346 3349/3349/3349
f 3349/3349/3349 3350/3350/3350 3348/3348/3348
f 3349/3349/3349 3351/3351/3351 3350/3350/3350
f 3349/3349/3349 3346/3346/3346 3351/3351/3351
f 3350/3350/3350 3351/3351/3351 3352/3352/3352
f 3352/3352/3352 3351/3351/3351 3353/3353/3353
f 3354/3354/3354 3353/3353/3353 3351/3351/3351
f 3351/3351/3351 3346/3346/3346 3354/3354/3354
f 3354/3354/3354 3355/3355/3355 3353/3353/3353
f 3356/3356/3356 3355/3355/3355 3354/3354/3354
f 3356/3356/3356 3354/3354/3354 3346/3346/3346
f 3356/3356/3356 3357/3357/3357 3355/3355/3355
f 3345/3345/3345 3358/3358/3358 3346/3346/3346
f 3356/3356/3356 3346/3346/3346 3358/3358/3358
f 3357/3357/3357 3356/3356/3356 3358/3358/3358
f 3345/3345/3345 3342/3342/3342 3358/3358/3358
f 3359/3359/3359 3358/3358/3358 3342/3342/3342
f 3358/3358/3358 3359/3359/3359 3357/3357/3357
f 3342/3342/3342 3339/3339/3339 3359/3359/3359
f 3360/3360/3360 3359/3359/3359 3339/3339/3339
f 3339/3339/3339 3337/3337/3337 3360/3360/3360
f 3361/3361/3361 3357/3357/3357 3359/3359/3359
f 3359/3359/3359 3360/3360/3360 3361/3361/3361
f 3362/3362/3362 3360/3360/3360 3337/3337/3337
f 3337/3337/3337 3334/3334/3334 3362/3362/3362
f 3363/3363/3363 3361/3361/3361 3360/3360/3360
f 3360/3360/3360 3362/3362/3362 3363/3363/3363
f 3364/3364/3364 3362/3362/3362 3334/3334/3334
f 3336/3336/3336 3364/3364/3364 3334/3334/3334
f 3362/3362/3362 3364/3364/3364 3365/3365/3365
f 3365/3365/3365 3363/3363/3363 3362/3362/3362
f 3364/3364/3364 3336/3336/3336 3366/3366/3366
f 3366/3366/3366 3365/3365/3365 3364/3364/3364
f 3367/3367/3367 3366/3366/3366 3336/3336/3336
f 3367/3367/3367 3368/3368/3368 3366/3366/3366
f 3369/3369/3369 3366/3366/3366 3368/3368/3368
f 3369/3369/3369 3368/3368/3368 3370/3370/3370
f 3365/3365/3365 3366/3366/3366 3371/3371/3371
f 3369/3369/3369 3371/3371/3371 3366/3366/3366
f 3365/3365/3365 3372/3372/3372 3363/3363/3363
f 3372/3372/3372 3365/3365/3365 3371/3371/3371
f 3361/3361/3361 3363/3363/3363 3373/3373/3373
f 3363/3363/3363 3372/3372/3372 3374/3374/3374
f 3374/3374/3374 3373/3373/3373 3363/3363/3363
f 3375/3375/3375 3361/3361/3361 3373/3373/3373
f 3361/3361/3361 3375/3375/3375 3357/3357/3357
f 3357/3357/3357 3375/3375/3375 3376/3376/3376
f 3357/3357/3357 3376/3376/3376 3377/3377/3377
f 3370/3370/3370 3378/3378/3378 3369/3369/3369
f 3371/3371/3371 3369/3369/3369 3379/3379/3379
f 3378/3378/3378 3379/3379/3379 3369/3369/3369
f 3372/3372/3372 3371/3371/3371 3380/3380/3380
f 3379/3379/3379 3380/3380/3380 3371/3371/3371
f 3374/3374/3374 3372/3372/3372 3381/3381/3381
f 3380/3380/3380 3381/3381/3381 3372/3372/3372
f 3373/3373/3373 3374/3374/3374 3382/3382/3382
f 3381/3381/3381 3382/3382/3382 3374/3374/3374
f 3375/3375/3375 3373/3373/3373 3383/3383/3383
f 3382/3382/3382 3383/3383/3383 3373/3373/3373
f 3376/3376/3376 3375/3375/3375 3384/3384/3384
f 3383/3383/3383 3384/3384/3384 3375/3375/3375
f 3378/3378/3378 3370/3370/3370 3385/3385/3385
f 3386/3386/3386 3385/3385/3385 3370/3370/3370
f 3386/3386/3386 3387/3387/3387 3385/3385/3385
f 3388/3388/3388 3385/3385/3385 3387/3387/3387
f 3385/3385/3385 3389/3389/3389 3378/3378/3378
f 3385/3385/3385 3388/3388/3388 3389/3389/3389
f 3379/3379/3379 3378/3378/3378 3389/3389/3389
f 3390/3390/3390 3389/3389/3389 3388/3388/3388
f 3389/3389/3389 3391/3391/3391 3379/3379/3379
f 3390/3390/3390 3391/3391/3391 3389/3389/3389
f 3380/3380/3380 3379/3379/3379 3391/3391/3391
f 3391/3391/3391 3390/3390/3390 3392/3392/3392
f 3391/3391/3391 3393/3393/3393 3380/3380/3380
f 3392/3392/3392 3393/3393/3393 3391/3391/3391
f 3381/3381/3381 3380/3380/3380 3393/3393/3393
f 3393/3393/3393 3392/3392/3392 3394/3394/3394
f 3393/3393/3393 3394/3394/3394 3381/3381/3381
f 3395/3395/3395 3394/3394/3394 3392/3392/3392
f 3382/3382/3382 3381/3381/3381 3394/3394/3394
f 3395/3395/3395 3396/3396/3396 3394/3394/3394
f 3394/3394/3394 3396/3396/3396 3382/3382/3382
f 3383/3383/3383 3382/3382/3382 3396/3396/3396
f 3396/3396/3396 3395/3395/3395 3397/3397/3397
f 3396/3396/3396 3398/3398/3398 3383/3383/3383
f 3397/3397/3397 3398/3398/3398 3396/3396/3396
f 3384/3384/3384 3383/3383/3383 3398/3398/3398
f 3397/3397/3397 3399/3399/3399 3398/3398/3398
f 3399/3399/3399 3384/3384/3384 3398/3398/3398
f 3384/3384/3384 3399/3399/3399 3400/3400/3400
f 3399/3399/3399 3397/3397/3397 3401/3401/3401
f 3402/3402/3402 3399/3399/3399 3401/3401/3401
f 3402/3402/3402 3400/3400/3400 3399/3399/3399
f 3402/3402/3402 3401/3401/3401 3403/3403/3403
f 3402/3402/3402 3403/3403/3403 3400/3400/3400
f 3404/3404/3404 3400/3400/3400 3403/3403/3403
f 3405/3405/3405 3400/3400/3400 3404/3404/3404
f 3384/3384/3384 3400/3400/3400 3406/3406/3406
f 3384/3384/3384 3406/3406/3406 3376/3376/3376
f 3406/3406/3406 3377/3377/3377 3376/3376/3376
f 3407/3407/3407 3405/3405/3405 3377/3377/3377
f 3405/3405/3405 3407/3407/3407 3400/3400/3400
f 3406/3406/3406 3407/3407/3407 3377/3377/3377
f 3407/3407/3407 3406/3406/3406 3400/3400/3400
f 3410/3410/3410 3409/3409/3409 3408/3408/3408
f 3411/3411/3411 3409/3409/3409 3410/3410/3410
f 3412/3412/3412 3408/3408/3408 3409/3409/3409
f 3409/3409/3409 3413/3413/3413 3412/3412/3412
f 3408/3408/3408 3412/3412/3412 3414/3414/3414
f 3415/3415/3415 3409/3409/3409 3411/3411/3411
f 3415/3415/3415 3413/3413/3413 3409/3409/3409
f 3415/3415/3415 3411/3411/3411 3416/3416/3416
f 3417/3417/3417 3414/3414/3414 3412/3412/3412
f 3417/3417/3417 3412/3412/3412 3413/3413/3413
f 3414/3414/3414 3417/3417/3417 3418/3418/3418
f 3415/3415/3415 3416/3416/3416 3419/3419/3419
f 3419/3419/3419 3413/3413/3413 3415/3415/3415
f 3419/3419/3419 3416/3416/3416 3420/3420/3420
f 3420/3420/3420 3421/3421/3421 3419/3419/3419
f 3419/3419/3419 3421/3421/3421 3413/3413/3413
f 3420/3420/3420 3422/3422/3422 3421/3421/3421
f 3417/3417/3417 3413/3413/3413 3423/3423/3423
f 3423/3423/3423 3418/3418/3418 3417/3417/3417
f 3424/3424/3424 3413/3413/3413 3421/3421/3421
f 3424/3424/3424 3423/3423/3423 3413/3413/3413
f 3425/3425/3425 3421/3421/3421 3422/3422/3422
f 3421/3421/3421 3425/3425/3425 3424/3424/3424
f 3425/3425/3425 3422/3422/3422 3426/3426/3426
f 3424/3424/3424 3427/3427/3427 3423/3423/3423
f 3427/3427/3427 3424/3424/3424 3425/3425/3425
f 3426/3426/3426 3428/3428/3428 3425/3425/3425
f 3425/3425/3425 3428/3428/3428 3427/3427/3427
f 3426/3426/3426 3429/3429/3429 3428/3428/3428
f 3430/3430/3430 3423/3423/3423 3427/3427/3427
f 3423/3423/3423 3430/3430/3430 3418/3418/3418
f 3431/3431/3431 3427/3427/3427 3428/3428/3428
f 3427/3427/3427 3431/3431/3431 3430/3430/3430
f 3432/3432/3432 3428/3428/3428 3429/3429/3429
f 3428/3428/3428 3432/3432/3432 3431/3431/3431
f 3429/3429/3429 3433/3433/3433 3432/3432/3432
f 3434/3434/3434 3432/3432/3432 3433/3433/3433
f 3433/3433/3433 3435/3435/3435 3434/3434/3434
f 3436/3436/3436 3434/3434/3434 3435/3435/3435
f 3437/3437/3437 3431/3431/3431 3432/3432/3432
f 3432/3432/3432 3434/3434/3434 3437/3437/3437
f 3434/3434/3434 3436/3436/3436 3438/3438/3438
f 3438/3438/3438 3437/3437/3437 3434/3434/3434
f 3439/3439/3439 3438/3438/3438 3436/3436/3436
f 3431/3431/3431 3440/3440/3440 3430/3430/3430
f 3431/3431/3431 3437/3437/3437 3440/3440/3440
f 3437/3437/3437 3438/3438/3438 3441/3441/3441
f 3441/3441/3441 3440/3440/3440 3437/3437/3437
f 3438/3438/3438 3439/3439/3439 3442/3442/3442
f 3442/3442/3442 3441/3441/3441 3438/3438/3438
f 3443/3443/3443 3442/3442/3442 3439/3439/3439
f 3430/3430/3430 3440/3440/3440 3444/3444/3444
f 3444/3444/3444 3418/3418/3418 3430/3430/3430
f 3440/3440/3440 3441/3441/3441 3445/3445/3445
f 3445/3445/3445 3444/3444/3444 3440/3440/3440
f 3442/3442/3442 3443/3443/3443 3446/3446/3446
f 3447/3447/3447 3446/3446/3446 3443/3443/3443
f 3441/3441/3441 3442/3442/3442 3448/3448/3448
f 3448/3448/3448 3445/3445/3445 3441/3441/3441
f 3446/3446/3446 3448/3448/3448 3442/3442/3442
f 3446/3446/3446 3447/3447/3447 3449/3449/3449
f 3450/3450/3450 3449/3449/3449 3447/3447/3447
f 3448/3448/3448 3446/3446/3446 3451/3451/3451
f 3449/3449/3449 3451/3451/3451 3446/3446/3446
f 3448/3448/3448 3452/3452/3452 3445/3445/3445
f 3452/3452/3452 3448/3448/3448 3451/3451/3451
f 3449/3449/3449 3450/3450/3450 3453/3453/3453
f 3454/3454/3454 3453/3453/3453 3450/3450/3450
f 3451/3451/3451 3449/3449/3449 3455/3455/3455
f 3453/3453/3453 3455/3455/3455 3449/3449/3449
f 3453/3453/3453 3454/3454/3454 3456/3456/3456
f 3453/3453/3453 3456/3456/3456 3455/3455/3455
f 3457/3457/3457 3456/3456/3456 3454/3454/3454
f 3457/3457/3457 3458/3458/3458 3456/3456/3456
f 3459/3459/3459 3456/3456/3456 3458/3458/3458
f 3456/3456/3456 3459/3459/3459 3460/3460/3460
f 3460/3460/3460 3455/3455/3455 3456/3456/3456
f 3461/3461/3461 3460/3460/3460 3459/3459/3459
f 3461/3461/3461 3462/3462/3462 3460/3460/3460
f 3460/3460/3460 3462/3462/3462 3455/3455/3455
f 3462/3462/3462 3461/3461/3461 3463/3463/3463
f 3455/3455/3455 3464/3464/3464 3451/3451/3451
f 3464/3464/3464 3455/3455/3455 3462/3462/3462
f 3452/3452/3452 3451/3451/3451 3464/3464/3464
f 3463/3463/3463 3465/3465/3465 3462/3462/3462
f 3462/3462/3462 3465/3465/3465 3464/3464/3464
f 3464/3464/3464 3466/3466/3466 3452/3452/3452
f 3466/3466/3466 3464/3464/3464 3465/3465/3465
f 3465/3465/3465 3463/3463/3463 3467/3467/3467
f 3465/3465/3465 3467/3467/3467 3466/3466/3466
f 3468/3468/3468 3467/3467/3467 3463/3463/3463
f 3469/3469/3469 3452/3452/3452 3466/3466/3466
f 3445/3445/3445 3452/3452/3452 3469/3469/3469
f 3445/3445/3445 3469/3469/3469 3444/3444/3444
f 3470/3470/3470 3466/3466/3466 3467/3467/3467
f 3466/3466/3466 3470/3470/3470 3469/3469/3469
f 3468/3468/3468 3471/3471/3471 3467/3467/3467
f 3467/3467/3467 3471/3471/3471 3470/3470/3470
f 3471/3471/3471 3468/3468/3468 3472/3472/3472
f 3473/3473/3473 3444/3444/3444 3469/3469/3469
f 3473/3473/3473 3469/3469/3469 3470/3470/3470
f 3474/3474/3474 3470/3470/3470 3471/3471/3471
f 3470/3470/3470 3474/3474/3474 3473/3473/3473
f 3475/3475/3475 3444/3444/3444 3473/3473/3473
f 3475/3475/3475 3473/3473/3473 3474/3474/3474
f 3444/3444/3444 3475/3475/3475 3418/3418/3418
f 3472/3472/3472 3476/3476/3476 3471/3471/3471
f 3471/3471/3471 3476/3476/3476 3474/3474/3474
f 3418/3418/3418 3475/3475/3475 3477/3477/3477
f 3477/3477/3477 3475/3475/3475 3474/3474/3474
f 3472/3472/3472 3478/3478/3478 3476/3476/3476
f 3478/3478/3478 3472/3472/3472 3479/3479/3479
f 3480/3480/3480 3478/3478/3478 3479/3479/3479
f 3476/3476/3476 3478/3478/3478 3480/3480/3480
f 3480/3480/3480 3479/3479/3479 3481/3481/3481
f 3482/3482/3482 3474/3474/3474 3476/3476/3476
f 3482/3482/3482 3476/3476/3476 3480/3480/3480
f 3477/3477/3477 3474/3474/3474 3482/3482/3482
f 3480/3480/3480 3481/3481/3481 3483/3483/3483
f 3483/3483/3483 3482/3482/3482 3480/3480/3480
f 3482/3482/3482 3483/3483/3483 3477/3477/3477
f 3484/3484/3484 3483/3483/3483 3481/3481/3481
f 3485/3485/3485 3483/3483/3483 3484/3484/3484
f 3485/3485/3485 3486/3486/3486 3483/3483/3483
f 3486/3486/3486 3477/3477/3477 3483/3483/3483
f 3485/3485/3485 3487/3487/3487 3486/3486/3486
f 3477/3477/3477 3488/3488/3488 3418/3418/3418
f 3477/3477/3477 3486/3486/3486 3488/3488/3488
f 3488/3488/3488 3487/3487/3487 3418/3418/3418
f 3488/3488/3488 3486/3486/3486 3487/3487/3487
f 3491/3491/3491 3490/3490/3490 3489/3489/3489
f 3491/3491/3491 3492/3492/3492 3490/3490/3490
f 3491/3491/3491 3493/3493/3493 3492/3492/3492
f 3491/3491/3491 3494/3494/3494 3493/3493/3493
f 3491/3491/3491 3495/3495/3495 3494/3494/3494
f 3491/3491/3491 3489/3489/3489 3496/3496/3496
f 3491/3491/3491 3496/3496/3496 3497/3497/3497
f 3498/3498/3498 3497/3497/3497 3496/3496/3496
f 3495/3495/3495 3491/3491/3491 3499/3499/3499
f 3497/3497/3497 3499/3499/3499 3491/3491/3491
f 3497/3497/3497 3498/3498/3498 3500/3500/3500
f 3497/3497/3497 3501/3501/3501 3499/3499/3499
f 3497/3497/3497 3500/3500/3500 3502/3502/3502
f 3497/3497/3497 3503/3503/3503 3501/3501/3501
f 3504/3504/3504 3497/3497/3497 3502/3502/3502
f 3503/3503/3503 3497/3497/3497 3504/3504/3504
f 3507/3507/3507 3506/3506/3506 3505/3505/3505
f 3507/3507/3507 3505/3505/3505 3508/3508/3508
f 3507/3507/3507 3509/3509/3509 3506/3506/3506
f 3507/3507/3507 3510/3510/3510 3509/3509/3509
f 3507/3507/3507 3511/3511/3511 3510/3510/3510
f 3507/3507/3507 3512/3512/3512 3511/3511/3511
f 3508/3508/3508 3513/3513/3513 3507/3507/3507
f 3514/3514/3514 3507/3507/3507 3513/3513/3513
f 3512/3512/3512 3507/3507/3507 3515/3515/3515
f 3514/3514/3514 3515/3515/3515 3507/3507/3507
f 3514/3514/3514 3513/3513/3513 3516/3516/3516
f 3514/3514/3514 3517/3517/3517 3515/3515/3515
f 3518/3518/3518 3514/3514/3514 3516/3516/3516
f 3517/3517/3517 3514/3514/3514 3519/3519/3519
f 3520/3520/3520 3514/3514/3514 3518/3518/3518
f 3519/3519/3519 3514/3514/3514 3520/3520/3520
f 3523/3523/3523 3522/3522/3522 3521/3521/3521
f 3521/3521/3521 3522/3522/3522 3524/3524/3524
f 3525/3525/3525 3522/3522/3522 3523/3523/3523
f 3524/3524/3524 3522/3522/3522 3526/3526/3526
f 3522/3522/3522 3527/3527/3527 3526/3526/3526
f 3522/3522/3522 3525/3525/3525 3528/3528/3528
f 3522/3522/3522 3528/3528/3528 3529/3529/3529
f 3530/3530/3530 3529/3529/3529 3528/3528/3528
f 3527/3527/3527 3522/3522/3522 3531/3531/3531
f 3529/3529/3529 3531/3531/3531 3522/3522/3522
f 3529/3529/3529 3530/3530/3530 3532/3532/3532
f 3529/3529/3529 3533/3533/3533 3531/3531/3531
f 3529/3529/3529 3532/3532/3532 3534/3534/3534
f 3529/3529/3529 3535/3535/3535 3533/3533/3533
f 3529/3529/3529 3534/3534/3534 3536/3536/3536
f 3529/3529/3529 3536/3536/3536 3535/3535/3535
f 3539/3539/3539 3538/3538/3538 3537/3537/3537
f 3539/3539/3539 3540/3540/3540 3538/3538/3538
f 3539/3539/3539 3541/3541/3541 3540/3540/3540
f 3539/3539/3539 3542/3542/3542 3541/3541/3541
f 3539/3539/3539 3543/3543/3543 3542/3542/3542
f 3539/3539/3539 3537/3537/3537 3544/3544/3544
f 3539/3539/3539 3544/3544/3544 3545/3545/3545
f 3546/3546/3546 3545/3545/3545 3544/3544/3544
f 3543/3543/3543 3539/3539/3539 3547/3547/3547
f 3545/3545/3545 3547/3547/3547 3539/3539/3539
f 3545/3545/3545 3546/3546/3546 3548/3548/3548
f 3545/3545/3545 3549/3549/3549 3547/3547/3547
f 3550/3550/3550 3545/3545/3545 3548/3548/3548
f 3549/3549/3549 3545/3545/3545 3551/3551/3551
f 3552/3552/3552 3545/3545/3545 3550/3550/3550
f 3551/3551/3551 3545/3545/3545 3552/3552/3552
f 3555/3555/3555 3554/3554/3554 3553/3553/3553
f 3553/3553/3553 3554/3554/3554 3556/3556/3556
f 3557/3557/3557 3554/3554/3554 3555/3555/3555
f 3556/3556/3556 3554/3554/3554 3558/3558/3558
f 3554/3554/3554 3559/3559/3559 3558/3558/3558
f 3554/3554/3554 3557/3557/3557 3560/3560/3560
f 3554/3554/3554 3560/3560/3560 3561/3561/3561
f 3562/3562/3562 3561/3561/3561 3560/3560/3560
f 3559/3559/3559 3554/3554/3554 3563/3563/3563
f 3561/3561/3561 3563/3563/3563 3554/3554/3554
f 3561/3561/3561 3562/3562/3562 3564/3564/3564
f 3561/3561/3561 3565/3565/3565 3563/3563/3563
f 3561/3561/3561 3564/3564/3564 3566/3566/3566
f 3561/3561/3561 3567/3567/3567 3565/3565/3565
f 3561/3561/3561 3566/3566/3566 3568/3568/3568
f 3561/3561/3561 3568/3568/3568 3567/3567/3567
f 3571/3571/3571 3570/3570/3570 3569/3569/3569
f 3569/3569/3569 3570/3570/3570 3572/3572/3572
f 3570/3570/3570 3571/3571/3571 3573/3573/3573
f 3571/3571/3571 3574/3574/3574 3573/3573/3573
f 3575/3575/3575 3573/3573/3573 3574/3574/3574
f 3575/3575/3575 3574/3574/3574 3576/3576/3576
f 3577/3577/3577 3573/3573/3573 3575/3575/3575
f 3573/3573/3573 3577/3577/3577 3570/3570/3570
f 3576/3576/3576 3577/3577/3577 3575/3575/3575
f 3578/3578/3578 3572/3572/3572 3570/3570/3570
f 3578/3578/3578 3579/3579/3579 3572/3572/3572
f 3580/3580/3580 3570/3570/3570 3577/3577/3577
f 3570/3570/3570 3580/3580/3580 3578/3578/3578
f 3578/3578/3578 3581/3581/3581 3579/3579/3579
f 3579/3579/3579 3581/3581/3581 3582/3582/3582
f 3583/3583/3583 3581/3581/3581 3578/3578/3578
f 3583/3583/3583 3582/3582/3582 3581/3581/3581
f 3580/3580/3580 3583/3583/3583 3578/3578/3578
f 3577/3577/3577 3584/3584/3584 3580/3580/3580
f 3576/3576/3576 3584/3584/3584 3577/3577/3577
f 3582/3582/3582 3583/3583/3583 3585/3585/3585
f 3585/3585/3585 3586/3586/3586 3582/3582/3582
f 3580/3580/3580 3587/3587/3587 3583/3583/3583
f 3587/3587/3587 3580/3580/3580 3584/3584/3584
f 3585/3585/3585 3583/3583/3583 3587/3587/3587
f 3586/3586/3586 3585/3585/3585 3588/3588/3588
f 3586/3586/3586 3588/3588/3588 3589/3589/3589
f 3587/3587/3587 3590/3590/3590 3585/3585/3585
f 3588/3588/3588 3585/3585/3585 3590/3590/3590
f 3584/3584/3584 3591/3591/3591 3587/3587/3587
f 3590/3590/3590 3587/3587/3587 3591/3591/3591
f 3584/3584/3584 3592/3592/3592 3591/3591/3591
f 3592/3592/3592 3584/3584/3584 3576/3576/3576
f 3591/3591/3591 3593/3593/3593 3590/3590/3590
f 3591/3591/3591 3592/3592/3592 3593/3593/3593
f 3590/3590/3590 3594/3594/3594 3588/3588/3588
f 3594/3594/3594 3590/3590/3590 3593/3593/3593
f 3595/3595/3595 3589/3589/3589 3588/3588/3588
f 3595/3595/3595 3588/3588/3588 3594/3594/3594
f 3589/3589/3589 3595/3595/3595 3596/3596/3596
f 3596/3596/3596 3597/3597/3597 3589/3589/3589
f 3594/3594/3594 3598/3598/3598 3595/3595/3595
f 3596/3596/3596 3595/3595/3595 3598/3598/3598
f 3593/3593/3593 3599/3599/3599 3594/3594/3594
f 3598/3598/3598 3594/3594/3594 3599/3599/3599
f 3597/3597/3597 3596/3596/3596 3600/3600/3600
f 3597/3597/3597 3600/3600/3600 3601/3601/3601
f 3598/3598/3598 3602/3602/3602 3596/3596/3596
f 3600/3600/3600 3596/3596/3596 3602/3602/3602
f 3603/3603/3603 3601/3601/3601 3600/3600/3600
f 3601/3601/3601 3603/3603/3603 3604/3604/3604
f 3605/3605/3605 3604/3604/3604 3603/3603/3603
f 3605/3605/3605 3603/3603/3603 3606/3606/3606
f 3603/3603/3603 3600/3600/3600 3607/3607/3607
f 3607/3607/3607 3606/3606/3606 3603/3603/3603
f 3602/3602/3602 3607/3607/3607 3600/3600/3600
f 3606/3606/3606 3607/3607/3607 3608/3608/3608
f 3609/3609/3609 3608/3608/3608 3607/3607/3607
f 3607/3607/3607 3602/3602/3602 3609/3609/3609
f 3608/3608/3608 3609/3609/3609 3610/3610/3610
f 3602/3602/3602 3598/3598/3598 3611/3611/3611
f 3611/3611/3611 3609/3609/3609 3602/3602/3602
f 3599/3599/3599 3611/3611/3611 3598/3598/3598
f 3612/3612/3612 3610/3610/3610 3609/3609/3609
f 3609/3609/3609 3611/3611/3611 3612/3612/3612
f 3610/3610/3610 3612/3612/3612 3613/3613/3613
f 3599/3599/3599 3614/3614/3614 3611/3611/3611
f 3614/3614/3614 3612/3612/3612 3611/3611/3611
f 3615/3615/3615 3613/3613/3613 3612/3612/3612
f 3612/3612/3612 3614/3614/3614 3615/3615/3615
f 3613/3613/3613 3615/3615/3615 3616/3616/3616
f 3614/3614/3614 3599/3599/3599 3617/3617/3617
f 3617/3617/3617 3599/3599/3599 3593/3593/3593
f 3617/3617/3617 3593/3593/3593 3592/3592/3592
f 3614/3614/3614 3617/3617/3617 3618/3618/3618
f 3618/3618/3618 3615/3615/3615 3614/3614/3614
f 3619/3619/3619 3616/3616/3616 3615/3615/3615
f 3616/3616/3616 3619/3619/3619 3620/3620/3620
f 3617/3617/3617 3592/3592/3592 3621/3621/3621
f 3621/3621/3621 3618/3618/3618 3617/3617/3617
f 3622/3622/3622 3615/3615/3615 3618/3618/3618
f 3619/3619/3619 3615/3615/3615 3622/3622/3622
f 3618/3618/3618 3621/3621/3621 3622/3622/3622
f 3623/3623/3623 3620/3620/3620 3619/3619/3619
f 3619/3619/3619 3622/3622/3622 3623/3623/3623
f 3620/3620/3620 3623/3623/3623 3624/3624/3624
f 3625/3625/3625 3624/3624/3624 3623/3623/3623
f 3623/3623/3623 3626/3626/3626 3625/3625/3625
f 3626/3626/3626 3623/3623/3623 3622/3622/3622
f 3627/3627/3627 3625/3625/3625 3626/3626/3626
f 3628/3628/3628 3621/3621/3621 3592/3592/3592
f 3592/3592/3592 3576/3576/3576 3628/3628/3628
f 3629/3629/3629 3622/3622/3622 3621/3621/3621
f 3622/3622/3622 3629/3629/3629 3626/3626/3626
f 3621/3621/3621 3628/3628/3628 3629/3629/3629
f 3626/3626/3626 3630/3630/3630 3627/3627/3627
f 3630/3630/3630 3626/3626/3626 3629/3629/3629
f 3631/3631/3631 3627/3627/3627 3630/3630/3630
f 3632/3632/3632 3629/3629/3629 3628/3628/3628
f 3629/3629/3629 3632/3632/3632 3630/3630/3630
f 3631/3631/3631 3630/3630/3630 3633/3633/3633
f 3633/3633/3633 3630/3630/3630 3632/3632/3632
f 3633/3633/3633 3634/3634/3634 3631/3631/3631
f 3635/3635/3635 3628/3628/3628 3576/3576/3576
f 3628/3628/3628 3635/3635/3635 3632/3632/3632
f 3633/3633/3633 3636/3636/3636 3634/3634/3634
f 3637/3637/3637 3634/3634/3634 3636/3636/3636
f 3632/3632/3632 3638/3638/3638 3633/3633/3633
f 3638/3638/3638 3632/3632/3632 3635/3635/3635
f 3636/3636/3636 3633/3633/3633 3638/3638/3638
f 3638/3638/3638 3635/3635/3635 3639/3639/3639
f 3638/3638/3638 3639/3639/3639 3636/3636/3636
f 3576/3576/3576 3640/3640/3640 3635/3635/3635
f 3640/3640/3640 3639/3639/3639 3635/3635/3635
f 3640/3640/3640 3576/3576/3576 3641/3641/3641
f 3637/3637/3637 3636/3636/3636 3642/3642/3642
f 3642/3642/3642 3636/3636/3636 3639/3639/3639
f 3643/3643/3643 3637/3637/3637 3642/3642/3642
f 3641/3641/3641 3644/3644/3644 3640/3640/3640
f 3640/3640/3640 3644/3644/3644 3639/3639/3639
f 3641/3641/3641 3645/3645/3645 3644/3644/3644
f 3646/3646/3646 3643/3643/3643 3642/3642/3642
f 3642/3642/3642 3639/3639/3639 3646/3646/3646
f 3646/3646/3646 3647/3647/3647 3643/3643/3643
f 3644/3644/3644 3645/3645/3645 3648/3648/3648
f 3648/3648/3648 3639/3639/3639 3644/3644/3644
f 3646/3646/3646 3639/3639/3639 3648/3648/3648
f 3646/3646/3646 3648/3648/3648 3647/3647/3647
f 3649/3649/3649 3648/3648/3648 3645/3645/3645
f 3647/3647/3647 3648/3648/3648 3649/3649/3649
f 3652/3652/3652 3651/3651/3651 3650/3650/3650
f 3650/3650/3650 3651/3651/3651 3653/3653/3653
f 3654/3654/3654 3651/3651/3651 3652/3652/3652
f 3653/3653/3653 3651/3651/3651 3655/3655/3655
f 3656/3656/3656 3651/3651/3651 3654/3654/3654
f 3655/3655/3655 3651/3651/3651 3657/3657/3657
f 3658/3658/3658 3657/3657/3657 3651/3651/3651
f 3657/3657/3657 3658/3658/3658 3659/3659/3659
f 3660/3660/3660 3651/3651/3651 3656/3656/3656
f 3651/3651/3651 3660/3660/3660 3658/3658/3658
f 3659/3659/3659 3658/3658/3658 3661/3661/3661
f 3662/3662/3662 3658/3658/3658 3660/3660/3660
f 3661/3661/3661 3658/3658/3658 3663/3663/3663
f 3664/3664/3664 3658/3658/3658 3662/3662/3662
f 3663/3663/3663 3658/3658/3658 3665/3665/3665
f 3665/3665/3665 3658/3658/3658 3664/3664/3664
f 3668/3668/3668 3667/3667/3667 3666/3666/3666
f 3668/3668/3668 3669/3669/3669 3667/3667/3667
f 3668/3668/3668 3666/3666/3666 3670/3670/3670
f 3670/3670/3670 3671/3671/3671 3668/3668/3668
f 3670/3670/3670 3666/3666/3666 3672/3672/3672
f 3670/3670/3670 3672/3672/3672 3673/3673/3673
f 3670/3670/3670 3673/3673/3673 3671/3671/3671
f 3674/3674/3674 3669/3669/3669 3668/3668/3668
f 3675/3675/3675 3669/3669/3669 3674/3674/3674
f 3676/3676/3676 3675/3675/3675 3674/3674/3674
f 3674/3674/3674 3668/3668/3668 3676/3676/3676
f 3675/3675/3675 3676/3676/3676 3677/3677/3677
f 3673/3673/3673 3672/3672/3672 3678/3678/3678
f 3679/3679/3679 3678/3678/3678 3672/3672/3672
f 3678/3678/3678 3679/3679/3679 3680/3680/3680
f 3681/3681/3681 3680/3680/3680 3679/3679/3679
f 3682/3682/3682 3673/3673/3673 3678/3678/3678
f 3682/3682/3682 3678/3678/3678 3680/3680/3680
f 3683/3683/3683 3668/3668/3668 3671/3671/3671
f 3683/3683/3683 3676/3676/3676 3668/3668/3668
f 3684/3684/3684 3677/3677/3677 3676/3676/3676
f 3677/3677/3677 3684/3684/3684 3685/3685/3685
f 3676/3676/3676 3683/3683/3683 3686/3686/3686
f 3683/3683/3683 3671/3671/3671 3686/3686/3686
f 3684/3684/3684 3676/3676/3676 3686/3686/3686
f 3680/3680/3680 3681/3681/3681 3687/3687/3687
f 3688/3688/3688 3687/3687/3687 3681/3681/3681
f 3689/3689/3689 3687/3687/3687 3688/3688/3688
f 3673/3673/3673 3682/3682/3682 3690/3690/3690
f 3690/3690/3690 3671/3671/3671 3673/3673/3673
f 3691/3691/3691 3685/3685/3685 3684/3684/3684
f 3684/3684/3684 3686/3686/3686 3692/3692/3692
f 3691/3691/3691 3684/3684/3684 3692/3692/3692
f 3685/3685/3685 3691/3691/3691 3693/3693/3693
f 3685/3685/3685 3693/3693/3693 3694/3694/3694
f 3695/3695/3695 3691/3691/3691 3692/3692/3692
f 3691/3691/3691 3695/3695/3695 3693/3693/3693
f 3693/3693/3693 3696/3696/3696 3694/3694/3694
f 3696/3696/3696 3697/3697/3697 3694/3694/3694
f 3696/3696/3696 3693/3693/3693 3698/3698/3698
f 3693/3693/3693 3695/3695/3695 3698/3698/3698
f 3696/3696/3696 3699/3699/3699 3697/3697/3697
f 3698/3698/3698 3699/3699/3699 3696/3696/3696
f 3700/3700/3700 3697/3697/3697 3699/3699/3699
f 3699/3699/3699 3701/3701/3701 3700/3700/3700
f 3702/3702/3702 3700/3700/3700 3701/3701/3701
f 3702/3702/3702 3701/3701/3701 3703/3703/3703
f 3704/3704/3704 3703/3703/3703 3701/3701/3701
f 3703/3703/3703 3704/3704/3704 3705/3705/3705
f 3701/3701/3701 3699/3699/3699 3706/3706/3706
f 3706/3706/3706 3704/3704/3704 3701/3701/3701
f 3699/3699/3699 3698/3698/3698 3707/3707/3707
f 3699/3699/3699 3707/3707/3707 3706/3706/3706
f 3698/3698/3698 3695/3695/3695 3708/3708/3708
f 3708/3708/3708 3707/3707/3707 3698/3698/3698
f 3705/3705/3705 3704/3704/3704 3709/3709/3709
f 3709/3709/3709 3710/3710/3710 3705/3705/3705
f 3704/3704/3704 3706/3706/3706 3711/3711/3711
f 3711/3711/3711 3709/3709/3709 3704/3704/3704
f 3695/3695/3695 3712/3712/3712 3708/3708/3708
f 3692/3692/3692 3712/3712/3712 3695/3695/3695
f 3712/3712/3712 3692/3692/3692 3713/3713/3713
f 3686/3686/3686 3713/3713/3713 3692/3692/3692
f 3686/3686/3686 3714/3714/3714 3713/3713/3713
f 3714/3714/3714 3686/3686/3686 3671/3671/3671
f 3714/3714/3714 3671/3671/3671 3715/3715/3715
f 3714/3714/3714 3715/3715/3715 3713/3713/3713
f 3690/3690/3690 3715/3715/3715 3671/3671/3671
f 3716/3716/3716 3715/3715/3715 3690/3690/3690
f 3690/3690/3690 3682/3682/3682 3716/3716/3716
f 3716/3716/3716 3682/3682/3682 3717/3717/3717
f 3718/3718/3718 3713/3713/3713 3715/3715/3715
f 3715/3715/3715 3716/3716/3716 3718/3718/3718
f 3712/3712/3712 3713/3713/3713 3719/3719/3719
f 3718/3718/3718 3719/3719/3719 3713/3713/3713
f 3720/3720/3720 3718/3718/3718 3716/3716/3716
f 3718/3718/3718 3720/3720/3720 3719/3719/3719
f 3716/3716/3716 3717/3717/3717 3720/3720/3720
f 3721/3721/3721 3712/3712/3712 3719/3719/3719
f 3721/3721/3721 3719/3719/3719 3720/3720/3720
f 3712/3712/3712 3721/3721/3721 3708/3708/3708
f 3720/3720/3720 3722/3722/3722 3721/3721/3721
f 3722/3722/3722 3720/3720/3720 3717/3717/3717
f 3721/3721/3721 3723/3723/3723 3708/3708/3708
f 3723/3723/3723 3721/3721/3721 3722/3722/3722
f 3724/3724/3724 3708/3708/3708 3723/3723/3723
f 3724/3724/3724 3707/3707/3707 3708/3708/3708
f 3723/3723/3723 3722/3722/3722 3725/3725/3725
f 3723/3723/3723 3725/3725/3725 3724/3724/3724
f 3682/3682/3682 3726/3726/3726 3717/3717/3717
f 3682/3682/3682 3680/3680/3680 3726/3726/3726
f 3726/3726/3726 3680/3680/3680 3727/3727/3727
f 3727/3727/3727 3717/3717/3717 3726/3726/3726
f 3687/3687/3687 3727/3727/3727 3680/3680/3680
f 3722/3722/3722 3717/3717/3717 3728/3728/3728
f 3722/3722/3722 3728/3728/3728 3725/3725/3725
f 3729/3729/3729 3727/3727/3727 3687/3687/3687
f 3729/3729/3729 3687/3687/3687 3689/3689/3689
f 3717/3717/3717 3727/3727/3727 3730/3730/3730
f 3730/3730/3730 3728/3728/3728 3717/3717/3717
f 3689/3689/3689 3731/3731/3731 3729/3729/3729
f 3689/3689/3689 3732/3732/3732 3731/3731/3731
f 3732/3732/3732 3733/3733/3733 3731/3731/3731
f 3734/3734/3734 3727/3727/3727 3729/3729/3729
f 3734/3734/3734 3730/3730/3730 3727/3727/3727
f 3734/3734/3734 3729/3729/3729 3735/3735/3735
f 3729/3729/3729 3731/3731/3731 3735/3735/3735
f 3736/3736/3736 3731/3731/3731 3733/3733/3733
f 3736/3736/3736 3733/3733/3733 3737/3737/3737
f 3738/3738/3738 3730/3730/3730 3734/3734/3734
f 3735/3735/3735 3738/3738/3738 3734/3734/3734
f 3728/3728/3728 3730/3730/3730 3739/3739/3739
f 3738/3738/3738 3739/3739/3739 3730/3730/3730
f 3735/3735/3735 3731/3731/3731 3740/3740/3740
f 3736/3736/3736 3740/3740/3740 3731/3731/3731
f 3736/3736/3736 3737/3737/3737 3741/3741/3741
f 3740/3740/3740 3736/3736/3736 3741/3741/3741
f 3741/3741/3741 3737/3737/3737 3742/3742/3742
f 3738/3738/3738 3735/3735/3735 3743/3743/3743
f 3738/3738/3738 3743/3743/3743 3739/3739/3739
f 3735/3735/3735 3740/3740/3740 3743/3743/3743
f 3728/3728/3728 3739/3739/3739 3744/3744/3744
f 3744/3744/3744 3725/3725/3725 3728/3728/3728
f 3745/3745/3745 3739/3739/3739 3743/3743/3743
f 3745/3745/3745 3744/3744/3744 3739/3739/3739
f 3746/3746/3746 3743/3743/3743 3740/3740/3740
f 3743/3743/3743 3746/3746/3746 3745/3745/3745
f 3740/3740/3740 3741/3741/3741 3747/3747/3747
f 3740/3740/3740 3747/3747/3747 3746/3746/3746
f 3748/3748/3748 3741/3741/3741 3742/3742/3742
f 3747/3747/3747 3741/3741/3741 3748/3748/3748
f 3749/3749/3749 3725/3725/3725 3744/3744/3744
f 3744/3744/3744 3745/3745/3745 3749/3749/3749
f 3750/3750/3750 3745/3745/3745 3746/3746/3746
f 3745/3745/3745 3750/3750/3750 3749/3749/3749
f 3748/3748/3748 3742/3742/3742 3751/3751/3751
f 3752/3752/3752 3751/3751/3751 3742/3742/3742
f 3752/3752/3752 3753/3753/3753 3751/3751/3751
f 3754/3754/3754 3746/3746/3746 3747/3747/3747
f 3746/3746/3746 3754/3754/3754 3750/3750/3750
f 3748/3748/3748 3755/3755/3755 3747/3747/3747
f 3751/3751/3751 3755/3755/3755 3748/3748/3748
f 3747/3747/3747 3755/3755/3755 3754/3754/3754
f 3725/3725/3725 3749/3749/3749 3756/3756/3756
f 3756/3756/3756 3724/3724/3724 3725/3725/3725
f 3757/3757/3757 3751/3751/3751 3753/3753/3753
f 3757/3757/3757 3753/3753/3753 3758/3758/3758
f 3759/3759/3759 3749/3749/3749 3750/3750/3750
f 3756/3756/3756 3749/3749/3749 3759/3759/3759
f 3760/3760/3760 3750/3750/3750 3754/3754/3754
f 3750/3750/3750 3760/3760/3760 3759/3759/3759
f 3754/3754/3754 3755/3755/3755 3761/3761/3761
f 3754/3754/3754 3761/3761/3761 3760/3760/3760
f 3762/3762/3762 3755/3755/3755 3751/3751/3751
f 3751/3751/3751 3757/3757/3757 3762/3762/3762
f 3762/3762/3762 3761/3761/3761 3755/3755/3755
f 3756/3756/3756 3763/3763/3763 3724/3724/3724
f 3707/3707/3707 3724/3724/3724 3763/3763/3763
f 3757/3757/3757 3758/3758/3758 3764/3764/3764
f 3764/3764/3764 3758/3758/3758 3765/3765/3765
f 3756/3756/3756 3759/3759/3759 3766/3766/3766
f 3766/3766/3766 3763/3763/3763 3756/3756/3756
f 3763/3763/3763 3766/3766/3766 3767/3767/3767
f 3768/3768/3768 3763/3763/3763 3767/3767/3767
f 3763/3763/3763 3768/3768/3768 3707/3707/3707
f 3706/3706/3706 3707/3707/3707 3768/3768/3768
f 3769/3769/3769 3762/3762/3762 3757/3757/3757
f 3764/3764/3764 3769/3769/3769 3757/3757/3757
f 3761/3761/3761 3762/3762/3762 3770/3770/3770
f 3762/3762/3762 3769/3769/3769 3770/3770/3770
f 3759/3759/3759 3771/3771/3771 3766/3766/3766
f 3771/3771/3771 3759/3759/3759 3760/3760/3760
f 3772/3772/3772 3760/3760/3760 3761/3761/3761
f 3761/3761/3761 3770/3770/3770 3772/3772/3772
f 3760/3760/3760 3772/3772/3772 3773/3773/3773
f 3773/3773/3773 3771/3771/3771 3760/3760/3760
f 3774/3774/3774 3766/3766/3766 3771/3771/3771
f 3774/3774/3774 3767/3767/3767 3766/3766/3766
f 3775/3775/3775 3772/3772/3772 3770/3770/3770
f 3775/3775/3775 3773/3773/3773 3772/3772/3772
f 3776/3776/3776 3771/3771/3771 3773/3773/3773
f 3771/3771/3771 3776/3776/3776 3774/3774/3774
f 3773/3773/3773 3775/3775/3775 3776/3776/3776
f 3777/3777/3777 3770/3770/3770 3769/3769/3769
f 3770/3770/3770 3777/3777/3777 3775/3775/3775
f 3769/3769/3769 3764/3764/3764 3778/3778/3778
f 3778/3778/3778 3777/3777/3777 3769/3769/3769
f 3775/3775/3775 3779/3779/3779 3776/3776/3776
f 3779/3779/3779 3775/3775/3775 3777/3777/3777
f 3780/3780/3780 3774/3774/3774 3776/3776/3776
f 3780/3780/3780 3776/3776/3776 3779/3779/3779
f 3781/3781/3781 3778/3778/3778 3764/3764/3764
f 3781/3781/3781 3764/3764/3764 3765/3765/3765
f 3777/3777/3777 3778/3778/3778 3782/3782/3782
f 3777/3777/3777 3782/3782/3782 3779/3779/3779
f 3778/3778/3778 3781/3781/3781 3782/3782/3782
f 3783/3783/3783 3779/3779/3779 3782/3782/3782
f 3779/3779/3779 3783/3783/3783 3780/3780/3780
f 3774/3774/3774 3780/3780/3780 3784/3784/3784
f 3767/3767/3767 3774/3774/3774 3784/3784/3784
f 3784/3784/3784 3785/3785/3785 3767/3767/3767
f 3786/3786/3786 3784/3784/3784 3780/3780/3780
f 3786/3786/3786 3780/3780/3780 3783/3783/3783
f 3784/3784/3784 3786/3786/3786 3785/3785/3785
f 3781/3781/3781 3765/3765/3765 3787/3787/3787
f 3788/3788/3788 3787/3787/3787 3765/3765/3765
f 3788/3788/3788 3789/3789/3789 3787/3787/3787
f 3790/3790/3790 3782/3782/3782 3781/3781/3781
f 3782/3782/3782 3790/3790/3790 3783/3783/3783
f 3790/3790/3790 3781/3781/3781 3791/3791/3791
f 3787/3787/3787 3791/3791/3791 3781/3781/3781
f 3792/3792/3792 3787/3787/3787 3789/3789/3789
f 3793/3793/3793 3792/3792/3792 3789/3789/3789
f 3794/3794/3794 3783/3783/3783 3790/3790/3790
f 3790/3790/3790 3791/3791/3791 3794/3794/3794
f 3795/3795/3795 3786/3786/3786 3783/3783/3783
f 3783/3783/3783 3794/3794/3794 3795/3795/3795
f 3791/3791/3791 3787/3787/3787 3796/3796/3796
f 3787/3787/3787 3792/3792/3792 3796/3796/3796
f 3792/3792/3792 3793/3793/3793 3797/3797/3797
f 3792/3792/3792 3797/3797/3797 3796/3796/3796
f 3797/3797/3797 3793/3793/3793 3798/3798/3798
f 3799/3799/3799 3794/3794/3794 3791/3791/3791
f 3794/3794/3794 3799/3799/3799 3795/3795/3795
f 3791/3791/3791 3796/3796/3796 3799/3799/3799
f 3786/3786/3786 3795/3795/3795 3800/3800/3800
f 3795/3795/3795 3799/3799/3799 3800/3800/3800
f 3800/3800/3800 3785/3785/3785 3786/3786/3786
f 3801/3801/3801 3797/3797/3797 3798/3798/3798
f 3801/3801/3801 3796/3796/3796 3797/3797/3797
f 3801/3801/3801 3798/3798/3798 3802/3802/3802
f 3803/3803/3803 3799/3799/3799 3796/3796/3796
f 3799/3799/3799 3803/3803/3803 3800/3800/3800
f 3796/3796/3796 3801/3801/3801 3803/3803/3803
f 3804/3804/3804 3801/3801/3801 3802/3802/3802
f 3804/3804/3804 3803/3803/3803 3801/3801/3801
f 3804/3804/3804 3802/3802/3802 3805/3805/3805
f 3806/3806/3806 3800/3800/3800 3803/3803/3803
f 3803/3803/3803 3804/3804/3804 3806/3806/3806
f 3785/3785/3785 3800/3800/3800 3806/3806/3806
f 3807/3807/3807 3804/3804/3804 3805/3805/3805
f 3806/3806/3806 3804/3804/3804 3807/3807/3807
f 3807/3807/3807 3785/3785/3785 3806/3806/3806
f 3805/3805/3805 3808/3808/3808 3807/3807/3807
f 3785/3785/3785 3807/3807/3807 3809/3809/3809
f 3809/3809/3809 3807/3807/3807 3808/3808/3808
f 3810/3810/3810 3785/3785/3785 3809/3809/3809
f 3809/3809/3809 3808/3808/3808 3810/3810/3810
f 3811/3811/3811 3810/3810/3810 3808/3808/3808
f 3767/3767/3767 3785/3785/3785 3810/3810/3810
f 3812/3812/3812 3810/3810/3810 3811/3811/3811
f 3810/3810/3810 3813/3813/3813 3767/3767/3767
f 3813/3813/3813 3810/3810/3810 3812/3812/3812
f 3814/3814/3814 3767/3767/3767 3813/3813/3813
f 3768/3768/3768 3767/3767/3767 3814/3814/3814
f 3813/3813/3813 3812/3812/3812 3815/3815/3815
f 3814/3814/3814 3813/3813/3813 3815/3815/3815
f 3816/3816/3816 3815/3815/3815 3812/3812/3812
f 3814/3814/3814 3817/3817/3817 3768/3768/3768
f 3814/3814/3814 3815/3815/3815 3817/3817/3817
f 3815/3815/3815 3816/3816/3816 3818/3818/3818
f 3818/3818/3818 3817/3817/3817 3815/3815/3815
f 3816/3816/3816 3819/3819/3819 3818/3818/3818
f 3820/3820/3820 3768/3768/3768 3817/3817/3817
f 3768/3768/3768 3820/3820/3820 3706/3706/3706
f 3711/3711/3711 3706/3706/3706 3820/3820/3820
f 3821/3821/3821 3818/3818/3818 3819/3819/3819
f 3821/3821/3821 3819/3819/3819 3822/3822/3822
f 3817/3817/3817 3818/3818/3818 3823/3823/3823
f 3823/3823/3823 3820/3820/3820 3817/3817/3817
f 3823/3823/3823 3818/3818/3818 3821/3821/3821
f 3820/3820/3820 3824/3824/3824 3711/3711/3711
f 3824/3824/3824 3820/3820/3820 3823/3823/3823
f 3825/3825/3825 3823/3823/3823 3821/3821/3821
f 3823/3823/3823 3825/3825/3825 3824/3824/3824
f 3826/3826/3826 3821/3821/3821 3822/3822/3822
f 3825/3825/3825 3821/3821/3821 3826/3826/3826
f 3827/3827/3827 3711/3711/3711 3824/3824/3824
f 3709/3709/3709 3711/3711/3711 3827/3827/3827
f 3824/3824/3824 3828/3828/3828 3827/3827/3827
f 3828/3828/3828 3824/3824/3824 3825/3825/3825
f 3828/3828/3828 3825/3825/3825 3829/3829/3829
f 3830/3830/3830 3827/3827/3827 3828/3828/3828
f 3827/3827/3827 3830/3830/3830 3709/3709/3709
f 3828/3828/3828 3829/3829/3829 3830/3830/3830
f 3831/3831/3831 3709/3709/3709 3830/3830/3830
f 3710/3710/3710 3709/3709/3709 3831/3831/3831
f 3831/3831/3831 3830/3830/3830 3832/3832/3832
f 3832/3832/3832 3830/3830/3830 3829/3829/3829
f 3831/3831/3831 3833/3833/3833 3710/3710/3710
f 3833/3833/3833 3831/3831/3831 3832/3832/3832
f 3834/3834/3834 3710/3710/3710 3833/3833/3833
f 3833/3833/3833 3832/3832/3832 3835/3835/3835
f 3832/3832/3832 3829/3829/3829 3835/3835/3835
f 3834/3834/3834 3833/3833/3833 3836/3836/3836
f 3835/3835/3835 3836/3836/3836 3833/3833/3833
f 3836/3836/3836 3837/3837/3837 3834/3834/3834
f 3836/3836/3836 3838/3838/3838 3837/3837/3837
f 3835/3835/3835 3839/3839/3839 3836/3836/3836
f 3836/3836/3836 3839/3839/3839 3838/3838/3838
f 3840/3840/3840 3839/3839/3839 3835/3835/3835
f 3840/3840/3840 3835/3835/3835 3829/3829/3829
f 3838/3838/3838 3839/3839/3839 3841/3841/3841
f 3841/3841/3841 3839/3839/3839 3840/3840/3840
f 3842/3842/3842 3838/3838/3838 3841/3841/3841
f 3841/3841/3841 3843/3843/3843 3842/3842/3842
f 3840/3840/3840 3844/3844/3844 3841/3841/3841
f 3841/3841/3841 3844/3844/3844 3843/3843/3843
f 3845/3845/3845 3840/3840/3840 3829/3829/3829
f 3845/3845/3845 3844/3844/3844 3840/3840/3840
f 3843/3843/3843 3844/3844/3844 3846/3846/3846
f 3846/3846/3846 3844/3844/3844 3845/3845/3845
f 3847/3847/3847 3843/3843/3843 3846/3846/3846
f 3847/3847/3847 3846/3846/3846 3822/3822/3822
f 3826/3826/3826 3822/3822/3822 3846/3846/3846
f 3846/3846/3846 3845/3845/3845 3826/3826/3826
f 3848/3848/3848 3845/3845/3845 3829/3829/3829
f 3848/3848/3848 3826/3826/3826 3845/3845/3845
f 3848/3848/3848 3829/3829/3829 3825/3825/3825
f 3848/3848/3848 3825/3825/3825 3826/3826/3826
f 3851/3851/3851 3850/3850/3850 3849/3849/3849
f 3851/3851/3851 3852/3852/3852 3850/3850/3850
f 3851/3851/3851 3853/3853/3853 3852/3852/3852
f 3851/3851/3851 3854/3854/3854 3853/3853/3853
f 3851/3851/3851 3849/3849/3849 3855/3855/3855
f 3851/3851/3851 3856/3856/3856 3854/3854/3854
f 3851/3851/3851 3855/3855/3855 3857/3857/3857
f 3856/3856/3856 3851/3851/3851 3857/3857/3857
f 3858/3858/3858 3857/3857/3857 3855/3855/3855
f 3859/3859/3859 3856/3856/3856 3857/3857/3857
f 3860/3860/3860 3857/3857/3857 3858/3858/3858
f 3857/3857/3857 3861/3861/3861 3859/3859/3859
f 3857/3857/3857 3860/3860/3860 3862/3862/3862
f 3857/3857/3857 3863/3863/3863 3861/3861/3861
f 3857/3857/3857 3862/3862/3862 3864/3864/3864
f 3857/3857/3857 3864/3864/3864 3863/3863/3863
f 3867/3867/3867 3866/3866/3866 3865/3865/3865
f 3867/3867/3867 3868/3868/3868 3866/3866/3866
f 3867/3867/3867 3869/3869/3869 3868/3868/3868
f 3867/3867/3867 3870/3870/3870 3869/3869/3869
f 3867/3867/3867 3865/3865/3865 3871/3871/3871
f 3867/3867/3867 3872/3872/3872 3870/3870/3870
f 3867/3867/3867 3871/3871/3871 3873/3873/3873
f 3872/3872/3872 3867/3867/3867 3873/3873/3873
f 3874/3874/3874 3873/3873/3873 3871/3871/3871
f 3875/3875/3875 3872/3872/3872 3873/3873/3873
f 3873/3873/3873 3874/3874/3874 3876/3876/3876
f 3873/3873/3873 3877/3877/3877 3875/3875/3875
f 3873/3873/3873 3876/3876/3876 3878/3878/3878
f 3873/3873/3873 3879/3879/3879 3877/3877/3877
f 3873/3873/3873 3878/3878/3878 3880/3880/3880
f 3873/3873/3873 3880/3880/3880 3879/3879/3879
f 3883/3883/3883 3882/3882/3882 3881/3881/3881
f 3883/3883/3883 3881/3881/3881 3884/3884/3884
f 3883/3883/3883 3885/3885/3885 3882/3882/3882
f 3883/3883/3883 3884/3884/3884 3886/3886/3886
f 3883/3883/3883 3887/3887/3887 3885/3885/3885
f 3888/3888/3888 3883/3883/3883 3886/3886/3886
f 3883/3883/3883 3888/3888/3888 3889/3889/3889
f 3890/3890/3890 3889/3889/3889 3888/3888/3888
f 3883/3883/3883 3891/3891/3891 3887/3887/3887
f 3891/3891/3891 3883/3883/3883 3889/3889/3889
f 3889/3889/3889 3890/3890/3890 3892/3892/3892
f 3893/3893/3893 3891/3891/3891 3889/3889/3889
f 3889/3889/3889 3892/3892/3892 3894/3894/3894
f 3889/3889/3889 3895/3895/3895 3893/3893/3893
f 3889/3889/3889 3894/3894/3894 3896/3896/3896
f 3889/3889/3889 3896/3896/3896 3895/3895/3895
f 3899/3899/3899 3898/3898/3898 3897/3897/3897
f 3900/3900/3900 3897/3897/3897 3898/3898/3898
f 3898/3898/3898 3899/3899/3899 3901/3901/3901
f 3900/3900/3900 3902/3902/3902 3897/3897/3897
f 3898/3898/3898 3901/3901/3901 3903/3903/3903
f 3900/3900/3900 3904/3904/3904 3902/3902/3902
f 3898/3898/3898 3903/3903/3903 3905/3905/3905
f 3900/3900/3900 3906/3906/3906 3904/3904/3904
f 3898/3898/3898 3905/3905/3905 3907/3907/3907
f 3900/3900/3900 3908/3908/3908 3906/3906/3906
f 3900/3900/3900 3909/3909/3909 3908/3908/3908
f 3900/3900/3900 3910/3910/3910 3909/3909/3909
f 3910/3910/3910 3900/3900/3900 3898/3898/3898
f 3898/3898/3898 3907/3907/3907 3911/3911/3911
f 3912/3912/3912 3910/3910/3910 3898/3898/3898
f 3898/3898/3898 3911/3911/3911 3912/3912/3912
f 3915/3915/3915 3914/3914/3914 3913/3913/3913
f 3916/3916/3916 3913/3913/3913 3914/3914/3914
f 3914/3914/3914 3915/3915/3915 3917/3917/3917
f 3916/3916/3916 3918/3918/3918 3913/3913/3913
f 3914/3914/3914 3917/3917/3917 3919/3919/3919
f 3916/3916/3916 3920/3920/3920 3918/3918/3918
f 3914/3914/3914 3919/3919/3919 3921/3921/3921
f 3916/3916/3916 3922/3922/3922 3920/3920/3920
f 3914/3914/3914 3921/3921/3921 3923/3923/3923
f 3916/3916/3916 3924/3924/3924 3922/3922/3922
f 3916/3916/3916 3925/3925/3925 3924/3924/3924
f 3916/3916/3916 3926/3926/3926 3925/3925/3925
f 3926/3926/3926 3916/3916/3916 3914/3914/3914
f 3914/3914/3914 3923/3923/3923 3927/3927/3927
f 3928/3928/3928 3926/3926/3926 3914/3914/3914
f 3914/3914/3914 3927/3927/3927 3928/3928/3928
f 3931/3931/3931 3930/3930/3930 3929/3929/3929
f 3929/3929/3929 3930/3930/3930 3932/3932/3932
f 3933/3933/3933 3930/3930/3930 3931/3931/3931
f 3932/3932/3932 3930/3930/3930 3934/3934/3934
f 3930/3930/3930 3933/3933/3933 3935/3935/3935
f 3934/3934/3934 3930/3930/3930 3936/3936/3936
f 3935/3935/3935 3937/3937/3937 3930/3930/3930
f 3937/3937/3937 3938/3938/3938 3930/3930/3930
f 3936/3936/3936 3930/3930/3930 3939/3939/3939
f 3938/3938/3938 3939/3939/3939 3930/3930/3930
f 3940/3940/3940 3938/3938/3938 3937/3937/3937
f 3939/3939/3939 3938/3938/3938 3941/3941/3941
f 3942/3942/3942 3938/3938/3938 3940/3940/3940
f 3941/3941/3941 3938/3938/3938 3943/3943/3943
f 3944/3944/3944 3938/3938/3938 3942/3942/3942
f 3943/3943/3943 3938/3938/3938 3944/3944/3944
f 3947/3947/3947 3946/3946/3946 3945/3945/3945
f 3945/3945/3945 3946/3946/3946 3948/3948/3948
f 3949/3949/3949 3946/3946/3946 3947/3947/3947
f 3948/3948/3948 3946/3946/3946 3950/3950/3950
f 3951/3951/3951 3946/3946/3946 3949/3949/3949
f 3950/3950/3950 3946/3946/3946 3952/3952/3952
f 3951/3951/3951 3953/3953/3953 3946/3946/3946
f 3953/3953/3953 3954/3954/3954 3946/3946/3946
f 3952/3952/3952 3946/3946/3946 3955/3955/3955
f 3954/3954/3954 3955/3955/3955 3946/3946/3946
f 3956/3956/3956 3954/3954/3954 3953/3953/3953
f 3955/3955/3955 3954/3954/3954 3957/3957/3957
f 3958/3958/3958 3954/3954/3954 3956/3956/3956
f 3957/3957/3957 3954/3954/3954 3959/3959/3959
f 3960/3960/3960 3954/3954/3954 3958/3958/3958
f 3959/3959/3959 3954/3954/3954 3960/3960/3960
f 3963/3963/3963 3962/3962/3962 3961/3961/3961
f 3964/3964/3964 3962/3962/3962 3963/3963/3963
f 3965/3965/3965 3962/3962/3962 3964/3964/3964
f 3966/3966/3966 3962/3962/3962 3965/3965/3965
f 3967/3967/3967 3962/3962/3962 3966/3966/3966
f 3961/3961/3961 3962/3962/3962 3968/3968/3968
f 3969/3969/3969 3968/3968/3968 3962/3962/3962
f 3968/3968/3968 3969/3969/3969 3970/3970/3970
f 3962/3962/3962 3967/3967/3967 3971/3971/3971
f 3962/3962/3962 3971/3971/3971 3969/3969/3969
f 3970/3970/3970 3969/3969/3969 3972/3972/3972
f 3973/3973/3973 3969/3969/3969 3971/3971/3971
f 3972/3972/3972 3969/3969/3969 3974/3974/3974
f 3975/3975/3975 3969/3969/3969 3973/3973/3973
f 3974/3974/3974 3969/3969/3969 3976/3976/3976
f 3976/3976/3976 3969/3969/3969 3975/3975/3975
f 3979/3979/3979 3978/3978/3978 3977/3977/3977
f 3979/3979/3979 3980/3980/3980 3978/3978/3978
f 3979/3979/3979 3981/3981/3981 3980/3980/3980
f 3979/3979/3979 3982/3982/3982 3981/3981/3981
f 3979/3979/3979 3983/3983/3983 3982/3982/3982
f 3979/3979/3979 3977/3977/3977 3984/3984/3984
f 3979/3979/3979 3984/3984/3984 3985/3985/3985
f 3985/3985/3985 3984/3984/3984 3986/3986/3986
f 3979/3979/3979 3987/3987/3987 3983/3983/3983
f 3987/3987/3987 3979/3979/3979 3985/3985/3985
f 3985/3985/3985 3986/3986/3986 3988/3988/3988
f 3989/3989/3989 3987/3987/3987 3985/3985/3985
f 3985/3985/3985 3988/3988/3988 3990/3990/3990
f 3985/3985/3985 3991/3991/3991 3989/3989/3989
f 3985/3985/3985 3990/3990/3990 3992/3992/3992
f 3985/3985/3985 3992/3992/3992 3991/3991/3991
f 3995/3995/3995 3994/3994/3994 3993/3993/3993
f 3995/3995/3995 3996/3996/3996 3994/3994/3994
f 3995/3995/3995 3997/3997/3997 3996/3996/3996
f 3995/3995/3995 3998/3998/3998 3997/3997/3997
f 3995/3995/3995 3999/3999/3999 3998/3998/3998
f 3995/3995/3995 4000/4000/4000 3999/3999/3999
f 3993/3993/3993 4001/4001/4001 3995/3995/3995
f 4001/4001/4001 4002/4002/4002 3995/3995/3995
f 4000/4000/4000 3995/3995/3995 4003/4003/4003
f 4002/4002/4002 4003/4003/4003 3995/3995/3995
f 4002/4002/4002 4001/4001/4001 4004/4004/4004
f 4002/4002/4002 4005/4005/4005 4003/4003/4003
f 4002/4002/4002 4004/4004/4004 4006/4006/4006
f 4002/4002/4002 4007/4007/4007 4005/4005/4005
f 4002/4002/4002 4006/4006/4006 4008/4008/4008
f 4002/4002/4002 4008/4008/4008 4007/4007/4007
f 4011/4011/4011 4010/4010/4010 4009/4009/4009
f 4011/4011/4011 4009/4009/4009 4012/4012/4012
f 4011/4011/4011 4012/4012/4012 4013/4013/4013
f 4011/4011/4011 4013/4013/4013 4014/4014/4014
f 4011/4011/4011 4014/4014/4014 4015/4015/4015
f 4011/4011/4011 4015/4015/4015 4016/4016/4016
f 4010/4010/4010 4011/4011/4011 4017/4017/4017
f 4011/4011/4011 4016/4016/4016 4017/4017/4017
f 4018/4018/4018 4010/4010/4010 4017/4017/4017
f 4019/4019/4019 4017/4017/4017 4016/4016/4016
f 4017/4017/4017 4020/4020/4020 4018/4018/4018
f 4017/4017/4017 4019/4019/4019 4021/4021/4021
f 4017/4017/4017 4022/4022/4022 4020/4020/4020
f 4017/4017/4017 4021/4021/4021 4023/4023/4023
f 4017/4017/4017 4024/4024/4024 4022/4022/4022
f 4017/4017/4017 4023/4023/4023 4024/4024/4024
f 4027/4027/4027 4026/4026/4026 4025/4025/4025
f 4027/4027/4027 4028/4028/4028 4026/4026/4026
f 4027/4027/4027 4029/4029/4029 4028/4028/4028
f 4027/4027/4027 4030/4030/4030 4029/4029/4029
f 4027/4027/4027 4031/4031/4031 4030/4030/4030
f 4027/4027/4027 4032/4032/4032 4031/4031/4031
f 4027/4027/4027 4025/4025/4025 4033/4033/4033
f 4032/4032/4032 4027/4027/4027 4033/4033/4033
f 4034/4034/4034 4033/4033/4033 4025/4025/4025
f 4035/4035/4035 4032/4032/4032 4033/4033/4033
f 4033/4033/4033 4034/4034/4034 4036/4036/4036
f 4033/4033/4033 4037/4037/4037 4035/4035/4035
f 4033/4033/4033 4036/4036/4036 4038/4038/4038
f 4033/4033/4033 4039/4039/4039 4037/4037/4037
f 4033/4033/4033 4038/4038/4038 4040/4040/4040
f 4033/4033/4033 4040/4040/4040 4039/4039/4039
f 4043/4043/4043 4042/4042/4042 4041/4041/4041
f 4043/4043/4043 4044/4044/4044 4042/4042/4042
f 4043/4043/4043 4045/4045/4045 4044/4044/4044
f 4043/4043/4043 4046/4046/4046 4045/4045/4045
f 4043/4043/4043 4047/4047/4047 4046/4046/4046
f 4043/4043/4043 4048/4048/4048 4047/4047/4047
f 4041/4041/4041 4049/4049/4049 4043/4043/4043
f 4043/4043/4043 4049/4049/4049 4050/4050/4050
f 4048/4048/4048 4043/4043/4043 4051/4051/4051
f 4050/4050/4050 4051/4051/4051 4043/4043/4043
f 4050/4050/4050 4049/4049/4049 4052/4052/4052
f 4050/4050/4050 4053/4053/4053 4051/4051/4051
f 4050/4050/4050 4052/4052/4052 4054/4054/4054
f 4050/4050/4050 4055/4055/4055 4053/4053/4053
f 4050/4050/4050 4054/4054/4054 4056/4056/4056
f 4050/4050/4050 4056/4056/4056 4055/4055/4055
f 4059/4059/4059 4058/4058/4058 4057/4057/4057
f 4060/4060/4060 4058/4058/4058 4059/4059/4059
f 4061/4061/4061 4058/4058/4058 4060/4060/4060
f 4062/4062/4062 4058/4058/4058 4061/4061/4061
f 4063/4063/4063 4058/4058/4058 4062/4062/4062
f 4064/4064/4064 4058/4058/4058 4063/4063/4063
f 4057/4057/4057 4058/4058/4058 4065/4065/4065
f 4058/4058/4058 4064/4064/4064 4065/4065/4065
f 4066/4066/4066 4057/4057/4057 4065/4065/4065
f 4067/4067/4067 4065/4065/4065 4064/4064/4064
f 4066/4066/4066 4065/4065/4065 4068/4068/4068
f 4069/4069/4069 4065/4065/4065 4067/4067/4067
f 4068/4068/4068 4065/4065/4065 4070/4070/4070
f 4071/4071/4071 4065/4065/4065 4069/4069/4069
f 4070/4070/4070 4065/4065/4065 4072/4072/4072
f 4072/4072/4072 4065/4065/4065 4071/4071/4071
f 4075/4075/4075 4074/4074/4074 4073/4073/4073
f 4073/4073/4073 4074/4074/4074 4076/4076/4076
f 4077/4077/4077 4074/4074/4074 4075/4075/4075
f 4076/4076/4076 4074/4074/4074 4078/4078/4078
f 4079/4079/4079 4074/4074/4074 4077/4077/4077
f 4078/4078/4078 4074/4074/4074 4080/4080/4080
f 4074/4074/4074 4079/4079/4079 4081/4081/4081
f 4080/4080/4080 4074/4074/4074 4081/4081/4081
f 4082/4082/4082 4081/4081/4081 4079/4079/4079
f 4083/4083/4083 4080/4080/4080 4081/4081/4081
f 4084/4084/4084 4081/4081/4081 4082/4082/4082
f 4083/4083/4083 4081/4081/4081 4085/4085/4085
f 4086/4086/4086 4081/4081/4081 4084/4084/4084
f 4085/4085/4085 4081/4081/4081 4087/4087/4087
f 4088/4088/4088 4081/4081/4081 4086/4086/4086
f 4087/4087/4087 4081/4081/4081 4088/4088/4088
f 4091/4091/4091 4090/4090/4090 4089/4089/4089
f 4089/4089/4089 4090/4090/4090 4092/4092/4092
f 4093/4093/4093 4090/4090/4090 4091/4091/4091
f 4092/4092/4092 4090/4090/4090 4094/4094/4094
f 4095/4095/4095 4090/4090/4090 4093/4093/4093
f 4094/4094/4094 4090/4090/4090 4096/4096/4096
f 4095/4095/4095 4097/4097/4097 4090/4090/4090
f 4097/4097/4097 4096/4096/4096 4090/4090/4090
f 4095/4095/4095 4098/4098/4098 4097/4097/4097
f 4099/4099/4099 4096/4096/4096 4097/4097/4097
f 4100/4100/4100 4097/4097/4097 4098/4098/4098
f 4099/4099/4099 4097/4097/4097 4101/4101/4101
f 4102/4102/4102 4097/4097/4097 4100/4100/4100
f 4101/4101/4101 4097/4097/4097 4103/4103/4103
f 4104/4104/4104 4097/4097/4097 4102/4102/4102
f 4103/4103/4103 4097/4097/4097 4104/4104/4104
f 4107/4107/4107 4106/4106/4106 4105/4105/4105
f 4105/4105/4105 4106/4106/4106 4108/4108/4108
f 4108/4108/4108 4106/4106/4106 4109/4109/4109
f 4109/4109/4109 4106/4106/4106 4110/4110/4110
f 4110/4110/4110 4106/4106/4106 4111/4111/4111
f 4111/4111/4111 4106/4106/4106 4112/4112/4112
f 4107/4107/4107 4113/4113/4113 4106/4106/4106
f 4113/4113/4113 4114/4114/4114 4106/4106/4106
f 4112/4112/4112 4106/4106/4106 4115/4115/4115
f 4114/4114/4114 4115/4115/4115 4106/4106/4106
f 4116/4116/4116 4114/4114/4114 4113/4113/4113
f 4115/4115/4115 4114/4114/4114 4117/4117/4117
f 4118/4118/4118 4114/4114/4114 4116/4116/4116
f 4117/4117/4117 4114/4114/4114 4119/4119/4119
f 4120/4120/4120 4114/4114/4114 4118/4118/4118
f 4119/4119/4119 4114/4114/4114 4120/4120/4120

