# https://github.com/mikedh/trimesh
mtllib material.mtl
usemtl Cloth
v -0.08466098 0.65520060 -0.00292219
v -0.08314071 0.67447335 -0.01852554
v -0.08366496 0.67615920 0.00163212
v -0.08340639 0.65335840 -0.02362974
v -0.08792821 0.62942016 -0.00737772
v -0.07851721 0.67892313 -0.03888788
v -0.08522773 0.62811893 -0.02849084
v -0.07749214 0.65152943 -0.04447796
v -0.06615923 0.67771685 -0.05766604
v -0.06184518 0.70060390 -0.05376107
v -0.07416597 0.70139068 -0.04269879
v -0.07675739 0.62581486 -0.04944922
v -0.06731939 0.64998859 -0.06170354
v -0.04558704 0.69991410 -0.06535901
v -0.04970241 0.67722225 -0.07153936
v -0.06622364 0.62359279 -0.06483015
v -0.05130832 0.64867336 -0.07454834
v -0.06361026 0.60432291 -0.06637946
v -0.07477687 0.60592139 -0.05212519
v -0.06057565 0.59128755 -0.06627342
v -0.07242543 0.59223455 -0.05248387
v -0.04652771 0.59049493 -0.07452978
v -0.04909211 0.60287619 -0.07527693
v -0.05084809 0.62163353 -0.07532583
v -0.04011071 0.71568817 -0.05820518
v -0.05540564 0.71792555 -0.04929519
v -0.02113812 0.71360809 -0.06421831
v -0.02427005 0.69836533 -0.07305688
v -0.02676270 0.67580283 -0.08044133
v -0.02783064 0.64721209 -0.08302201
v -0.02547625 0.58854699 -0.07985859
v -0.02691338 0.60103983 -0.08131640
v -0.00000000 0.58730733 -0.08188403
v -0.02773442 0.62001795 -0.08249840
v 0.00000000 0.60005379 -0.08369218
v 0.00000000 0.69738632 -0.07572458
v 0.00000000 0.67486316 -0.08356059
v 0.00000000 0.64645749 -0.08612820
v 0.00000000 0.61932343 -0.08527427
v 0.02773443 0.62001801 -0.08249841
v 0.02783065 0.64721203 -0.08302201
v 0.02691338 0.60103989 -0.08131640
v -0.00000000 0.58730733 -0.08188403
v 0.02547625 0.58854699 -0.07985859
v 0.05084809 0.62163353 -0.07532582
v 0.04909211 0.60287613 -0.07527693
v 0.04652771 0.59049487 -0.07452978
v 0.02676274 0.67580271 -0.08044131
v 0.05130836 0.64867330 -0.07454834
v 0.06622365 0.62359279 -0.06483013
v 0.06361027 0.60432285 -0.06637946
v 0.02427007 0.69836533 -0.07305686
v 0.04970249 0.67722225 -0.07153933
v 0.06731943 0.64998865 -0.06170354
v 0.07675739 0.62581486 -0.04944922
v 0.00000000 0.71256006 -0.06635056
v 0.07477687 0.60592139 -0.05212519
v 0.06057565 0.59128755 -0.06627343
v 0.07242543 0.59223455 -0.05248388
v 0.07749218 0.65152949 -0.04447795
v 0.08522772 0.62811899 -0.02849084
v 0.06615929 0.67771685 -0.05766603
v 0.04558709 0.69991416 -0.06535900
v 0.02113812 0.71360809 -0.06421831
v 0.00000000 0.72105974 -0.05936571
v -0.01829028 0.72245592 -0.05747762
v -0.04011071 0.71568817 -0.05820518
v 0.04011072 0.71568823 -0.05820518
v 0.06184522 0.70060390 -0.05376106
v 0.05540564 0.71792543 -0.04929519
v 0.07851724 0.67892313 -0.03888786
v 0.07416599 0.70139062 -0.04269877
v 0.06886175 0.72333670 -0.03979645
v 0.08340640 0.65335834 -0.02362974
v 0.08314073 0.67447335 -0.01852553
v 0.08466100 0.65520054 -0.00292219
v 0.08366497 0.67615902 0.00163212
v 0.08792821 0.62942016 -0.00737772
v 0.08393841 0.70276904 -0.03754882
v 0.08586147 0.68757254 -0.03019573
v 0.07851724 0.67892313 -0.03888786
v 0.08680525 0.68232417 -0.01512044
v 0.08314073 0.67447335 -0.01852553
v 0.08687282 0.68282098 0.00364328
v 0.08366497 0.67615902 0.00163212
v 0.09342754 0.68254471 0.00413388
v 0.09343593 0.68363523 -0.01338477
v 0.10188459 0.68458414 0.00468467
v 0.09324133 0.69003248 -0.02739003
v 0.10188564 0.68653595 -0.01185205
v 0.11123797 0.68893820 0.00544456
v 0.11123796 0.69120127 -0.01022916
v 0.11981946 0.68576896 0.00616428
v 0.10186131 0.69352418 -0.02521405
v 0.09269340 0.70458484 -0.03564356
v 0.09269340 0.70458484 -0.03564356
v 0.08221993 0.72228992 -0.03818475
v 0.09218679 0.72347420 -0.03783713
v 0.11982611 0.68854946 -0.01121169
v 0.12871438 0.68505424 0.00727372
v 0.11123795 0.69821858 -0.02295550
v 0.11983213 0.69658113 -0.02538988
v 0.10179282 0.70740086 -0.03341664
v 0.11123795 0.69821858 -0.02295550
v 0.12876742 0.68777174 -0.01066357
v 0.13813117 0.68843168 0.00903272
v 0.12881510 0.69594449 -0.02548387
v 0.13829681 0.69011855 -0.00756438
v 0.14786161 0.69426346 0.01118144
v 0.11123794 0.71086872 -0.03062857
v 0.11983213 0.69658113 -0.02538988
v 0.13844587 0.69697624 -0.02167721
v 0.12878339 0.70966935 -0.03436738
v 0.14817949 0.69433939 -0.00293453
v 0.15037312 0.69242090 0.01107053
v 0.14846547 0.69900870 -0.01553018
v 0.13834666 0.71009409 -0.03076066
v 0.15077065 0.69210494 0.00040412
v 0.15405652 0.69135743 0.01107648
v 0.15425673 0.69087487 0.00282489
v 0.15240787 0.69217837 -0.00750149
v 0.15478554 0.69055623 -0.00297711
v 0.15613422 0.69185257 -0.00987445
v 0.15475623 0.69573450 -0.01648395
v 0.15830782 0.69006670 -0.00320429
v 0.15425673 0.69087487 0.00282489
v 0.15829280 0.69651395 -0.01566553
v 0.15971658 0.69255835 -0.00921214
v 0.16228357 0.69056815 -0.00252188
v 0.15924214 0.69072795 0.00389261
v 0.15405652 0.69135743 0.01107648
v 0.15938824 0.69167739 0.01125845
v 0.16373040 0.69181150 0.00448785
v 0.16406932 0.69327742 0.01144475
v 0.16567202 0.69575554 0.01146585
v 0.16528833 0.69415098 0.00502770
v 0.16402918 0.69822001 0.01139170
v 0.16228357 0.69056815 -0.00252188
v 0.16366719 0.69671249 0.00548584
v 0.16375983 0.69272232 -0.00147636
v 0.15971658 0.69255835 -0.00921214
v 0.16223791 0.69536185 -0.00048293
v 0.16112091 0.69471598 -0.00771484
v 0.15829280 0.69651395 -0.01566553
v 0.15977944 0.69721258 -0.00621238
v 0.15966542 0.69862896 -0.01382957
v 0.15842457 0.70083821 -0.01184199
v 0.15987685 0.70085645 -0.02165266
v 0.16127482 0.70261174 -0.01960993
v 0.15992144 0.70448339 -0.01717488
v 0.16392654 0.70817405 -0.02296206
v 0.16239034 0.70954108 -0.02022709
v 0.16246764 0.70703816 -0.02524128
v 0.16530573 0.71676862 -0.02247583
v 0.16367920 0.71737218 -0.01966770
v 0.16377930 0.71636802 -0.02513072
v 0.16583188 0.72626841 -0.02135920
v 0.16417454 0.72606874 -0.01856519
v 0.16425213 0.72655237 -0.02424966
v 0.16455998 0.73501241 -0.02525795
v 0.15959968 0.72694564 -0.02633177
v 0.16616036 0.73420829 -0.02252600
v 0.16448207 0.73339641 -0.01970404
v 0.16358520 0.74162120 -0.02551113
v 0.16515703 0.74034876 -0.02309580
v 0.16354719 0.73907995 -0.02033316
v 0.16062827 0.74691260 -0.02212070
v 0.16211940 0.74512613 -0.01991601
v 0.16071756 0.74346727 -0.01743746
v 0.15845230 0.75160682 -0.01652635
v 0.15986104 0.74945098 -0.01454006
v 0.15861085 0.74743474 -0.01248139
v 0.16089220 0.75388747 -0.00911758
v 0.15956292 0.75153911 -0.00749831
v 0.15952016 0.75610298 -0.01072276
v 0.16299377 0.75713444 -0.00347696
v 0.16151218 0.75451875 -0.00231756
v 0.16162944 0.75932199 -0.00459611
v 0.16359605 0.75806308 0.00290030
v 0.16207066 0.75528574 0.00355748
v 0.16223489 0.76037019 0.00227837
v 0.16345507 0.75809979 0.00959892
v 0.16194116 0.75525165 0.00972338
v 0.16208357 0.76056534 0.00946088
v 0.16361851 0.75863504 0.01608975
v 0.16209711 0.75577682 0.01566001
v 0.16221493 0.76115656 0.01643125
v 0.15822522 0.76160324 0.00934117
v 0.16297722 0.75836366 0.02232186
v 0.16150546 0.75552011 0.02128044
v 0.16154730 0.76090711 0.02321240
v 0.16069798 0.75583446 0.02834238
v 0.15938972 0.75302953 0.02662746
v 0.15921427 0.75171632 0.03411220
v 0.15801093 0.74912167 0.03182944
v 0.15780340 0.75421226 0.03612839
v 0.15927278 0.75842798 0.02987386
v 0.15829673 0.76227450 0.01660172
v 0.15841338 0.76113582 0.00183749
v 0.15777373 0.76206547 0.02347998
v 0.15374210 0.76172525 0.00931322
v 0.15570289 0.75977343 0.03027154
v 0.15780340 0.75421226 0.03612839
v 0.15424298 0.75540191 0.03685694
v 0.15388118 0.76222932 0.01741109
v 0.15203927 0.76031315 0.02771469
v 0.14795443 0.75344324 0.03553091
v 0.15442038 0.76203936 0.02308164
v 0.15055136 0.76146382 0.02001184
v 0.14783402 0.75990766 0.02379013
v 0.15035687 0.76168281 0.00943227
v 0.15407942 0.76094723 0.00099544
v 0.15799008 0.76011026 -0.00516544
v 0.15470852 0.76013154 -0.00479738
v 0.15077256 0.76045609 -0.00129019
v 0.14777297 0.76163274 0.00963913
v 0.15238170 0.75855762 -0.00912456
v 0.15799008 0.76011026 -0.00516544
v 0.15603389 0.75747377 -0.01144655
v 0.14825249 0.75309312 -0.01682763
v 0.15479448 0.75323552 -0.01758936
v 0.15845230 0.75160682 -0.01652635
v 0.14802733 0.75958073 -0.00455392
v 0.13811707 0.76244158 0.02411917
v 0.13808529 0.76480132 0.00879327
v 0.13817982 0.75507164 0.03694564
v 0.14795443 0.75344324 0.03553091
v 0.12872985 0.75597149 0.03731277
v 0.12870978 0.76365846 0.02394713
v 0.11982153 0.75565922 0.03593387
v 0.13821778 0.76316607 -0.00733707
v 0.11981901 0.76268202 0.02293994
v 0.11123794 0.75461882 0.03350738
v 0.12869962 0.76624179 0.00806427
v 0.11123793 0.76038885 0.02143167
v 0.10185923 0.75647771 0.03547670
v 0.11981775 0.76480275 0.00753004
v 0.11123792 0.76163566 0.00711267
v 0.10190016 0.76222438 0.02240168
v 0.09293393 0.75675780 0.03632110
v 0.12874205 0.76491481 -0.00910257
v 0.11981775 0.76480275 0.00753004
v 0.09271640 0.76283616 0.02284073
v 0.08453771 0.75467628 0.03538840
v 0.11982302 0.76360345 -0.00917201
v 0.13833500 0.75630915 -0.02138165
v 0.10191977 0.76298285 0.00687691
v 0.08364316 0.76151919 0.02244627
v 0.07523526 0.75263292 0.03391745
v 0.11123791 0.76045573 -0.00822381
v 0.12877961 0.75800127 -0.02409340
v 0.09254644 0.76358569 0.00670714
v 0.11982772 0.75715339 -0.02373471
v 0.10186286 0.76144272 -0.00951995
v 0.11123791 0.75478148 -0.02153375
v 0.07384649 0.75964141 0.02182954
v 0.08299966 0.76294756 0.00666218
v 0.09241816 0.76169086 -0.01014610
v 0.10177667 0.75533217 -0.02368340
v 0.06272817 0.75874150 0.02161762
v 0.06385683 0.75302345 0.03325957
v 0.05142271 0.75897074 0.02158729
v 0.05180623 0.75504059 0.03332501
v 0.04148163 0.76038265 0.02150104
v 0.04065562 0.75755084 0.03393389
v 0.03470128 0.76411313 0.02175270
v 0.02935681 0.76180845 0.03646277
v 0.02725825 0.77188671 0.03651990
v 0.03275694 0.77079201 0.02227795
v 0.02723109 0.77938825 0.03723372
v 0.03624427 0.76248109 0.00657564
v 0.04237333 0.75981843 0.00685612
v 0.03391600 0.76762450 0.00655821
v 0.03236121 0.77704215 0.02262866
v 0.02565350 0.78225875 0.03593493
v 0.03282194 0.77276820 0.00665637
v 0.03034255 0.77963531 0.02199579
v 0.02355097 0.78003103 0.03379184
v 0.02791887 0.77784699 0.02091215
v 0.03048056 0.77518666 0.00666743
v 0.02810714 0.77393603 0.00661799
v 0.02857751 0.76945627 -0.00462296
v 0.02636264 0.76860839 -0.00357812
v 0.02585133 0.76316655 -0.01298914
v 0.02923184 0.76222456 -0.01406315
v 0.02379404 0.76252818 -0.01088502
v 0.03131632 0.76738977 -0.00540811
v 0.03282194 0.77276820 0.00665637
v 0.03391600 0.76762450 0.00655821
v 0.03340555 0.76340663 -0.00565615
v 0.03624427 0.76248109 0.00657564
v 0.03668472 0.75950468 -0.00573592
v 0.03216173 0.75921857 -0.01461095
v 0.04308411 0.75739592 -0.00610181
v 0.03625383 0.75612634 -0.01516795
v 0.05151328 0.75934851 0.00709667
v 0.06211003 0.76015353 0.00700381
v 0.05199900 0.75697750 -0.00675442
v 0.07290907 0.76156336 0.00677226
v 0.04304986 0.75406951 -0.01652974
v 0.06223476 0.75771582 -0.00759668
v 0.08279912 0.76072723 -0.00967000
v 0.05203485 0.75280046 -0.01834769
v 0.07276078 0.75913960 -0.00861019
v 0.09227373 0.75506842 -0.02468709
v 0.08264717 0.75358802 -0.02380672
v 0.07265463 0.75213945 -0.02193551
v 0.06221282 0.75198609 -0.02011490
v 0.05062363 0.74771100 -0.02702875
v 0.06084467 0.74376458 -0.02940653
v 0.07166068 0.74033868 -0.03162245
v 0.04166443 0.75048655 -0.02456069
v 0.08220508 0.74023169 -0.03342606
v 0.08264717 0.75358802 -0.02380672
v 0.09210897 0.74155909 -0.03413820
v 0.03484103 0.75288373 -0.02262709
v 0.10172430 0.74235588 -0.03269957
v 0.03062370 0.75583434 -0.02165842
v 0.11123792 0.74266231 -0.02992424
v 0.11982511 0.74383223 -0.03286745
v 0.12875867 0.74422300 -0.03358017
v 0.13826945 0.74331552 -0.03057546
v 0.14812660 0.74162877 -0.02534028
v 0.11123792 0.72678089 -0.03292502
v 0.11982285 0.72677428 -0.03615086
v 0.12874064 0.72676504 -0.03698946
v 0.13821311 0.72675151 -0.03384933
v 0.14801842 0.72673517 -0.02832198
v 0.10172948 0.72508651 -0.03594886
v 0.11982821 0.71003270 -0.03376169
v 0.12881510 0.69594449 -0.02548387
v 0.05657023 0.73520386 -0.03714250
v 0.05540564 0.71792543 -0.04929519
v 0.14827485 0.71099132 -0.02462648
v 0.04759967 0.72943330 -0.04512623
v 0.04011072 0.71568823 -0.05820518
v 0.04692516 0.74226463 -0.03422497
v 0.03877351 0.74658000 -0.03135027
v 0.03266314 0.74968892 -0.02901093
v 0.02889391 0.75290096 -0.02751441
v 0.02964658 0.74650115 -0.03486544
v 0.02755441 0.75879192 -0.02069502
v 0.02426963 0.76070982 -0.01881534
v 0.02585133 0.76316655 -0.01298914
v 0.02182693 0.76034522 -0.01649085
v 0.02379404 0.76252818 -0.01088502
v 0.01948614 0.75792468 -0.02178333
v 0.02235912 0.75814450 -0.02414398
v 0.02591315 0.75598228 -0.02613719
v 0.01990398 0.75524354 -0.02874469
v 0.01656449 0.75504982 -0.02655787
v 0.02672369 0.75009334 -0.03248852
v 0.02389852 0.75314468 -0.03053834
v 0.01755288 0.75204068 -0.03281773
v 0.01352091 0.75158900 -0.03104472
v 0.02166203 0.75117654 -0.03332850
v 0.02275491 0.74833727 -0.03587646
v 0.01626828 0.74818808 -0.03688055
v 0.01086898 0.74727911 -0.03563763
v 0.02422888 0.74409240 -0.03933901
v 0.01575330 0.74290484 -0.04143190
v 0.00867480 0.74124968 -0.04094928
v 0.03877351 0.74658000 -0.03135027
v 0.03266314 0.74968892 -0.02901093
v 0.03411396 0.74231791 -0.03787093
v 0.02422888 0.74409240 -0.03933901
v 0.02653534 0.73851782 -0.04334001
v 0.01575330 0.74290484 -0.04143190
v 0.01576954 0.73581475 -0.04667420
v 0.00644372 0.73315322 -0.04735498
v 0.04020366 0.73694181 -0.04135235
v 0.02998381 0.73226565 -0.04769979
v 0.01631001 0.72865623 -0.05211601
v 0.00000000 0.72617429 -0.05360644
v 0.03466022 0.72552490 -0.05240939
v 0.01829029 0.72245598 -0.05747761
v 0.00000000 0.72617429 -0.05360644
v -0.01631001 0.72865623 -0.05211601
v -0.00644372 0.73315316 -0.04735498
v -0.03466021 0.72552490 -0.05240940
v -0.01576954 0.73581469 -0.04667420
v -0.00867480 0.74124962 -0.04094928
v -0.01575330 0.74290484 -0.04143190
v -0.02998381 0.73226571 -0.04769980
v -0.02653534 0.73851788 -0.04334001
v -0.02422888 0.74409246 -0.03933901
v -0.04759965 0.72943330 -0.04512623
v -0.04020365 0.73694193 -0.04135235
v -0.03411396 0.74231791 -0.03787094
v -0.02422888 0.74409246 -0.03933901
v -0.02964658 0.74650115 -0.03486545
v -0.04692515 0.74226463 -0.03422497
v -0.05657022 0.73520380 -0.03714250
v -0.03877350 0.74658012 -0.03135028
v -0.03266315 0.74968898 -0.02901094
v -0.06886174 0.72333670 -0.03979645
v -0.05062362 0.74771112 -0.02702875
v -0.06084466 0.74376464 -0.02940653
v -0.04166442 0.75048661 -0.02456069
v -0.03877350 0.74658012 -0.03135028
v -0.03484103 0.75288379 -0.02262709
v -0.03266315 0.74968898 -0.02901094
v -0.02889391 0.75290108 -0.02751441
v -0.03062370 0.75583440 -0.02165842
v -0.02672369 0.75009334 -0.03248852
v -0.04304985 0.75406963 -0.01652974
v -0.03625382 0.75612634 -0.01516795
v -0.05203484 0.75280052 -0.01834768
v -0.03216172 0.75921863 -0.01461095
v -0.02755441 0.75879192 -0.02069502
v -0.02591315 0.75598228 -0.02613718
v -0.02923184 0.76222461 -0.01406314
v -0.02275491 0.74833727 -0.03587646
v -0.02389852 0.75314462 -0.03053834
v -0.02235912 0.75814456 -0.02414398
v -0.02426963 0.76070982 -0.01881534
v -0.01626828 0.74818802 -0.03688055
v -0.01575330 0.74290484 -0.04143190
v -0.01086898 0.74727917 -0.03563763
v -0.01352091 0.75158900 -0.03104472
v -0.01755288 0.75204068 -0.03281773
v -0.01656449 0.75504982 -0.02655787
v -0.02166203 0.75117654 -0.03332849
v -0.01990398 0.75524372 -0.02874470
v -0.01948613 0.75792468 -0.02178333
v -0.02182693 0.76034528 -0.01649085
v -0.02585132 0.76316661 -0.01298914
v -0.02379404 0.76252818 -0.01088502
v -0.03340555 0.76340663 -0.00565615
v -0.03131632 0.76738977 -0.00540811
v -0.03668471 0.75950468 -0.00573592
v -0.04308409 0.75739586 -0.00610181
v -0.05199899 0.75697750 -0.00675443
v -0.03624425 0.76248109 0.00657565
v -0.03391599 0.76762438 0.00655820
v -0.04237332 0.75981849 0.00685612
v -0.03282194 0.77276820 0.00665637
v -0.03048056 0.77518654 0.00666743
v -0.05151328 0.75934863 0.00709667
v -0.02857751 0.76945621 -0.00462296
v -0.02923184 0.76222461 -0.01406314
v -0.02585132 0.76316661 -0.01298914
v -0.02636264 0.76860821 -0.00357812
v -0.02379404 0.76252818 -0.01088502
v -0.02810714 0.77393603 0.00661799
v -0.02791886 0.77784699 0.02091215
v -0.03034254 0.77963531 0.02199579
v -0.02355097 0.78003103 0.03379184
v -0.03282194 0.77276820 0.00665637
v -0.02565350 0.78225875 0.03593493
v -0.03236121 0.77704221 0.02262865
v -0.03391599 0.76762438 0.00655820
v -0.02723109 0.77938825 0.03723373
v -0.03275694 0.77079219 0.02227796
v -0.02725825 0.77188677 0.03651990
v -0.03624425 0.76248109 0.00657565
v -0.03470127 0.76411325 0.02175270
v -0.02935680 0.76180851 0.03646277
v -0.04148162 0.76038277 0.02150104
v -0.03470127 0.76411325 0.02175270
v -0.04065562 0.75755095 0.03393389
v -0.02935680 0.76180851 0.03646277
v -0.05180621 0.75504059 0.03332502
v -0.05142270 0.75897074 0.02158729
v -0.06385683 0.75302351 0.03325958
v -0.06272817 0.75874168 0.02161762
v -0.07523524 0.75263286 0.03391745
v -0.06211002 0.76015359 0.00700381
v -0.07384649 0.75964153 0.02182954
v -0.06223474 0.75771588 -0.00759668
v -0.08364315 0.76151943 0.02244627
v -0.08453772 0.75467634 0.03538840
v -0.07290905 0.76156336 0.00677226
v -0.06221280 0.75198621 -0.02011490
v -0.09271640 0.76283622 0.02284072
v -0.09293392 0.75675792 0.03632110
v -0.08299966 0.76294780 0.00666218
v -0.07276076 0.75913978 -0.00861019
v -0.07166067 0.74033862 -0.03162245
v -0.10190014 0.76222456 0.02240168
v -0.10185920 0.75647783 0.03547670
v -0.09254643 0.76358587 0.00670714
v -0.08279911 0.76072735 -0.00967000
v -0.07265463 0.75213963 -0.02193551
v -0.08264715 0.75358808 -0.02380672
v -0.09227371 0.75506848 -0.02468709
v -0.09241816 0.76169115 -0.01014610
v -0.10191977 0.76298296 0.00687690
v -0.11123791 0.76038897 0.02143167
v -0.11123793 0.75461894 0.03350737
v -0.08220504 0.74023175 -0.03342606
v -0.08264715 0.75358808 -0.02380672
v -0.10186287 0.76144296 -0.00951995
v -0.11123791 0.76163578 0.00711266
v -0.11981899 0.76268214 0.02293994
v -0.11982153 0.75565952 0.03593386
v -0.11981773 0.76480287 0.00753004
v -0.12869963 0.76624197 0.00806427
v -0.12870976 0.76365864 0.02394713
v -0.12872986 0.75597179 0.03731276
v -0.11123790 0.76045585 -0.00822381
v -0.10177666 0.75533235 -0.02368340
v -0.13811707 0.76244169 0.02411917
v -0.13817978 0.75507182 0.03694563
v -0.13808529 0.76480150 0.00879327
v -0.14783399 0.75990790 0.02379012
v -0.14795442 0.75344348 0.03553090
v -0.11982302 0.76360363 -0.00917201
v -0.11981773 0.76480287 0.00753004
v -0.11123791 0.75478160 -0.02153375
v -0.12874204 0.76491499 -0.00910257
v -0.11982771 0.75715351 -0.02373471
v -0.13821776 0.76316619 -0.00733707
v -0.14777298 0.76163292 0.00963912
v -0.12877961 0.75800151 -0.02409340
v -0.13833499 0.75630933 -0.02138165
v -0.14825250 0.75309336 -0.01682763
v -0.14802732 0.75958091 -0.00455393
v -0.11982509 0.74383247 -0.03286744
v -0.12875864 0.74422318 -0.03358018
v -0.13826945 0.74331582 -0.03057546
v -0.14812660 0.74162900 -0.02534028
v -0.11123791 0.74266255 -0.02992424
v -0.10172430 0.74235612 -0.03269957
v -0.09210895 0.74155921 -0.03413820
v -0.13821310 0.72675169 -0.03384933
v -0.12874065 0.72676528 -0.03698945
v -0.11982284 0.72677451 -0.03615086
v -0.11123791 0.72678107 -0.03292502
v -0.10172947 0.72508669 -0.03594886
v -0.09218679 0.72347444 -0.03783713
v -0.14801840 0.72673541 -0.02832197
v -0.08221992 0.72228998 -0.03818475
v -0.08393838 0.70276910 -0.03754882
v -0.09269340 0.70458490 -0.03564356
v -0.09324131 0.69003254 -0.02739003
v -0.08586146 0.68757254 -0.03019574
v -0.07851721 0.67892313 -0.03888788
v -0.10179283 0.70740104 -0.03341665
v -0.09269340 0.70458490 -0.03564356
v -0.08680522 0.68232423 -0.01512044
v -0.08314071 0.67447335 -0.01852554
v -0.08687281 0.68282098 0.00364328
v -0.08366496 0.67615920 0.00163212
v -0.09342754 0.68254477 0.00413388
v -0.09343592 0.68363529 -0.01338477
v -0.10188458 0.68458420 0.00468467
v -0.10188564 0.68653601 -0.01185206
v -0.11123794 0.68893838 0.00544456
v -0.10186132 0.69352430 -0.02521406
v -0.11123794 0.69120145 -0.01022916
v -0.11981945 0.68576920 0.00616427
v -0.11123794 0.69821876 -0.02295550
v -0.11123794 0.69821876 -0.02295550
v -0.11982610 0.68854958 -0.01121168
v -0.12871435 0.68505442 0.00727372
v -0.11983213 0.69658124 -0.02538988
v -0.11123792 0.71086884 -0.03062856
v -0.11983213 0.69658124 -0.02538988
v -0.12876737 0.68777204 -0.01066357
v -0.13813116 0.68843198 0.00903272
v -0.12881508 0.69594473 -0.02548387
v -0.11982820 0.71003294 -0.03376169
v -0.12881508 0.69594473 -0.02548387
v -0.12878338 0.70966959 -0.03436738
v -0.13829678 0.69011873 -0.00756438
v -0.14786160 0.69426382 0.01118144
v -0.13834667 0.71009433 -0.03076065
v -0.13844585 0.69697648 -0.02167722
v -0.14846545 0.69900894 -0.01553018
v -0.14827482 0.71099150 -0.02462648
v -0.14817943 0.69433963 -0.00293453
v -0.15037309 0.69242132 0.01107052
v -0.15077059 0.69210517 0.00040412
v -0.15405647 0.69135779 0.01107648
v -0.15425673 0.69087517 0.00282489
v -0.15240785 0.69217855 -0.00750149
v -0.15478553 0.69055653 -0.00297712
v -0.15092674 0.71404922 -0.02623075
v -0.15255143 0.70406121 -0.02328123
v -0.15057446 0.72708166 -0.02811245
v -0.15090464 0.73873466 -0.02683117
v -0.15475619 0.69573474 -0.01648395
v -0.15613419 0.69185269 -0.00987444
v -0.15628777 0.70044994 -0.02241396
v -0.15829279 0.69651419 -0.01566554
v -0.15971656 0.69255871 -0.00921214
v -0.15830779 0.69006693 -0.00320430
v -0.15425673 0.69087517 0.00282489
v -0.16228352 0.69056839 -0.00252188
v -0.15924208 0.69072813 0.00389261
v -0.15405647 0.69135779 0.01107648
v -0.16373034 0.69181174 0.00448784
v -0.15938817 0.69167775 0.01125844
v -0.16406925 0.69327772 0.01144474
v -0.15987684 0.70085669 -0.02165266
v -0.15829279 0.69651419 -0.01566554
v -0.16246760 0.70703846 -0.02524128
v -0.15850513 0.70697397 -0.02594561
v -0.15497403 0.70829517 -0.02579480
v -0.15442392 0.71617794 -0.02690265
v -0.15850513 0.70697397 -0.02594561
v -0.15428029 0.72719795 -0.02755480
v -0.15935794 0.71646726 -0.02657935
v -0.15460220 0.73661888 -0.02736860
v -0.15959966 0.72694588 -0.02633177
v -0.16377929 0.71636820 -0.02513072
v -0.15264170 0.74631035 -0.02420424
v -0.16392651 0.70817429 -0.02296206
v -0.16127478 0.70261198 -0.01960992
v -0.15966542 0.69862920 -0.01382957
v -0.15829279 0.69651419 -0.01566554
v -0.16112086 0.69471622 -0.00771484
v -0.15971656 0.69255871 -0.00921214
v -0.16375980 0.69272250 -0.00147637
v -0.16228352 0.69056839 -0.00252188
v -0.16528831 0.69415134 0.00502770
v -0.16373034 0.69181174 0.00448784
v -0.16567196 0.69575578 0.01146584
v -0.16406925 0.69327772 0.01144474
v -0.16402912 0.69822025 0.01139170
v -0.16366713 0.69671273 0.00548583
v -0.16223790 0.69536209 -0.00048294
v -0.15977941 0.69721276 -0.00621238
v -0.15842456 0.70083845 -0.01184199
v -0.15992142 0.70448363 -0.01717489
v -0.16239029 0.70954132 -0.02022709
v -0.16530573 0.71676880 -0.02247583
v -0.16367915 0.71737236 -0.01966769
v -0.16425213 0.72655255 -0.02424966
v -0.16583186 0.72626853 -0.02135920
v -0.16417454 0.72606891 -0.01856519
v -0.16455998 0.73501259 -0.02525795
v -0.16425213 0.72655255 -0.02424966
v -0.16616036 0.73420846 -0.02252601
v -0.16448207 0.73339659 -0.01970404
v -0.15985402 0.73567057 -0.02687482
v -0.15428029 0.72719795 -0.02755480
v -0.16358520 0.74162138 -0.02551113
v -0.16515703 0.74034894 -0.02309580
v -0.16354720 0.73908007 -0.02033316
v -0.15920997 0.74243736 -0.02648760
v -0.16062824 0.74691278 -0.02212070
v -0.16062824 0.74691278 -0.02212070
v -0.16211939 0.74512637 -0.01991601
v -0.16071759 0.74346745 -0.01743746
v -0.15845227 0.75160700 -0.01652635
v -0.15986103 0.74945116 -0.01454006
v -0.15861084 0.74743491 -0.01248140
v -0.15530017 0.74228275 -0.02649911
v -0.15671295 0.74809319 -0.02319050
v -0.15479450 0.75323582 -0.01758936
v -0.15952016 0.75610322 -0.01072276
v -0.15845227 0.75160700 -0.01652635
v -0.16089217 0.75388777 -0.00911758
v -0.15956290 0.75153929 -0.00749831
v -0.15603390 0.75747395 -0.01144655
v -0.16162944 0.75932229 -0.00459611
v -0.16299379 0.75713462 -0.00347696
v -0.16151215 0.75451905 -0.00231757
v -0.15238172 0.75855786 -0.00912456
v -0.15799008 0.76011026 -0.00516544
v -0.15470850 0.76013172 -0.00479738
v -0.15077256 0.76045644 -0.00129019
v -0.16359605 0.75806332 0.00290029
v -0.16207063 0.75528598 0.00355747
v -0.16223490 0.76037043 0.00227837
v -0.15407939 0.76094747 0.00099544
v -0.15799008 0.76011026 -0.00516544
v -0.15035690 0.76168305 0.00943227
v -0.15841338 0.76113594 0.00183748
v -0.16345504 0.75810015 0.00959891
v -0.16194117 0.75525194 0.00972337
v -0.15055139 0.76146400 0.02001183
v -0.14795442 0.75344348 0.03553090
v -0.15374215 0.76172549 0.00931321
v -0.15822522 0.76160347 0.00934116
v -0.16208358 0.76056558 0.00946087
v -0.16361852 0.75863540 0.01608974
v -0.16209713 0.75577712 0.01566000
v -0.16221493 0.76115686 0.01643124
v -0.15203930 0.76031345 0.02771468
v -0.15424298 0.75540209 0.03685693
v -0.15388119 0.76222974 0.01741108
v -0.15829675 0.76227468 0.01660171
v -0.16297723 0.75836396 0.02232186
v -0.16150548 0.75552040 0.02128043
v -0.16154733 0.76090741 0.02321239
v -0.15570290 0.75977373 0.03027153
v -0.15780340 0.75421256 0.03612837
v -0.15927280 0.75842822 0.02987385
v -0.16069798 0.75583464 0.02834237
v -0.15938972 0.75302976 0.02662745
v -0.15777375 0.76206571 0.02347997
v -0.15780340 0.75421256 0.03612837
v -0.15921429 0.75171661 0.03411219
v -0.15801091 0.74912208 0.03182942
v -0.15442039 0.76203966 0.02308162
v -0.01913346 0.57934141 0.03931043
v -0.03860661 0.58055419 0.03867368
v -0.03826692 0.58055419 0.03655068
v -0.01930330 0.57934135 0.04139139
v 0.00000000 0.57879013 0.04056485
v -0.03894629 0.58055419 0.04079670
v 0.00000000 0.57879007 0.04262673
v -0.01947315 0.57934141 0.04347238
v 0.00000000 0.57879013 0.04468859
v -0.02002241 0.56527716 0.04401497
v 0.00000000 0.56482744 0.04530205
v -0.03822650 0.56625998 0.04011342
v -0.03894629 0.58055419 0.04079670
v -0.02040939 0.55008256 0.04582259
v 0.00000000 0.54967898 0.04709249
v -0.03870964 0.55103117 0.04178810
v -0.05324232 0.56730193 0.03322745
v -0.05308552 0.58149689 0.03311308
v -0.02031597 0.53298938 0.04955117
v 0.00000000 0.53255475 0.05084453
v -0.01991210 0.51475525 0.05441247
v 0.00000000 0.51424468 0.05577354
v -0.03876454 0.51608676 0.04988465
v -0.03887646 0.53407902 0.04531916
v -0.05590193 0.51792037 0.04156155
v -0.05469767 0.53551322 0.03763675
v -0.07228587 0.51985550 0.02896802
v -0.05374693 0.55217981 0.03462498
v -0.06988282 0.53702223 0.02605709
v -0.08777982 0.52128637 0.01200563
v -0.06818856 0.55337852 0.02386235
v -0.08533281 0.53817558 0.01034392
v -0.09623785 0.52086359 -0.00807047
v -0.06762172 0.56837207 0.02309898
v -0.06722474 0.58243954 0.02542945
v -0.08345454 0.55434853 0.00911415
v -0.09405224 0.53785759 -0.00896170
v -0.09234139 0.51756293 -0.02937519
v -0.08251075 0.56932431 0.00866372
v -0.08208181 0.58357221 0.00888299
v -0.09215429 0.55410331 -0.00955941
v -0.08982711 0.53520477 -0.03048859
v -0.08009110 0.51240468 -0.04885733
v -0.09073582 0.56910151 -0.00966794
v -0.08766130 0.55186623 -0.03113181
v -0.07746513 0.53104973 -0.05032263
v -0.06459600 0.50673306 -0.06364464
v -0.06290192 0.52655387 -0.06477225
v -0.04607943 0.50114167 -0.07274668
v -0.07521583 0.54841000 -0.05115741
v -0.08608727 0.56688297 -0.03107484
v -0.04556241 0.52249938 -0.07357889
v -0.02404461 0.49633935 -0.07625720
v -0.08960505 0.58335167 -0.00948297
v -0.06119160 0.54482597 -0.06543422
v -0.02402594 0.51957130 -0.07756740
v -0.00000000 0.49424481 -0.07672465
v -0.04462964 0.54193264 -0.07415366
v -0.07363778 0.56358641 -0.05127505
v -0.05951224 0.56049788 -0.06546446
v -0.04319258 0.55812341 -0.07454316
v -0.02364730 0.54030627 -0.07857092
v 0.00000000 0.51844549 -0.07846342
v -0.08490524 0.58087641 -0.03088142
v -0.07287163 0.57704818 -0.05409938
v -0.05804878 0.57454288 -0.06560664
v -0.04322593 0.57203799 -0.07711390
v -0.02271582 0.55687040 -0.07912421
v -0.02161296 0.57090235 -0.07961462
v -0.00000000 0.53982860 -0.07980285
v 0.02402594 0.51957124 -0.07756741
v 0.02404461 0.49633935 -0.07625720
v -0.00000000 0.55651611 -0.08047672
v 0.02364730 0.54030615 -0.07857092
v 0.04556241 0.52249938 -0.07357891
v 0.04607943 0.50114167 -0.07274668
v 0.02271582 0.55687034 -0.07912420
v 0.04462964 0.54193264 -0.07415366
v 0.06290192 0.52655387 -0.06477225
v 0.06459600 0.50673306 -0.06364464
v 0.04319258 0.55812341 -0.07454316
v 0.06119160 0.54482603 -0.06543423
v 0.07746513 0.53104973 -0.05032263
v 0.08009110 0.51240468 -0.04885733
v 0.07521583 0.54841000 -0.05115741
v 0.05951224 0.56049788 -0.06546446
v 0.04322593 0.57203799 -0.07711390
v 0.02161296 0.57090235 -0.07961462
v 0.05804878 0.57454288 -0.06560664
v 0.07363778 0.56358635 -0.05127504
v 0.07287163 0.57704818 -0.05409938
v 0.08490524 0.58087641 -0.03088142
v 0.08982710 0.53520477 -0.03048859
v 0.09234139 0.51756293 -0.02937519
v 0.08766130 0.55186623 -0.03113181
v 0.08608726 0.56688297 -0.03107484
v 0.09405224 0.53785777 -0.00896169
v 0.09623785 0.52086359 -0.00807047
v 0.09215430 0.55410331 -0.00955941
v 0.09073582 0.56910163 -0.00966794
v 0.08533281 0.53817570 0.01034392
v 0.08777982 0.52128637 0.01200563
v 0.08345454 0.55434853 0.00911415
v 0.06988283 0.53702235 0.02605709
v 0.07228587 0.51985550 0.02896802
v 0.08960505 0.58335167 -0.00948297
v 0.08251074 0.56932431 0.00866372
v 0.06818857 0.55337852 0.02386235
v 0.05469767 0.53551328 0.03763675
v 0.05590193 0.51792037 0.04156155
v 0.08208181 0.58357221 0.00888299
v 0.06762173 0.56837207 0.02309898
v 0.05374693 0.55217981 0.03462498
v 0.03887646 0.53407902 0.04531915
v 0.03876454 0.51608676 0.04988465
v 0.06722474 0.58243954 0.02542945
v 0.05308552 0.58149689 0.03311308
v 0.05324233 0.56730205 0.03322745
v 0.03894629 0.58055419 0.04079670
v 0.03822650 0.56625998 0.04011342
v 0.01947315 0.57934141 0.04347238
v 0.03870964 0.55103117 0.04178810
v 0.02031597 0.53298938 0.04955117
v 0.01991210 0.51475525 0.05441247
v 0.02002241 0.56527710 0.04401496
v 0.02040939 0.55008262 0.04582259
v 0.00000000 0.53255475 0.05084453
v 0.00000000 0.51424468 0.05577354
v 0.00000000 0.54967898 0.04709249
v 0.00000000 0.56482744 0.04530205
v 0.00000000 0.57879013 0.04468859
v 0.00000000 0.57879007 0.04262673
v 0.01930331 0.57934141 0.04139140
v 0.00000000 0.57879013 0.04056485
v 0.03894629 0.58055419 0.04079670
v 0.01913346 0.57934141 0.03931043
v 0.03860661 0.58055419 0.03867368
v 0.03826692 0.58055419 0.03655068
v -0.04317752 0.57203799 -0.07528091
v -0.04322593 0.57203799 -0.07711390
v -0.02158876 0.57090223 -0.07797538
v -0.04312911 0.57203799 -0.07344792
v -0.02156456 0.57090235 -0.07633616
v -0.00000000 0.57038617 -0.08075132
v -0.00000000 0.57038623 -0.07920016
v -0.00000000 0.57038617 -0.07764900
v 0.02156456 0.57090235 -0.07633616
v 0.02158876 0.57090223 -0.07797538
v 0.04312911 0.57203799 -0.07344792
v 0.04317752 0.57203799 -0.07528091
v 0.04322593 0.57203799 -0.07711390
v -0.08190566 0.58087695 -0.03040078
v -0.07121518 0.57704818 -0.05335119
v -0.06955875 0.57704818 -0.05260300
v -0.08340545 0.58087671 -0.03064110
v -0.07287163 0.57704818 -0.05409938
v -0.08682267 0.58335614 -0.01002206
v -0.08821385 0.58335394 -0.00975251
v -0.07935660 0.58358580 0.00731752
v -0.08071920 0.58357894 0.00810025
v -0.06446066 0.58246565 0.02283360
v -0.06584271 0.58245271 0.02413153
v -0.06722474 0.58243954 0.02542945
v -0.15422502 0.69852412 0.03844863
v -0.15930875 0.69391549 0.03178180
v -0.15768407 0.69893759 0.03842641
v -0.15574637 0.69342810 0.03180883
v -0.16210300 0.69142383 0.02471627
v -0.15809512 0.69097781 0.02498554
v -0.15209794 0.69366837 0.02894747
v -0.15456067 0.69153059 0.02453502
v -0.14813945 0.70096797 0.03596747
v -0.15059452 0.69301820 0.02139888
v -0.14796709 0.69577241 0.02481767
v -0.15412599 0.69141555 0.01901668
v -0.15809512 0.69097781 0.02498554
v -0.15915270 0.69115329 0.01827452
v -0.16210300 0.69142383 0.02471627
v -0.15037309 0.69242132 0.01107052
v -0.14786160 0.69426382 0.01118144
v -0.15405647 0.69135779 0.01107648
v -0.13813116 0.68843198 0.00903272
v -0.15938817 0.69167775 0.01125844
v -0.13818598 0.69049066 0.02526496
v -0.12871435 0.68505442 0.00727372
v -0.16367574 0.69224411 0.01804533
v -0.16406925 0.69327772 0.01144474
v -0.13827576 0.69733423 0.03864730
v -0.14798759 0.71208429 0.04293287
v -0.12873183 0.68735242 0.02501142
v -0.11981945 0.68576920 0.00616427
v -0.16525076 0.69457155 0.01756809
v -0.16567196 0.69575578 0.01146584
v -0.16360399 0.69351304 0.02378382
v -0.16363461 0.69710135 0.01698855
v -0.16402912 0.69822025 0.01139170
v -0.16209657 0.69608736 0.02269644
v -0.15941934 0.69827652 0.02883524
v -0.16073066 0.69588810 0.03045518
v -0.15930875 0.69391549 0.03178180
v -0.15786694 0.70272213 0.03465781
v -0.15906394 0.70070732 0.03677575
v -0.15768407 0.69893759 0.03842641
v -0.15933031 0.70779431 0.03913260
v -0.16063717 0.70625693 0.04163972
v -0.16195111 0.71316826 0.04115743
v -0.15923320 0.70499283 0.04354810
v -0.16345200 0.71221781 0.04389204
v -0.16348298 0.71891481 0.04033054
v -0.16509359 0.71865869 0.04311278
v -0.16387767 0.72537434 0.03912251
v -0.16198401 0.71158618 0.04603830
v -0.16551550 0.72579265 0.04187161
v -0.16347560 0.73262990 0.03963764
v -0.16356133 0.71857589 0.04549523
v -0.16395979 0.72620922 0.04435025
v -0.16508819 0.73359698 0.04236973
v -0.16197750 0.73947579 0.03964254
v -0.16357408 0.73454136 0.04470487
v -0.15940085 0.72646409 0.04561067
v -0.16348284 0.74097270 0.04234505
v -0.15944366 0.74479318 0.03669179
v -0.16075754 0.74689287 0.03928164
v -0.15801091 0.74912208 0.03182942
v -0.15921429 0.75171661 0.03411219
v -0.16203189 0.74248719 0.04450822
v -0.15934217 0.74898344 0.04142420
v -0.15780340 0.75421256 0.03612837
v -0.15920225 0.73519635 0.04559762
v -0.15814160 0.74336135 0.04502041
v -0.15427706 0.73612064 0.04538472
v -0.15467404 0.74286401 0.04467660
v -0.15415935 0.72659987 0.04589395
v -0.15067692 0.73847371 0.04446384
v -0.15043205 0.72669518 0.04568530
v -0.15214247 0.74724299 0.04254556
v -0.15814160 0.74336135 0.04502041
v -0.15578711 0.74994951 0.04212844
v -0.16203189 0.74248719 0.04450822
v -0.15424298 0.75540209 0.03685693
v -0.15780340 0.75421256 0.03612837
v -0.14795442 0.75344348 0.03553090
v -0.14785826 0.74161601 0.04281092
v -0.14779022 0.72677559 0.04525723
v -0.15068725 0.71571100 0.04494046
v -0.13809425 0.72574478 0.04959705
v -0.13819693 0.70983481 0.04707456
v -0.14813945 0.70096797 0.03596747
v -0.15214270 0.70794284 0.04353473
v -0.15422399 0.71815300 0.04608326
v -0.15461180 0.71245676 0.04578685
v -0.15572539 0.70502353 0.04375537
v -0.15768407 0.69893759 0.03842641
v -0.15806879 0.71179682 0.04640529
v -0.15422399 0.71815300 0.04608326
v -0.15915360 0.71872133 0.04639599
v -0.16356133 0.71857589 0.04549523
v -0.16395979 0.72620922 0.04435025
v -0.08095946 0.62884867 0.00853778
v -0.08792821 0.62942016 -0.00737772
v -0.08466098 0.65520060 -0.00292219
v -0.08016939 0.65574712 0.01404249
v -0.08366496 0.67615920 0.00163212
v -0.08189176 0.67837220 0.02022686
v -0.06613535 0.62729865 0.02029951
v -0.06848596 0.65564555 0.02724869
v -0.07462940 0.68575346 0.03732617
v -0.04695736 0.62586474 0.02984012
v -0.06622157 0.60867888 0.01981240
v -0.04898223 0.65452272 0.03669534
v -0.04747883 0.60781413 0.02953260
v -0.02796354 0.62468410 0.03625103
v -0.05174724 0.68442422 0.04486950
v -0.02849345 0.65336031 0.04241937
v -0.01273643 0.62373728 0.03861573
v -0.01266130 0.65254277 0.04419845
v 0.00000000 0.62333429 0.03882722
v -0.02959271 0.60686624 0.03627241
v -0.01273643 0.62373728 0.03861573
v -0.02968396 0.68352401 0.04943072
v -0.01405961 0.60553896 0.03941561
v -0.04918388 0.59729147 0.03171518
v -0.06690823 0.59753627 0.02184673
v -0.03223313 0.59656090 0.03847412
v -0.05224873 0.70566636 0.04815140
v -0.07339147 0.70584762 0.04518155
v -0.07226828 0.72394556 0.04484677
v -0.02988699 0.70540082 0.05142538
v -0.05059585 0.72038734 0.04737414
v -0.01304639 0.68284196 0.05079578
v 0.00000000 0.65223050 0.04417050
v -0.08572582 0.70523077 0.04562514
v -0.08552025 0.72315025 0.04719213
v -0.08605357 0.69118726 0.03752818
v -0.08189176 0.67837220 0.02022686
v -0.08665212 0.68473619 0.02235260
v -0.08366496 0.67615920 0.00163212
v -0.08687281 0.68282098 0.00364328
v -0.09344420 0.68374538 0.02228088
v -0.09342754 0.68254477 0.00413388
v -0.09347977 0.69021672 0.03751462
v -0.09347342 0.70483196 0.04674808
v -0.10188668 0.68569082 0.02188208
v -0.10188458 0.68458420 0.00468467
v -0.10189114 0.69230384 0.03658243
v -0.11123797 0.69694084 0.03505447
v -0.11123796 0.69036776 0.02146741
v -0.11123794 0.68893838 0.00544456
v -0.11982513 0.69532043 0.03819082
v -0.11982156 0.68778825 0.02358984
v -0.12876050 0.69513261 0.03974091
v -0.12873550 0.70849675 0.04906290
v -0.11982513 0.69532043 0.03819082
v -0.11982217 0.70868057 0.04746229
v -0.11123797 0.69694084 0.03505447
v -0.12870269 0.72518927 0.05170760
v -0.11123797 0.70977610 0.04370832
v -0.10189114 0.69230384 0.03658243
v -0.11981814 0.72542799 0.05010265
v -0.11123795 0.72614211 0.04626842
v -0.10189034 0.70658255 0.04590742
v -0.10187866 0.72510576 0.04874057
v -0.09337994 0.72404474 0.04936920
v -0.13812974 0.74195987 0.04588664
v -0.14795442 0.75344348 0.03553090
v -0.13817978 0.75507182 0.03694563
v -0.12871391 0.74221385 0.04722479
v -0.11981814 0.72542799 0.05010265
v -0.12872986 0.75597179 0.03731276
v -0.11981954 0.74231994 0.04566697
v -0.11123795 0.72614211 0.04626842
v -0.11982153 0.75565952 0.03593386
v -0.11123793 0.74233627 0.04237157
v -0.11123793 0.75461894 0.03350737
v -0.10185806 0.74316430 0.04481199
v -0.10185920 0.75647783 0.03547670
v -0.09337994 0.72404474 0.04936920
v -0.09317894 0.74284124 0.04557462
v -0.09293392 0.75675792 0.03632110
v -0.08528513 0.74095047 0.04370641
v -0.08453772 0.75467634 0.03538840
v -0.07602759 0.74023336 0.04110786
v -0.07523524 0.75263286 0.03391745
v -0.06385683 0.75302351 0.03325958
v -0.06436750 0.74346495 0.03973818
v -0.05180621 0.75504059 0.03332502
v -0.06003497 0.73462600 0.04298452
v -0.05234438 0.74767274 0.03961692
v -0.04088076 0.75037140 0.04044797
v -0.04065562 0.75755095 0.03393389
v -0.02869507 0.75158709 0.04186926
v -0.02935680 0.76180851 0.03646277
v -0.01482200 0.75078940 0.04331056
v -0.01497785 0.76032811 0.04236757
v -0.04252320 0.74133974 0.04340190
v -0.02899889 0.74195796 0.04484002
v -0.01461256 0.74188119 0.04564212
v -0.05206674 0.74105185 0.04211468
v 0.00000000 0.74164391 0.04585687
v -0.04637054 0.73172843 0.04550762
v -0.04252320 0.74133974 0.04340190
v -0.02923987 0.73191643 0.04744177
v -0.02899889 0.74195796 0.04484002
v -0.02950247 0.72031939 0.04984801
v -0.01387175 0.73219591 0.04818128
v -0.01461256 0.74188119 0.04564212
v -0.01305860 0.70513260 0.05246387
v -0.01316188 0.72048569 0.05066612
v 0.00000000 0.73223627 0.04824373
v 0.00000000 0.72051871 0.05062858
v 0.00000000 0.70499486 0.05237873
v 0.00000000 0.68255031 0.05070834
v 0.01305860 0.70513260 0.05246387
v 0.01304639 0.68284190 0.05079579
v 0.01316189 0.72048569 0.05066611
v 0.00000000 0.72051871 0.05062858
v 0.01387175 0.73219591 0.04818127
v 0.01461256 0.74188119 0.04564212
v 0.01266130 0.65254271 0.04419843
v 0.02988700 0.70540076 0.05142539
v 0.02950247 0.72031927 0.04984799
v 0.02923987 0.73191637 0.04744177
v 0.02899890 0.74195784 0.04484002
v 0.02869507 0.75158703 0.04186926
v 0.01482201 0.75078940 0.04331057
v 0.02968396 0.68352407 0.04943071
v 0.00000000 0.74998951 0.04383713
v 0.05059585 0.72038722 0.04737414
v 0.04637055 0.73172843 0.04550762
v 0.04252322 0.74133974 0.04340189
v 0.02899890 0.74195784 0.04484002
v 0.05206675 0.74105173 0.04211467
v 0.06003499 0.73462582 0.04298452
v 0.07226826 0.72394544 0.04484678
v 0.05224873 0.70566636 0.04815139
v 0.05234438 0.74767268 0.03961693
v 0.04252322 0.74133974 0.04340189
v 0.06436750 0.74346489 0.03973818
v 0.04088078 0.75037134 0.04044797
v 0.02899890 0.74195784 0.04484002
v 0.05180623 0.75504059 0.03332501
v 0.04065562 0.75755084 0.03393389
v 0.02935681 0.76180845 0.03646277
v 0.01497786 0.76032811 0.04236759
v 0.06385683 0.75302345 0.03325957
v 0.07602759 0.74023330 0.04110786
v 0.07523526 0.75263292 0.03391745
v 0.00000000 0.75913918 0.04365239
v 0.00000001 0.77001601 0.04600193
v 0.00000001 0.77001601 0.04600193
v 0.01534572 0.77093613 0.04403901
v 0.02935681 0.76180845 0.03646277
v 0.02725825 0.77188671 0.03651990
v 0.00000000 0.77915102 0.04741230
v -0.01534572 0.77093601 0.04403901
v -0.02935680 0.76180851 0.03646277
v -0.02725825 0.77188677 0.03651990
v 0.01554235 0.77955556 0.04524298
v 0.02723109 0.77938825 0.03723372
v -0.01554234 0.77955556 0.04524298
v -0.02723109 0.77938825 0.03723373
v 0.01467155 0.78290915 0.04310806
v 0.02565350 0.78225875 0.03593493
v 0.00000000 0.78278458 0.04483403
v -0.01467155 0.78290910 0.04310806
v -0.02565350 0.78225875 0.03593493
v 0.01345324 0.78052396 0.03988300
v 0.02355097 0.78003103 0.03379184
v 0.00000000 0.78039372 0.04108675
v -0.01345323 0.78052402 0.03988300
v -0.02355097 0.78003103 0.03379184
v -0.09037042 0.58905971 -0.00952280
v -0.08682267 0.58335614 -0.01002206
v -0.08190566 0.58087695 -0.03040078
v -0.08414173 0.58642578 -0.03110541
v -0.09216642 0.59712815 -0.00926771
v -0.06955875 0.57704818 -0.05260300
v -0.08573224 0.59470457 -0.03160596
v -0.09101290 0.60987633 -0.00911485
v -0.07078312 0.58352709 -0.05134686
v -0.05634393 0.57454288 -0.06302546
v -0.08614544 0.60820186 -0.03104773
v -0.08792821 0.62942016 -0.00737772
v -0.07477687 0.60592139 -0.05212519
v -0.07675739 0.62581486 -0.04944922
v -0.07242543 0.59223455 -0.05248387
v -0.05814327 0.58203351 -0.06479193
v -0.04312911 0.57203799 -0.07344792
v -0.06057565 0.59128755 -0.06627342
v -0.04376667 0.58086699 -0.07320125
v -0.02156456 0.57090235 -0.07633616
v -0.02355192 0.57908809 -0.07809862
v -0.02547625 0.58854699 -0.07985859
v -0.00000000 0.57038617 -0.07764900
v 0.00000000 0.57804710 -0.07983445
v 0.02355193 0.57908815 -0.07809862
v 0.02156456 0.57090235 -0.07633616
v 0.02547625 0.58854699 -0.07985859
v 0.04376667 0.58086693 -0.07320125
v 0.04312911 0.57203799 -0.07344792
v 0.06057565 0.59128755 -0.06627343
v 0.05814328 0.58203351 -0.06479193
v 0.05634393 0.57454288 -0.06302546
v 0.07242543 0.59223455 -0.05248388
v 0.07078312 0.58352715 -0.05134686
v 0.06955875 0.57704818 -0.05260300
v 0.08414172 0.58642578 -0.03110541
v 0.08190566 0.58087695 -0.03040078
v 0.08573224 0.59470451 -0.03160596
v 0.09037042 0.58905971 -0.00952280
v 0.08682267 0.58335614 -0.01002206
v 0.09216643 0.59712815 -0.00926771
v 0.09101289 0.60987633 -0.00911485
v 0.08614543 0.60820180 -0.03104773
v 0.08792821 0.62942016 -0.00737772
v 0.07477687 0.60592139 -0.05212519
v 0.07675739 0.62581486 -0.04944922
v -0.04317752 0.57203799 -0.07528091
v -0.04395623 0.59340805 -0.08058987
v -0.04322593 0.57203799 -0.07711390
v -0.04393100 0.59340799 -0.07882723
v -0.04312911 0.57203799 -0.07344792
v -0.04429887 0.61778909 -0.08287600
v -0.04390580 0.59340805 -0.07706464
v -0.05634393 0.57454288 -0.06302546
v -0.04429079 0.61778897 -0.08114044
v -0.04401430 0.64647239 -0.08287662
v -0.05747293 0.59471279 -0.06726883
v -0.06955875 0.57704818 -0.05260300
v -0.04428273 0.61778915 -0.07940488
v -0.04401329 0.64647239 -0.08109339
v -0.04345512 0.67387074 -0.07987198
v -0.07104007 0.59601766 -0.05747304
v -0.07121518 0.57704818 -0.05335119
v -0.05796824 0.61820662 -0.07050654
v -0.04401228 0.64647233 -0.07931016
v -0.04428273 0.61778915 -0.07940488
v -0.04345510 0.67387056 -0.07798267
v -0.04297028 0.69458163 -0.07355503
v -0.07223456 0.59601760 -0.05825524
v -0.07287163 0.57704818 -0.05409938
v -0.07342909 0.59601772 -0.05903746
v -0.07165374 0.61862409 -0.06160818
v -0.07249697 0.61862403 -0.06247532
v -0.07334022 0.61862409 -0.06334248
v -0.05736758 0.64652437 -0.07176379
v -0.04345509 0.67387074 -0.07609341
v -0.04345509 0.67387074 -0.07609341
v -0.04296888 0.69455838 -0.07156785
v -0.04230297 0.71081865 -0.06489284
v -0.04296751 0.69453502 -0.06958067
v -0.04229191 0.71063167 -0.06303556
v -0.04123394 0.72566587 -0.05511389
v -0.07141284 0.64657664 -0.06523926
v -0.07210279 0.64657670 -0.06626105
v -0.05589427 0.67387062 -0.07018957
v -0.04120215 0.72511369 -0.05375148
v -0.04030049 0.73807657 -0.04521808
v -0.04228086 0.71044481 -0.06117829
v -0.04117036 0.72456139 -0.05238908
v -0.04025626 0.73721039 -0.04436956
v -0.04002110 0.74657452 -0.03600725
v -0.03998933 0.74567515 -0.03535471
v -0.04008211 0.75209606 -0.02771937
v -0.04021204 0.73634410 -0.04352107
v -0.03995754 0.74477595 -0.03470218
v -0.04007105 0.75126588 -0.02712683
v -0.04006382 0.75597054 -0.02022631
v -0.04006243 0.75509644 -0.01979504
v -0.03995486 0.75868618 -0.01249923
v -0.04005999 0.75043589 -0.02653430
v -0.03995486 0.75770140 -0.01226998
v -0.03983858 0.76051503 -0.00367053
v -0.04006106 0.75422239 -0.01936377
v -0.03983857 0.75944865 -0.00357904
v -0.03976907 0.76169783 0.00558168
v -0.03995486 0.75671679 -0.01204073
v -0.03976907 0.76061338 0.00558497
v -0.03975248 0.76240808 0.01430250
v -0.03983857 0.75838280 -0.00348755
v -0.03975249 0.76137573 0.01423064
v -0.03963241 0.76257229 0.02197564
v -0.03976908 0.75952888 0.00558825
v -0.03963241 0.76162899 0.02183773
v -0.03915895 0.76191843 0.02854773
v -0.03975248 0.76034331 0.01415878
v -0.03915895 0.76105905 0.02831867
v -0.03787058 0.75962430 0.03537848
v -0.03963241 0.76068580 0.02169983
v -0.03787058 0.75880867 0.03484538
v -0.03521550 0.75476038 0.04340816
v -0.03915895 0.76019979 0.02808961
v -0.03521549 0.75394768 0.04225263
v -0.03049208 0.74651927 0.05048631
v -0.03787057 0.75799292 0.03431227
v -0.03049208 0.74580002 0.04876705
v -0.02337845 0.73462236 0.05443723
v -0.03521550 0.75313497 0.04109711
v -0.02337844 0.73418313 0.05257351
v -0.01522131 0.72077888 0.05607515
v -0.03049208 0.74508071 0.04704780
v -0.01522131 0.72063440 0.05429821
v -0.00743055 0.70680612 0.05676416
v -0.02337845 0.73374403 0.05070980
v -0.00743055 0.70679015 0.05504204
v 0.00000000 0.69296384 0.05707753
v 0.00000000 0.69296384 0.05536326
v -0.01522131 0.72048998 0.05252128
v -0.00743055 0.70677418 0.05331993
v 0.00000000 0.69296384 0.05364898
v -0.04115284 0.75219482 0.04108279
v -0.03739423 0.74447232 0.04699010
v -0.03144958 0.73326689 0.05054350
v -0.02432610 0.72007275 0.05224460
v -0.01715652 0.70652544 0.05299483
v -0.04320663 0.75680447 0.03429792
v -0.01008720 0.69296384 0.05331697
v 0.00000000 0.68607110 0.05242575
v -0.04430820 0.75912887 0.02806780
v -0.00804456 0.68607116 0.05209374
v 0.00000000 0.67917848 0.05120252
v -0.04480754 0.75995910 0.02167081
v -0.00600191 0.67917842 0.05087050
v 0.00000000 0.66926873 0.04918498
v -0.04495433 0.75996977 0.01412386
v -0.00775375 0.67077959 0.04885297
v 0.00000000 0.65935892 0.04716744
v -0.04500014 0.75941032 0.00555199
v -0.04515130 0.75836873 -0.00351815
v -0.04543150 0.75671834 -0.01206155
v -0.04581945 0.75422722 -0.01937164
v -0.04629668 0.75046754 -0.02651407
v -0.04690700 0.74486589 -0.03458356
v -0.04794079 0.73646927 -0.04301907
v -0.04021204 0.73634410 -0.04352107
v -0.04963170 0.72465134 -0.05102671
v -0.05173982 0.71047610 -0.05853748
v -0.04228086 0.71044481 -0.06117829
v -0.05392182 0.69453871 -0.06537262
v -0.05253334 0.75049925 -0.02649383
v -0.05385644 0.74495631 -0.03446497
v -0.05566954 0.73659474 -0.04251707
v -0.05809305 0.72474170 -0.04966434
v -0.06119879 0.71050757 -0.05589666
v -0.06487615 0.69454283 -0.06116455
v -0.06833344 0.67387062 -0.06428573
v -0.05157786 0.75423217 -0.01937951
v -0.07072291 0.64657664 -0.06421748
v -0.06906181 0.67387062 -0.06542203
v -0.06979019 0.67387074 -0.06655830
v -0.06575970 0.69456577 -0.06227412
v -0.06664324 0.69458866 -0.06338368
v -0.06209775 0.71069092 -0.05690071
v -0.06299672 0.71087426 -0.05790477
v -0.05867779 0.72528362 -0.05056952
v -0.05926254 0.72582555 -0.05147471
v -0.05586843 0.73744673 -0.04334384
v -0.05606733 0.73829865 -0.04417062
v -0.05388130 0.74584538 -0.03521998
v -0.05390617 0.74673444 -0.03597499
v -0.05253335 0.75132585 -0.02713065
v -0.05253334 0.75215238 -0.02776748
v -0.05157786 0.75510585 -0.01981631
v -0.05157785 0.75597948 -0.02025312
v -0.05090815 0.75671977 -0.01208238
v -0.05090815 0.75770456 -0.01231162
v -0.05090815 0.75868934 -0.01254088
v -0.05046402 0.75835496 -0.00354876
v -0.05046402 0.75942487 -0.00363874
v -0.05046402 0.76049483 -0.00372873
v -0.05023120 0.75929159 0.00551573
v -0.05023119 0.76040637 0.00552449
v -0.05023119 0.76152110 0.00553325
v -0.05015619 0.75959611 0.01408895
v -0.05015619 0.76072347 0.01419790
v -0.05015620 0.76185089 0.01430684
v -0.04998268 0.75923222 0.02164179
v -0.04998267 0.76036012 0.02184759
v -0.04998268 0.76148814 0.02205338
v -0.04945749 0.75805831 0.02804599
v -0.04945748 0.75918698 0.02836638
v -0.04945748 0.76031548 0.02868678
v -0.04854267 0.75561619 0.03428356
v -0.04854267 0.75671238 0.03490760
v -0.04854267 0.75780869 0.03553165
v -0.04709020 0.75125468 0.04106847
v -0.04429638 0.74386400 0.04693242
v -0.04709020 0.75125468 0.04106847
v -0.04709020 0.75224280 0.04230474
v -0.04709020 0.75323117 0.04354100
v -0.04429637 0.74463260 0.04885152
v -0.04429638 0.74540126 0.05077063
v -0.03952071 0.73278999 0.05037721
v -0.03952072 0.73322904 0.05277829
v -0.03952071 0.73366803 0.05517937
v -0.03343088 0.71965569 0.05196794
v -0.03343088 0.71980029 0.05460177
v -0.03343088 0.71994507 0.05723559
v -0.02688250 0.70627677 0.05266975
v -0.02688250 0.70629507 0.05531347
v -0.02688250 0.70631331 0.05795718
v -0.02017440 0.69296384 0.05298496
v -0.02017440 0.69296384 0.05551768
v -0.02017440 0.69296384 0.05805041
v -0.01608911 0.68607110 0.05176172
v -0.01608911 0.68607122 0.05429445
v -0.01608911 0.68607116 0.05682717
v -0.01200382 0.67917842 0.05053850
v -0.01200382 0.67917842 0.05053850
v -0.01550749 0.67229027 0.04852095
v -0.01200382 0.67917842 0.05307122
v -0.01200382 0.67917842 0.05560395
v -0.01550749 0.67229027 0.05105368
v -0.01550749 0.67229027 0.05358640
v -0.00950558 0.66238064 0.04683543
v -0.01901117 0.66540205 0.04903614
v -0.01901117 0.66540211 0.05156887
v -0.01901117 0.66540205 0.04650342
v -0.02680692 0.65157717 0.04472101
v -0.02690458 0.65157509 0.04706752
v -0.02670928 0.65157938 0.04237453
v -0.01654483 0.64890260 0.04320545
v -0.00638039 0.64622593 0.04403638
v -0.03453776 0.63775223 0.04092178
v -0.03480544 0.63774794 0.04307137
v -0.03427007 0.63775671 0.03877219
v -0.02351473 0.63542473 0.04022759
v -0.04218183 0.62392730 0.03784167
v -0.04273413 0.62392074 0.03977746
v -0.04162953 0.62393385 0.03590589
v -0.04988985 0.61010236 0.03443343
v -0.05076297 0.61009383 0.03615008
v -0.00631539 0.64622486 0.04587483
v 0.00000000 0.65935892 0.04888172
v -0.01275938 0.63309300 0.04168298
v -0.03038284 0.62194687 0.03822938
v -0.04901674 0.61011118 0.03271679
v -0.05780184 0.59627759 0.02970449
v -0.05894751 0.59626675 0.03120910
v -0.00625038 0.64622372 0.04771328
v 0.00000000 0.65935892 0.05059600
v -0.01263203 0.63308835 0.04560954
v -0.01269571 0.63309056 0.04364626
v -0.01922154 0.61995316 0.04471687
v -0.01917884 0.61995631 0.04263487
v -0.02587667 0.60681891 0.04407969
v -0.06584271 0.58245271 0.02413153
v -0.06722474 0.58243954 0.02542945
v -0.06446066 0.58246565 0.02283360
v -0.05665616 0.59628850 0.02819987
v -0.05136379 0.58150995 0.02969214
v -0.04427269 0.59498954 0.03328770
v -0.03826692 0.58055419 0.03655068
v -0.01913615 0.61995995 0.04055287
v -0.03726448 0.60846841 0.03624015
v -0.03188922 0.59369045 0.03837555
v -0.03860661 0.58055419 0.03867368
v -0.02551222 0.60682589 0.03976350
v -0.02569445 0.60682237 0.04192159
v -0.03244430 0.59368610 0.04269992
v -0.03216676 0.59368831 0.04053774
v -0.03894629 0.58055419 0.04079670
v 0.00000000 0.60480875 0.04011020
v 0.00000000 0.59393752 0.04342136
v -0.01594025 0.59493077 0.04225489
v 0.01405961 0.60553890 0.03941561
v 0.01273643 0.62373728 0.03861573
v 0.01594025 0.59493077 0.04225489
v 0.00000000 0.59393752 0.04342136
v 0.02959271 0.60686618 0.03627242
v 0.02796354 0.62468415 0.03625102
v 0.03223313 0.59656090 0.03847412
v -0.03461115 0.58825940 0.03802000
v -0.01757870 0.58674568 0.04191210
v 0.00000000 0.59393752 0.04342136
v -0.05045091 0.58905667 0.03150002
v -0.06648239 0.58944857 0.02201829
v -0.05136379 0.58150995 0.02969214
v -0.03826692 0.58055419 0.03655068
v -0.06446066 0.58246565 0.02283360
v -0.01913346 0.57934141 0.03931043
v -0.07935660 0.58358580 0.00731752
v 0.00000000 0.58585835 0.04326247
v 0.00000000 0.57879013 0.04056485
v 0.01913346 0.57934141 0.03931043
v -0.08242256 0.58980393 0.00836459
v -0.08682267 0.58335614 -0.01002206
v -0.09037042 0.58905971 -0.00952280
v 0.01757870 0.58674580 0.04191210
v 0.03826692 0.58055419 0.03655068
v -0.08387645 0.59781587 0.00857606
v -0.09216642 0.59712815 -0.00926771
v 0.03461115 0.58825940 0.03802000
v 0.05136379 0.58150995 0.02969214
v -0.08286779 0.60973215 0.00757225
v -0.06613535 0.62729865 0.02029951
v -0.09101290 0.60987633 -0.00911485
v -0.08095946 0.62884867 0.00853778
v -0.08792821 0.62942016 -0.00737772
v 0.05045090 0.58905667 0.03150002
v 0.06446066 0.58246565 0.02283360
v 0.04918388 0.59729147 0.03171517
v 0.06648239 0.58944857 0.02201829
v 0.07935660 0.58358580 0.00731752
v 0.04747883 0.60781413 0.02953260
v 0.08242256 0.58980393 0.00836459
v 0.08682267 0.58335614 -0.01002206
v 0.09037042 0.58905971 -0.00952280
v 0.06690824 0.59753627 0.02184673
v 0.08387645 0.59781587 0.00857606
v 0.09216643 0.59712815 -0.00926771
v 0.06622157 0.60867888 0.01981240
v 0.08286776 0.60973215 0.00757225
v 0.09101289 0.60987633 -0.00911485
v 0.06613535 0.62729865 0.02029951
v 0.08095946 0.62884867 0.00853778
v 0.08792821 0.62942016 -0.00737772
v 0.04695736 0.62586474 0.02984012
v 0.06613535 0.62729865 0.02029951
v 0.04898224 0.65452266 0.03669534
v 0.06848597 0.65564549 0.02724869
v 0.02849345 0.65336031 0.04241937
v 0.01273643 0.62373728 0.03861573
v 0.05174724 0.68442422 0.04486951
v 0.07462940 0.68575323 0.03732618
v 0.07339148 0.70584750 0.04518155
v 0.08016942 0.65574712 0.01404250
v 0.08095946 0.62884867 0.00853778
v 0.08189178 0.67837214 0.02022685
v 0.08366497 0.67615902 0.00163212
v 0.08466100 0.65520054 -0.00292219
v 0.08792821 0.62942016 -0.00737772
v 0.08552025 0.72315013 0.04719214
v 0.08572584 0.70523065 0.04562514
v 0.08528514 0.74095035 0.04370642
v 0.08453771 0.75467628 0.03538840
v 0.07523526 0.75263292 0.03391745
v 0.09293393 0.75675780 0.03632110
v 0.09317896 0.74284106 0.04557463
v 0.10185923 0.75647771 0.03547670
v 0.09337994 0.72404462 0.04936920
v 0.10185806 0.74316400 0.04481199
v 0.11123794 0.75461882 0.03350738
v 0.08605359 0.69118732 0.03752818
v 0.08189178 0.67837214 0.02022685
v 0.09347343 0.70483166 0.04674809
v 0.10187867 0.72510558 0.04874056
v 0.09337994 0.72404462 0.04936920
v 0.11123795 0.74233609 0.04237158
v 0.11982153 0.75565922 0.03593387
v 0.08665213 0.68473601 0.02235260
v 0.08366497 0.67615902 0.00163212
v 0.08687282 0.68282098 0.00364328
v 0.09347978 0.69021666 0.03751462
v 0.09344421 0.68374527 0.02228088
v 0.09342754 0.68254471 0.00413388
v 0.10189036 0.70658237 0.04590742
v 0.11123797 0.72614199 0.04626843
v 0.11123797 0.72614199 0.04626843
v 0.11981956 0.74231976 0.04566697
v 0.12872985 0.75597149 0.03731277
v 0.11981817 0.72542781 0.05010265
v 0.12871392 0.74221373 0.04722480
v 0.13817982 0.75507164 0.03694564
v 0.12870269 0.72518897 0.05170761
v 0.13812973 0.74195957 0.04588665
v 0.14795443 0.75344324 0.03553091
v 0.14785828 0.74161577 0.04281093
v 0.11123797 0.70977581 0.04370833
v 0.11981817 0.72542781 0.05010265
v 0.10189113 0.69230372 0.03658244
v 0.11123799 0.69694066 0.03505448
v 0.11982219 0.70868021 0.04746230
v 0.11982515 0.69532025 0.03819081
v 0.12873548 0.70849657 0.04906290
v 0.12876053 0.69513237 0.03974092
v 0.13809425 0.72574455 0.04959706
v 0.13819697 0.70983452 0.04707457
v 0.14779024 0.72677541 0.04525724
v 0.13827582 0.69733375 0.03864732
v 0.14798760 0.71208405 0.04293288
v 0.15067692 0.73847353 0.04446385
v 0.15043208 0.72669488 0.04568530
v 0.15214245 0.74724275 0.04254556
v 0.14795443 0.75344324 0.03553091
v 0.15578708 0.74994916 0.04212845
v 0.15424298 0.75540191 0.03685694
v 0.15934214 0.74898314 0.04142421
v 0.15780340 0.75421226 0.03612839
v 0.16203189 0.74248695 0.04450823
v 0.15814158 0.74336112 0.04502041
v 0.15467405 0.74286389 0.04467660
v 0.15427706 0.73612034 0.04538473
v 0.15814158 0.74336112 0.04502041
v 0.15920228 0.73519617 0.04559764
v 0.16203189 0.74248695 0.04450823
v 0.15415935 0.72659957 0.04589396
v 0.15068729 0.71571088 0.04494046
v 0.15940088 0.72646385 0.04561068
v 0.15422401 0.71815276 0.04608327
v 0.14813949 0.70096773 0.03596749
v 0.15214275 0.70794255 0.04353474
v 0.15461184 0.71245646 0.04578686
v 0.15422507 0.69852400 0.03844865
v 0.15572542 0.70502323 0.04375538
v 0.16357408 0.73454112 0.04470487
v 0.15806888 0.71179658 0.04640530
v 0.15422401 0.71815276 0.04608327
v 0.15768412 0.69893736 0.03842643
v 0.15923324 0.70499247 0.04354810
v 0.15915366 0.71872103 0.04639600
v 0.15415935 0.72659957 0.04589396
v 0.16198407 0.71158600 0.04603831
v 0.16356137 0.71857572 0.04549524
v 0.16395980 0.72620887 0.04435027
v 0.16395980 0.72620887 0.04435027
v 0.16345204 0.71221757 0.04389205
v 0.16063726 0.70625663 0.04163973
v 0.15768412 0.69893736 0.03842643
v 0.16509360 0.71865845 0.04311280
v 0.16356137 0.71857572 0.04549524
v 0.16551556 0.72579235 0.04187162
v 0.16508821 0.73359686 0.04236975
v 0.15906401 0.70070708 0.03677576
v 0.15930884 0.69391519 0.03178181
v 0.16348283 0.74097252 0.04234505
v 0.16073069 0.69588780 0.03045519
v 0.16210307 0.69142365 0.02471628
v 0.16075750 0.74689251 0.03928166
v 0.15921427 0.75171632 0.03411220
v 0.15780340 0.75421226 0.03612839
v 0.15801093 0.74912167 0.03182944
v 0.15944366 0.74479282 0.03669180
v 0.16197748 0.73947549 0.03964254
v 0.16347560 0.73262960 0.03963766
v 0.16387767 0.72537398 0.03912253
v 0.16348301 0.71891457 0.04033055
v 0.16195118 0.71316797 0.04115745
v 0.15933038 0.70779407 0.03913261
v 0.15786701 0.70272183 0.03465781
v 0.15941942 0.69827616 0.02883524
v 0.16360404 0.69351280 0.02378383
v 0.16209663 0.69608712 0.02269645
v 0.16525085 0.69457126 0.01756809
v 0.16363469 0.69710112 0.01698855
v 0.16367581 0.69224393 0.01804534
v 0.16567202 0.69575554 0.01146585
v 0.16402918 0.69822001 0.01139170
v 0.16406932 0.69327742 0.01144475
v 0.15938824 0.69167739 0.01125845
v 0.15915278 0.69115311 0.01827453
v 0.15809515 0.69097757 0.02498555
v 0.15405652 0.69135743 0.01107648
v 0.15412606 0.69141537 0.01901669
v 0.15037312 0.69242090 0.01107053
v 0.15456074 0.69153035 0.02453502
v 0.15059458 0.69301790 0.02139889
v 0.14786161 0.69426346 0.01118144
v 0.15209800 0.69366807 0.02894748
v 0.15809515 0.69097757 0.02498555
v 0.14796714 0.69577211 0.02481768
v 0.13813117 0.68843168 0.00903272
v 0.15574643 0.69342774 0.03180884
v 0.16210307 0.69142365 0.02471628
v 0.15930884 0.69391519 0.03178181
v 0.15768412 0.69893736 0.03842643
v 0.14813949 0.70096773 0.03596749
v 0.13818601 0.69049037 0.02526497
v 0.12871438 0.68505424 0.00727372
v 0.12873185 0.68735236 0.02501144
v 0.11981946 0.68576896 0.00616428
v 0.11982158 0.68778801 0.02358984
v 0.11123797 0.68893820 0.00544456
v 0.11982515 0.69532025 0.03819081
v 0.11123797 0.69036752 0.02146741
v 0.10188459 0.68458414 0.00468467
v 0.11123799 0.69694066 0.03505448
v 0.10188670 0.68569076 0.02188209
v 0.10189113 0.69230372 0.03658244
v -0.01062898 0.76198006 0.04773125
v 0.00000001 0.76324075 0.04703870
v 0.00000000 0.76170659 0.04831828
v -0.01032348 0.76349205 0.04640298
v -0.02049486 0.76286274 0.04551073
v 0.00000000 0.76180398 0.04562350
v -0.01972221 0.76424706 0.04414522
v -0.02881685 0.76427251 0.04089499
v -0.01028444 0.76201695 0.04498839
v -0.02734321 0.76535475 0.03963949
v -0.03474342 0.76542217 0.03283173
v -0.03262054 0.76606303 0.03185981
v -0.01953613 0.76269305 0.04279567
v -0.02687067 0.76371682 0.03849118
v -0.03199709 0.76428545 0.03102841
v -0.02787386 0.76002008 0.03825191
v -0.03360600 0.76088667 0.03099473
v -0.02011020 0.75875598 0.04230851
v -0.01054331 0.75804168 0.04433967
v -0.02958870 0.75651300 0.03887669
v -0.03617680 0.75789261 0.03157343
v -0.02105920 0.75487590 0.04283915
v -0.03101386 0.75538021 0.04003248
v -0.03811845 0.75719482 0.03237510
v -0.03143791 0.75696772 0.04108110
v -0.03856067 0.75891572 0.03303624
v -0.02210017 0.75501007 0.04555237
v -0.02187297 0.75347388 0.04420374
v -0.01138588 0.75401151 0.04752915
v -0.01130054 0.75253785 0.04608643
v 0.00000000 0.75378460 0.04797919
v -0.01094873 0.75405192 0.04473005
v 0.00000000 0.75234741 0.04654140
v 0.00000000 0.75388116 0.04523924
v 0.00000000 0.75786072 0.04492186
v 0.01130055 0.75253785 0.04608643
v 0.01138588 0.75401145 0.04752915
v 0.01094874 0.75405192 0.04473005
v 0.00000000 0.75388116 0.04523924
v 0.01054331 0.75804162 0.04433966
v 0.01028445 0.76201689 0.04498839
v 0.02187298 0.75347382 0.04420374
v 0.02210017 0.75501001 0.04555237
v 0.02105921 0.75487578 0.04283915
v 0.02011020 0.75875598 0.04230851
v 0.03101386 0.75538021 0.04003248
v 0.03143792 0.75696766 0.04108110
v 0.02958871 0.75651300 0.03887669
v 0.03811847 0.75719488 0.03237510
v 0.03856069 0.75891578 0.03303623
v 0.03617682 0.75789267 0.03157343
v 0.03360600 0.76088667 0.03099472
v 0.02787387 0.76002008 0.03825192
v 0.03199711 0.76428533 0.03102841
v 0.02687067 0.76371676 0.03849119
v 0.03262055 0.76606303 0.03185980
v 0.01953614 0.76269305 0.04279566
v 0.02734321 0.76535475 0.03963949
v 0.03474344 0.76542217 0.03283173
v 0.02881685 0.76427251 0.04089499
v 0.01972221 0.76424688 0.04414522
v 0.02049486 0.76286280 0.04551072
v 0.01032348 0.76349211 0.04640298
v 0.01062898 0.76197988 0.04773125
v 0.00000001 0.76324075 0.04703870
v 0.00000000 0.76170659 0.04831828
v -0.04287062 0.75984812 0.02100050
v -0.03856067 0.75891572 0.03303624
v -0.03811845 0.75719482 0.03237510
v -0.04277033 0.75784546 0.02067811
v -0.04486580 0.75976086 0.00731506
v -0.03617680 0.75789261 0.03157343
v -0.04520719 0.75749952 0.00730094
v -0.04517976 0.75874329 -0.00549357
v -0.04062808 0.75797600 0.02025802
v -0.03360600 0.76088667 0.03099473
v -0.04576438 0.75642031 -0.00519287
v -0.04389232 0.75625259 -0.01691602
v -0.03728540 0.76046300 0.01990551
v -0.03199709 0.76428545 0.03102841
v -0.04302464 0.75707954 0.00722994
v -0.04451317 0.75401080 -0.01633633
v -0.04106143 0.75191015 -0.02695554
v -0.03489256 0.76365536 0.01987670
v -0.03262054 0.76606303 0.03185981
v -0.03912075 0.75904131 0.00712643
v -0.04350479 0.75562316 -0.00496181
v -0.04159532 0.74979919 -0.02618843
v -0.03721153 0.74663085 -0.03564849
v -0.03528321 0.76566678 0.02031987
v -0.03474342 0.76542217 0.03283173
v -0.03771581 0.76554507 0.02086073
v -0.04215373 0.75308001 -0.01574098
v -0.03601279 0.76200360 0.00706122
v -0.03595276 0.76425141 0.00709236
v -0.03841668 0.76465780 0.00718039
v -0.03932912 0.75703150 -0.00492301
v -0.03769819 0.74467522 -0.03481565
v -0.03290580 0.74138200 -0.04303946
v -0.03533566 0.76201564 -0.00544818
v -0.03769611 0.76287299 -0.00572570
v -0.03581940 0.75963235 -0.00510104
v -0.03917284 0.74898243 -0.02509538
v -0.03793135 0.75412929 -0.01548766
v -0.03351827 0.73959839 -0.04226671
v -0.02839603 0.73604548 -0.04917287
v -0.03358538 0.75881809 -0.01627892
v -0.03583233 0.75990027 -0.01689190
v -0.03431875 0.75642490 -0.01568160
v -0.03502366 0.75004333 -0.02438926
v -0.03528114 0.74404263 -0.03329632
v -0.02924274 0.73444515 -0.04851197
v -0.02383374 0.73031610 -0.05424733
v -0.03075529 0.75454456 -0.02499333
v -0.03296429 0.75552922 -0.02597403
v -0.03150266 0.75226557 -0.02433857
v -0.03120038 0.74524510 -0.03209270
v -0.03118874 0.73904854 -0.04060309
v -0.02492253 0.72890198 -0.05366619
v -0.01928080 0.72422016 -0.05907824
v -0.02705126 0.74952656 -0.03229855
v -0.02924605 0.75026983 -0.03359575
v -0.02776018 0.74746007 -0.03168784
v -0.02705235 0.73391002 -0.04694345
v -0.02707666 0.74024773 -0.03909834
v -0.02057282 0.72297490 -0.05850048
v -0.01476607 0.71787041 -0.06441308
v -0.02273093 0.74412233 -0.03900020
v -0.02486768 0.74468446 -0.04046035
v -0.02353619 0.74232650 -0.03843091
v -0.02288769 0.72837740 -0.05231731
v -0.02285305 0.73496848 -0.04540536
v -0.01620078 0.71676201 -0.06374284
v -0.01027576 0.71139258 -0.07011096
v -0.01810666 0.73835075 -0.04518409
v -0.02014850 0.73882961 -0.04662161
v -0.01910193 0.73680651 -0.04465417
v -0.01869996 0.72244406 -0.05734510
v -0.01861653 0.72923088 -0.05100270
v -0.01181712 0.71040106 -0.06929284
v -0.01619209 0.70107549 -0.07907832
v -0.01346917 0.73216450 -0.05085117
v -0.01540062 0.73264432 -0.05209692
v -0.01466137 0.73079491 -0.05037316
v -0.01441444 0.72307897 -0.05633969
v -0.01449299 0.71618396 -0.06263725
v -0.01871662 0.70035762 -0.07804353
v -0.02144719 0.69167858 -0.08720637
v -0.02451496 0.69073570 -0.08637026
v -0.00896821 0.72559386 -0.05638249
v -0.01077816 0.72610199 -0.05740736
v -0.01032315 0.72437137 -0.05593526
v -0.01022916 0.71662050 -0.06185409
v -0.01027576 0.70975083 -0.06814411
v -0.01683819 0.69888729 -0.07740387
v -0.02264079 0.68903899 -0.08581807
v -0.00459261 0.71871662 -0.06213728
v -0.00618538 0.71925658 -0.06304421
v -0.00597110 0.71766508 -0.06164736
v -0.00590856 0.71000469 -0.06749156
v -0.01082094 0.69753826 -0.07771171
v -0.01523684 0.68597943 -0.08731799
v 0.00000000 0.71082330 -0.06720654
v 0.00000000 0.71170962 -0.06802549
v 0.00000000 0.71259582 -0.06884445
v -0.00459847 0.69697511 -0.07857724
v -0.00735327 0.68450701 -0.08859605
v -0.00248678 0.69760835 -0.07948322
v -0.00460677 0.69901294 -0.07997567
v -0.00516503 0.68464923 -0.09005153
v -0.00735154 0.68707097 -0.08994653
v -0.01523684 0.68597943 -0.08731799
v -0.02451496 0.69073570 -0.08637026
v -0.02264079 0.68903899 -0.08581807
v -0.01512358 0.68692958 -0.08884919
v -0.00735327 0.68450701 -0.08859605
v -0.02144719 0.69167858 -0.08720637
v -0.00516503 0.68464923 -0.09005153
v -0.01444314 0.68940550 -0.08910383
v -0.01619209 0.70107549 -0.07907832
v -0.00735154 0.68707097 -0.08994653
v -0.01038245 0.70042753 -0.07981504
v -0.00460677 0.69901294 -0.07997567
v -0.01027576 0.71139258 -0.07011096
v -0.00590856 0.71210593 -0.06982675
v 0.00000000 0.71259582 -0.06884445
v -0.00618538 0.71925658 -0.06304421
v -0.01056423 0.71885818 -0.06402604
v -0.01476607 0.71787041 -0.06441308
v -0.01077816 0.72610199 -0.05740736
v -0.01512659 0.72549003 -0.05854329
v -0.01928080 0.72422016 -0.05907824
v -0.01540062 0.73264432 -0.05209692
v -0.01977517 0.73183542 -0.05351466
v -0.02383374 0.73031610 -0.05424733
v -0.02014850 0.73882961 -0.04662161
v -0.02449635 0.73782748 -0.04829070
v -0.02839603 0.73604548 -0.04917287
v -0.02486768 0.74468446 -0.04046035
v -0.02917254 0.74347305 -0.04216857
v -0.03290580 0.74138200 -0.04303946
v -0.02924605 0.75026983 -0.03359575
v -0.03354906 0.74895632 -0.03502150
v -0.03721153 0.74663085 -0.03564849
v -0.03296429 0.75552922 -0.02597403
v -0.03732695 0.75430018 -0.02679250
v -0.04106143 0.75191015 -0.02695554
v -0.03583233 0.75990027 -0.01689190
v -0.04016721 0.75869966 -0.01712759
v -0.04389232 0.75625259 -0.01691602
v -0.03769611 0.76287299 -0.00572570
v -0.04177091 0.76140445 -0.00571805
v -0.04517976 0.75874329 -0.00549357
v -0.03841668 0.76465780 0.00718039
v -0.04203921 0.76270962 0.00726687
v -0.04486580 0.75976086 0.00731506
v -0.03771581 0.76554507 0.02086073
v -0.04076813 0.76304913 0.02109247
v -0.04287062 0.75984812 0.02100050
v -0.03474342 0.76542217 0.03283173
v -0.03713300 0.76237148 0.03324018
v -0.03856067 0.75891572 0.03303624
v -0.02881685 0.76427251 0.04089499
v -0.03048319 0.76071471 0.04142006
v -0.03143791 0.75696772 0.04108110
v -0.02049486 0.76286274 0.04551073
v -0.02148499 0.75896484 0.04604046
v -0.02210017 0.75501007 0.04555237
v -0.01062898 0.76198006 0.04773125
v -0.01108071 0.75798845 0.04814975
v 0.00000000 0.76170659 0.04831828
v -0.01138588 0.75401151 0.04752915
v 0.00000000 0.75772721 0.04865823
v 0.00000000 0.75378460 0.04797919
v 0.01138588 0.75401145 0.04752915
v 0.01108071 0.75798851 0.04814975
v 0.00000000 0.76170659 0.04831828
v 0.02210017 0.75501001 0.04555237
v 0.01062898 0.76197988 0.04773125
v 0.02148499 0.75896478 0.04604046
v 0.03143792 0.75696766 0.04108110
v 0.02049486 0.76286280 0.04551072
v 0.03048320 0.76071471 0.04142006
v 0.03856069 0.75891578 0.03303623
v 0.02881685 0.76427251 0.04089499
v 0.03713301 0.76237148 0.03324018
v 0.04287064 0.75984806 0.02100050
v 0.03474344 0.76542217 0.03283173
v 0.04076814 0.76304907 0.02109246
v 0.04486581 0.75976080 0.00731506
v 0.03771582 0.76554507 0.02086073
v 0.04203922 0.76270962 0.00726687
v 0.04517978 0.75874329 -0.00549356
v 0.03841669 0.76465786 0.00718039
v 0.04177092 0.76140445 -0.00571805
v 0.04389233 0.75625253 -0.01691603
v 0.03769612 0.76287305 -0.00572570
v 0.04016722 0.75869960 -0.01712759
v 0.04106144 0.75191015 -0.02695554
v 0.03583233 0.75990027 -0.01689190
v 0.03732695 0.75430012 -0.02679250
v 0.03721154 0.74663085 -0.03564849
v 0.03296429 0.75552922 -0.02597402
v 0.03354907 0.74895620 -0.03502150
v 0.03290582 0.74138200 -0.04303946
v 0.02924604 0.75026965 -0.03359575
v 0.02917255 0.74347293 -0.04216857
v 0.02839604 0.73604548 -0.04917287
v 0.02486768 0.74468440 -0.04046035
v 0.02449635 0.73782748 -0.04829070
v 0.02383374 0.73031610 -0.05424733
v 0.02014850 0.73882961 -0.04662161
v 0.01977518 0.73183542 -0.05351466
v 0.01928080 0.72422016 -0.05907822
v 0.01540062 0.73264438 -0.05209691
v 0.01512660 0.72548997 -0.05854328
v 0.01476607 0.71787053 -0.06441306
v 0.01077816 0.72610193 -0.05740736
v 0.01056423 0.71885824 -0.06402604
v 0.00618538 0.71925658 -0.06304421
v 0.01027576 0.71139258 -0.07011096
v 0.00590856 0.71210587 -0.06982675
v 0.00000000 0.71259582 -0.06884445
v 0.00460677 0.69901294 -0.07997567
v 0.01038246 0.70042759 -0.07981504
v 0.01619212 0.70107543 -0.07907829
v 0.00735155 0.68707097 -0.08994652
v 0.01444316 0.68940544 -0.08910381
v 0.02144724 0.69167858 -0.08720634
v 0.00516503 0.68464929 -0.09005152
v 0.01512361 0.68692958 -0.08884916
v 0.00735327 0.68450701 -0.08859605
v 0.02451501 0.69073564 -0.08637021
v 0.01523686 0.68597931 -0.08731796
v 0.02264084 0.68903899 -0.08581804
v -0.07342909 0.59601772 -0.05903746
v -0.07287163 0.57704818 -0.05409938
v -0.05804878 0.57454288 -0.06560664
v -0.05869265 0.59471279 -0.06981365
v -0.04322593 0.57203799 -0.07711390
v -0.04395623 0.59340805 -0.08058987
v -0.07334022 0.61862409 -0.06334248
v -0.05881956 0.61820662 -0.07310925
v -0.04429887 0.61778909 -0.08287600
v -0.04401430 0.64647239 -0.08287662
v -0.05805854 0.64652449 -0.07456883
v -0.07210279 0.64657670 -0.06626105
v -0.04345512 0.67387074 -0.07987198
v -0.05662267 0.67387068 -0.07321513
v -0.06979019 0.67387074 -0.06655830
v -0.04297028 0.69458163 -0.07355503
v -0.05480675 0.69458508 -0.06846935
v -0.06664324 0.69458866 -0.06338368
v -0.04230297 0.71081865 -0.06489284
v -0.05264984 0.71084648 -0.06139879
v -0.06299672 0.71087426 -0.05790477
v -0.04123394 0.72566587 -0.05511389
v -0.05024824 0.72574550 -0.05329428
v -0.04030049 0.73807657 -0.04521808
v -0.05926254 0.72582555 -0.05147471
v -0.04818390 0.73818743 -0.04469435
v -0.05606733 0.73829865 -0.04417062
v -0.04696363 0.74665433 -0.03599112
v -0.05390617 0.74673444 -0.03597499
v -0.04818390 0.73818743 -0.04469435
v -0.04002110 0.74657452 -0.03600725
v -0.04030049 0.73807657 -0.04521808
v -0.04008211 0.75209606 -0.02771937
v -0.04630773 0.75212425 -0.02774343
v -0.05253334 0.75215238 -0.02776748
v -0.04006382 0.75597054 -0.02022631
v -0.04582083 0.75597495 -0.02023971
v -0.05157785 0.75597948 -0.02025312
v -0.03995486 0.75868618 -0.01249923
v -0.04543150 0.75868767 -0.01252005
v -0.05090815 0.75868934 -0.01254088
v -0.03983858 0.76051503 -0.00367053
v -0.04515130 0.76050472 -0.00369963
v -0.05046402 0.76049483 -0.00372873
v -0.03976907 0.76169783 0.00558168
v -0.04500014 0.76160944 0.00555747
v -0.05023119 0.76152110 0.00553325
v -0.03975248 0.76240808 0.01430250
v -0.04495433 0.76212949 0.01430467
v -0.05015620 0.76185089 0.01430684
v -0.03963241 0.76257229 0.02197564
v -0.04480755 0.76203024 0.02201451
v -0.04998268 0.76148814 0.02205338
v -0.03915895 0.76191843 0.02854773
v -0.04430821 0.76111692 0.02861725
v -0.04945748 0.76031548 0.02868678
v -0.03787058 0.75962430 0.03537848
v -0.04320662 0.75871640 0.03545506
v -0.04854267 0.75780869 0.03553165
v -0.03521550 0.75476038 0.04340816
v -0.04115285 0.75399566 0.04347458
v -0.04709020 0.75323117 0.04354100
v -0.03049208 0.74651927 0.05048631
v -0.03739424 0.74596024 0.05062847
v -0.04429638 0.74540126 0.05077063
v -0.02337845 0.73462236 0.05443723
v -0.03144958 0.73414516 0.05480829
v -0.03952071 0.73366803 0.05517937
v -0.01522131 0.72077888 0.05607515
v -0.02432610 0.72036195 0.05665537
v -0.03343088 0.71994507 0.05723559
v -0.00743055 0.70680612 0.05676416
v -0.01715652 0.70655972 0.05736067
v -0.02688250 0.70631331 0.05795718
v 0.00000000 0.69296384 0.05707753
v -0.01008720 0.69296384 0.05756398
v -0.02017440 0.69296384 0.05805041
v 0.00000000 0.68607116 0.05585431
v -0.00804456 0.68607122 0.05634074
v -0.01608911 0.68607116 0.05682717
v 0.00000000 0.67917848 0.05463108
v -0.00600191 0.67917842 0.05511751
v -0.01200382 0.67917842 0.05560395
v 0.00000000 0.66926885 0.05261354
v -0.00775375 0.67077947 0.05309997
v -0.01550749 0.67229027 0.05358640
v 0.00000000 0.65935892 0.05059600
v -0.00950558 0.66238064 0.05108244
v -0.01901117 0.66540211 0.05156887
v -0.02690458 0.65157509 0.04706752
v -0.01657748 0.64889926 0.04739039
v -0.00625038 0.64622372 0.04771328
v -0.03480544 0.63774794 0.04307137
v -0.02371873 0.63541812 0.04434045
v -0.01263203 0.63308835 0.04560954
v -0.04273413 0.62392074 0.03977746
v -0.03097784 0.62193698 0.04224715
v -0.01922154 0.61995316 0.04471687
v -0.05076297 0.61009383 0.03615008
v -0.03831982 0.60845625 0.04011488
v -0.02587667 0.60681891 0.04407969
v -0.05894751 0.59626675 0.03120910
v -0.04569590 0.59497631 0.03695451
v -0.06722474 0.58243954 0.02542945
v -0.03244430 0.59368610 0.04269992
v -0.05308552 0.58149689 0.03311308
v -0.03894629 0.58055419 0.04079670
v -0.01969721 0.71207184 -0.07100563
v -0.02203379 0.71618485 -0.07000527
v -0.02251372 0.71403694 -0.06962961
v -0.01925416 0.71435511 -0.07139774
v -0.01667031 0.71036869 -0.07219813
v -0.02159776 0.71834350 -0.06988306
v -0.01629083 0.71271539 -0.07261790
v -0.01329273 0.70910227 -0.07308483
v -0.01881616 0.71685904 -0.07145197
v -0.01302135 0.71139210 -0.07355088
v -0.00970476 0.70809799 -0.07378805
v -0.01838760 0.71972603 -0.07082431
v -0.02123675 0.72051233 -0.06894341
v -0.01587578 0.71548373 -0.07272431
v -0.01540317 0.71893716 -0.07212960
v -0.01490549 0.72270620 -0.07014855
v -0.01797018 0.72278643 -0.06914635
v -0.02093092 0.72264516 -0.06758013
v -0.00956817 0.71025914 -0.07431156
v -0.00485238 0.70716745 -0.07443967
v -0.01267076 0.71429026 -0.07350232
v -0.01540317 0.71893716 -0.07212960
v -0.01758225 0.72569960 -0.06632043
v -0.02065974 0.72459400 -0.06623755
v -0.01444306 0.72621572 -0.06648117
v -0.00478409 0.70936638 -0.07497264
v 0.00000000 0.70674437 -0.07473589
v 0.00000000 0.70896047 -0.07527316
v -0.00930696 0.71320629 -0.07398376
v -0.01219331 0.71814394 -0.07247549
v -0.01490549 0.72270620 -0.07014855
v -0.01166755 0.72225654 -0.07021072
v -0.01731137 0.72775352 -0.06335650
v -0.02045113 0.72584850 -0.06484921
v -0.00465348 0.71245188 -0.07480010
v -0.00884819 0.71734816 -0.07224579
v -0.01413321 0.72870219 -0.06266598
v 0.00000000 0.71210903 -0.07517119
v -0.00442409 0.71693164 -0.07334689
v 0.00000000 0.71674246 -0.07384740
v -0.00832566 0.72158521 -0.06970886
v -0.00416283 0.72179973 -0.07055943
v 0.00000000 0.72189718 -0.07094607
v -0.00789728 0.72469246 -0.06714017
v -0.00394864 0.72582269 -0.06674042
v 0.00000000 0.72633636 -0.06655874
v -0.00380526 0.72837520 -0.06309627
v 0.00000000 0.72924840 -0.06233946
v -0.00761052 0.72645432 -0.06476124
v -0.01120102 0.72574896 -0.06677172
v -0.01089106 0.72805637 -0.06331251
v -0.00746847 0.72700930 -0.06262005
v -0.01079568 0.72891217 -0.06090457
v -0.00373423 0.72922474 -0.06068659
v -0.00380526 0.72837520 -0.06309627
v 0.00000000 0.73023200 -0.05980775
v 0.00000000 0.72924840 -0.06233946
v 0.00000000 0.73009968 -0.05838239
v -0.00370358 0.72910273 -0.05908047
v -0.00740717 0.72690934 -0.06061626
v -0.01082596 0.72893238 -0.05919977
v -0.01406188 0.72964197 -0.06021389
v -0.01413262 0.72966468 -0.05868695
v -0.01722641 0.72841585 -0.06123117
v -0.01725240 0.72824609 -0.05968027
v -0.02045113 0.72584850 -0.06484921
v -0.02032993 0.72601640 -0.06327325
v -0.02026005 0.72553688 -0.06157727
v -0.02189469 0.72626764 -0.06282694
v -0.02183821 0.72598583 -0.06126303
v -0.02209584 0.72601020 -0.06426296
v -0.02344254 0.72601837 -0.06279223
v -0.02355157 0.72585553 -0.06135419
v -0.02260347 0.72485608 -0.06552646
v -0.02065974 0.72459400 -0.06623755
v -0.02327958 0.72588313 -0.06387964
v -0.02412808 0.72497123 -0.06467741
v -0.02311939 0.72309703 -0.06677260
v -0.02093092 0.72264516 -0.06758013
v -0.02495632 0.72492933 -0.06350473
v -0.02492778 0.72333950 -0.06583711
v -0.02339502 0.72121656 -0.06799509
v -0.02123675 0.72051233 -0.06894341
v -0.02540693 0.72473913 -0.06213582
v -0.02355157 0.72585553 -0.06135419
v -0.02689749 0.72291714 -0.06341170
v -0.02610268 0.72323304 -0.06468836
v -0.02746402 0.72078836 -0.06490229
v -0.02646548 0.72135323 -0.06600273
v -0.02685103 0.71854055 -0.06647621
v -0.02519196 0.72158867 -0.06701738
v -0.02365482 0.71943349 -0.06875016
v -0.02159776 0.71834350 -0.06988306
v -0.02587051 0.71951842 -0.06731500
v -0.02503748 0.72021282 -0.06779477
v -0.02424775 0.71783388 -0.06865248
v -0.02203379 0.71618485 -0.07000527
v -0.02502214 0.71628481 -0.06805568
v -0.02251372 0.71403694 -0.06962961
v -0.01345323 0.78052402 0.03988300
v 0.00000001 0.77269471 0.03948302
v 0.00000000 0.78039372 0.04108675
v -0.01280110 0.77305347 0.03830148
v -0.02355097 0.78003103 0.03379184
v -0.02248437 0.77319688 0.03242417
v -0.02791886 0.77784699 0.02091215
v -0.02684234 0.77193934 0.02010080
v -0.02810714 0.77393603 0.00661799
v -0.02730895 0.76894838 0.00657601
v -0.02636264 0.76860821 -0.00357812
v -0.02596672 0.76427966 -0.00280498
v -0.02379404 0.76252818 -0.01088502
v -0.02385097 0.75868505 -0.00928997
v -0.02182693 0.76034528 -0.01649085
v -0.02129687 0.75667101 -0.01455384
v -0.01948613 0.75792468 -0.02178333
v -0.01866867 0.75429767 -0.01945676
v -0.01656449 0.75504982 -0.02655787
v -0.01591515 0.75128752 -0.02378739
v -0.01352091 0.75158900 -0.03104472
v -0.01307663 0.74769074 -0.02793283
v -0.01086898 0.74727917 -0.03563763
v -0.01018872 0.74341851 -0.03246673
v -0.00867480 0.74124962 -0.04094928
v -0.00717661 0.73749906 -0.03811052
v -0.00644372 0.73315316 -0.04735498
v -0.00386424 0.72923720 -0.04532568
v 0.00000000 0.72617429 -0.05360644
v 0.00000000 0.71980202 -0.05341553
v -0.00491720 0.72482771 -0.04169663
v 0.00000000 0.71586287 -0.05055082
v -0.00924340 0.73240381 -0.03398718
v -0.01254207 0.73767757 -0.02825383
v -0.01499456 0.74163461 -0.02407395
v -0.01699188 0.74538857 -0.02068190
v -0.01914588 0.74866384 -0.01719373
v -0.02194377 0.75103313 -0.01293230
v -0.02515351 0.75285184 -0.00816603
v -0.02672064 0.75794357 -0.00224953
v -0.02756448 0.76187706 0.00654576
v -0.02670893 0.76377213 0.01952104
v -0.02216672 0.76385826 0.03166725
v -0.01256504 0.76282990 0.03793675
v 0.00000000 0.76212627 0.03943820
v 0.01280110 0.77305341 0.03830148
v 0.01256505 0.76282984 0.03793675
v 0.01345324 0.78052396 0.03988300
v 0.00000000 0.78039372 0.04108675
v 0.02355097 0.78003103 0.03379184
v 0.02248437 0.77319688 0.03242417
v 0.02216673 0.76385832 0.03166725
v 0.02791887 0.77784699 0.02091215
v 0.02684234 0.77193928 0.02010079
v 0.02670894 0.76377213 0.01952104
v 0.02810714 0.77393603 0.00661799
v 0.02730895 0.76894838 0.00657602
v 0.02756448 0.76187700 0.00654575
v 0.02636264 0.76860839 -0.00357812
v 0.02596672 0.76427978 -0.00280498
v 0.02672065 0.75794357 -0.00224953
v 0.02379404 0.76252818 -0.01088502
v 0.02385097 0.75868499 -0.00928997
v 0.02515352 0.75285184 -0.00816603
v 0.02182693 0.76034522 -0.01649085
v 0.02129687 0.75667107 -0.01455384
v 0.02194377 0.75103313 -0.01293230
v 0.01948614 0.75792468 -0.02178333
v 0.01866867 0.75429767 -0.01945676
v 0.01914588 0.74866384 -0.01719373
v 0.01656449 0.75504982 -0.02655787
v 0.01591515 0.75128752 -0.02378739
v 0.01699189 0.74538857 -0.02068190
v 0.01352091 0.75158900 -0.03104472
v 0.01307664 0.74769092 -0.02793282
v 0.01499456 0.74163461 -0.02407395
v 0.01086898 0.74727911 -0.03563763
v 0.01018871 0.74341857 -0.03246674
v 0.01254207 0.73767757 -0.02825383
v 0.00867480 0.74124968 -0.04094928
v 0.00717661 0.73749912 -0.03811052
v 0.00924340 0.73240381 -0.03398718
v 0.00644372 0.73315322 -0.04735498
v 0.00386424 0.72923714 -0.04532567
v 0.00000000 0.72617429 -0.05360644
v 0.00491720 0.72482771 -0.04169662
v 0.00000000 0.71980202 -0.05341553
v 0.00000000 0.71586287 -0.05055082
v -0.16366713 0.69671273 0.00548583
v -0.15920419 0.69997406 0.01132342
v -0.16402912 0.69822025 0.01139170
v -0.15886697 0.69857001 0.00582300
v -0.16223790 0.69536209 -0.00048294
v -0.14991324 0.70160294 0.01124727
v -0.15753572 0.69731218 0.00026400
v -0.15977941 0.69721276 -0.00621238
v -0.14960368 0.70031410 0.00619902
v -0.13531379 0.70379472 0.01113208
v -0.15524603 0.69903570 -0.00507211
v -0.15842456 0.70083845 -0.01184199
v -0.14838180 0.69915950 0.00109700
v -0.13504604 0.70268101 0.00676784
v -0.11767123 0.70637596 0.01099174
v -0.11745444 0.70547527 0.00746089
v -0.13398953 0.70168293 0.00235712
v -0.11659949 0.70466828 0.00389244
v -0.15398416 0.70241237 -0.01031524
v -0.15992142 0.70448363 -0.01717489
v -0.14628033 0.70074147 -0.00380045
v -0.13217275 0.70305055 -0.00187675
v -0.11512967 0.70577455 0.00046706
v -0.15537815 0.70580566 -0.01528179
v -0.16239029 0.70954132 -0.02022709
v -0.14512213 0.70384055 -0.00861256
v -0.13117146 0.70572972 -0.00603684
v -0.11431956 0.70794225 -0.00289862
v -0.15767752 0.71050245 -0.01812285
v -0.16367915 0.71737236 -0.01966769
v -0.14640152 0.70695841 -0.01317257
v -0.13227744 0.70843714 -0.00997937
v -0.11521422 0.71015209 -0.00608753
v -0.15887789 0.71776760 -0.01759806
v -0.16417454 0.72606891 -0.01856519
v -0.14851177 0.71129394 -0.01579220
v -0.13410167 0.71226960 -0.01224677
v -0.11669005 0.71338671 -0.00791663
v -0.15933923 0.72585350 -0.01656672
v -0.16448207 0.73339659 -0.01970404
v -0.14961341 0.71801800 -0.01533407
v -0.13505402 0.71827239 -0.01185018
v -0.11746051 0.71854526 -0.00757463
v -0.15962565 0.73270339 -0.01762420
v -0.16354720 0.73908007 -0.02033316
v -0.15003687 0.72549701 -0.01438574
v -0.13542001 0.72491264 -0.01098947
v -0.11775656 0.72419226 -0.00680330
v -0.15875490 0.73803043 -0.01821042
v -0.16071759 0.74346745 -0.01743746
v -0.15029973 0.73180807 -0.01530345
v -0.13564721 0.73040307 -0.01168429
v -0.11794040 0.72868085 -0.00722628
v -0.15611959 0.74212497 -0.01551828
v -0.15861084 0.74743491 -0.01248140
v -0.14950055 0.73667794 -0.01579316
v -0.13495634 0.73451847 -0.01204479
v -0.11738141 0.73185450 -0.00744174
v -0.15415737 0.74581432 -0.01090795
v -0.15956290 0.75153929 -0.00749831
v -0.14708176 0.74037784 -0.01333253
v -0.13286525 0.73754728 -0.00997189
v -0.11568963 0.73403931 -0.00585761
v -0.15504406 0.74962795 -0.00626785
v -0.16151215 0.75451905 -0.00231757
v -0.14528087 0.74370444 -0.00913669
v -0.13130839 0.74026847 -0.00643925
v -0.11443004 0.73600280 -0.00314632
v -0.15685944 0.75236642 -0.00143222
v -0.16207063 0.75528598 0.00355747
v -0.14609462 0.74716938 -0.00489440
v -0.13201182 0.74317867 -0.00281577
v -0.11499909 0.73822761 -0.00028289
v -0.15737951 0.75300324 0.00406286
v -0.16194117 0.75525194 0.00972337
v -0.14776075 0.74961609 -0.00045168
v -0.13345206 0.74515474 0.00102121
v -0.11616427 0.73961943 0.00281176
v -0.15725884 0.75292504 0.00981949
v -0.16209713 0.75577712 0.01566000
v -0.14823797 0.75006491 0.00460687
v -0.13386448 0.74526501 0.00539983
v -0.11649789 0.73929715 0.00635449
v -0.15740409 0.75345343 0.01532521
v -0.16150548 0.75552040 0.02128043
v -0.14812709 0.74991179 0.00989938
v -0.13376859 0.74496597 0.00997852
v -0.11642019 0.73880798 0.01005898
v -0.15685306 0.75324064 0.02047117
v -0.15938972 0.75302976 0.02662745
v -0.14826041 0.75047719 0.01493610
v -0.13388382 0.74562478 0.01432291
v -0.11651347 0.73959470 0.01356637
v -0.15488255 0.75084746 0.02530038
v -0.15801091 0.74912208 0.03182942
v -0.14775473 0.75041157 0.01959286
v -0.13344659 0.74587190 0.01829707
v -0.11615971 0.74025249 0.01673061
v -0.15359846 0.74714756 0.03005979
v -0.15944366 0.74479318 0.03669179
v -0.14594625 0.74826622 0.02390876
v -0.13188329 0.74420244 0.02192673
v -0.11489501 0.73919505 0.01955826
v -0.15493286 0.74317604 0.03466665
v -0.16197750 0.73947579 0.03964254
v -0.14476772 0.74487203 0.02821037
v -0.13086461 0.74132049 0.02558579
v -0.11407089 0.73695141 0.02245329
v -0.15729277 0.73829424 0.03751549
v -0.16347560 0.73262990 0.03963764
v -0.14599244 0.74123806 0.03250388
v -0.13192332 0.73815811 0.02936677
v -0.11492742 0.73435235 0.02559541
v -0.15868817 0.73188519 0.03749228
v -0.16387767 0.72537434 0.03912251
v -0.14815840 0.73679549 0.03522646
v -0.13379583 0.73435378 0.03188863
v -0.11644240 0.73131901 0.02786959
v -0.15906285 0.72508407 0.03697151
v -0.16348298 0.71891481 0.04033054
v -0.14943916 0.73097289 0.03525337
v -0.13490327 0.72949237 0.03210649
v -0.11733852 0.72765183 0.02836471
v -0.15869538 0.71911895 0.03814693
v -0.16195111 0.71316826 0.04115743
v -0.14978333 0.72476375 0.03478104
v -0.13520096 0.72424006 0.03179383
v -0.11757953 0.72358322 0.02827985
v -0.15726869 0.71385127 0.03900095
v -0.15933031 0.70779431 0.03913260
v -0.14944617 0.71925700 0.03586149
v -0.13490967 0.71936029 0.03263881
v -0.11734400 0.71944773 0.02880263
v -0.15482788 0.70888531 0.03715427
v -0.15786694 0.70272213 0.03465781
v -0.14813669 0.71436834 0.03664806
v -0.13377775 0.71493578 0.03317036
v -0.11642835 0.71555549 0.02896459
v -0.15346502 0.70416701 0.03299227
v -0.15941934 0.69827652 0.02883524
v -0.14589663 0.70978510 0.03495449
v -0.13184133 0.71088082 0.03163698
v -0.11486185 0.71212876 0.02759892
v -0.15491092 0.70002633 0.02756943
v -0.16209657 0.69608736 0.02269644
v -0.14464587 0.70545089 0.03113481
v -0.13076018 0.70712072 0.02832495
v -0.11398728 0.70906574 0.02490148
v -0.15740427 0.69798774 0.02185207
v -0.16363461 0.69710135 0.01698855
v -0.14597285 0.70165098 0.02615777
v -0.13190745 0.70383573 0.02402227
v -0.11491550 0.70640838 0.02142043
v -0.15883671 0.69893193 0.01653603
v -0.16402912 0.69822025 0.01139170
v -0.15920419 0.69997406 0.01132342
v -0.14826125 0.69978011 0.02091041
v -0.13388573 0.70221835 0.01948591
v -0.11651601 0.70510012 0.01775033
v -0.14957593 0.70064658 0.01603138
v -0.14991324 0.70160294 0.01124727
v -0.13502228 0.70296788 0.01526797
v -0.11743543 0.70570660 0.01433784
v -0.13531379 0.70379472 0.01113208
v -0.11767123 0.70637596 0.01099174
v 0.00000000 0.72112936 -0.05912226
v -0.00380526 0.72508025 -0.05839058
v 0.00000000 0.72609007 -0.05782890
v -0.00394864 0.72078288 -0.05954280
v -0.00761052 0.72285879 -0.05962626
v 0.00000000 0.71548826 -0.06179303
v -0.00789728 0.72002065 -0.06046795
v -0.00416283 0.71581829 -0.06201690
v 0.00394864 0.72078288 -0.05954280
v 0.00380526 0.72508025 -0.05839058
v 0.00000000 0.72609007 -0.05782890
v 0.00761052 0.72285879 -0.05962626
v 0.00000000 0.71099889 -0.06564455
v 0.00416283 0.71581817 -0.06201690
v 0.00000000 0.71099889 -0.06564455
v 0.00789728 0.72002065 -0.06046795
v -0.00442409 0.71153396 -0.06563789
v 0.00000000 0.70817012 -0.06954590
v 0.00442410 0.71153390 -0.06563788
v 0.00000000 0.70817012 -0.06954590
v 0.01120103 0.72072822 -0.05960124
v 0.01089106 0.72476810 -0.05861621
v 0.00832567 0.71654421 -0.06250942
v 0.00465348 0.70863605 -0.06935062
v 0.00000000 0.70699751 -0.07246955
v 0.01166755 0.71630228 -0.06170692
v 0.00884819 0.71271110 -0.06562325
v 0.01444306 0.72116101 -0.05926203
v 0.01413321 0.72559637 -0.05823061
v 0.01490549 0.71651441 -0.06130561
v 0.01219331 0.71276736 -0.06479684
v 0.01490549 0.71651441 -0.06130561
v 0.01540317 0.71336383 -0.06416979
v 0.00930697 0.70966130 -0.06892101
v 0.01267076 0.71048450 -0.06806687
v 0.01587578 0.71162373 -0.06721159
v 0.00478409 0.70741850 -0.07219102
v 0.00956818 0.70834529 -0.07157826
v 0.01302135 0.70944762 -0.07077362
v 0.00485238 0.70716739 -0.07443968
v 0.00970476 0.70809799 -0.07378805
v 0.00000000 0.70674437 -0.07473589
v 0.01329273 0.70910227 -0.07308484
v 0.01629084 0.71077681 -0.06984940
v 0.01667031 0.71036869 -0.07219813
v -0.00478409 0.70741850 -0.07219101
v -0.00485238 0.70716745 -0.07443967
v 0.01881616 0.71328962 -0.06635439
v 0.01540317 0.71336383 -0.06416979
v 0.01925416 0.71248424 -0.06872586
v 0.01969722 0.71207184 -0.07100563
v 0.01838760 0.71485990 -0.06387488
v 0.02203380 0.71441853 -0.06748272
v 0.02251372 0.71403694 -0.06962961
v 0.02502215 0.71628481 -0.06805567
v 0.02159776 0.71527177 -0.06549601
v 0.02424776 0.71625364 -0.06639587
v 0.02685104 0.71854055 -0.06647620
v 0.01797017 0.71748358 -0.06157295
v 0.02123675 0.71689636 -0.06377935
v 0.02093092 0.71890712 -0.06224146
v 0.01758225 0.72113544 -0.05980199
v 0.02065974 0.72083521 -0.06086947
v 0.01731137 0.72462314 -0.05888577
v 0.02045113 0.72256893 -0.06016540
v 0.02365483 0.71670896 -0.06485930
v 0.02123675 0.71689636 -0.06377935
v 0.02587052 0.71808672 -0.06527036
v 0.02339503 0.71802849 -0.06344192
v 0.02093092 0.71890712 -0.06224146
v 0.02646548 0.71994740 -0.06399504
v 0.02746403 0.72078830 -0.06490229
v 0.02503749 0.71787345 -0.06445368
v 0.02519197 0.71907449 -0.06342668
v 0.02311939 0.71982038 -0.06209299
v 0.02065974 0.72083521 -0.06086947
v 0.02610269 0.72182560 -0.06267812
v 0.02689750 0.72291714 -0.06341168
v 0.02492779 0.72078246 -0.06218508
v 0.02260348 0.72159296 -0.06086617
v 0.02045113 0.72256893 -0.06016540
v 0.02495633 0.72351789 -0.06148883
v 0.02540694 0.72473913 -0.06213581
v 0.02412810 0.72243041 -0.06104835
v 0.02344255 0.72455990 -0.06070923
v 0.02355157 0.72585553 -0.06135419
v 0.02209585 0.72317499 -0.06021396
v 0.02327960 0.72349191 -0.06046437
v 0.02189470 0.72461253 -0.06046317
v 0.02032993 0.72410715 -0.06054666
v 0.02183821 0.72598583 -0.06126303
v 0.02355157 0.72585553 -0.06135419
v 0.02026005 0.72553688 -0.06157727
v 0.01725240 0.72824609 -0.05968027
v 0.01722641 0.72684681 -0.05899027
v 0.01731137 0.72462314 -0.05888577
v 0.01413263 0.72966468 -0.05868695
v 0.01406188 0.72822213 -0.05818605
v 0.01082596 0.72893238 -0.05919976
v 0.01079568 0.72732353 -0.05863547
v 0.01089106 0.72476810 -0.05861621
v 0.00740717 0.72690934 -0.06061626
v 0.00746847 0.72506064 -0.05983707
v 0.00761052 0.72285879 -0.05962626
v 0.00370358 0.72910273 -0.05908047
v 0.00373424 0.72763509 -0.05841630
v 0.00000000 0.73009968 -0.05838239
v 0.00380526 0.72508025 -0.05839058
v 0.00000000 0.72880542 -0.05777051
v -0.02065974 0.72083521 -0.06086947
v -0.02045113 0.72256893 -0.06016540
v -0.01731137 0.72462320 -0.05888578
v -0.01758225 0.72113544 -0.05980199
v -0.02093092 0.71890712 -0.06224146
v -0.01413321 0.72559649 -0.05823061
v -0.01797017 0.71748358 -0.06157294
v -0.02123675 0.71689636 -0.06377935
v -0.01444306 0.72116095 -0.05926202
v -0.01089106 0.72476798 -0.05861620
v -0.01838759 0.71485990 -0.06387489
v -0.02159775 0.71527177 -0.06549601
v -0.01120102 0.72072822 -0.05960123
v -0.01490548 0.71651441 -0.06130561
v -0.01540317 0.71336383 -0.06416979
v -0.01166755 0.71630216 -0.06170692
v -0.01881615 0.71328968 -0.06635439
v -0.01587578 0.71162373 -0.06721159
v -0.00832566 0.71654421 -0.06250941
v -0.00884819 0.71271110 -0.06562325
v -0.01219331 0.71276736 -0.06479684
v -0.01490548 0.71651441 -0.06130561
v -0.01540317 0.71336383 -0.06416979
v -0.00465348 0.70863605 -0.06935062
v -0.00930696 0.70966130 -0.06892101
v -0.01267076 0.71048445 -0.06806687
v -0.00956817 0.70834529 -0.07157826
v -0.00970476 0.70809799 -0.07378805
v -0.01302135 0.70944762 -0.07077362
v -0.01329273 0.70910227 -0.07308483
v -0.01629083 0.71077675 -0.06984940
v -0.01667031 0.71036869 -0.07219813
v -0.01925415 0.71248424 -0.06872586
v -0.01969721 0.71207184 -0.07100563
v -0.02203379 0.71441853 -0.06748272
v -0.02251372 0.71403694 -0.06962961
v -0.02502214 0.71628481 -0.06805568
v -0.02424775 0.71625364 -0.06639589
v -0.02685103 0.71854055 -0.06647621
v -0.02365482 0.71670920 -0.06485930
v -0.02123675 0.71689636 -0.06377935
v -0.02587051 0.71808672 -0.06527037
v -0.02339502 0.71802849 -0.06344192
v -0.02093092 0.71890712 -0.06224146
v -0.02646547 0.71994740 -0.06399505
v -0.02746402 0.72078836 -0.06490229
v -0.02503748 0.71787345 -0.06445369
v -0.02519196 0.71907449 -0.06342668
v -0.02311939 0.71982032 -0.06209299
v -0.02065974 0.72083521 -0.06086947
v -0.02610268 0.72182554 -0.06267813
v -0.02689749 0.72291714 -0.06341170
v -0.02492777 0.72078252 -0.06218509
v -0.02260347 0.72159302 -0.06086617
v -0.02045113 0.72256893 -0.06016540
v -0.02495632 0.72351789 -0.06148883
v -0.02540693 0.72473913 -0.06213582
v -0.02412809 0.72243041 -0.06104835
v -0.02209584 0.72317505 -0.06021396
v -0.02032993 0.72410715 -0.06054667
v -0.02344254 0.72455984 -0.06070923
v -0.02355157 0.72585553 -0.06135419
v -0.02183821 0.72598583 -0.06126303
v -0.02327959 0.72349197 -0.06046437
v -0.02189470 0.72461253 -0.06046317
v -0.02026005 0.72553688 -0.06157727
v -0.02032993 0.72410715 -0.06054667
v -0.02026005 0.72553688 -0.06157727
v -0.01725240 0.72824609 -0.05968027
v -0.01722641 0.72684675 -0.05899027
v -0.02045113 0.72256893 -0.06016540
v -0.01413262 0.72966468 -0.05868695
v -0.01731137 0.72462320 -0.05888578
v -0.01406188 0.72822207 -0.05818607
v -0.01082596 0.72893238 -0.05919977
v -0.01413321 0.72559649 -0.05823061
v -0.01079568 0.72732353 -0.05863547
v -0.00740717 0.72690934 -0.06061626
v -0.01089106 0.72476798 -0.05861620
v -0.00746847 0.72506064 -0.05983707
v -0.00370358 0.72910273 -0.05908047
v -0.00373423 0.72763509 -0.05841630
v 0.00000000 0.73009968 -0.05838239
v -0.00380526 0.72508025 -0.05839058
v 0.00000000 0.72880542 -0.05777051
v 0.00000000 0.72609007 -0.05782890
v -0.02971559 0.37844244 -0.08809725
v -0.01030484 0.34876776 -0.05806698
v -0.01026492 0.37644193 -0.06047304
v -0.02985634 0.34749502 -0.08566101
v -0.05784951 0.38322595 -0.10160324
v -0.05490346 0.42023998 -0.09826667
v -0.02794335 0.41287795 -0.08664623
v -0.01026492 0.37644193 -0.06047304
v -0.01013261 0.32703048 -0.05457527
v -0.05870475 0.34842786 -0.10006800
v -0.02951879 0.32291421 -0.08116884
v -0.08471046 0.42914227 -0.08980107
v -0.08956718 0.39087290 -0.09336982
v -0.05123069 0.45381176 -0.09126793
v -0.07836109 0.46245617 -0.08307905
v -0.10163072 0.47051507 -0.06261160
v -0.11082493 0.43801939 -0.06693169
v -0.11588679 0.47688571 -0.03577380
v -0.12726396 0.44524342 -0.03740051
v -0.12006237 0.48057568 -0.00634072
v -0.11778882 0.39953080 -0.06942671
v -0.09199573 0.35328427 -0.09334689
v -0.13258986 0.44972929 -0.00490899
v -0.11429410 0.48096547 0.02264657
v -0.13603428 0.40709460 -0.03811649
v -0.05842878 0.32057166 -0.09565554
v -0.12162653 0.36030266 -0.07027382
v -0.09215112 0.32298088 -0.09027489
v -0.14220229 0.41237929 -0.00338190
v -0.14014439 0.36716139 -0.03820573
v -0.12672907 0.45085785 0.02772503
v -0.12196372 0.32836547 -0.06864733
v -0.03007016 0.30607137 -0.07635894
v -0.05827262 0.30272245 -0.09001090
v -0.01074168 0.31153324 -0.05107691
v -0.01371867 0.30029643 -0.04608079
v -0.03231328 0.29502037 -0.06860928
v -0.02016739 0.29105198 -0.03811152
v -0.09043504 0.30466649 -0.08444094
v -0.05832947 0.29223445 -0.08017675
v -0.03660343 0.28719673 -0.05538082
v -0.02866751 0.28266257 -0.02832657
v -0.11869935 0.30971077 -0.06362962
v -0.08714514 0.29447553 -0.07412976
v -0.05843437 0.28543887 -0.06342123
v -0.04207029 0.28088132 -0.03882648
v -0.13991027 0.33420271 -0.03704791
v -0.14594486 0.37277961 -0.00210569
v -0.13575587 0.41473162 0.03166466
v -0.11230333 0.29939711 -0.05493812
v -0.08261636 0.28722513 -0.05805249
v -0.13599096 0.31497180 -0.03396050
v -0.14510798 0.33973941 -0.00098919
v -0.05854764 0.28028697 -0.04251699
v -0.13914990 0.37658334 0.03371766
v -0.11051936 0.44932851 0.05717753
v -0.11803656 0.41470459 0.06283230
v -0.09944639 0.47881570 0.04895024
v -0.14131296 0.32017320 0.00014318
v -0.13840361 0.34469351 0.03449132
v -0.12093800 0.37878734 0.06517949
v -0.12804781 0.30416301 -0.02891613
v -0.10349622 0.29097331 -0.04278614
v -0.07743654 0.28103259 -0.03862865
v -0.13516679 0.32552776 0.03461820
v -0.13325979 0.30886000 0.00136716
v -0.11597510 0.29483438 -0.02218018
v -0.12048780 0.34889665 0.06549351
v -0.09342971 0.28288266 -0.02873535
v -0.05857532 0.27242309 -0.04181225
v -0.07716507 0.27317077 -0.03778334
v -0.04252758 0.27305499 -0.03803850
v -0.02944253 0.27484637 -0.02750626
v -0.03029565 0.26912874 -0.02657050
v -0.04302432 0.26734701 -0.03702203
v -0.05860589 0.26669377 -0.04081989
v -0.07679901 0.26743594 -0.03673018
v -0.09292704 0.27501494 -0.02787768
v -0.09223311 0.26925811 -0.02693234
v -0.10159649 0.28555652 -0.01453394
v -0.10085447 0.27762124 -0.01412191
v -0.09988923 0.27179027 -0.01367864
v -0.11978055 0.29892108 0.00271322
v -0.10315710 0.28898132 0.00413047
v -0.10234179 0.28095376 0.00402407
v -0.10128436 0.27502385 0.00390065
v -0.12800139 0.31400982 0.03347629
v -0.11557721 0.30353087 0.03046965
v -0.10008367 0.29289496 0.02636084
v -0.09950607 0.28480068 0.02606368
v -0.09863272 0.27878538 0.02564756
v -0.11796968 0.33059657 0.06488060
v -0.11242122 0.31895202 0.06176484
v -0.10295191 0.30773854 0.05467000
v -0.09120545 0.29607287 0.04520054
v -0.09095333 0.28794703 0.04478650
v -0.09040146 0.28187883 0.04417118
v -0.07572403 0.28935423 0.05374703
v -0.07547364 0.28327116 0.05281222
v -0.07579713 0.29748192 0.05449000
v -0.08236818 0.31054419 0.06918590
v -0.08779402 0.32277489 0.08054973
v -0.09123196 0.33465770 0.08626088
v -0.05810694 0.28969005 0.05627340
v -0.05814228 0.28360420 0.05507050
v -0.05805849 0.29781711 0.05731741
v -0.05887412 0.31187299 0.07404688
v -0.05981339 0.32474324 0.08721204
v -0.04265815 0.28965673 0.05612122
v -0.04298916 0.28355879 0.05491255
v -0.04242403 0.29780099 0.05715656
v -0.03790764 0.31174049 0.07032658
v -0.02975480 0.28838718 0.04898240
v -0.03034070 0.28229713 0.04801256
v -0.02934236 0.29653704 0.04977573
v -0.02188112 0.30959865 0.05711769
v -0.01636429 0.32124457 0.06273198
v -0.03469999 0.32427755 0.08064571
v -0.01899978 0.29322165 0.03147110
v -0.01210668 0.30518195 0.03442303
v -0.02188112 0.30959865 0.05711769
v -0.00697599 0.31596303 0.03659751
v -0.01950508 0.28511173 0.03101965
v -0.03034070 0.28229713 0.04801256
v -0.00852110 0.29991910 0.00786700
v -0.00405208 0.31011489 0.00736330
v -0.01451915 0.28904238 0.00835610
v -0.00212472 0.31981784 0.00682697
v -0.01512055 0.28102174 0.00834235
v -0.00474554 0.32539684 0.03747141
v -0.00168602 0.33269212 0.00622617
v -0.02025643 0.27908206 0.03046219
v -0.01598377 0.27509609 0.00831531
v -0.01403569 0.33113384 0.06542428
v -0.00405481 0.33735955 0.03753880
v -0.00142346 0.35225627 0.00562136
v -0.02212500 0.27767596 0.02927965
v -0.01806688 0.27389002 0.00821562
v -0.03174167 0.28073895 0.04598357
v -0.02848250 0.28528851 0.02530081
v -0.02511312 0.28214514 0.00779959
v -0.03647189 0.28783289 0.03918828
v -0.04646821 0.28883713 0.04462835
v -0.04378129 0.28194711 0.05252554
v -0.04298916 0.28355879 0.05491255
v -0.05840829 0.28887799 0.04480609
v -0.05818729 0.28199545 0.05270649
v -0.05814228 0.28360420 0.05507050
v -0.07203227 0.28861317 0.04319381
v -0.07465619 0.28167683 0.05069298
v -0.07547364 0.28327116 0.05281222
v -0.08374364 0.28750700 0.03639385
v -0.08881813 0.28034592 0.04251112
v -0.09040146 0.28187883 0.04417118
v -0.09018508 0.28505707 0.02144253
v -0.09658904 0.27739677 0.02467600
v -0.09863272 0.27878538 0.02564756
v -0.09229228 0.28208584 0.00398225
v -0.09909490 0.27381894 0.00379914
v -0.10128436 0.27502385 0.00390065
v -0.09130301 0.27954116 -0.00978289
v -0.09784089 0.27075338 -0.01282407
v -0.09988923 0.27179027 -0.01367864
v -0.08536977 0.27754736 -0.02000779
v -0.09063950 0.26835147 -0.02525917
v -0.09223311 0.26925811 -0.02693234
v -0.07320303 0.27610064 -0.02770830
v -0.07596853 0.26661059 -0.03457871
v -0.07679901 0.26743594 -0.03673018
v -0.05883092 0.27551016 -0.03098479
v -0.05866020 0.26590025 -0.03852265
v -0.05860589 0.26669377 -0.04081989
v -0.04656534 0.27603987 -0.02794540
v -0.04388389 0.26653579 -0.03486802
v -0.04302432 0.26734701 -0.03702203
v -0.03653632 0.27745882 -0.01964482
v -0.03180342 0.26824263 -0.02487305
v -0.02852679 0.27948770 -0.00759625
v -0.03029565 0.26912874 -0.02657050
v -0.02216712 0.27068743 -0.01034228
v -0.02511312 0.28214514 0.00779959
v -0.01806688 0.27389002 0.00821562
v -0.02022273 0.27171037 -0.01125619
v -0.02944253 0.27484637 -0.02750626
v -0.01598377 0.27509609 0.00831531
v -0.01928187 0.27751383 -0.01179528
v -0.01512055 0.28102174 0.00834235
v -0.01851946 0.28541291 -0.01228809
v -0.02016739 0.29105198 -0.03811152
v -0.01451915 0.28904238 0.00835610
v -0.01095218 0.29526064 -0.01669579
v -0.01371867 0.30029643 -0.04608079
v -0.00852110 0.29991910 0.00786700
v -0.00528458 0.30515844 -0.02037041
v -0.01074168 0.31153324 -0.05107691
v -0.00405208 0.31011489 0.00736330
v -0.00280343 0.31572455 -0.02285109
v -0.00212472 0.31981784 0.00682697
v -0.00234391 0.32985076 -0.02476596
v -0.00168602 0.33269212 0.00622617
v -0.00236275 0.35024309 -0.02672878
v -0.00142346 0.35225627 0.00562136
v -0.00225457 0.37659031 -0.02820689
v -0.00105217 0.37797067 0.00545584
v -0.00875082 0.40772489 -0.06111261
v -0.00158509 0.40511408 -0.02876790
v -0.00056025 0.40541828 0.00599625
v 0.00000000 0.43559408 -0.06566557
v 0.00000000 0.41983002 -0.02907391
v -0.02534434 0.44557050 -0.08339788
v -0.00000000 0.41873011 0.00641977
v 0.00056025 0.40541825 0.00599625
v 0.00158509 0.40511400 -0.02876790
v 0.00105217 0.37797064 0.00545584
v 0.00225456 0.37659025 -0.02820689
v 0.00142345 0.35225627 0.00562136
v 0.00875081 0.40772489 -0.06111261
v 0.00236274 0.35024312 -0.02672878
v 0.00168601 0.33269209 0.00622617
v 0.01026492 0.37644190 -0.06047305
v 0.00234390 0.32985079 -0.02476596
v 0.00212471 0.31981781 0.00682696
v 0.01030484 0.34876779 -0.05806698
v 0.02794335 0.41287792 -0.08664622
v 0.02971559 0.37844250 -0.08809724
v 0.01026492 0.37644190 -0.06047305
v 0.00280343 0.31572455 -0.02285109
v 0.00405207 0.31011489 0.00736330
v 0.01013260 0.32703048 -0.05457526
v 0.00528458 0.30515841 -0.02037041
v 0.00852109 0.29991910 0.00786699
v 0.01074167 0.31153324 -0.05107691
v 0.01371866 0.30029643 -0.04608080
v 0.01095218 0.29526061 -0.01669579
v 0.01451914 0.28904238 0.00835610
v 0.02016738 0.29105198 -0.03811152
v 0.01851945 0.28541291 -0.01228809
v 0.01512055 0.28102174 0.00834235
v 0.02866750 0.28266257 -0.02832657
v 0.01928186 0.27751383 -0.01179529
v 0.01598376 0.27509615 0.00831531
v 0.02022272 0.27171037 -0.01125619
v 0.01806687 0.27389005 0.00821562
v 0.02944252 0.27484637 -0.02750627
v 0.03029564 0.26912874 -0.02657050
v 0.02216711 0.27068743 -0.01034228
v 0.02511312 0.28214514 0.00779959
v 0.02852678 0.27948770 -0.00759625
v 0.03180342 0.26824266 -0.02487306
v 0.04302431 0.26734701 -0.03702202
v 0.03653631 0.27745882 -0.01964482
v 0.04388388 0.26653579 -0.03486802
v 0.05860588 0.26669380 -0.04081988
v 0.04656532 0.27603984 -0.02794540
v 0.05866019 0.26590028 -0.03852265
v 0.07679901 0.26743594 -0.03673018
v 0.05883091 0.27551019 -0.03098479
v 0.07596853 0.26661059 -0.03457872
v 0.09223311 0.26925811 -0.02693234
v 0.07320303 0.27610064 -0.02770831
v 0.09063950 0.26835147 -0.02525916
v 0.09988923 0.27179027 -0.01367864
v 0.08536977 0.27754736 -0.02000779
v 0.09784089 0.27075341 -0.01282407
v 0.10128436 0.27502385 0.00390065
v 0.09130303 0.27954116 -0.00978289
v 0.09909490 0.27381894 0.00379914
v 0.09863272 0.27878532 0.02564756
v 0.09229229 0.28208584 0.00398224
v 0.09658907 0.27739683 0.02467600
v 0.09040146 0.28187883 0.04417117
v 0.09018508 0.28505707 0.02144253
v 0.08881814 0.28034592 0.04251112
v 0.07547363 0.28327116 0.05281222
v 0.08374365 0.28750700 0.03639385
v 0.07465618 0.28167683 0.05069298
v 0.05814227 0.28360420 0.05507050
v 0.07203225 0.28861314 0.04319380
v 0.05818728 0.28199551 0.05270649
v 0.04298915 0.28355879 0.05491255
v 0.05840828 0.28887802 0.04480609
v 0.04378128 0.28194708 0.05252554
v 0.04646820 0.28883716 0.04462835
v 0.03034069 0.28229713 0.04801256
v 0.03174166 0.28073892 0.04598358
v 0.03647188 0.28783286 0.03918829
v 0.02212499 0.27767593 0.02927965
v 0.02848249 0.28528851 0.02530080
v 0.02025642 0.27908206 0.03046219
v 0.01806687 0.27389005 0.00821562
v 0.02511312 0.28214514 0.00779959
v 0.01598376 0.27509615 0.00831531
v 0.01512055 0.28102174 0.00834235
v 0.01950507 0.28511173 0.03101965
v 0.01451914 0.28904238 0.00835610
v 0.02975480 0.28838718 0.04898240
v 0.01899978 0.29322165 0.03147110
v 0.00852109 0.29991910 0.00786699
v 0.01210667 0.30518192 0.03442302
v 0.00405207 0.31011489 0.00736330
v 0.02934236 0.29653704 0.04977573
v 0.00697599 0.31596303 0.03659751
v 0.00212471 0.31981781 0.00682696
v 0.02188111 0.30959862 0.05711768
v 0.01636428 0.32124457 0.06273198
v 0.00474553 0.32539687 0.03747140
v 0.00168601 0.33269209 0.00622617
v 0.00405480 0.33735958 0.03753880
v 0.00142345 0.35225627 0.00562136
v 0.01403569 0.33113381 0.06542427
v 0.00330352 0.35571924 0.03757416
v 0.00105217 0.37797064 0.00545584
v 0.01333680 0.34322426 0.06613358
v 0.00243070 0.38026774 0.03845628
v 0.00056025 0.40541825 0.00599625
v 0.01243128 0.36151326 0.06630202
v 0.00151448 0.40721810 0.04064904
v -0.00000000 0.41873011 0.00641977
v 0.00000000 0.42121607 0.04230959
v 0.01117386 0.38585636 0.06725071
v 0.00910747 0.41395801 0.06998566
v -0.00000000 0.44090283 0.07533322
v 0.03207194 0.39624196 0.08772559
v 0.02942060 0.42597026 0.08721706
v 0.02566861 0.45626116 0.08320225
v 0.00000000 0.48215538 0.07100015
v 0.02263272 0.48627460 0.07133908
v 0.00000000 0.51424468 0.05577354
v 0.01991210 0.51475525 0.05441247
v 0.04509042 0.49302006 0.06794599
v 0.03876454 0.51608676 0.04988465
v 0.05126696 0.46753949 0.08246303
v 0.05693938 0.43811694 0.09092719
v 0.06093095 0.40676391 0.09497319
v 0.06690663 0.49806488 0.05688414
v 0.05590193 0.51792037 0.04156155
v 0.07713670 0.47475955 0.07017132
v 0.08634479 0.50136340 0.03929290
v 0.07228587 0.51985550 0.02896802
v 0.08572936 0.44563356 0.07977185
v 0.05693938 0.43811694 0.09092719
v 0.09944639 0.47881570 0.04895025
v 0.10110050 0.50336194 0.01733915
v 0.08777982 0.52128637 0.01200563
v 0.09146896 0.41263199 0.08557101
v 0.11051934 0.44932851 0.05717753
v 0.11429411 0.48096550 0.02264657
v 0.10787486 0.50312424 -0.00734333
v 0.09623785 0.52086359 -0.00807047
v 0.12006239 0.48057571 -0.00634072
v 0.11588681 0.47688571 -0.03577379
v 0.10410435 0.49977913 -0.03292968
v 0.09234139 0.51756293 -0.02937519
v 0.10163073 0.47051510 -0.06261159
v 0.09116191 0.49409798 -0.05629769
v 0.08009110 0.51240468 -0.04885733
v 0.07836109 0.46245617 -0.08307905
v 0.07154966 0.48718208 -0.07397927
v 0.06459600 0.50673306 -0.06364464
v 0.04835050 0.47980997 -0.08242018
v 0.04607943 0.50114167 -0.07274668
v 0.05123068 0.45381176 -0.09126793
v 0.02427788 0.47300324 -0.08027692
v 0.02404461 0.49633935 -0.07625720
v 0.02534433 0.44557056 -0.08339788
v 0.00000000 0.46961278 -0.07625774
v -0.00000000 0.49424481 -0.07672465
v -0.02404461 0.49633935 -0.07625720
v -0.02427788 0.47300318 -0.08027691
v -0.04607943 0.50114167 -0.07274668
v -0.04835050 0.47980997 -0.08242018
v -0.06459600 0.50673306 -0.06364464
v 0.05490346 0.42023996 -0.09826668
v -0.07154966 0.48718205 -0.07397927
v -0.08009110 0.51240468 -0.04885733
v -0.09116189 0.49409798 -0.05629769
v -0.09234139 0.51756293 -0.02937519
v -0.10163072 0.47051507 -0.06261160
v -0.10410435 0.49977913 -0.03292968
v -0.09623785 0.52086359 -0.00807047
v -0.11588679 0.47688571 -0.03577380
v -0.10787486 0.50312430 -0.00734333
v -0.08777982 0.52128637 0.01200563
v -0.12006237 0.48057568 -0.00634072
v -0.10110050 0.50336200 0.01733915
v -0.07228587 0.51985550 0.02896802
v -0.08634480 0.50136340 0.03929290
v -0.05590193 0.51792037 0.04156155
v -0.06690663 0.49806485 0.05688414
v -0.03876454 0.51608676 0.04988465
v -0.07713670 0.47475955 0.07017134
v -0.04509042 0.49302006 0.06794601
v -0.01991210 0.51475525 0.05441247
v -0.08572938 0.44563359 0.07977187
v -0.02263272 0.48627466 0.07133907
v 0.00000000 0.51424468 0.05577354
v 0.00000000 0.48215538 0.07100015
v -0.05126697 0.46753949 0.08246304
v -0.02566862 0.45626116 0.08320225
v -0.00000000 0.44090283 0.07533322
v -0.05693938 0.43811694 0.09092720
v -0.05693938 0.43811694 0.09092720
v -0.09146897 0.41263199 0.08557101
v -0.06093096 0.40676385 0.09497320
v -0.02942060 0.42597026 0.08721706
v -0.09353609 0.37938336 0.08798846
v -0.00910747 0.41395801 0.06998567
v 0.00000000 0.42121607 0.04230959
v -0.03207195 0.39624202 0.08772561
v -0.06230692 0.37668338 0.09680343
v -0.09304907 0.35193607 0.08804517
v -0.00151449 0.40721810 0.04064904
v -0.00000000 0.41873011 0.00641977
v -0.00056025 0.40541828 0.00599625
v -0.01117386 0.38585633 0.06725071
v -0.00243071 0.38026774 0.03845628
v -0.00105217 0.37797067 0.00545584
v -0.01243128 0.36151326 0.06630203
v -0.00330353 0.35571924 0.03757416
v -0.01333681 0.34322426 0.06613358
v -0.03363338 0.33517897 0.08608669
v -0.03363432 0.34888738 0.08791673
v -0.06092055 0.33650744 0.09426811
v -0.06192212 0.35230500 0.09674846
v -0.03333199 0.36964831 0.08805392
v -0.01117386 0.38585633 0.06725071
v -0.07425995 0.30041468 -0.00892424
v -0.07761732 0.30154726 -0.00314421
v -0.05966528 0.33127373 0.00564985
v -0.08536977 0.27754736 -0.02000779
v -0.09130301 0.27954116 -0.00978289
v -0.07320303 0.27610064 -0.02770830
v -0.07816428 0.30299270 0.00466523
v -0.05966528 0.33127373 0.00564985
v -0.09229228 0.28208584 0.00398225
v -0.06735437 0.29959291 -0.01328477
v -0.05966528 0.33127373 0.00564985
v -0.05883092 0.27551016 -0.03098479
v -0.07695746 0.30468044 0.01461766
v -0.05966528 0.33127373 0.00564985
v -0.09018508 0.28505707 0.02144253
v -0.05919134 0.29925749 -0.01514398
v -0.05966528 0.33127373 0.00564985
v -0.04656534 0.27603987 -0.02794540
v -0.07330018 0.30607203 0.02314981
v -0.05966528 0.33127373 0.00564985
v -0.08374364 0.28750700 0.03639385
v -0.05222408 0.29955834 -0.01341783
v -0.05966528 0.33127373 0.00564985
v -0.03653632 0.27745882 -0.01964482
v -0.06666339 0.30670038 0.02701587
v -0.05966528 0.33127373 0.00564985
v -0.07203227 0.28861317 0.04319381
v -0.04652729 0.30036438 -0.00870515
v -0.05966528 0.33127373 0.00564985
v -0.02852679 0.27948770 -0.00759625
v -0.05894223 0.30685082 0.02791671
v -0.05966528 0.33127373 0.00564985
v -0.05840829 0.28887799 0.04480609
v -0.04197761 0.30151689 -0.00186612
v -0.05966528 0.33127373 0.00564985
v -0.02511312 0.28214514 0.00779959
v -0.04003854 0.30302638 0.00687625
v -0.05966528 0.33127373 0.00564985
v -0.05216778 0.30682760 0.02780753
v -0.05966528 0.33127373 0.00564985
v -0.04646821 0.28883713 0.04462835
v -0.04649068 0.30625713 0.02471396
v -0.05966528 0.33127373 0.00564985
v -0.03647189 0.28783289 0.03918828
v -0.04195245 0.30481187 0.01682047
v -0.05966528 0.33127373 0.00564985
v -0.02848250 0.28528851 0.02530081
v -0.04003854 0.30302638 0.00687625
v -0.02511312 0.28214514 0.00779959
v -0.05966528 0.33127373 0.00564985
v 0.08190566 0.58087695 -0.03040078
v 0.06955875 0.57704818 -0.05260300
v 0.07121518 0.57704818 -0.05335119
v 0.08340545 0.58087677 -0.03064110
v 0.07287163 0.57704818 -0.05409938
v 0.08682267 0.58335614 -0.01002206
v 0.08821385 0.58335382 -0.00975251
v 0.07935660 0.58358580 0.00731752
v 0.08071920 0.58357888 0.00810025
v 0.06446066 0.58246565 0.02283360
v 0.06584271 0.58245271 0.02413153
v 0.06722474 0.58243954 0.02542945
v 0.15829280 0.69651395 -0.01566553
v 0.15628779 0.70044971 -0.02241395
v 0.15255149 0.70406109 -0.02328123
v 0.15850514 0.70697373 -0.02594561
v 0.15092675 0.71404904 -0.02623075
v 0.15935798 0.71646702 -0.02657935
v 0.15497404 0.70829493 -0.02579480
v 0.15442394 0.71617776 -0.02690265
v 0.15057449 0.72708136 -0.02811246
v 0.15428032 0.72719765 -0.02755481
v 0.15090467 0.73873448 -0.02683117
v 0.15264171 0.74631011 -0.02420424
v 0.15479448 0.75323552 -0.01758936
v 0.15460223 0.73661858 -0.02736860
v 0.15530019 0.74228251 -0.02649911
v 0.15671298 0.74809295 -0.02319050
v 0.16062827 0.74691260 -0.02212070
v 0.15920997 0.74243724 -0.02648761
v 0.15460223 0.73661858 -0.02736860
v 0.16358520 0.74162120 -0.02551113
v 0.15985404 0.73567027 -0.02687482
v 0.16455998 0.73501241 -0.02525795
v 0.16425213 0.72655237 -0.02424966
v 0.04317752 0.57203799 -0.07528091
v 0.04322593 0.57203799 -0.07711390
v 0.04395623 0.59340805 -0.08058987
v 0.04393101 0.59340799 -0.07882724
v 0.04312911 0.57203799 -0.07344792
v 0.04429887 0.61778909 -0.08287600
v 0.04390580 0.59340805 -0.07706464
v 0.05634393 0.57454288 -0.06302546
v 0.04429080 0.61778915 -0.08114044
v 0.04401435 0.64647239 -0.08287660
v 0.05747293 0.59471279 -0.06726883
v 0.06955875 0.57704818 -0.05260300
v 0.04428273 0.61778915 -0.07940487
v 0.04401333 0.64647233 -0.08109337
v 0.04345520 0.67387068 -0.07987195
v 0.07104007 0.59601766 -0.05747304
v 0.07121518 0.57704818 -0.05335119
v 0.05796825 0.61820662 -0.07050653
v 0.04401232 0.64647239 -0.07931013
v 0.04428273 0.61778915 -0.07940487
v 0.04345518 0.67387056 -0.07798264
v 0.04297033 0.69458163 -0.07355499
v 0.07223457 0.59601766 -0.05825524
v 0.07287163 0.57704818 -0.05409938
v 0.07342909 0.59601772 -0.05903746
v 0.07165374 0.61862409 -0.06160818
v 0.07249697 0.61862403 -0.06247533
v 0.07334022 0.61862409 -0.06334248
v 0.07072294 0.64657658 -0.06421746
v 0.07141287 0.64657664 -0.06523924
v 0.07210283 0.64657664 -0.06626103
v 0.06833351 0.67387050 -0.06428570
v 0.06906189 0.67387062 -0.06542200
v 0.06979026 0.67387062 -0.06655828
v 0.06575974 0.69456571 -0.06227410
v 0.06664329 0.69458860 -0.06338366
v 0.06487620 0.69454271 -0.06116453
v 0.06209778 0.71069080 -0.05690071
v 0.06299675 0.71087420 -0.05790476
v 0.06119883 0.71050751 -0.05589665
v 0.05867781 0.72528368 -0.05056951
v 0.05926257 0.72582555 -0.05147469
v 0.05809307 0.72474170 -0.04966433
v 0.05586843 0.73744673 -0.04334383
v 0.05606733 0.73829865 -0.04417062
v 0.05566954 0.73659474 -0.04251706
v 0.05385645 0.74495620 -0.03446497
v 0.05388131 0.74584526 -0.03521998
v 0.05390618 0.74673438 -0.03597498
v 0.05253335 0.75049913 -0.02649382
v 0.05253335 0.75132567 -0.02713065
v 0.05253335 0.75215226 -0.02776748
v 0.05157787 0.75423211 -0.01937951
v 0.05157787 0.75510573 -0.01981631
v 0.05157787 0.75597942 -0.02025312
v 0.05090817 0.75671971 -0.01208238
v 0.05090816 0.75770456 -0.01231162
v 0.05090816 0.75868928 -0.01254088
v 0.05046403 0.75835496 -0.00354876
v 0.05046402 0.75942492 -0.00363874
v 0.05046402 0.76049483 -0.00372873
v 0.05023120 0.75929153 0.00551574
v 0.05023120 0.76040637 0.00552449
v 0.05023120 0.76152104 0.00553325
v 0.05015620 0.75959605 0.01408895
v 0.05015619 0.76072341 0.01419789
v 0.05015619 0.76185083 0.01430684
v 0.04998269 0.75923216 0.02164179
v 0.04998268 0.76036018 0.02184759
v 0.04998268 0.76148808 0.02205338
v 0.04945750 0.75805831 0.02804599
v 0.04945749 0.75918698 0.02836638
v 0.04945749 0.76031554 0.02868677
v 0.04854269 0.75561619 0.03428356
v 0.04854268 0.75671238 0.03490760
v 0.04854268 0.75780863 0.03553165
v 0.04709021 0.75125462 0.04106847
v 0.04709021 0.75224274 0.04230473
v 0.04709020 0.75323105 0.04354100
v 0.04429640 0.74386388 0.04693241
v 0.04429639 0.74463242 0.04885152
v 0.04429640 0.74540114 0.05077062
v 0.03952072 0.73278993 0.05037720
v 0.03952072 0.73322892 0.05277828
v 0.03952072 0.73366803 0.05517936
v 0.03343089 0.71965563 0.05196793
v 0.03343089 0.71980029 0.05460175
v 0.03343089 0.71994501 0.05723559
v 0.02688250 0.70629501 0.05531346
v 0.02688250 0.70631331 0.05795719
v 0.02688250 0.70627677 0.05266974
v 0.02017440 0.69296390 0.05551767
v 0.02017440 0.69296390 0.05805041
v 0.01715652 0.70652550 0.05299484
v 0.02432610 0.72007281 0.05224460
v 0.02017440 0.69296390 0.05298496
v 0.01608911 0.68607116 0.05429445
v 0.01608911 0.68607116 0.05682717
v 0.01608911 0.68607110 0.05176172
v 0.01200382 0.67917848 0.05053850
v 0.01200382 0.67917848 0.05307122
v 0.01200382 0.67917848 0.05560395
v 0.01550749 0.67229027 0.04852095
v 0.01550749 0.67229027 0.05105368
v 0.01550749 0.67229027 0.05358640
v 0.01901117 0.66540205 0.04650342
v 0.01901117 0.66540205 0.04903614
v 0.01901117 0.66540211 0.05156887
v 0.02680693 0.65157717 0.04472101
v 0.02690458 0.65157509 0.04706752
v 0.02670928 0.65157938 0.04237453
v 0.03453776 0.63775223 0.04092179
v 0.03480544 0.63774794 0.04307137
v 0.03427007 0.63775671 0.03877219
v 0.04162953 0.62393385 0.03590590
v 0.02351473 0.63542473 0.04022759
v 0.04218183 0.62392724 0.03784167
v 0.04273413 0.62392074 0.03977745
v 0.04901674 0.61011118 0.03271679
v 0.04988986 0.61010236 0.03443343
v 0.05076297 0.61009383 0.03615008
v 0.01654484 0.64890260 0.04320545
v 0.05780184 0.59627748 0.02970449
v 0.05894751 0.59626675 0.03120910
v 0.05665616 0.59628850 0.02819987
v 0.06584271 0.58245271 0.02413153
v 0.06722474 0.58243954 0.02542945
v 0.06446066 0.58246565 0.02283360
v 0.05136379 0.58150995 0.02969214
v 0.04427269 0.59498954 0.03328770
v 0.03826692 0.58055419 0.03655068
v 0.03726448 0.60846841 0.03624015
v 0.03188922 0.59369045 0.03837555
v 0.03860661 0.58055419 0.03867368
v 0.03216676 0.59368825 0.04053774
v 0.03894629 0.58055419 0.04079670
v 0.03244430 0.59368610 0.04269992
v 0.02551222 0.60682589 0.03976350
v 0.02569445 0.60682237 0.04192159
v 0.02587667 0.60681891 0.04407969
v 0.01913615 0.61995995 0.04055287
v 0.01917884 0.61995649 0.04263487
v 0.01922154 0.61995316 0.04471687
v 0.01275938 0.63309300 0.04168298
v 0.01269571 0.63309062 0.04364626
v 0.01263203 0.63308835 0.04560954
v 0.00631539 0.64622486 0.04587483
v 0.00625038 0.64622372 0.04771328
v 0.00638039 0.64622593 0.04403638
v 0.00000000 0.65935892 0.04888172
v 0.00000000 0.65935892 0.05059600
v 0.00000000 0.65935892 0.04716744
v 0.00950558 0.66238046 0.04683542
v 0.01550749 0.67229027 0.04852095
v 0.00775375 0.67077953 0.04885297
v 0.00000000 0.66926873 0.04918498
v 0.01200382 0.67917848 0.05053850
v 0.00600191 0.67917848 0.05087050
v 0.00000000 0.67917848 0.05120252
v 0.01608911 0.68607110 0.05176172
v 0.00804456 0.68607110 0.05209374
v 0.00000000 0.68607110 0.05242575
v 0.01008720 0.69296378 0.05331697
v 0.00000000 0.69296384 0.05364898
v 0.00743055 0.70677423 0.05331993
v 0.00000000 0.69296384 0.05536326
v 0.00743055 0.70679015 0.05504205
v 0.00000000 0.69296384 0.05707753
v 0.00743055 0.70680618 0.05676416
v 0.01522131 0.72048998 0.05252128
v 0.01522131 0.72063440 0.05429821
v 0.01522131 0.72077888 0.05607515
v 0.02337845 0.73374403 0.05070980
v 0.02337845 0.73418319 0.05257351
v 0.02337845 0.73462236 0.05443722
v 0.03049209 0.74508071 0.04704779
v 0.03049209 0.74579996 0.04876704
v 0.03049209 0.74651927 0.05048631
v 0.03521551 0.75313503 0.04109710
v 0.03521550 0.75394762 0.04225263
v 0.03521551 0.75476032 0.04340816
v 0.03787059 0.75799292 0.03431228
v 0.03787059 0.75880855 0.03484537
v 0.03787060 0.75962430 0.03537847
v 0.03915895 0.76019979 0.02808961
v 0.03915895 0.76105899 0.02831867
v 0.03915896 0.76191843 0.02854772
v 0.03963242 0.76068580 0.02169983
v 0.03963242 0.76162899 0.02183774
v 0.03963242 0.76257229 0.02197564
v 0.03975249 0.76137567 0.01423064
v 0.03975249 0.76240814 0.01430250
v 0.03975249 0.76034337 0.01415878
v 0.03976908 0.75952888 0.00558825
v 0.03976908 0.76061338 0.00558496
v 0.03976908 0.76169783 0.00558168
v 0.03983858 0.75838274 -0.00348755
v 0.03983858 0.75944865 -0.00357904
v 0.03983858 0.76051497 -0.00367052
v 0.03995486 0.75671679 -0.01204072
v 0.03995486 0.75770140 -0.01226997
v 0.03995486 0.75868618 -0.01249923
v 0.04006106 0.75422239 -0.01936376
v 0.04006244 0.75509644 -0.01979503
v 0.04006383 0.75597054 -0.02022631
v 0.04005999 0.75043583 -0.02653430
v 0.04007105 0.75126582 -0.02712683
v 0.04008210 0.75209600 -0.02771936
v 0.03995754 0.74477595 -0.03470218
v 0.03998933 0.74567521 -0.03535471
v 0.04002111 0.74657458 -0.03600725
v 0.04025628 0.73721027 -0.04436957
v 0.04030050 0.73807657 -0.04521808
v 0.04021205 0.73634410 -0.04352107
v 0.04117038 0.72456139 -0.05238907
v 0.04120217 0.72511357 -0.05375147
v 0.04123396 0.72566587 -0.05511387
v 0.04228088 0.71044475 -0.06117828
v 0.04229194 0.71063167 -0.06303553
v 0.04230300 0.71081859 -0.06489281
v 0.04296756 0.69453502 -0.06958064
v 0.04296894 0.69455844 -0.07156781
v 0.04345517 0.67387068 -0.07609337
v 0.05736763 0.64652431 -0.07176378
v 0.07165374 0.61862409 -0.06160818
v 0.04345517 0.67387068 -0.07609337
v 0.07072294 0.64657658 -0.06421746
v 0.05589435 0.67387050 -0.07018954
v 0.04296756 0.69453502 -0.06958064
v 0.05392188 0.69453871 -0.06537259
v 0.04228088 0.71044475 -0.06117828
v 0.05173986 0.71047610 -0.05853747
v 0.04117038 0.72456139 -0.05238907
v 0.04963172 0.72465128 -0.05102670
v 0.04021205 0.73634410 -0.04352107
v 0.04794080 0.73646933 -0.04301907
v 0.05566954 0.73659474 -0.04251706
v 0.04690699 0.74486583 -0.03458356
v 0.04005999 0.75043583 -0.02653430
v 0.05385645 0.74495620 -0.03446497
v 0.04629669 0.75046748 -0.02651406
v 0.04006106 0.75422239 -0.01936376
v 0.05253335 0.75049913 -0.02649382
v 0.04581947 0.75422716 -0.01937164
v 0.03995486 0.75671679 -0.01204072
v 0.05157787 0.75423211 -0.01937951
v 0.04543151 0.75671834 -0.01206155
v 0.03983858 0.75838274 -0.00348755
v 0.05090817 0.75671971 -0.01208238
v 0.04515130 0.75836873 -0.00351815
v 0.03976908 0.75952888 0.00558825
v 0.05046403 0.75835496 -0.00354876
v 0.04500014 0.75941026 0.00555199
v 0.03975249 0.76034337 0.01415878
v 0.05023120 0.75929153 0.00551574
v 0.04495434 0.75996971 0.01412386
v 0.05015620 0.75959605 0.01408895
v 0.04480754 0.75995904 0.02167081
v 0.03915895 0.76019979 0.02808961
v 0.04998269 0.75923216 0.02164179
v 0.04430822 0.75912893 0.02806780
v 0.03787059 0.75799292 0.03431228
v 0.04945750 0.75805831 0.02804599
v 0.04320664 0.75680447 0.03429791
v 0.03521551 0.75313503 0.04109710
v 0.04854269 0.75561619 0.03428356
v 0.04115286 0.75219476 0.04108278
v 0.03049209 0.74508071 0.04704779
v 0.04709021 0.75125462 0.04106847
v 0.03739425 0.74447232 0.04699009
v 0.02337845 0.73374403 0.05070980
v 0.04429640 0.74386388 0.04693241
v 0.03144959 0.73326683 0.05054349
v 0.01522131 0.72048998 0.05252128
v 0.03952072 0.73278993 0.05037720
v 0.03343089 0.71965563 0.05196793
v 0.05046402 0.76049483 -0.00372873
v 0.05023120 0.76152104 0.00553325
v 0.04500014 0.76160938 0.00555747
v 0.04515130 0.76050466 -0.00369962
v 0.05090816 0.75868928 -0.01254088
v 0.04543151 0.75868767 -0.01252005
v 0.05157787 0.75597942 -0.02025312
v 0.04582085 0.75597501 -0.02023971
v 0.05253335 0.75215226 -0.02776748
v 0.04630774 0.75212419 -0.02774342
v 0.05390618 0.74673438 -0.03597498
v 0.04696364 0.74665433 -0.03599111
v 0.05606733 0.73829865 -0.04417062
v 0.04818391 0.73818755 -0.04469435
v 0.03983858 0.76051497 -0.00367052
v 0.03995486 0.75868618 -0.01249923
v 0.03976908 0.76169783 0.00558168
v 0.04006383 0.75597054 -0.02022631
v 0.04008210 0.75209600 -0.02771936
v 0.04002111 0.74657458 -0.03600725
v 0.04030050 0.73807657 -0.04521808
v 0.03975249 0.76240814 0.01430250
v 0.04495433 0.76212949 0.01430467
v 0.05023120 0.76152104 0.00553325
v 0.03963242 0.76257229 0.02197564
v 0.05015619 0.76185083 0.01430684
v 0.04480754 0.76203018 0.02201451
v 0.03915896 0.76191843 0.02854772
v 0.04998268 0.76148808 0.02205338
v 0.04430822 0.76111686 0.02861725
v 0.03787060 0.75962430 0.03537847
v 0.04945749 0.76031554 0.02868677
v 0.04320664 0.75871634 0.03545505
v 0.03521551 0.75476032 0.04340816
v 0.04854268 0.75780863 0.03553165
v 0.04115286 0.75399560 0.04347458
v 0.03049209 0.74651927 0.05048631
v 0.04709020 0.75323105 0.04354100
v 0.03739424 0.74596024 0.05062846
v 0.02337845 0.73462236 0.05443722
v 0.04429640 0.74540114 0.05077062
v 0.03144959 0.73414516 0.05480830
v 0.01522131 0.72077888 0.05607515
v 0.03952072 0.73366803 0.05517936
v 0.02432610 0.72036195 0.05665537
v 0.00743055 0.70680618 0.05676416
v 0.03343089 0.71994501 0.05723559
v 0.01715652 0.70655984 0.05736067
v 0.00000000 0.69296384 0.05707753
v 0.02688250 0.70631331 0.05795719
v 0.01008720 0.69296378 0.05756397
v 0.00000000 0.68607116 0.05585431
v 0.02017440 0.69296390 0.05805041
v 0.00804456 0.68607116 0.05634074
v 0.00000000 0.67917848 0.05463108
v 0.01608911 0.68607116 0.05682717
v 0.00600191 0.67917848 0.05511751
v 0.00000000 0.66926885 0.05261354
v 0.01200382 0.67917848 0.05560395
v 0.00775375 0.67077947 0.05309998
v 0.00000000 0.65935892 0.05059600
v 0.01550749 0.67229027 0.05358640
v 0.00950558 0.66238046 0.05108243
v 0.01901117 0.66540211 0.05156887
v 0.05264987 0.71084648 -0.06139878
v 0.06664329 0.69458860 -0.06338366
v 0.06299675 0.71087420 -0.05790476
v 0.05480681 0.69458503 -0.06846933
v 0.06979026 0.67387062 -0.06655828
v 0.05662274 0.67387062 -0.07321512
v 0.04297033 0.69458163 -0.07355499
v 0.04345520 0.67387068 -0.07987195
v 0.04230300 0.71081859 -0.06489281
v 0.04123396 0.72566587 -0.05511387
v 0.04230300 0.71081859 -0.06489281
v 0.05024825 0.72574550 -0.05329428
v 0.06299675 0.71087420 -0.05790476
v 0.04030050 0.73807657 -0.04521808
v 0.05926257 0.72582555 -0.05147469
v 0.05606733 0.73829865 -0.04417062
v 0.04287064 0.75984806 0.02100050
v 0.03811847 0.75719488 0.03237510
v 0.03856069 0.75891578 0.03303623
v 0.04277033 0.75784540 0.02067811
v 0.04486581 0.75976080 0.00731506
v 0.03617682 0.75789267 0.03157343
v 0.04520721 0.75749952 0.00730094
v 0.04517978 0.75874329 -0.00549356
v 0.04062809 0.75797588 0.02025802
v 0.03360600 0.76088667 0.03099472
v 0.04576438 0.75642020 -0.00519287
v 0.04389233 0.75625253 -0.01691603
v 0.03728540 0.76046294 0.01990550
v 0.03199711 0.76428533 0.03102841
v 0.04302465 0.75707942 0.00722994
v 0.04451319 0.75401074 -0.01633633
v 0.04106144 0.75191015 -0.02695554
v 0.03489256 0.76365536 0.01987670
v 0.03262055 0.76606303 0.03185980
v 0.03912074 0.75904125 0.00712643
v 0.04350480 0.75562316 -0.00496181
v 0.04159532 0.74979919 -0.02618843
v 0.03721154 0.74663085 -0.03564849
v 0.03528322 0.76566678 0.02031986
v 0.03474344 0.76542217 0.03283173
v 0.03771582 0.76554507 0.02086073
v 0.04215374 0.75308001 -0.01574097
v 0.03601279 0.76200354 0.00706122
v 0.03595276 0.76425141 0.00709236
v 0.03841669 0.76465786 0.00718039
v 0.03932913 0.75703132 -0.00492301
v 0.03769820 0.74467516 -0.03481565
v 0.03290582 0.74138200 -0.04303946
v 0.03533566 0.76201564 -0.00544818
v 0.03769612 0.76287305 -0.00572570
v 0.03581940 0.75963235 -0.00510104
v 0.03917285 0.74898237 -0.02509538
v 0.03793135 0.75412929 -0.01548766
v 0.03351828 0.73959827 -0.04226671
v 0.02839604 0.73604548 -0.04917287
v 0.03358538 0.75881815 -0.01627892
v 0.03583233 0.75990027 -0.01689190
v 0.03431875 0.75642496 -0.01568160
v 0.03502367 0.75004333 -0.02438926
v 0.03528115 0.74404258 -0.03329632
v 0.02924274 0.73444515 -0.04851197
v 0.02383374 0.73031610 -0.05424733
v 0.03075529 0.75454444 -0.02499333
v 0.03296429 0.75552922 -0.02597402
v 0.03150267 0.75226551 -0.02433857
v 0.03120039 0.74524504 -0.03209269
v 0.03118874 0.73904848 -0.04060310
v 0.02492253 0.72890180 -0.05366619
v 0.01928080 0.72422016 -0.05907822
v 0.02705126 0.74952644 -0.03229855
v 0.02924604 0.75026965 -0.03359575
v 0.02776018 0.74746001 -0.03168783
v 0.02705235 0.73391008 -0.04694345
v 0.02707666 0.74024767 -0.03909834
v 0.02057283 0.72297490 -0.05850048
v 0.01476607 0.71787053 -0.06441306
v 0.02273093 0.74412227 -0.03900020
v 0.02486768 0.74468440 -0.04046035
v 0.02353620 0.74232650 -0.03843092
v 0.02288769 0.72837740 -0.05231732
v 0.02285305 0.73496848 -0.04540535
v 0.01620078 0.71676195 -0.06374283
v 0.01027576 0.71139258 -0.07011096
v 0.01810666 0.73835069 -0.04518409
v 0.02014850 0.73882961 -0.04662161
v 0.01910194 0.73680651 -0.04465417
v 0.01869996 0.72244406 -0.05734510
v 0.01861653 0.72923100 -0.05100271
v 0.01181713 0.71040106 -0.06929284
v 0.01619212 0.70107543 -0.07907829
v 0.01346917 0.73216456 -0.05085118
v 0.01540062 0.73264438 -0.05209691
v 0.01466137 0.73079497 -0.05037316
v 0.01441444 0.72307897 -0.05633969
v 0.01449299 0.71618396 -0.06263724
v 0.01871664 0.70035744 -0.07804351
v 0.02144724 0.69167858 -0.08720634
v 0.02451501 0.69073564 -0.08637021
v 0.00896821 0.72559386 -0.05638249
v 0.01077816 0.72610193 -0.05740736
v 0.01032315 0.72437143 -0.05593526
v 0.01022917 0.71662045 -0.06185409
v 0.01027576 0.70975083 -0.06814412
v 0.01683822 0.69888717 -0.07740386
v 0.02264084 0.68903899 -0.08581804
v 0.00459262 0.71871662 -0.06213727
v 0.00618538 0.71925658 -0.06304421
v 0.00597110 0.71766508 -0.06164736
v 0.00590856 0.71000463 -0.06749155
v 0.01082096 0.69753838 -0.07771171
v 0.01523686 0.68597931 -0.08731796
v 0.00000000 0.71082330 -0.06720654
v 0.00000000 0.71170962 -0.06802549
v 0.00000000 0.71259582 -0.06884445
v 0.00459848 0.69697517 -0.07857723
v 0.00735327 0.68450701 -0.08859605
v 0.00248678 0.69760847 -0.07948321
v 0.00460677 0.69901294 -0.07997567
v 0.00516503 0.68464929 -0.09005152
v 0.00735155 0.68707097 -0.08994652
v 0.07342909 0.59601772 -0.05903746
v 0.05804878 0.57454288 -0.06560664
v 0.07287163 0.57704818 -0.05409938
v 0.05869265 0.59471279 -0.06981365
v 0.04322593 0.57203799 -0.07711390
v 0.04395623 0.59340805 -0.08058987
v 0.07334022 0.61862409 -0.06334248
v 0.05881956 0.61820668 -0.07310924
v 0.04429887 0.61778909 -0.08287600
v 0.05805858 0.64652455 -0.07456882
v 0.07210283 0.64657664 -0.06626103
v 0.04401435 0.64647239 -0.08287660
v 0.04429887 0.61778909 -0.08287600
v 0.04345520 0.67387068 -0.07987195
v 0.05662274 0.67387062 -0.07321512
v 0.06979026 0.67387062 -0.06655828
v 0.03244430 0.59368610 0.04269992
v 0.05308552 0.58149689 0.03311308
v 0.03894629 0.58055419 0.04079670
v 0.04569590 0.59497625 0.03695451
v 0.06722474 0.58243954 0.02542945
v 0.02587667 0.60681891 0.04407969
v 0.05894751 0.59626675 0.03120910
v 0.03831982 0.60845613 0.04011488
v 0.01922154 0.61995316 0.04471687
v 0.05076297 0.61009383 0.03615008
v 0.03097784 0.62193698 0.04224716
v 0.01263203 0.63308835 0.04560954
v 0.04273413 0.62392074 0.03977745
v 0.02371873 0.63541812 0.04434045
v 0.00625038 0.64622372 0.04771328
v 0.03480544 0.63774794 0.04307137
v 0.01657748 0.64889920 0.04739039
v 0.00000000 0.65935892 0.05059600
v 0.02690458 0.65157509 0.04706752
v 0.00950558 0.66238046 0.05108243
v 0.01901117 0.66540211 0.05156887
v 0.01969722 0.71207184 -0.07100563
v 0.02251372 0.71403694 -0.06962961
v 0.02203380 0.71618485 -0.07000527
v 0.01925416 0.71435517 -0.07139774
v 0.01667031 0.71036869 -0.07219813
v 0.02159776 0.71834350 -0.06988307
v 0.01629083 0.71271533 -0.07261790
v 0.01329273 0.70910227 -0.07308484
v 0.01881616 0.71685910 -0.07145198
v 0.01302135 0.71139216 -0.07355088
v 0.00970476 0.70809799 -0.07378805
v 0.01838760 0.71972603 -0.07082432
v 0.02123675 0.72051233 -0.06894342
v 0.01587578 0.71548373 -0.07272431
v 0.01540317 0.71893716 -0.07212961
v 0.01490549 0.72270614 -0.07014855
v 0.01797018 0.72278643 -0.06914636
v 0.02093092 0.72264516 -0.06758013
v 0.00956818 0.71025914 -0.07431157
v 0.00485238 0.70716739 -0.07443968
v 0.01267076 0.71429032 -0.07350232
v 0.01540317 0.71893716 -0.07212961
v 0.01758225 0.72569960 -0.06632042
v 0.02065974 0.72459400 -0.06623755
v 0.01444307 0.72621578 -0.06648117
v 0.01731137 0.72775358 -0.06335649
v 0.02045113 0.72584850 -0.06484921
v 0.01413321 0.72870207 -0.06266598
v 0.00478409 0.70936620 -0.07497265
v 0.00000000 0.70674437 -0.07473589
v 0.01120103 0.72574884 -0.06677172
v 0.01166756 0.72225654 -0.07021072
v 0.01089106 0.72805637 -0.06331250
v 0.00761052 0.72645432 -0.06476124
v 0.00930697 0.71320629 -0.07398376
v 0.00465348 0.71245176 -0.07480010
v 0.00000000 0.71210903 -0.07517119
v 0.00789728 0.72469246 -0.06714017
v 0.01219331 0.71814394 -0.07247550
v 0.01490549 0.72270614 -0.07014855
v 0.00884819 0.71734816 -0.07224580
v 0.00442410 0.71693164 -0.07334689
v 0.00000000 0.71674246 -0.07384740
v 0.00832567 0.72158521 -0.06970886
v 0.00416283 0.72179967 -0.07055943
v 0.00000000 0.72189718 -0.07094607
v 0.00394864 0.72582269 -0.06674042
v 0.00000000 0.72633636 -0.06655874
v 0.00380526 0.72837520 -0.06309627
v 0.00000000 0.72924840 -0.06233946
v 0.00380526 0.72837520 -0.06309627
v 0.00000000 0.73023200 -0.05980775
v 0.00373424 0.72922468 -0.06068659
v 0.00000000 0.73009968 -0.05838239
v 0.00761052 0.72645432 -0.06476124
v 0.00370358 0.72910273 -0.05908047
v 0.00746847 0.72700930 -0.06262004
v 0.01089106 0.72805637 -0.06331250
v 0.00740717 0.72690934 -0.06061626
v 0.01079568 0.72891241 -0.06090457
v 0.01082596 0.72893238 -0.05919976
v 0.01406188 0.72964197 -0.06021389
v 0.01731137 0.72775358 -0.06335649
v 0.01413263 0.72966468 -0.05868695
v 0.01722641 0.72841585 -0.06123117
v 0.02045113 0.72584850 -0.06484921
v 0.01725240 0.72824609 -0.05968027
v 0.02032994 0.72601640 -0.06327324
v 0.02026005 0.72553688 -0.06157727
v 0.02189469 0.72626764 -0.06282693
v 0.02183821 0.72598583 -0.06126303
v 0.02209584 0.72601020 -0.06426296
v 0.02045113 0.72584850 -0.06484921
v 0.02344254 0.72601837 -0.06279223
v 0.02355157 0.72585553 -0.06135419
v 0.02260347 0.72485620 -0.06552646
v 0.02065974 0.72459400 -0.06623755
v 0.02327958 0.72588319 -0.06387964
v 0.02412809 0.72497123 -0.06467741
v 0.02311940 0.72309697 -0.06677260
v 0.02093092 0.72264516 -0.06758013
v 0.02495632 0.72492933 -0.06350472
v 0.02492778 0.72333950 -0.06583709
v 0.02339503 0.72121656 -0.06799508
v 0.02123675 0.72051233 -0.06894342
v 0.02540694 0.72473913 -0.06213581
v 0.02355157 0.72585553 -0.06135419
v 0.02689750 0.72291714 -0.06341168
v 0.02610269 0.72323298 -0.06468835
v 0.02746403 0.72078830 -0.06490229
v 0.02646548 0.72135323 -0.06600273
v 0.02685104 0.71854055 -0.06647620
v 0.02519197 0.72158867 -0.06701738
v 0.02365483 0.71943349 -0.06875015
v 0.02159776 0.71834350 -0.06988307
v 0.02587052 0.71951836 -0.06731499
v 0.02503749 0.72021282 -0.06779477
v 0.02424776 0.71783388 -0.06865247
v 0.02203380 0.71618485 -0.07000527
v 0.02502215 0.71628481 -0.06805567
v 0.02251372 0.71403694 -0.06962961
v 0.04162953 0.62393385 0.03590590
v 0.04901674 0.61011118 0.03271679
v 0.03038284 0.62194687 0.03822938
v 0.03427007 0.63775671 0.03877219
v 0.02551222 0.60682589 0.03976350
v 0.01913615 0.61995995 0.04055287
v 0.01275938 0.63309300 0.04168298
v 0.16366719 0.69671249 0.00548584
v 0.16402918 0.69822001 0.01139170
v 0.15920424 0.69997382 0.01132342
v 0.15886703 0.69856972 0.00582300
v 0.16223791 0.69536185 -0.00048293
v 0.14991331 0.70160270 0.01124728
v 0.15753576 0.69731200 0.00026400
v 0.15977944 0.69721258 -0.00621238
v 0.14960372 0.70031381 0.00619902
v 0.13531385 0.70379454 0.01113208
v 0.15524606 0.69903547 -0.00507211
v 0.15842457 0.70083821 -0.01184199
v 0.14838180 0.69915932 0.00109700
v 0.13504605 0.70268071 0.00676785
v 0.11767126 0.70637578 0.01099174
v 0.11745445 0.70547503 0.00746089
v 0.13398957 0.70168281 0.00235713
v 0.11659951 0.70466816 0.00389244
v 0.15398419 0.70241207 -0.01031524
v 0.15992144 0.70448339 -0.01717488
v 0.14628036 0.70074123 -0.00380045
v 0.13217278 0.70305032 -0.00187674
v 0.11512968 0.70577443 0.00046707
v 0.15537821 0.70580536 -0.01528179
v 0.16239034 0.70954108 -0.02022709
v 0.14512214 0.70384037 -0.00861256
v 0.13117151 0.70572948 -0.00603684
v 0.11431956 0.70794213 -0.00289862
v 0.15767755 0.71050227 -0.01812285
v 0.16367920 0.71737218 -0.01966770
v 0.14640154 0.70695823 -0.01317257
v 0.13227746 0.70843703 -0.00997937
v 0.11521424 0.71015173 -0.00608753
v 0.15887797 0.71776742 -0.01759806
v 0.16417454 0.72606874 -0.01856519
v 0.14851177 0.71129370 -0.01579221
v 0.13410169 0.71226931 -0.01224677
v 0.11669007 0.71338660 -0.00791663
v 0.15933923 0.72585326 -0.01656672
v 0.16448207 0.73339641 -0.01970404
v 0.14961347 0.71801782 -0.01533407
v 0.13505404 0.71827215 -0.01185018
v 0.11746053 0.71854514 -0.00757463
v 0.15962565 0.73270315 -0.01762420
v 0.16354719 0.73907995 -0.02033316
v 0.15003687 0.72549671 -0.01438573
v 0.13542004 0.72491252 -0.01098947
v 0.11775659 0.72419214 -0.00680330
v 0.15875494 0.73803020 -0.01821042
v 0.16071756 0.74346727 -0.01743746
v 0.15029971 0.73180771 -0.01530345
v 0.13564724 0.73040289 -0.01168429
v 0.11794040 0.72868067 -0.00722628
v 0.15611954 0.74212474 -0.01551828
v 0.15861085 0.74743474 -0.01248139
v 0.14950058 0.73667765 -0.01579315
v 0.13495636 0.73451829 -0.01204479
v 0.11738143 0.73185432 -0.00744174
v 0.15415740 0.74581420 -0.01090794
v 0.15956292 0.75153911 -0.00749831
v 0.14708179 0.74037766 -0.01333253
v 0.13286531 0.73754704 -0.00997189
v 0.11568965 0.73403925 -0.00585761
v 0.15504403 0.74962765 -0.00626785
v 0.16151218 0.75451875 -0.00231756
v 0.14528090 0.74370414 -0.00913669
v 0.13130841 0.74026829 -0.00643924
v 0.11443006 0.73600262 -0.00314632
v 0.15685943 0.75236624 -0.00143221
v 0.16207066 0.75528574 0.00355748
v 0.14609464 0.74716914 -0.00489440
v 0.13201182 0.74317855 -0.00281576
v 0.11499909 0.73822737 -0.00028289
v 0.15737952 0.75300312 0.00406287
v 0.16194116 0.75525165 0.00972338
v 0.14776073 0.74961591 -0.00045167
v 0.13345209 0.74515456 0.00102122
v 0.11616427 0.73961931 0.00281176
v 0.15725882 0.75292480 0.00981950
v 0.16209711 0.75577682 0.01566001
v 0.14823797 0.75006467 0.00460687
v 0.13386454 0.74526477 0.00539983
v 0.11649790 0.73929697 0.00635449
v 0.15740408 0.75345314 0.01532522
v 0.16150546 0.75552011 0.02128044
v 0.14812708 0.74991149 0.00989938
v 0.13376857 0.74496573 0.00997853
v 0.11642022 0.73880798 0.01005899
v 0.15685306 0.75324035 0.02047118
v 0.15938972 0.75302953 0.02662746
v 0.14826043 0.75047684 0.01493611
v 0.13388385 0.74562454 0.01432292
v 0.11651348 0.73959452 0.01356637
v 0.15488257 0.75084734 0.02530039
v 0.15801093 0.74912167 0.03182944
v 0.14775470 0.75041145 0.01959287
v 0.13344663 0.74587160 0.01829707
v 0.11615973 0.74025238 0.01673062
v 0.15359849 0.74714732 0.03005980
v 0.15944366 0.74479282 0.03669180
v 0.14594625 0.74826604 0.02390877
v 0.13188332 0.74420232 0.02192673
v 0.11489502 0.73919487 0.01955826
v 0.15493287 0.74317586 0.03466666
v 0.16197748 0.73947549 0.03964254
v 0.14476773 0.74487185 0.02821038
v 0.13086462 0.74132025 0.02558579
v 0.11407090 0.73695129 0.02245329
v 0.15729278 0.73829395 0.03751549
v 0.16347560 0.73262960 0.03963766
v 0.14599246 0.74123788 0.03250388
v 0.13192333 0.73815793 0.02936677
v 0.11492742 0.73435229 0.02559541
v 0.15868819 0.73188496 0.03749229
v 0.16387767 0.72537398 0.03912253
v 0.14815843 0.73679531 0.03522647
v 0.13379581 0.73435360 0.03188865
v 0.11644240 0.73131883 0.02786960
v 0.15906286 0.72508365 0.03697152
v 0.16348301 0.71891457 0.04033055
v 0.14943920 0.73097271 0.03525338
v 0.13490325 0.72949225 0.03210651
v 0.11733855 0.72765172 0.02836472
v 0.15869541 0.71911865 0.03814694
v 0.16195118 0.71316797 0.04115745
v 0.14978331 0.72476351 0.03478105
v 0.13520098 0.72423977 0.03179384
v 0.11757956 0.72358304 0.02827985
v 0.15726872 0.71385098 0.03900096
v 0.15933038 0.70779407 0.03913261
v 0.14944619 0.71925670 0.03586150
v 0.13490970 0.71935999 0.03263882
v 0.11734404 0.71944761 0.02880263
v 0.15482792 0.70888501 0.03715428
v 0.15786701 0.70272183 0.03465781
v 0.14813672 0.71436810 0.03664808
v 0.13377777 0.71493548 0.03317036
v 0.11642837 0.71555537 0.02896459
v 0.15346509 0.70416671 0.03299227
v 0.15941942 0.69827616 0.02883524
v 0.14589664 0.70978475 0.03495451
v 0.13184138 0.71088052 0.03163699
v 0.11486186 0.71212858 0.02759892
v 0.15491092 0.70002604 0.02756943
v 0.16209663 0.69608712 0.02269645
v 0.14464590 0.70545071 0.03113482
v 0.13076019 0.70712042 0.02832496
v 0.11398729 0.70906562 0.02490148
v 0.15740430 0.69798744 0.02185207
v 0.16363469 0.69710112 0.01698855
v 0.14597291 0.70165068 0.02615777
v 0.13190749 0.70383555 0.02402228
v 0.11491549 0.70640820 0.02142044
v 0.15883677 0.69893181 0.01653604
v 0.16402918 0.69822001 0.01139170
v 0.15920424 0.69997382 0.01132342
v 0.14826129 0.69977981 0.02091042
v 0.13388577 0.70221817 0.01948591
v 0.11651600 0.70509994 0.01775033
v 0.14957599 0.70064628 0.01603138
v 0.14991331 0.70160270 0.01124728
v 0.13502233 0.70296764 0.01526797
v 0.11743545 0.70570660 0.01433784
v 0.13531385 0.70379454 0.01113208
v 0.11767126 0.70637578 0.01099174
v 0.04298915 0.28355879 0.05491255
v 0.03034069 0.28229713 0.04801256
v 0.04265814 0.28965673 0.05612122
v 0.05814227 0.28360420 0.05507050
v 0.04242402 0.29780099 0.05715656
v 0.02188111 0.30959862 0.05711768
v 0.05810693 0.28969005 0.05627340
v 0.07547363 0.28327116 0.05281222
v 0.03790763 0.31174043 0.07032658
v 0.05805848 0.29781711 0.05731740
v 0.07572403 0.28935423 0.05374702
v 0.09040146 0.28187883 0.04417117
v 0.03469998 0.32427761 0.08064572
v 0.05887411 0.31187296 0.07404687
v 0.07579713 0.29748192 0.05448999
v 0.09095333 0.28794706 0.04478649
v 0.09863272 0.27878532 0.02564756
v 0.03363337 0.33517891 0.08608668
v 0.05981338 0.32474330 0.08721203
v 0.08236817 0.31054416 0.06918591
v 0.09120543 0.29607287 0.04520054
v 0.09950606 0.28480068 0.02606368
v 0.10128436 0.27502385 0.00390065
v 0.03363431 0.34888738 0.08791671
v 0.06092055 0.33650747 0.09426811
v 0.08779401 0.32277489 0.08054972
v 0.10295190 0.30773851 0.05466999
v 0.10008366 0.29289496 0.02636084
v 0.10234179 0.28095376 0.00402407
v 0.09988923 0.27179027 -0.01367864
v 0.03333198 0.36964831 0.08805393
v 0.01117386 0.38585636 0.06725071
v 0.06192211 0.35230500 0.09674845
v 0.06230691 0.37668344 0.09680344
v 0.10085446 0.27762124 -0.01412191
v 0.09223311 0.26925811 -0.02693234
v 0.10315707 0.28898132 0.00413047
v 0.09123194 0.33465770 0.08626089
v 0.09353607 0.37938336 0.08798845
v 0.09304906 0.35193607 0.08804516
v 0.09292704 0.27501494 -0.02787768
v 0.07679901 0.26743594 -0.03673018
v 0.11242120 0.31895205 0.06176484
v 0.11796968 0.33059657 0.06488059
v 0.12048779 0.34889662 0.06549349
v 0.12093799 0.37878734 0.06517948
v 0.11557719 0.30353090 0.03046964
v 0.12800141 0.31400982 0.03347629
v 0.13516681 0.32552776 0.03461819
v 0.11978053 0.29892108 0.00271321
v 0.11803655 0.41470459 0.06283229
v 0.13840359 0.34469348 0.03449132
v 0.13325979 0.30885997 0.00136716
v 0.10159648 0.28555652 -0.01453394
v 0.13914989 0.37658337 0.03371765
v 0.13575587 0.41473159 0.03166466
v 0.14131294 0.32017320 0.00014318
v 0.11597510 0.29483435 -0.02218017
v 0.09342969 0.28288266 -0.02873535
v 0.14510795 0.33973941 -0.00098919
v 0.12804781 0.30416304 -0.02891613
v 0.12672906 0.45085782 0.02772503
v 0.14594486 0.37277961 -0.00210570
v 0.13599092 0.31497183 -0.03396051
v 0.10349622 0.29097331 -0.04278614
v 0.13258988 0.44972935 -0.00490899
v 0.12006239 0.48057571 -0.00634072
v 0.14220226 0.41237932 -0.00338190
v 0.13991027 0.33420271 -0.03704791
v 0.11230331 0.29939708 -0.05493812
v 0.12726393 0.44524339 -0.03740051
v 0.11588681 0.47688571 -0.03577379
v 0.14014436 0.36716142 -0.03820573
v 0.13603427 0.40709466 -0.03811649
v 0.11869933 0.30971071 -0.06362961
v 0.11082491 0.43801939 -0.06693168
v 0.10163073 0.47051510 -0.06261159
v 0.11778880 0.39953080 -0.06942671
v 0.12196373 0.32836545 -0.06864733
v 0.12162651 0.36030266 -0.07027381
v 0.08471044 0.42914218 -0.08980106
v 0.08956716 0.39087290 -0.09336981
v 0.05784950 0.38322598 -0.10160323
v 0.09199572 0.35328430 -0.09334686
v 0.09215111 0.32298088 -0.09027489
v 0.09043502 0.30466643 -0.08444092
v 0.02985633 0.34749499 -0.08566101
v 0.05870475 0.34842789 -0.10006798
v 0.02951878 0.32291415 -0.08116883
v 0.01074167 0.31153324 -0.05107691
v 0.05842876 0.32057166 -0.09565554
v 0.03007016 0.30607131 -0.07635894
v 0.01371866 0.30029643 -0.04608080
v 0.05827262 0.30272245 -0.09001090
v 0.03231327 0.29502037 -0.06860928
v 0.02016738 0.29105198 -0.03811152
v 0.05832946 0.29223445 -0.08017673
v 0.03660342 0.28719679 -0.05538083
v 0.08714513 0.29447553 -0.07412976
v 0.05843436 0.28543884 -0.06342124
v 0.04207028 0.28088132 -0.03882647
v 0.02944252 0.27484637 -0.02750627
v 0.08261634 0.28722513 -0.05805249
v 0.04252757 0.27305496 -0.03803850
v 0.03029564 0.26912874 -0.02657050
v 0.04302431 0.26734701 -0.03702202
v 0.05854763 0.28028697 -0.04251699
v 0.07743653 0.28103259 -0.03862864
v 0.05857532 0.27242309 -0.04181224
v 0.05860588 0.26669380 -0.04081988
v 0.07716506 0.27317074 -0.03778334
v 0.07761732 0.30154726 -0.00314421
v 0.05966527 0.33127373 0.00564984
v 0.07816427 0.30299267 0.00466523
v 0.09130303 0.27954116 -0.00978289
v 0.08536977 0.27754736 -0.02000779
v 0.09229229 0.28208584 0.00398224
v 0.07425994 0.30041465 -0.00892424
v 0.05966527 0.33127373 0.00564984
v 0.07320303 0.27610064 -0.02770831
v 0.07695746 0.30468047 0.01461766
v 0.05966527 0.33127373 0.00564984
v 0.09018508 0.28505707 0.02144253
v 0.06735437 0.29959288 -0.01328477
v 0.05966527 0.33127373 0.00564984
v 0.05883091 0.27551019 -0.03098479
v 0.07330018 0.30607203 0.02314981
v 0.05966527 0.33127373 0.00564984
v 0.08374365 0.28750700 0.03639385
v 0.05919133 0.29925755 -0.01514398
v 0.05966527 0.33127373 0.00564984
v 0.04656532 0.27603984 -0.02794540
v 0.06666338 0.30670038 0.02701587
v 0.05966527 0.33127373 0.00564984
v 0.07203225 0.28861314 0.04319380
v 0.05222408 0.29955834 -0.01341784
v 0.05966527 0.33127373 0.00564984
v 0.03653631 0.27745882 -0.01964482
v 0.05894222 0.30685082 0.02791671
v 0.05966527 0.33127373 0.00564984
v 0.05840828 0.28887802 0.04480609
v 0.04652727 0.30036438 -0.00870515
v 0.05966527 0.33127373 0.00564984
v 0.02852678 0.27948770 -0.00759625
v 0.05216778 0.30682763 0.02780753
v 0.05966527 0.33127373 0.00564984
v 0.04646820 0.28883716 0.04462835
v 0.04197760 0.30151692 -0.00186612
v 0.05966527 0.33127373 0.00564984
v 0.02511312 0.28214514 0.00779959
v 0.04003853 0.30302638 0.00687624
v 0.05966527 0.33127373 0.00564984
v 0.04649068 0.30625716 0.02471396
v 0.05966527 0.33127373 0.00564984
v 0.03647188 0.28783286 0.03918829
v 0.04195245 0.30481192 0.01682047
v 0.05966527 0.33127373 0.00564984
v 0.02848249 0.28528851 0.02530080
v 0.04003853 0.30302638 0.00687624
v 0.02511312 0.28214514 0.00779959
v 0.05966527 0.33127373 0.00564984
vn -0.99486595 0.02748289 0.09739827
vn -0.97327816 -0.17545138 -0.14814347
vn -0.96430951 -0.25537536 0.06993243
vn -0.98037893 0.07216088 -0.18343915
vn -0.98885149 0.08911578 0.11929418
vn -0.86479676 -0.02133970 -0.50166845
vn -0.96025151 0.09022239 -0.26415336
vn -0.90434778 0.07256586 -0.42058215
vn -0.71505392 0.16227737 -0.67997354
vn -0.59734279 0.29324374 -0.74645138
vn -0.58476079 0.11949974 -0.80235565
vn -0.87772208 0.03660973 -0.47776946
vn -0.73816311 0.08146161 -0.66968590
vn -0.40905008 0.38414860 -0.82771248
vn -0.47622168 0.20916301 -0.85408652
vn -0.71108663 0.00806260 -0.70305824
vn -0.47780371 0.07020528 -0.87565684
vn -0.67240810 -0.08942407 -0.73475891
vn -0.84012854 -0.05513726 -0.53957748
vn -0.63585019 -0.20400415 -0.74436337
vn -0.80177677 -0.17475329 -0.57150263
vn -0.38959223 -0.18824407 -0.90154427
vn -0.41009489 -0.08928236 -0.90766233
vn -0.44241440 -0.01006070 -0.89675432
vn -0.30204913 0.52327597 -0.79683661
vn -0.42862624 0.45374113 -0.78128010
vn -0.12968035 0.55887961 -0.81904614
vn -0.18294929 0.41348392 -0.89194208
vn -0.21927841 0.20927644 -0.95295352
vn -0.22136527 0.04338461 -0.97422540
vn -0.17475179 -0.17178552 -0.96951097
vn -0.18486726 -0.09698299 -0.97796649
vn -0.00000000 -0.17147076 -0.98518920
vn -0.20254983 -0.03753855 -0.97855222
vn -0.00000000 -0.10428039 -0.99454796
vn 0.00000084 0.41906047 -0.90795833
vn 0.00000022 0.20550281 -0.97865653
vn 0.00000010 0.03214717 -0.99948317
vn 0.00000005 -0.05016445 -0.99874097
vn 0.20254974 -0.03753840 -0.97855222
vn 0.22136502 0.04338428 -0.97422552
vn 0.18486738 -0.09698285 -0.97796643
vn -0.00000000 -0.17147076 -0.98518920
vn 0.17475137 -0.17178600 -0.96951097
vn 0.44241497 -0.01006064 -0.89675403
vn 0.41009483 -0.08928208 -0.90766233
vn 0.38959184 -0.18824449 -0.90154433
vn 0.21927802 0.20927602 -0.95295370
vn 0.47780335 0.07020465 -0.87565702
vn 0.71108675 0.00806255 -0.70305806
vn 0.67240900 -0.08942372 -0.73475814
vn 0.18294935 0.41348326 -0.89194232
vn 0.47622102 0.20916310 -0.85408682
vn 0.73816288 0.08146108 -0.66968626
vn 0.87772185 0.03660936 -0.47776988
vn 0.00000031 0.56960571 -0.82191813
vn 0.84012854 -0.05513699 -0.53957754
vn 0.63585073 -0.20400444 -0.74436283
vn 0.80177796 -0.17475329 -0.57150096
vn 0.90434784 0.07256560 -0.42058197
vn 0.96025163 0.09022197 -0.26415291
vn 0.71505409 0.16227722 -0.67997330
vn 0.40904942 0.38414893 -0.82771266
vn 0.12968029 0.55887878 -0.81904674
vn -0.00000125 0.66022533 -0.75106764
vn -0.07386228 0.64103633 -0.76394820
vn -0.30204913 0.52327597 -0.79683661
vn 0.30204895 0.52327645 -0.79683644
vn 0.59734315 0.29324371 -0.74645114
vn 0.42862654 0.45374107 -0.78127992
vn 0.86479694 -0.02134012 -0.50166804
vn 0.58476120 0.11949930 -0.80235541
vn 0.27821818 0.35937592 -0.89075452
vn 0.98037905 0.07216088 -0.18343881
vn 0.97327793 -0.17545252 -0.14814369
vn 0.99486595 0.02748307 0.09739845
vn 0.96431023 -0.25537288 0.06993174
vn 0.98885155 0.08911524 0.11929389
vn 0.38492426 -0.12542920 -0.91438550
vn 0.65638512 -0.45925221 -0.59853661
vn 0.86479694 -0.02134012 -0.50166804
vn 0.65250129 -0.73752171 -0.17408000
vn 0.97327793 -0.17545252 -0.14814369
vn 0.50031900 -0.86395305 0.05714942
vn 0.96431023 -0.25537288 0.06993174
vn 0.12512290 -0.99207813 0.01118978
vn 0.27710018 -0.93644214 -0.21515496
vn 0.34923208 -0.93686539 -0.01789604
vn 0.38364601 -0.68029398 -0.62451255
vn 0.40389177 -0.87786490 -0.25734156
vn 0.06272189 -0.99766070 -0.02718739
vn 0.08536580 -0.94572836 -0.31354508
vn -0.20088275 -0.97936606 -0.02209562
vn 0.42515999 -0.65735543 -0.62219203
vn 0.27794370 -0.27411190 -0.92065740
vn 0.27794370 -0.27411190 -0.92065740
vn 0.10294989 0.14982416 -0.98333824
vn 0.11741409 0.05683040 -0.99145561
vn -0.18774898 -0.92691737 -0.32492232
vn 0.12000979 -0.99273258 -0.00892584
vn 0.07491603 -0.71456879 -0.69554228
vn -0.19167390 -0.70524585 -0.68256098
vn 0.34026492 -0.30270079 -0.89027637
vn 0.07491603 -0.71456879 -0.69554228
vn 0.12506819 -0.94046587 -0.31604093
vn 0.39503136 -0.91851336 0.01683451
vn 0.13621609 -0.72065812 -0.67977720
vn 0.38633403 -0.88929933 -0.24472995
vn -0.08637328 -0.99529082 0.04399787
vn 0.01222107 -0.32449162 -0.94580960
vn -0.19167390 -0.70524585 -0.68256098
vn 0.41023344 -0.69278431 -0.59309226
vn 0.13419421 -0.35037899 -0.92694473
vn -0.10331558 -0.97268063 -0.20789005
vn -0.48546031 -0.87362307 0.03333263
vn -0.00770103 -0.79993820 -0.60003299
vn 0.42661005 -0.34416288 -0.83639455
vn -0.50702202 -0.86053056 -0.04915156
vn -0.16433248 -0.98584169 0.03333089
vn -0.19744535 -0.97933370 0.04382744
vn -0.44500390 -0.85683417 -0.26039720
vn -0.24289957 -0.96769667 -0.06754993
vn -0.05205162 -0.90632677 -0.41935953
vn -0.13177228 -0.81162798 -0.56911874
vn 0.04187652 -0.99243969 -0.11536811
vn -0.19744535 -0.97933370 0.04382744
vn 0.58902264 -0.67615139 -0.44257393
vn 0.58353049 -0.67343062 -0.45385396
vn 0.57717282 -0.78969204 -0.20798568
vn 0.09463476 -0.98978722 0.10660931
vn -0.16433248 -0.98584169 0.03333089
vn 0.14399585 -0.98911995 0.03011499
vn 0.58508933 -0.80885208 0.05855625
vn 0.61648965 -0.78701317 0.02346985
vn 0.99707687 0.07635956 0.00262336
vn 0.99019104 -0.00479212 -0.13963793
vn 0.60338861 0.79724377 -0.01801777
vn 0.57717282 -0.78969204 -0.20798568
vn 0.60364962 0.75244224 -0.26351053
vn 0.96604478 -0.03010403 -0.25661498
vn 0.58353049 -0.67343062 -0.45385396
vn 0.64084762 0.74280345 -0.19379710
vn 0.95838320 0.07908500 -0.27431232
vn 0.58902264 -0.67615139 -0.44257393
vn 0.68295377 0.72295243 0.10446954
vn 0.99847573 -0.05284456 -0.01592556
vn 0.70330924 0.58902115 0.39800781
vn 0.55903620 -0.65039104 -0.51426655
vn 0.94733298 -0.29686949 0.12011957
vn 0.72845322 0.26140714 0.63326323
vn 0.97019064 -0.24234271 0.00033230
vn 0.69570637 -0.05545124 0.71618277
vn 0.60042417 -0.34850571 -0.71974623
vn 0.99409860 -0.10806891 0.00944160
vn 0.65207803 -0.14111632 0.74490297
vn 0.63584942 -0.03711823 -0.77092004
vn 0.99775213 -0.04234796 0.05193638
vn 0.64012337 -0.01856614 0.76804781
vn 0.66239142 -0.04124484 -0.74802166
vn 0.64400959 -0.00589170 -0.76499474
vn 0.25926134 -0.02674486 -0.96543682
vn 0.99802136 0.06177008 0.01173978
vn 0.65034133 0.12847671 0.74869877
vn 0.63406008 0.36986083 -0.67909563
vn 0.95980549 0.28033969 0.01353326
vn 0.68390250 0.09882383 0.72284943
vn 0.61648810 0.65703553 -0.43387419
vn 0.91526681 0.35774216 0.18522204
vn 0.70550084 -0.19944222 0.68006724
vn 0.66672564 0.61071891 -0.42719951
vn 0.99492204 0.08991487 0.04522707
vn 0.70256495 -0.51394928 0.49219769
vn 0.97340554 -0.09252215 -0.20957413
vn 0.70757437 -0.66124010 0.24919885
vn 0.65454984 0.55967677 -0.50825822
vn 0.98226732 -0.01556854 -0.18683837
vn 0.71555561 -0.69528317 0.06753901
vn 0.62745440 0.69823539 -0.34462771
vn 0.99909180 0.02322074 -0.03572682
vn 0.70223391 -0.71167618 0.01961209
vn 0.60179824 0.79305160 -0.09438261
vn 0.99999368 0.00020071 -0.00354531
vn 0.68798894 -0.72516048 0.02852345
vn 0.60798228 0.79248446 -0.04822814
vn 0.99918503 0.02105661 0.03443718
vn 0.70641321 -0.70654899 0.04205928
vn 0.62759042 0.77851504 0.00667809
vn 0.12472109 0.98964000 -0.07111497
vn 0.97982305 -0.00512160 0.19980115
vn 0.72552562 -0.68806285 0.01349548
vn 0.64811593 0.71012723 0.27507278
vn 0.96428949 -0.07530929 0.25391790
vn 0.73704451 -0.65974230 -0.14664730
vn 0.99765474 0.05751467 0.03710951
vn 0.75591058 -0.50530320 -0.41625461
vn 0.63801122 0.59566629 0.48797882
vn 0.64211857 0.59544516 0.48283410
vn 0.14214894 0.98962098 -0.02107012
vn 0.11432326 0.98783118 -0.10545010
vn 0.15183127 0.96417290 0.21752672
vn -0.04189589 0.99672902 -0.06910855
vn 0.05529579 0.87047547 0.48909599
vn 0.63801122 0.59566629 0.48797882
vn -0.03266604 0.76070744 0.64827245
vn -0.08546861 0.99630624 0.00830506
vn -0.27954346 0.88940072 0.36169294
vn -0.07507403 0.73093140 0.67830902
vn -0.12300843 0.97931439 0.16066185
vn -0.24870378 0.96100181 0.12092140
vn -0.06672514 0.94220448 0.32832682
vn -0.12459067 0.99116307 -0.04552965
vn -0.03683891 0.99115092 -0.12752569
vn 0.15361035 0.93763441 -0.31184229
vn -0.04628703 0.96915203 -0.24207826
vn -0.10666052 0.97583044 -0.19073135
vn 0.07737292 0.99700010 -0.00207030
vn -0.11019696 0.90764964 -0.40500462
vn 0.15361035 0.93763441 -0.31184229
vn 0.16330642 0.83358073 -0.52770656
vn 0.17010033 0.76281458 -0.62384284
vn 0.13415127 0.77399147 -0.61882204
vn 0.66672564 0.61071891 -0.42719951
vn 0.11572665 0.94551903 -0.30430433
vn 0.18570164 0.92858517 0.32131681
vn 0.23337068 0.97212040 0.02280375
vn 0.17249157 0.72182006 0.67024064
vn -0.07507403 0.73093140 0.67830902
vn -0.01425227 0.74038696 0.67202973
vn -0.00959409 0.94438845 0.32869202
vn -0.21026610 0.73520482 0.64440829
vn 0.30478799 0.91652882 -0.25899661
vn -0.21488646 0.92932659 0.30029312
vn -0.01437416 0.77352196 0.63360655
vn 0.00385443 0.99938655 0.03480880
vn -0.04727812 0.96469265 0.25910014
vn 0.16629486 0.75998497 0.62830639
vn -0.23914561 0.97060353 0.02716860
vn -0.09396345 0.99556643 0.00428444
vn 0.13906966 0.96164244 0.23643908
vn -0.08144648 0.75399029 0.65181679
vn 0.04362546 0.96511346 -0.25817212
vn -0.23914561 0.97060353 0.02716860
vn -0.04353112 0.96767730 0.24840631
vn -0.24638627 0.70001447 0.67027879
vn -0.24098539 0.94040561 -0.23992357
vn 0.37515959 0.70795816 -0.59837329
vn 0.10414054 0.99438393 -0.01884963
vn -0.17805080 0.94236410 0.28328049
vn -0.13614641 0.70479304 0.69622618
vn -0.11166698 0.96585053 -0.23380180
vn 0.09222484 0.75906879 -0.64444488
vn -0.01931801 0.99944675 -0.02707354
vn -0.22764139 0.74614751 -0.62565428
vn 0.09109925 0.96348315 -0.25179592
vn -0.09327296 0.77873176 -0.62038457
vn -0.13479276 0.94289738 0.30459058
vn -0.12775059 0.99160671 -0.01989804
vn -0.03693077 0.96149969 -0.27231324
vn 0.12141526 0.76553863 -0.63182986
vn -0.01887292 0.96494758 0.26176333
vn 0.05580406 0.75957751 0.64801848
vn 0.08862061 0.97997910 0.17829022
vn 0.16195387 0.81300306 0.55928260
vn 0.29790762 0.94619930 0.12632485
vn 0.28758329 0.79182881 0.53879774
vn 0.75392449 0.63366765 0.17338727
vn 0.53328127 0.39656296 0.74722755
vn 0.75969088 0.01226154 0.65016878
vn 0.96648258 0.16889098 0.19335790
vn 0.76459992 0.28465325 0.57823825
vn 0.69007665 0.71773785 -0.09298712
vn 0.23899436 0.96596098 -0.09900058
vn 0.93911934 0.33351550 -0.08259730
vn 0.92798436 0.35573831 0.11088423
vn 0.28485259 0.95375580 0.09596307
vn 0.85483301 0.47732240 -0.20352860
vn 0.25245878 0.95274490 -0.16894282
vn -0.57327813 0.61092848 -0.54600239
vn -0.75990349 0.58749986 -0.27819172
vn 0.15145156 0.92597210 -0.34588742
vn -0.78943437 0.58441281 -0.18776329
vn -0.02650815 0.86962777 -0.49299577
vn -0.82767528 0.54047406 -0.15113392
vn -0.15783502 0.88435507 -0.43932247
vn 0.43728018 0.74797249 -0.49932277
vn -0.85276783 0.52219880 -0.00977261
vn 0.63940060 0.63172954 -0.43827459
vn 0.85483301 0.47732240 -0.20352860
vn 0.93911934 0.33351550 -0.08259730
vn 0.78714323 0.54161566 -0.29505587
vn 0.69007665 0.71773785 -0.09298712
vn 0.53309155 0.80388510 -0.26378450
vn 0.59446812 0.68372017 -0.42324272
vn 0.16952904 0.95288539 -0.25153396
vn 0.38298947 0.83746052 -0.38984486
vn 0.00987293 0.99746305 -0.07049819
vn -0.08782647 0.99544686 -0.03704065
vn -0.01020768 0.96491784 -0.26235342
vn -0.14091510 0.98986304 -0.01772202
vn 0.13585091 0.91262782 -0.38555807
vn -0.09883025 0.95241213 -0.28834665
vn -0.14664041 0.94572407 -0.29000440
vn 0.03542150 0.89304090 -0.44857925
vn -0.15580371 0.94122440 -0.29970285
vn -0.04617289 0.76372212 -0.64389175
vn -0.17077538 0.75311232 -0.63534063
vn -0.13723694 0.77808905 -0.61297923
vn -0.03590189 0.83666110 -0.54654306
vn 0.11734141 0.78658837 -0.60622585
vn 0.08774588 0.66557115 -0.74115837
vn -0.00876180 0.53356314 -0.84571487
vn 0.14684846 0.85003477 -0.50584227
vn -0.08912526 0.43843463 -0.89433312
vn -0.17077538 0.75311232 -0.63534063
vn 0.00540306 0.39886528 -0.91699362
vn 0.31367689 0.81943554 -0.47972098
vn 0.17793697 0.38306710 -0.90642047
vn 0.48820323 0.72676420 -0.48318881
vn -0.05653928 0.39439166 -0.91720146
vn -0.21815468 0.37587288 -0.90062654
vn 0.11206583 0.38447341 -0.91630858
vn 0.40038863 0.36008114 -0.84263307
vn 0.12384549 0.42183703 -0.89817363
vn -0.02913651 0.03267219 -0.99904132
vn -0.21801069 0.02181961 -0.97570246
vn 0.11958771 0.01788642 -0.99266249
vn 0.41216791 0.00653098 -0.91108453
vn 0.20368539 -0.01708470 -0.97888732
vn 0.24600302 0.02899308 -0.96883535
vn -0.20920630 -0.33471212 -0.91880387
vn 0.13621609 -0.72065812 -0.67977720
vn 0.23172481 0.57369971 -0.78560317
vn 0.42862654 0.45374107 -0.78127992
vn 0.06880349 -0.42869797 -0.90082413
vn 0.28826293 0.58261234 -0.75991273
vn 0.30204895 0.52327645 -0.79683644
vn 0.19383635 0.70206577 -0.68522346
vn 0.18507759 0.77865583 -0.59953433
vn 0.30094719 0.77310342 -0.55833852
vn 0.42283940 0.71900195 -0.55158234
vn 0.26976115 0.70954394 -0.65098107
vn 0.37925306 0.78403312 -0.49138501
vn -0.08949876 0.91791475 -0.38655198
vn -0.15783502 0.88435507 -0.43932247
vn -0.74154234 0.67062438 0.01943837
vn -0.85276783 0.52219880 -0.00977261
vn -0.68821841 0.72496921 -0.02784142
vn -0.06092176 0.89057797 -0.45073214
vn 0.32944068 0.76567090 -0.55246449
vn -0.09631364 0.84577698 -0.52477133
vn -0.68901664 0.72143286 -0.06921522
vn 0.33261827 0.69666982 -0.63562274
vn 0.24243116 0.74033684 -0.62699968
vn -0.12353645 0.78576696 -0.60606021
vn -0.71640253 0.68143976 -0.14969060
vn 0.15064575 0.71830457 -0.67922336
vn 0.18247184 0.67674392 -0.71324736
vn -0.09790689 0.70773649 -0.69965947
vn -0.72055554 0.62922806 -0.29132763
vn 0.17216113 0.64685547 -0.74292570
vn -0.05254295 0.64031214 -0.76631564
vn -0.66492635 0.59848553 -0.44686463
vn 0.18507759 0.77865583 -0.59953433
vn 0.30094719 0.77310342 -0.55833852
vn 0.20512594 0.69944060 -0.68462121
vn 0.17216113 0.64685547 -0.74292570
vn 0.14770201 0.62940389 -0.76291209
vn -0.05254295 0.64031214 -0.76631564
vn -0.01123335 0.62130904 -0.78348511
vn -0.58592814 0.64168423 -0.49490359
vn 0.21236698 0.65576541 -0.72448051
vn 0.14557685 0.63108206 -0.76193357
vn 0.02522052 0.65485370 -0.75533479
vn -0.00000178 0.90073019 -0.43437901
vn 0.20055561 0.60601944 -0.76975185
vn 0.07386199 0.64103734 -0.76394737
vn -0.00000178 0.90073019 -0.43437901
vn -0.02521888 0.65485334 -0.75533515
vn 0.58592451 0.64168763 -0.49490353
vn -0.20055597 0.60601765 -0.76975316
vn 0.01123636 0.62130970 -0.78348458
vn 0.66492718 0.59848291 -0.44686687
vn 0.05254348 0.64031070 -0.76631677
vn -0.14557406 0.63108188 -0.76193434
vn -0.14769761 0.62940633 -0.76291090
vn -0.17216216 0.64685631 -0.74292469
vn -0.28826562 0.58261126 -0.75991255
vn -0.21236908 0.65576530 -0.72447997
vn -0.20512410 0.69944167 -0.68462074
vn -0.17216216 0.64685631 -0.74292469
vn -0.26976320 0.70954210 -0.65098220
vn -0.19383803 0.70206380 -0.68522501
vn -0.23172742 0.57369834 -0.78560334
vn -0.18507451 0.77865535 -0.59953594
vn -0.30094582 0.77310205 -0.55834121
vn -0.27821809 0.35937622 -0.89075440
vn -0.11734614 0.78658754 -0.60622597
vn -0.08774810 0.66556978 -0.74115938
vn -0.14684598 0.85003555 -0.50584173
vn -0.18507451 0.77865535 -0.59953594
vn -0.31367075 0.81943798 -0.47972086
vn -0.30094582 0.77310205 -0.55834121
vn -0.42283487 0.71900356 -0.55158365
vn -0.48820192 0.72676528 -0.48318854
vn -0.33261809 0.69666910 -0.63562357
vn -0.13585268 0.91262919 -0.38555413
vn -0.38297993 0.83746469 -0.38984525
vn -0.03542628 0.89304250 -0.44857562
vn -0.59446710 0.68372095 -0.42324290
vn -0.37925154 0.78403264 -0.49138692
vn -0.32943714 0.76567084 -0.55246663
vn -0.43727976 0.74797308 -0.49932224
vn -0.18247561 0.67674398 -0.71324623
vn -0.24242955 0.74033540 -0.62700200
vn 0.06091899 0.89057934 -0.45072982
vn 0.08950311 0.91791457 -0.38655147
vn 0.09791023 0.70773566 -0.69965976
vn 0.05254348 0.64031070 -0.76631677
vn 0.72055769 0.62922662 -0.29132536
vn 0.71640873 0.68143463 -0.14968425
vn 0.12354373 0.78576428 -0.60606229
vn 0.68902141 0.72142869 -0.06921112
vn -0.15064956 0.71830302 -0.67922419
vn 0.09631559 0.84577608 -0.52477252
vn 0.68821687 0.72497088 -0.02783620
vn 0.74154472 0.67062175 0.01944162
vn 0.15784737 0.88435447 -0.43931916
vn 0.85276711 0.52219987 -0.00977259
vn -0.78714573 0.54161370 -0.29505304
vn -0.63939452 0.63173598 -0.43827417
vn -0.53308499 0.80388898 -0.26378593
vn -0.16953081 0.95288521 -0.25153345
vn 0.01020842 0.96491778 -0.26235360
vn -0.69007736 0.71773702 -0.09298874
vn -0.93911880 0.33351701 -0.08259724
vn -0.23899557 0.96596038 -0.09900306
vn -0.85482794 0.47732994 -0.20353211
vn -0.15145490 0.92597061 -0.34588987
vn -0.00987249 0.99746281 -0.07050133
vn 0.02651755 0.86962926 -0.49299273
vn -0.43727976 0.74797308 -0.49932224
vn 0.15784737 0.88435447 -0.43931916
vn 0.82767272 0.54047728 -0.15113632
vn 0.85276711 0.52219987 -0.00977259
vn 0.78942633 0.58442193 -0.18776879
vn 0.75989968 0.58750397 -0.27819341
vn -0.25245512 0.95274591 -0.16894285
vn 0.57328373 0.61092645 -0.54599881
vn -0.85482794 0.47732994 -0.20353211
vn -0.28483671 0.95375985 0.09597014
vn -0.92798305 0.35574219 0.11088289
vn -0.93911880 0.33351701 -0.08259724
vn -0.76459563 0.28465930 0.57824105
vn -0.96648270 0.16889201 0.19335638
vn -0.75969124 0.01226198 0.65016830
vn -0.69007736 0.71773702 -0.09298874
vn -0.75392419 0.63366836 0.17338632
vn -0.53327787 0.39656365 0.74722958
vn -0.29790962 0.94619876 0.12632395
vn -0.75392419 0.63366836 0.17338632
vn -0.28758487 0.79182857 0.53879732
vn -0.53327787 0.39656365 0.74722958
vn -0.16195877 0.81300116 0.55928385
vn -0.08862287 0.97997880 0.17829075
vn -0.05580613 0.75957549 0.64802068
vn 0.01886721 0.96494740 0.26176435
vn 0.13614652 0.70479017 0.69622910
vn 0.08782358 0.99544704 -0.03704378
vn 0.13479707 0.94289637 0.30459192
vn 0.09883427 0.95241189 -0.28834602
vn 0.17805201 0.94236344 0.28328192
vn 0.24638754 0.70001388 0.67027885
vn 0.14091797 0.98986262 -0.01772365
vn 0.03590192 0.83666170 -0.54654211
vn 0.04352102 0.96767753 0.24840705
vn 0.08144230 0.75399178 0.65181553
vn 0.12775093 0.99160665 -0.01989848
vn 0.15580077 0.94122541 -0.29970133
vn 0.00876084 0.53356206 -0.84571558
vn -0.13906708 0.96164280 0.23643903
vn -0.16629620 0.75998658 0.62830400
vn 0.01930890 0.99944699 -0.02707163
vn 0.14663771 0.94572419 -0.29000551
vn 0.13723393 0.77808887 -0.61298007
vn 0.17077303 0.75311214 -0.63534135
vn 0.04617453 0.76372117 -0.64389282
vn 0.03692868 0.96149939 -0.27231455
vn -0.10413941 0.99438411 -0.01884680
vn 0.04728389 0.96469295 0.25909790
vn 0.01438086 0.77352256 0.63360566
vn 0.08912600 0.43843415 -0.89433330
vn 0.17077303 0.75311214 -0.63534135
vn -0.09109966 0.96348310 -0.25179601
vn 0.09396338 0.99556643 0.00428500
vn 0.21488892 0.92932719 0.30028942
vn 0.21026620 0.73520571 0.64440727
vn 0.23914786 0.97060305 0.02716726
vn -0.00385122 0.99938661 0.03480686
vn 0.00959398 0.94438922 0.32868972
vn 0.01424617 0.74038714 0.67202967
vn 0.11166475 0.96585095 -0.23380102
vn -0.12141320 0.76553911 -0.63182968
vn -0.18570344 0.92858481 0.32131678
vn -0.17249516 0.72181821 0.67024165
vn -0.23337145 0.97212029 0.02280220
vn 0.06672169 0.94220561 0.32832426
vn 0.07507169 0.73093122 0.67830950
vn 0.24098639 0.94040561 -0.23992273
vn 0.23914786 0.97060305 0.02716726
vn 0.09327159 0.77873266 -0.62038368
vn -0.04362449 0.96511382 -0.25817105
vn 0.22764118 0.74614763 -0.62565422
vn -0.30479136 0.91652781 -0.25899616
vn -0.07736789 0.99700046 -0.00206897
vn -0.09222447 0.75907046 -0.64444292
vn -0.37516189 0.70795858 -0.59837139
vn -0.17009729 0.76281530 -0.62384278
vn -0.11572284 0.94551909 -0.30430552
vn 0.21815437 0.37587336 -0.90062642
vn -0.11206564 0.38447338 -0.91630864
vn -0.40038821 0.36008194 -0.84263295
vn -0.12384862 0.42183739 -0.89817303
vn 0.05653840 0.39439213 -0.91720134
vn -0.17793636 0.38306874 -0.90641987
vn -0.00540187 0.39886573 -0.91699344
vn -0.41216841 0.00653095 -0.91108429
vn -0.11958697 0.01788675 -0.99266261
vn 0.21801141 0.02181992 -0.97570229
vn 0.02913595 0.03267214 -0.99904138
vn -0.24600354 0.02899405 -0.96883518
vn -0.11741401 0.05683050 -0.99145561
vn -0.20368534 -0.01708451 -0.97888732
vn -0.10294805 0.14982484 -0.98333830
vn -0.38492423 -0.12542889 -0.91438556
vn -0.27794400 -0.27411154 -0.92065740
vn -0.38364774 -0.68029356 -0.62451196
vn -0.65638649 -0.45925075 -0.59853619
vn -0.86479676 -0.02133970 -0.50166845
vn -0.34026614 -0.30270112 -0.89027578
vn -0.27794400 -0.27411154 -0.92065740
vn -0.65250194 -0.73752123 -0.17407975
vn -0.97327816 -0.17545138 -0.14814347
vn -0.50032145 -0.86395144 0.05715212
vn -0.96430951 -0.25537536 0.06993243
vn -0.12512375 -0.99207801 0.01119307
vn -0.27710062 -0.93644190 -0.21515524
vn -0.34922796 -0.93686694 -0.01789347
vn -0.40389180 -0.87786502 -0.25734100
vn -0.06272796 -0.99766034 -0.02718517
vn -0.42516112 -0.65735465 -0.62219203
vn -0.08536826 -0.94572848 -0.31354409
vn 0.20087580 -0.97936755 -0.02209461
vn -0.07491409 -0.71456826 -0.69554305
vn -0.07491409 -0.71456826 -0.69554305
vn 0.18774256 -0.92691928 -0.32492051
vn -0.12000986 -0.99273258 -0.00892649
vn 0.19167332 -0.70524603 -0.68256092
vn -0.01222081 -0.32449088 -0.94580990
vn 0.19167332 -0.70524603 -0.68256092
vn -0.12506959 -0.94046581 -0.31604064
vn -0.39503109 -0.91851348 0.01683440
vn -0.13621764 -0.72065806 -0.67977697
vn 0.20920782 -0.33471176 -0.91880363
vn -0.13621764 -0.72065806 -0.67977697
vn -0.13419424 -0.35038063 -0.92694408
vn -0.38633099 -0.88930070 -0.24472982
vn 0.08637325 -0.99529076 0.04400021
vn -0.42661089 -0.34416318 -0.83639395
vn -0.41023105 -0.69278526 -0.59309280
vn 0.00769907 -0.79993814 -0.60003304
vn -0.06880206 -0.42869747 -0.90082449
vn 0.10331583 -0.97268039 -0.20789097
vn 0.48545486 -0.87362605 0.03333333
vn 0.50701505 -0.86053473 -0.04915083
vn 0.16433041 -0.98584217 0.03332725
vn 0.19744843 -0.97933292 0.04383030
vn 0.44501004 -0.85683155 -0.26039538
vn 0.24291228 -0.96769363 -0.06754788
vn 0.19592418 -0.23184772 -0.95281708
vn 0.37233132 -0.46857899 -0.80112618
vn 0.06745937 -0.01045920 -0.99766719
vn 0.15197451 0.23465009 -0.96012658
vn 0.13177478 -0.81162947 -0.56911600
vn 0.05205465 -0.90632766 -0.41935730
vn 0.07402571 -0.66308159 -0.74487782
vn -0.58901805 -0.67615610 -0.44257271
vn -0.58354068 -0.67342436 -0.45385003
vn -0.04187813 -0.99243933 -0.11537082
vn 0.19744843 -0.97933292 0.04383030
vn -0.57717568 -0.78968930 -0.20798823
vn -0.09462813 -0.98978740 0.10661331
vn 0.16433041 -0.98584217 0.03332725
vn -0.58508319 -0.80885631 0.05855947
vn -0.14399183 -0.98912066 0.03011001
vn -0.61648446 -0.78701723 0.02346783
vn -0.55903637 -0.65039003 -0.51426762
vn -0.58901805 -0.67615610 -0.44257271
vn -0.60042298 -0.34850174 -0.71974909
vn -0.07032234 -0.30868617 -0.94856083
vn 0.15173274 -0.24883597 -0.95658654
vn -0.00198792 -0.10752427 -0.99420047
vn -0.07032234 -0.30868617 -0.94856083
vn -0.08533386 -0.01884216 -0.99617422
vn -0.19813035 -0.03294514 -0.97962189
vn -0.03119767 0.09548296 -0.99494207
vn -0.25926188 -0.02674474 -0.96543670
vn -0.63584739 -0.03711857 -0.77092177
vn 0.17331447 0.53377038 -0.82767826
vn -0.97018969 -0.24234669 0.00032900
vn -0.94733292 -0.29687130 0.12011562
vn -0.99847573 -0.05284592 -0.01592389
vn -0.58901805 -0.67615610 -0.44257271
vn -0.95838445 0.07907485 -0.27431089
vn -0.58354068 -0.67342436 -0.45385003
vn -0.96604353 -0.03011744 -0.25661817
vn -0.57717568 -0.78968930 -0.20798823
vn -0.99019098 -0.00479330 -0.13963853
vn -0.58508319 -0.80885631 0.05855947
vn -0.99707663 0.07636342 0.00262125
vn -0.61648446 -0.78701723 0.02346783
vn -0.60337943 0.79725069 -0.01801897
vn -0.60364395 0.75244683 -0.26351041
vn -0.64084661 0.74280447 -0.19379689
vn -0.68295753 0.72294909 0.10446810
vn -0.70331413 0.58901656 0.39800608
vn -0.72845852 0.26140600 0.63325757
vn -0.69570541 -0.05545291 0.71618360
vn -0.99409860 -0.10806932 0.00943686
vn -0.65207815 -0.14111762 0.74490267
vn -0.66239184 -0.04124420 -0.74802136
vn -0.99775231 -0.04234738 0.05193339
vn -0.64012390 -0.01856625 0.76804733
vn -0.64401013 -0.00589252 -0.76499432
vn -0.66239184 -0.04124420 -0.74802136
vn -0.99802119 0.06177284 0.01174153
vn -0.65033901 0.12847754 0.74870068
vn -0.22087422 0.00443056 -0.97529227
vn -0.08533386 -0.01884216 -0.99617422
vn -0.63405943 0.36986342 -0.67909473
vn -0.95980465 0.28034252 0.01353309
vn -0.68389988 0.09882684 0.72285151
vn -0.18794082 0.34653369 -0.91901726
vn -0.61648667 0.65703583 -0.43387577
vn -0.61648667 0.65703583 -0.43387577
vn -0.91526568 0.35774583 0.18522047
vn -0.70550364 -0.19943926 0.68006516
vn -0.66672289 0.61072016 -0.42720193
vn -0.99492174 0.08992130 0.04522129
vn -0.70256728 -0.51394677 0.49219707
vn 0.04564982 0.30639020 -0.95081079
vn -0.15476702 0.67861348 -0.71800488
vn -0.13414331 0.77399188 -0.61882323
vn -0.65454710 0.55967957 -0.50825864
vn -0.66672289 0.61072016 -0.42720193
vn -0.97340524 -0.09251253 -0.20957993
vn -0.70757514 -0.66123742 0.24920389
vn -0.16330521 0.83358318 -0.52770299
vn -0.62744713 0.69824076 -0.34463024
vn -0.98226702 -0.01557575 -0.18683922
vn -0.71555269 -0.69528610 0.06753932
vn 0.11019152 0.90765005 -0.40500522
vn -0.15361220 0.93763369 -0.31184343
vn 0.04626466 0.96915233 -0.24208130
vn 0.10665777 0.97583109 -0.19072960
vn -0.99909174 0.02322697 -0.03572540
vn -0.70223427 -0.71167582 0.01961065
vn -0.60179162 0.79305679 -0.09438149
vn 0.03682794 0.99115139 -0.12752479
vn -0.15361220 0.93763369 -0.31184343
vn 0.12459957 0.99116206 -0.04552681
vn -0.11431993 0.98783153 -0.10545082
vn -0.99999368 0.00022118 -0.00354587
vn -0.68799657 -0.72515315 0.02852475
vn 0.24871410 0.96099919 0.12092080
vn 0.07507169 0.73093122 0.67830950
vn 0.04190063 0.99672884 -0.06910867
vn -0.12472273 0.98963988 -0.07111394
vn -0.60797954 0.79248673 -0.04822493
vn -0.99918485 0.02107026 0.03443419
vn -0.70641720 -0.70654511 0.04205672
vn -0.62758791 0.77851713 0.00667828
vn 0.27953124 0.88940382 0.36169484
vn 0.03266798 0.76070821 0.64827138
vn 0.08547566 0.99630564 0.00830239
vn -0.14215718 0.98961979 -0.02107171
vn -0.97982383 -0.00512079 0.19979759
vn -0.72552568 -0.68806285 0.01349050
vn -0.64811605 0.71012807 0.27507040
vn -0.05529854 0.87047327 0.48909962
vn -0.63800669 0.59567106 0.48797905
vn -0.64211327 0.59544909 0.48283646
vn -0.96428972 -0.07531742 0.25391465
vn -0.73704243 -0.65974474 -0.14664702
vn -0.15183966 0.96417111 0.21752889
vn -0.63800669 0.59567106 0.48797905
vn -0.99765480 0.05751325 0.03710940
vn -0.75591260 -0.50530422 -0.41624960
vn 0.12300483 0.97931421 0.16066594
vn -0.07754974 0.62541604 0.77642828
vn 0.85899389 0.49717966 0.12223713
vn 0.64650941 0.25838879 0.71781671
vn 0.04506252 0.99897480 0.00432036
vn -0.00000039 0.60183698 0.79861897
vn -0.06526455 0.16496114 0.98413837
vn -0.00000109 0.99999934 0.00116727
vn -0.05316101 0.70145613 0.71072727
vn -0.00000099 0.70190799 0.71226770
vn -0.12604836 0.06889421 0.98962891
vn 0.00000000 0.08119996 0.99669784
vn -0.31148800 0.04836689 0.94901836
vn -0.06526455 0.16496114 0.98413837
vn -0.13289808 0.16461362 0.97736406
vn 0.00000000 0.16706704 0.98594552
vn -0.31296423 0.15508153 0.93701822
vn -0.49789926 0.02554213 0.86685866
vn -0.46716821 -0.03497582 0.88347644
vn -0.13198888 0.23083998 0.96399784
vn -0.00000018 0.23637857 0.97166103
vn -0.06718355 0.39488694 0.91626996
vn 0.00000000 0.36856812 0.92960072
vn -0.22600068 0.44402140 0.86704594
vn -0.31018603 0.21640341 0.92571819
vn -0.42041337 0.46677473 0.77805781
vn -0.49851897 0.20075861 0.84331179
vn -0.58505064 0.45435455 0.67177206
vn -0.50157100 0.13693680 0.85421008
vn -0.64163721 0.18285935 0.74489206
vn -0.76895911 0.41834953 0.48341033
vn -0.63901407 0.11650987 0.76031995
vn -0.81469244 0.15856966 0.55779195
vn -0.92223525 0.38118437 0.06465781
vn -0.63924646 0.01122604 0.76892000
vn -0.68989182 0.46723828 0.55293548
vn -0.81260794 0.10709330 0.57288682
vn -0.98557889 0.13501090 0.10201134
vn -0.85442138 0.34863612 -0.38524923
vn -0.82536626 0.03707821 0.56337887
vn -0.60550719 0.67799145 0.41675982
vn -0.98865092 0.10975221 0.10258554
vn -0.91930306 0.10107225 -0.38035026
vn -0.68805701 0.32276610 -0.64992285
vn -0.99221450 0.07990994 0.09552347
vn -0.91869694 0.09668376 -0.38294667
vn -0.77150184 0.06099372 -0.63329673
vn -0.47671515 0.27787188 -0.83398432
vn -0.58202946 0.01559512 -0.81301814
vn -0.20525569 0.19456157 -0.95917457
vn -0.77413940 0.07321481 -0.62876689
vn -0.92583174 0.06997196 -0.37140214
vn -0.32514900 -0.02360073 -0.94536823
vn -0.01522697 0.07454237 -0.99710160
vn -0.73102409 0.68108684 0.04152844
vn -0.58940244 0.03936360 -0.80687994
vn -0.11375150 -0.04935751 -0.99228245
vn -0.00000000 0.00834937 -0.99996513
vn -0.33976188 -0.00199750 -0.94050938
vn -0.78116941 0.03706845 -0.62321770
vn -0.60433072 0.00747321 -0.79669857
vn -0.35701677 -0.03293831 -0.93351704
vn -0.12934217 -0.03391084 -0.99102002
vn -0.00000000 -0.05976111 -0.99821270
vn -0.64696580 0.68683267 -0.33120403
vn -0.85017270 0.34053418 -0.40155059
vn -0.61220461 -0.11027700 -0.78297162
vn -0.05853580 0.28984156 -0.95528293
vn -0.12485344 -0.04398899 -0.99119955
vn -0.05616412 0.67534053 -0.73536444
vn -0.00000010 -0.04533266 -0.99897194
vn 0.11375146 -0.04935758 -0.99228245
vn 0.01522695 0.07454208 -0.99710160
vn -0.00000000 -0.03028533 -0.99954128
vn 0.12934196 -0.03391052 -0.99102002
vn 0.32514900 -0.02360073 -0.94536823
vn 0.20525564 0.19456112 -0.95917469
vn 0.12485321 -0.04398896 -0.99119961
vn 0.33976221 -0.00199685 -0.94050926
vn 0.58203006 0.01559509 -0.81301773
vn 0.47671530 0.27787164 -0.83398432
vn 0.35701677 -0.03293799 -0.93351710
vn 0.58940297 0.03936401 -0.80687958
vn 0.77150261 0.06099373 -0.63329571
vn 0.68805707 0.32276610 -0.64992279
vn 0.77413988 0.07321501 -0.62876630
vn 0.60433078 0.00747346 -0.79669851
vn 0.05853568 0.28984222 -0.95528275
vn 0.05616375 0.67534041 -0.73536456
vn 0.61220521 -0.11027684 -0.78297120
vn 0.78116947 0.03706865 -0.62321764
vn 0.85017323 0.34053385 -0.40154979
vn 0.64696395 0.68683499 -0.33120289
vn 0.91930306 0.10107241 -0.38035026
vn 0.85442126 0.34863636 -0.38524926
vn 0.91869694 0.09668385 -0.38294667
vn 0.92583168 0.06997200 -0.37140229
vn 0.98557889 0.13501094 0.10201126
vn 0.92223537 0.38118419 0.06465726
vn 0.98865086 0.10975279 0.10258575
vn 0.99221456 0.07990997 0.09552319
vn 0.81469232 0.15856954 0.55779225
vn 0.76895952 0.41834876 0.48341033
vn 0.81260753 0.10709413 0.57288730
vn 0.64163667 0.18285933 0.74489248
vn 0.58505070 0.45435381 0.67177254
vn 0.73101705 0.68109441 0.04152737
vn 0.82536626 0.03707829 0.56337887
vn 0.63901395 0.11651062 0.76032001
vn 0.49851748 0.20075864 0.84331268
vn 0.42041320 0.46677417 0.77805829
vn 0.60549855 0.67799842 0.41676086
vn 0.63924628 0.01122615 0.76892018
vn 0.50157058 0.13693731 0.85421026
vn 0.31018549 0.21640334 0.92571843
vn 0.22600091 0.44402117 0.86704606
vn 0.68989152 0.46723813 0.55293608
vn 0.46716738 -0.03497582 0.88347685
vn 0.49789900 0.02554189 0.86685884
vn 0.06526370 0.16496108 0.98413843
vn 0.31148809 0.04836696 0.94901836
vn 0.05315971 0.70145601 0.71072751
vn 0.31296393 0.15508181 0.93701828
vn 0.13198903 0.23083982 0.96399784
vn 0.06718384 0.39488682 0.91627002
vn 0.12604825 0.06889432 0.98962891
vn 0.13289802 0.16461357 0.97736406
vn -0.00000018 0.23637857 0.97166103
vn 0.00000000 0.36856812 0.92960072
vn 0.00000000 0.16706704 0.98594552
vn 0.00000000 0.08119996 0.99669784
vn -0.00000099 0.70190799 0.71226770
vn -0.00000109 0.99999934 0.00116727
vn -0.04506496 0.99897474 0.00432036
vn -0.00000039 0.60183698 0.79861897
vn 0.06526370 0.16496108 0.98413843
vn 0.07754747 0.62541640 0.77642822
vn -0.85899514 0.49717736 0.12223753
vn -0.64651471 0.25838342 0.71781385
vn 0.71417999 0.69980907 -0.01463805
vn -0.05853580 0.28984156 -0.95528293
vn 0.03814380 0.99927205 -0.00063699
vn 0.52497917 0.54790097 -0.65130752
vn -0.06458056 0.64963323 -0.75749981
vn -0.00000000 0.68059784 -0.73265719
vn -0.00000000 1.00000000 -0.00018039
vn 0.00000040 0.63452977 -0.77289844
vn 0.06458037 0.64963371 -0.75749952
vn -0.03814417 0.99927205 -0.00063700
vn -0.52497941 0.54789960 -0.65130836
vn -0.71418023 0.69980884 -0.01463831
vn 0.05853568 0.28984222 -0.95528275
vn -0.69995785 0.58977544 -0.40277046
vn -0.28892443 0.81817853 0.49709815
vn -0.78833950 0.60558945 0.10854623
vn 0.02125818 0.99122745 -0.13044649
vn -0.85017270 0.34053418 -0.40155059
vn -0.82045066 0.57166964 0.00739080
vn -0.00450854 0.99794942 -0.06384841
vn -0.63356972 0.59388542 0.49587247
vn 0.00998596 0.99979317 0.01771713
vn -0.72864372 0.64447701 0.23179232
vn -0.33285844 0.89870578 -0.28554016
vn -0.68989182 0.46723828 0.55293548
vn 0.23321167 -0.69873083 0.67630440
vn -0.50419509 -0.68611681 0.52443397
vn -0.47030643 -0.63470435 0.61315757
vn 0.14350158 -0.86744177 0.47639483
vn -0.54665428 -0.79581517 0.26047519
vn -0.00298059 -0.98542804 0.17006661
vn 0.47377750 -0.82151836 0.31724194
vn 0.27533060 -0.95183402 0.13492614
vn 0.05582343 -0.73217565 0.67882442
vn 0.52952695 -0.84051061 0.11464354
vn 0.11306291 -0.94829684 0.29656354
vn 0.21445356 -0.97644269 0.02386085
vn -0.00298059 -0.98542804 0.17006661
vn -0.09770231 -0.99420536 -0.04483226
vn -0.54665428 -0.79581517 0.26047519
vn 0.48545486 -0.87362605 0.03333333
vn 0.08637325 -0.99529076 0.04400021
vn 0.16433041 -0.98584217 0.03332725
vn -0.39503109 -0.91851348 0.01683440
vn -0.14399183 -0.98912066 0.03011001
vn -0.37527087 -0.88616645 0.27181026
vn -0.12000986 -0.99273258 -0.00892649
vn -0.58802450 -0.80883962 -0.00238758
vn -0.61648446 -0.78701723 0.02346783
vn -0.34141299 -0.70191455 0.62510246
vn 0.02296410 -0.36339676 0.93135142
vn -0.09760175 -0.94955313 0.29803148
vn 0.20087580 -0.97936755 -0.02209461
vn -0.98693496 0.00299760 0.16109128
vn -0.99707663 0.07636342 0.00262125
vn -0.95878595 -0.02544119 0.28298804
vn -0.60055089 0.76369691 0.23686627
vn -0.60337943 0.79725069 -0.01801897
vn -0.63374066 0.75387311 0.17334397
vn -0.68728900 0.71365672 -0.13538089
vn -0.95399022 0.06182276 0.29339498
vn -0.50419509 -0.68611681 0.52443397
vn -0.72110343 0.50631392 -0.47292286
vn -0.99340641 -0.08630515 0.07546628
vn -0.47030643 -0.63470435 0.61315757
vn -0.70935881 0.12919009 -0.69290698
vn -0.94524878 -0.32235792 -0.05089287
vn -0.67012346 -0.18078689 -0.71989632
vn -0.46696058 -0.55244124 0.69047558
vn -0.95145881 -0.30618554 0.03124985
vn -0.65634483 -0.22041874 -0.72154486
vn -0.98842686 -0.14997435 0.02280350
vn -0.65668428 -0.04581518 -0.75277269
vn -0.52295637 -0.28717133 0.80252677
vn -0.99963349 0.00015171 -0.02707252
vn -0.65556073 0.11116768 -0.74691492
vn -0.57714862 -0.00270394 0.81663471
vn -0.60157812 0.04103960 0.79775906
vn -0.99208868 0.12546058 -0.00443568
vn -0.68849802 0.05785817 -0.72292668
vn -0.59464163 0.08096844 0.79990339
vn -0.12231562 0.04695505 0.99137992
vn -0.96618634 0.25610581 -0.02989496
vn -0.73982155 -0.20323774 -0.64137232
vn -0.95455950 0.27087235 -0.12427533
vn -0.75591260 -0.50530422 -0.41624960
vn -0.99765480 0.05751325 0.03710940
vn -0.60907930 0.34009767 0.71648872
vn -0.61865634 0.57028544 0.54040623
vn -0.63800669 0.59567106 0.48797905
vn -0.09621485 0.04479230 0.99435222
vn -0.07426465 0.28142723 0.95670450
vn 0.10080758 0.08920288 0.99089891
vn 0.17139040 0.21447982 0.96157360
vn 0.07428763 0.03457642 0.99663728
vn 0.27823576 0.18183696 0.94314378
vn 0.23471703 0.01627634 0.97192746
vn 0.33216083 0.41553065 0.84676057
vn -0.07426465 0.28142723 0.95670450
vn -0.00946171 0.59483021 0.80379570
vn -0.60907930 0.34009767 0.71648872
vn 0.03266798 0.76070821 0.64827138
vn -0.63800669 0.59567106 0.48797905
vn 0.07507169 0.73093122 0.67830950
vn 0.06780859 0.37812412 0.92326820
vn -0.04112299 0.02271612 0.99889582
vn 0.33887491 -0.15548578 0.92789435
vn -0.29221514 0.03117330 0.95584440
vn -0.32526723 -0.34282544 0.88128996
vn 0.05582343 -0.73217565 0.67882442
vn 0.41418961 -0.36654338 0.83312243
vn 0.14585736 -0.02809748 0.98890656
vn 0.24839398 -0.16147257 0.95510578
vn 0.17825706 -0.49159610 0.85238355
vn -0.47030643 -0.63470435 0.61315757
vn 0.03264874 -0.18116035 0.98291147
vn 0.14585736 -0.02809748 0.98890656
vn -0.07604285 0.04383190 0.99614066
vn -0.57714862 -0.00270394 0.81663471
vn -0.60157812 0.04103960 0.79775906
vn -0.81537795 -0.01906391 0.57861507
vn -0.98885149 0.08911578 0.11929418
vn -0.99486595 0.02748289 0.09739827
vn -0.87882113 -0.13418087 0.45789617
vn -0.96430951 -0.25537536 0.06993243
vn -0.82573366 -0.43742311 0.35612485
vn -0.55340451 -0.11009607 0.82560420
vn -0.58067811 -0.26710981 0.76906782
vn -0.39593256 -0.44149786 0.80518144
vn -0.38526690 -0.11805423 0.91522270
vn -0.53327882 0.08931845 0.84121096
vn -0.33727729 -0.26114750 0.90445894
vn -0.39901444 0.12152262 0.90885627
vn -0.23803468 -0.09503276 0.96659625
vn -0.25634593 -0.23743087 0.93697029
vn -0.19569878 -0.22505319 0.95449102
vn -0.08937260 -0.07256711 0.99335116
vn -0.06444210 -0.20490029 0.97665918
vn 0.00000017 -0.06227640 0.99805892
vn -0.25738919 0.14557455 0.95527947
vn -0.08937260 -0.07256711 0.99335116
vn -0.14898603 -0.17009556 0.97409993
vn -0.10683833 0.16365896 0.98071468
vn -0.41744211 0.13836630 0.89810735
vn -0.55078471 0.07835016 0.83096182
vn -0.27929455 0.14653003 0.94895917
vn -0.16715916 -0.06139809 0.98401630
vn -0.07761606 -0.16710186 0.98287982
vn 0.02736408 0.13233207 0.99082768
vn -0.10951309 -0.00164298 0.99398398
vn -0.11566118 0.14049575 0.98330230
vn -0.04364936 -0.14814326 0.98800218
vn 0.00000000 -0.19871594 0.98005712
vn 0.09222826 -0.28097364 0.95527369
vn 0.19999303 0.05757559 0.97810423
vn -0.07267532 -0.68123370 0.72844964
vn -0.82573366 -0.43742311 0.35612485
vn -0.28971598 -0.90461642 0.31262416
vn -0.96430951 -0.25537536 0.06993243
vn -0.50032145 -0.86395144 0.05715212
vn -0.06389438 -0.97002095 0.23447157
vn -0.12512375 -0.99207801 0.01119307
vn -0.05564367 -0.76722825 0.63895583
vn -0.00406767 -0.34667265 0.93797737
vn -0.33971485 -0.91292965 0.22617102
vn -0.34922796 -0.93686694 -0.01789347
vn -0.32547274 -0.72123617 0.61146212
vn -0.02699159 -0.75226760 0.65830457
vn -0.06086649 -0.96312857 0.26206619
vn -0.06272796 -0.99766034 -0.02718517
vn 0.25123805 -0.72772551 0.63819671
vn 0.21510652 -0.93508732 0.28167522
vn -0.05848316 -0.74577022 0.66363126
vn -0.03118383 -0.37143919 0.92793345
vn 0.25123805 -0.72772551 0.63819671
vn 0.28726023 -0.35707247 0.88880867
vn -0.02699159 -0.75226760 0.65830457
vn -0.01351110 0.04026717 0.99909759
vn 0.04954420 -0.35234588 0.93455750
vn -0.32547274 -0.72123617 0.61146212
vn 0.28418538 0.04364078 0.95777565
vn 0.07350311 0.05418906 0.99582171
vn -0.24406794 -0.34537196 0.90617275
vn -0.17334753 0.03405575 0.98427171
vn 0.07663485 0.03277446 0.99652040
vn -0.22045735 0.38452005 0.89640552
vn 0.07507169 0.73093122 0.67830950
vn -0.17249516 0.72181821 0.67024165
vn 0.00593717 0.41490322 0.90984619
vn 0.28418538 0.04364078 0.95777565
vn 0.01424617 0.74038714 0.67202967
vn 0.24432841 0.41056496 0.87848735
vn 0.07350311 0.05418906 0.99582171
vn 0.21026620 0.73520571 0.64440727
vn 0.03840998 0.42629293 0.90376931
vn 0.01438086 0.77352256 0.63360566
vn -0.16346961 0.39749032 0.90292805
vn -0.16629620 0.75998658 0.62830400
vn 0.07663485 0.03277446 0.99652040
vn 0.10142601 0.38082984 0.91906554
vn 0.08144230 0.75399178 0.65181553
vn 0.25485787 0.34706169 0.90254951
vn 0.24638754 0.70001388 0.67027885
vn 0.12204723 0.36785242 0.92184007
vn 0.13614652 0.70479017 0.69622910
vn -0.05580613 0.75957549 0.64802068
vn -0.06745109 0.42702940 0.90171850
vn -0.16195877 0.81300116 0.55928385
vn -0.08353589 0.26505560 0.96060777
vn -0.15554969 0.48890093 0.85835904
vn -0.18505213 0.47461236 0.86052245
vn -0.28758487 0.79182857 0.53879732
vn -0.17275400 0.35742986 0.91782349
vn -0.53327787 0.39656365 0.74722958
vn -0.08891301 0.21666402 0.97218889
vn -0.21721175 0.03621401 0.97545248
vn -0.12643369 0.29274192 0.94779569
vn -0.08987821 0.27334869 0.95770687
vn -0.03605627 0.25470385 0.96634668
vn -0.12828872 0.30285382 0.94436306
vn 0.00000070 0.24698471 0.96901935
vn -0.11237817 0.23853700 0.96460938
vn -0.12643369 0.29274192 0.94779569
vn -0.08199243 0.22791018 0.97022378
vn -0.08987821 0.27334869 0.95770687
vn -0.08727635 0.15148410 0.98459911
vn -0.02791223 0.22710736 0.97346967
vn -0.03605627 0.25470385 0.96634668
vn -0.02970476 0.01691257 0.99941564
vn -0.02522092 0.15845057 0.98704475
vn 0.00000033 0.22659726 0.97398853
vn -0.00000010 0.15906876 0.98726749
vn -0.00000001 0.01934417 0.99981290
vn 0.00000001 -0.14444654 0.98951262
vn 0.02970495 0.01691312 0.99941564
vn 0.04364932 -0.14814322 0.98800218
vn 0.02522137 0.15845105 0.98704463
vn -0.00000010 0.15906876 0.98726749
vn 0.02791330 0.22710776 0.97346950
vn 0.03605792 0.25470370 0.96634668
vn 0.06444261 -0.20490022 0.97665912
vn 0.10951328 -0.00164306 0.99398398
vn 0.08727675 0.15148449 0.98459899
vn 0.08199254 0.22791035 0.97022372
vn 0.08987770 0.27334791 0.95770711
vn 0.17275514 0.35742950 0.91782343
vn 0.08891382 0.21666327 0.97218895
vn 0.14898571 -0.17009559 0.97409999
vn 0.00000028 0.15619458 0.98772633
vn 0.11566076 0.14049663 0.98330224
vn 0.11237863 0.23853686 0.96460932
vn 0.12643391 0.29274178 0.94779575
vn 0.08987770 0.27334791 0.95770711
vn 0.12829131 0.30285293 0.94436300
vn 0.08353502 0.26505542 0.96060789
vn -0.02736472 0.13233241 0.99082756
vn 0.16715883 -0.06139743 0.98401642
vn 0.15554726 0.48890179 0.85835892
vn 0.12643391 0.29274178 0.94779575
vn 0.06744930 0.42702797 0.90171927
vn 0.18504998 0.47461429 0.86052179
vn 0.08987770 0.27334791 0.95770711
vn 0.16195387 0.81300306 0.55928260
vn 0.28758329 0.79182881 0.53879774
vn 0.53328127 0.39656296 0.74722755
vn 0.21721205 0.03621399 0.97545242
vn 0.05580406 0.75957751 0.64801848
vn -0.12204716 0.36785215 0.92184013
vn -0.13614641 0.70479304 0.69622618
vn 0.00000026 -0.05775638 0.99833071
vn 0.00000016 -0.16703765 0.98595053
vn 0.00000016 -0.16703765 0.98595053
vn 0.32257688 -0.11969511 0.93894476
vn 0.53328127 0.39656296 0.74722755
vn 0.75969088 0.01226154 0.65016878
vn -0.00000115 0.21348511 0.97694635
vn -0.32257667 -0.11969507 0.93894482
vn -0.53327787 0.39656365 0.74722958
vn -0.75969124 0.01226198 0.65016830
vn 0.34420079 0.23192176 0.90980113
vn 0.76459992 0.28465325 0.57823825
vn -0.34419742 0.23192520 0.90980154
vn -0.76459563 0.28465930 0.57824105
vn 0.10910214 0.96323055 0.24552724
vn 0.28485259 0.95375580 0.09596307
vn -0.00000212 0.97127837 0.23794608
vn -0.10909755 0.96322894 0.24553563
vn -0.28483671 0.95375985 0.09597014
vn -0.24912977 0.59171182 -0.76668864
vn -0.57327813 0.61092848 -0.54600239
vn 0.00000005 0.56929809 -0.82213122
vn 0.24912882 0.59171981 -0.76668280
vn 0.57328373 0.61092645 -0.54599881
vn -0.93641156 -0.33899480 0.09064186
vn -0.82045066 0.57166964 0.00739080
vn -0.69995785 0.58977544 -0.40277046
vn -0.88996994 -0.27969277 -0.36017424
vn -0.99371719 -0.06642942 0.09007364
vn -0.78833950 0.60558945 0.10854623
vn -0.91592211 -0.11451751 -0.38467193
vn -0.99065810 0.08936883 0.10300361
vn -0.78662527 -0.22054335 -0.57669872
vn -0.37099090 0.91094208 0.18041715
vn -0.93792862 0.02866405 -0.34564197
vn -0.98885149 0.08911578 0.11929418
vn -0.84012854 -0.05513726 -0.53957748
vn -0.87772208 0.03660973 -0.47776946
vn -0.80177677 -0.17475329 -0.57150263
vn -0.62177658 -0.21629998 -0.75273389
vn 0.52497917 0.54790097 -0.65130752
vn -0.63585019 -0.20400415 -0.74436337
vn -0.38368881 -0.19103922 -0.90348601
vn -0.06458056 0.64963323 -0.75749981
vn -0.14950547 -0.19187075 -0.96996588
vn -0.17475179 -0.17178552 -0.96951097
vn 0.00000040 0.63452977 -0.77289844
vn -0.00000000 -0.22953001 -0.97330159
vn 0.14950511 -0.19187069 -0.96996593
vn 0.06458037 0.64963371 -0.75749952
vn 0.17475137 -0.17178600 -0.96951097
vn 0.38368806 -0.19103964 -0.90348619
vn -0.52497941 0.54789960 -0.65130836
vn 0.63585073 -0.20400444 -0.74436283
vn 0.62177682 -0.21630038 -0.75273347
vn 0.37099579 0.91093844 0.18042536
vn 0.80177796 -0.17475329 -0.57150096
vn 0.78662544 -0.22054327 -0.57669842
vn 0.78833866 0.60559064 0.10854531
vn 0.88996971 -0.27969351 -0.36017418
vn 0.69995737 0.58977449 -0.40277249
vn 0.91592216 -0.11451802 -0.38467163
vn 0.93641144 -0.33899519 0.09064150
vn 0.82045662 0.57166100 0.00739019
vn 0.99371701 -0.06642953 0.09007545
vn 0.99065799 0.08936922 0.10300452
vn 0.93792862 0.02866412 -0.34564188
vn 0.98885155 0.08911524 0.11929389
vn 0.84012854 -0.05513699 -0.53957754
vn 0.87772185 0.03660936 -0.47776988
vn 0.71417999 0.69980907 -0.01463805
vn 0.43471092 -0.12247773 -0.89220268
vn -0.05853580 0.28984156 -0.95528293
vn 0.99962699 0.02283017 -0.01498798
vn 0.52497917 0.54790097 -0.65130752
vn 0.45323411 -0.05819434 -0.88948989
vn 0.89732718 0.09153251 0.43177050
vn -0.37099090 0.91094208 0.18041715
vn 0.99997956 0.00207988 -0.00604869
vn 0.48087639 0.02284146 -0.87649083
vn 0.58817643 0.16054751 0.79263675
vn -0.78833950 0.60558945 0.10854623
vn 0.88567817 0.03371220 0.46307412
vn 0.99988639 -0.01500703 -0.00142910
vn 0.50461262 0.14305218 -0.85141188
vn 0.02259123 0.20954891 0.97753716
vn -0.28892443 0.81817853 0.49709815
vn 0.54407823 0.07577320 0.83560592
vn 0.87120056 -0.03258350 0.48984477
vn 0.88567817 0.03371220 0.46307412
vn 0.99976152 -0.02183472 -0.00038732
vn 0.53819263 0.28609383 -0.79277927
vn -0.54600626 0.16836767 0.82068843
vn -0.85017270 0.34053418 -0.40155059
vn -0.99999321 -0.00024101 0.00368675
vn -0.11009876 0.13259304 0.98503673
vn -0.70211548 0.11514077 0.70269233
vn -0.99228346 0.01756507 -0.12273955
vn 0.49124822 -0.02450942 0.87067473
vn 0.85746908 -0.11354476 0.50185096
vn 0.85746908 -0.11354476 0.50185096
vn 0.99950844 -0.03121254 -0.00293399
vn 0.58981675 0.36693132 -0.71935916
vn 0.83025742 -0.22365847 0.51053840
vn 0.99869758 -0.04846652 -0.01594235
vn 0.63242215 0.40244785 -0.66187453
vn -0.80424833 0.08393203 0.58833665
vn -0.97315687 0.06210697 -0.22160418
vn 0.42463347 -0.16078901 0.89097321
vn 0.99807322 -0.04619134 -0.04142689
vn 0.66271913 0.47885540 -0.57576120
vn 0.78829646 -0.32767969 0.52078283
vn 0.76585221 -0.38943964 0.51167089
vn 0.99879229 -0.01215536 -0.04760507
vn 0.68264294 0.56864476 -0.45895737
vn 0.99963975 0.01567332 -0.02178924
vn 0.69107968 0.62400138 -0.36473450
vn 0.75686216 -0.45014971 0.47384053
vn 0.74081236 -0.52123004 0.42369366
vn 0.99990374 0.01321785 -0.00422738
vn 0.69010514 0.66268569 -0.29086530
vn 0.99996477 0.00057880 -0.00837640
vn 0.69243085 0.69283193 -0.20130439
vn 0.72382325 -0.58812761 0.36081266
vn 0.99991167 -0.00294413 -0.01296125
vn 0.69739544 0.70601988 -0.12318885
vn 0.72447062 -0.63526267 0.26755121
vn 0.99994677 -0.00118036 -0.01025301
vn 0.69470221 0.71564543 -0.07239160
vn 0.72266465 -0.67051756 0.16781530
vn 0.99998879 -0.00013578 -0.00473180
vn 0.67769736 0.73458076 -0.03342670
vn 0.71754014 -0.68925154 0.10034196
vn 0.99996018 0.00087151 -0.00888447
vn 0.64550644 0.76360047 0.01535734
vn 0.72157979 -0.68923229 0.06543349
vn 0.99901003 0.00813156 -0.04373601
vn 0.60457033 0.78961587 0.10488778
vn 0.73810929 -0.67410779 0.02781033
vn 0.99175948 0.04548855 -0.11976625
vn 0.58264190 0.78325194 0.21689805
vn 0.76391637 -0.64249587 -0.06025598
vn 0.97189766 0.14418340 -0.18608095
vn 0.55249816 0.74424392 0.37529567
vn 0.78690153 -0.56874239 -0.23941180
vn 0.93546790 0.29096729 -0.20059378
vn 0.56616110 0.61403543 0.54992914
vn 0.77593058 -0.44348502 -0.44861206
vn 0.88829070 0.42427912 -0.17586018
vn 0.61116624 0.48666954 0.62420243
vn 0.73582119 -0.23966509 -0.63334650
vn 0.86214644 0.49272525 -0.11800545
vn 0.63278192 0.41337973 0.65475512
vn 0.67015994 0.04123119 -0.74107063
vn 0.86554974 0.49813366 -0.05183155
vn 0.63821852 0.36932942 0.67547977
vn 0.62676740 0.23340987 -0.74342614
vn 0.87641805 0.48139340 -0.01231882
vn 0.00000063 0.19451793 0.98089898
vn 0.00000097 0.99998921 -0.00464766
vn 0.62830979 0.30784720 -0.71446276
vn 0.63729918 0.32651410 -0.69802463
vn 0.00000030 0.36563453 -0.93075854
vn 0.11470120 -0.69816852 -0.70668554
vn 0.05557945 -0.43910736 -0.89671379
vn 0.03332536 -0.19870904 -0.97949177
vn 0.03236299 -0.07471851 -0.99667937
vn 0.03324702 -0.02222093 -0.99920011
vn 0.17558584 -0.85805839 -0.48260278
vn 0.03475523 0.09016954 -0.99531978
vn 0.00000012 0.18065369 -0.98354679
vn 0.18498585 -0.94824773 -0.25808233
vn 0.04117169 0.18652618 -0.98158693
vn -0.00000037 0.19503328 -0.98079664
vn 0.13839926 -0.98774397 -0.07216323
vn 0.05868420 0.20250830 -0.97752059
vn -0.00000055 0.20770894 -0.97819066
vn 0.07612511 -0.99662876 0.03059464
vn 0.08242273 0.21719721 -0.97264171
vn -0.00000001 -0.08814822 -0.99610734
vn 0.02920140 -0.99557173 0.08935448
vn 0.00600154 -0.98838484 0.15185334
vn -0.00057123 -0.96647841 0.25674731
vn -0.00179766 -0.91847229 0.39548126
vn -0.00190218 -0.85473150 0.51906699
vn 0.00891581 -0.76866281 0.63959205
vn 0.05328240 -0.64175975 0.76505256
vn 0.75686216 -0.45014971 0.47384053
vn 0.13767992 -0.52560216 0.83951575
vn 0.23918089 -0.44666502 0.86213857
vn 0.78829646 -0.32767969 0.52078283
vn 0.33866343 -0.32889017 0.88155454
vn -0.71573031 -0.54281759 0.43940789
vn -0.69641024 -0.46914002 0.54306585
vn -0.60397726 -0.39332697 0.69318497
vn -0.44972351 -0.33925700 0.82622850
vn -0.32936603 -0.28946149 0.89873803
vn -0.29370317 -0.18550715 0.93772358
vn -0.28372425 -0.04756884 0.95772529
vn -0.72035313 -0.60341179 0.34203148
vn -0.22341299 0.05303300 0.97328007
vn -0.82273191 0.05792515 0.56547058
vn -0.95175493 0.14398117 -0.27098328
vn -0.78985488 0.00038472 0.61329371
vn -0.93443257 0.25413445 -0.24950247
vn -0.78344256 -0.05457336 0.61906350
vn -0.91825873 0.32975981 -0.21922460
vn -0.86508393 -0.04720394 0.49940118
vn -0.86075246 0.40269771 -0.31135160
vn -0.95513546 0.01261319 0.29590058
vn -0.75320578 0.51669902 -0.40706661
vn -0.98638844 0.06246089 0.15210672
vn -0.68838686 0.62234557 -0.37257144
vn -0.99202001 0.06942129 0.10524741
vn -0.68184185 0.66984206 -0.29394457
vn -0.99506128 0.04506088 0.08844508
vn -0.68226528 0.69468570 -0.22787265
vn -0.71795517 -0.65789527 0.22740752
vn -0.99776548 0.01802416 0.06433652
vn -0.68668342 0.71081954 -0.15232019
vn -0.71103638 -0.69056302 0.13247637
vn -0.99928927 0.00432418 0.03744731
vn -0.69578540 0.71271932 -0.08895966
vn -0.70212889 -0.70867443 0.06925037
vn -0.99985582 0.00024374 0.01697874
vn -0.70523846 0.70743525 -0.04662712
vn -0.69074160 -0.72282076 0.02015299
vn -0.99987680 -0.00179903 0.01559636
vn -0.71989131 0.69407076 0.00472116
vn -0.67760175 -0.73475289 -0.03152964
vn -0.99870241 -0.01056221 0.04981975
vn -0.73543149 0.67019945 0.09986600
vn -0.66326761 -0.73835462 -0.12210065
vn -0.99456859 -0.03433586 0.09825664
vn -0.73958558 0.62958872 0.23797308
vn -0.65719479 -0.70978624 -0.25357139
vn -0.98910481 -0.08148966 0.12260146
vn -0.73888958 0.55883574 0.37649006
vn -0.68345720 -0.63048822 -0.36792788
vn -0.68396664 -0.54104513 -0.48934641
vn -0.68345720 -0.63048822 -0.36792788
vn -0.97591513 -0.17568022 0.12932925
vn -0.72143477 0.43219152 0.54105675
vn -0.94781166 -0.29696652 0.11603449
vn -0.67722887 0.19368611 0.70982170
vn -0.65481353 -0.43464589 -0.61830592
vn -0.92159152 -0.38119167 0.07322554
vn -0.64020163 -0.06523342 0.76543218
vn -0.63404173 -0.36566088 -0.68138337
vn -0.90632486 -0.42149186 0.03032856
vn -0.62321323 -0.20799722 0.75388485
vn -0.62223434 -0.33809346 -0.70605749
vn -0.89669955 -0.44257581 0.00751815
vn -0.61452633 -0.27487642 0.73945951
vn -0.63866144 -0.32144916 -0.69912952
vn -0.87729466 -0.47995147 0.00079318
vn -0.58463061 -0.35850096 0.72779399
vn -0.62284845 -0.24153621 -0.74412370
vn -0.86025131 -0.50987035 -0.00000048
vn -0.55996764 -0.46016282 0.68897492
vn -0.53219014 0.20067953 -0.82249707
vn -0.53219014 0.20067953 -0.82249707
vn -0.56212592 0.47462183 -0.67730981
vn -0.99948031 -0.03223716 -0.00000004
vn -0.50432616 -0.23275638 0.83155257
vn -0.89132059 0.45337367 0.00000014
vn -0.66688973 0.14762653 0.73038656
vn 0.10455699 0.20706168 -0.97272468
vn -0.88014722 0.47462323 -0.00858352
vn -0.67755514 0.15678784 0.71856570
vn -0.53609234 0.48482004 -0.69105321
vn -0.86579019 0.49853346 -0.04326305
vn -0.70390475 0.21133251 0.67812729
vn -0.51129574 0.47275025 -0.71769351
vn 0.12859096 0.17187831 -0.97668940
vn 0.69799352 -0.18073486 -0.69292140
vn -0.85541236 0.50407940 -0.11905354
vn -0.73267263 0.27707851 0.62162554
vn -0.47681898 0.42267293 -0.77070832
vn 0.16041335 0.09777419 -0.98219538
vn -0.82361084 0.51423866 -0.23921484
vn -0.77090967 0.33020455 0.54466808
vn -0.40972033 0.38691425 -0.82609117
vn -0.75389254 0.53929347 -0.37524483
vn -0.81636089 0.36061192 0.45112517
vn 0.90180689 -0.43148500 -0.02377181
vn -0.00000025 -0.99925065 -0.03870600
vn 0.69749588 -0.22921956 -0.67893887
vn 0.21408200 0.03357231 -0.97623861
vn -0.29798836 0.39289141 -0.86996508
vn -0.66003430 0.56623220 -0.49369615
vn -0.85063893 0.40029633 0.34084648
vn 0.59517676 -0.43676621 0.67453682
vn 0.00000001 -0.40795159 0.91300356
vn 0.58230793 -0.39718038 0.70934141
vn 0.89903468 -0.43750378 -0.01808619
vn 0.53731591 -0.34749386 0.76846576
vn 0.89565986 -0.44425711 0.02071401
vn 0.46942514 -0.33185792 0.81823611
vn -0.33285844 0.89870578 -0.28554016
vn -0.68989182 0.46723828 0.55293548
vn -0.72864372 0.64447701 0.23179232
vn -0.17117892 0.39986184 -0.90044898
vn -0.50562829 -0.80874807 -0.30044401
vn 0.38291737 0.02220029 -0.92351580
vn 0.64650941 0.25838879 0.71781671
vn 0.72136569 -0.28289065 -0.63214272
vn 0.29418194 0.02092540 -0.95552033
vn 0.80210924 -0.29970199 -0.51652646
vn 0.85899389 0.49717966 0.12223713
vn 0.76388907 -0.30177966 -0.57044059
vn 0.89168859 -0.44714499 0.07037597
vn 0.40574029 -0.34485236 0.84643471
vn 0.88633448 -0.44966036 0.11052959
vn -0.06526455 0.16496114 0.98413837
vn 0.00000000 0.17352141 0.98483008
vn 0.00000000 0.12257130 0.99245971
vn -0.13142206 0.13106382 0.98262429
vn 0.10683782 0.16365974 0.98071462
vn 0.08937323 -0.07256709 0.99335110
vn 0.13142152 0.13106443 0.98262429
vn 0.00000000 0.12257130 0.99245971
vn 0.25738907 0.14557561 0.95527935
vn 0.23803535 -0.09503303 0.96659601
vn 0.27929503 0.14653103 0.94895887
vn -0.29576156 -0.05857749 0.95346409
vn -0.14453930 -0.14171666 0.97929811
vn 0.00000000 0.12257130 0.99245971
vn -0.44731444 -0.02313025 0.89407760
vn -0.58650106 -0.11326087 0.80199033
vn -0.50562829 -0.80874807 -0.30044401
vn 0.64650941 0.25838879 0.71781671
vn -0.72864372 0.64447701 0.23179232
vn -0.07754974 0.62541604 0.77642828
vn -0.63356972 0.59388542 0.49587247
vn 0.00000000 -0.18548286 0.98264748
vn -0.00000039 0.60183698 0.79861897
vn 0.07754747 0.62541640 0.77642822
vn -0.77307141 -0.26097715 0.57814497
vn -0.82045066 0.57166964 0.00739080
vn -0.93641156 -0.33899480 0.09064186
vn 0.14453988 -0.14171574 0.97929817
vn -0.64651471 0.25838342 0.71781385
vn -0.78578764 -0.00588488 0.61846846
vn -0.99371719 -0.06642942 0.09007364
vn 0.29576200 -0.05857759 0.95346397
vn 0.50558239 -0.80878448 -0.30042323
vn -0.77946651 0.08567154 0.62055808
vn -0.55340451 -0.11009607 0.82560420
vn -0.99065810 0.08936883 0.10300361
vn -0.81537795 -0.01906391 0.57861507
vn -0.98885149 0.08911578 0.11929418
vn 0.44731379 -0.02313079 0.89407790
vn 0.72863889 0.64448005 0.23179929
vn 0.41744417 0.13836609 0.89810646
vn 0.58650070 -0.11326206 0.80199045
vn 0.63357121 0.59388298 0.49587360
vn 0.39901558 0.12152277 0.90885574
vn 0.77307183 -0.26097760 0.57814413
vn 0.82045662 0.57166100 0.00739019
vn 0.93641144 -0.33899519 0.09064150
vn 0.55078614 0.07835025 0.83096081
vn 0.78578657 -0.00588452 0.61846983
vn 0.99371701 -0.06642953 0.09007545
vn 0.53327894 0.08931857 0.84121090
vn 0.77946591 0.08567180 0.62055886
vn 0.99065799 0.08936922 0.10300452
vn 0.55340534 -0.11009639 0.82560360
vn 0.81537837 -0.01906409 0.57861453
vn 0.98885155 0.08911524 0.11929389
vn 0.38526750 -0.11805406 0.91522247
vn 0.55340534 -0.11009639 0.82560360
vn 0.33727691 -0.26114765 0.90445906
vn 0.58067816 -0.26710993 0.76906770
vn 0.19569865 -0.22505319 0.95449102
vn 0.08937323 -0.07256709 0.99335110
vn 0.25634554 -0.23743062 0.93697047
vn 0.39593187 -0.44149762 0.80518186
vn 0.07761568 -0.16710113 0.98287994
vn 0.87882113 -0.13418105 0.45789611
vn 0.81537837 -0.01906409 0.57861453
vn 0.82573354 -0.43742305 0.35612524
vn 0.96431023 -0.25537288 0.06993174
vn 0.99486595 0.02748307 0.09739845
vn 0.98885155 0.08911524 0.11929389
vn -0.19999279 0.05757582 0.97810423
vn -0.09222966 -0.28097361 0.95527351
vn -0.25485662 0.34706184 0.90254986
vn -0.24638627 0.70001447 0.67027879
vn -0.13614641 0.70479304 0.69622618
vn -0.08144648 0.75399029 0.65181679
vn -0.10142667 0.38082895 0.91906577
vn 0.16629486 0.75998497 0.62830639
vn -0.07663497 0.03277504 0.99652040
vn 0.16346873 0.39749038 0.90292823
vn -0.01437416 0.77352196 0.63360655
vn 0.07266936 -0.68123162 0.72845227
vn 0.82573354 -0.43742305 0.35612524
vn 0.00406867 -0.34667394 0.93797690
vn 0.17334728 0.03405616 0.98427176
vn -0.07663497 0.03277504 0.99652040
vn -0.03840702 0.42629340 0.90376925
vn -0.21026610 0.73520482 0.64440829
vn 0.28970945 -0.90461779 0.31262615
vn 0.96431023 -0.25537288 0.06993174
vn 0.50031900 -0.86395305 0.05714942
vn 0.05564108 -0.76722717 0.63895738
vn 0.06388944 -0.97002131 0.23447146
vn 0.12512290 -0.99207813 0.01118978
vn 0.24406938 -0.34537134 0.90617257
vn -0.07350293 0.05418982 0.99582165
vn -0.07350293 0.05418982 0.99582165
vn -0.24432929 0.41056550 0.87848687
vn -0.01425227 0.74038696 0.67202973
vn -0.28418580 0.04363950 0.95777553
vn -0.00593996 0.41490409 0.90984577
vn 0.17249157 0.72182006 0.67024064
vn 0.01351091 0.04026558 0.99909765
vn 0.22045574 0.38452026 0.89640582
vn -0.07507403 0.73093140 0.67830902
vn -0.06780978 0.37812451 0.92326796
vn -0.04954465 -0.35234568 0.93455756
vn -0.28418580 0.04363950 0.95777553
vn 0.32547557 -0.72123462 0.61146241
vn 0.02699103 -0.75226694 0.65830541
vn -0.28726077 -0.35707402 0.88880789
vn -0.25123954 -0.72772539 0.63819623
vn 0.03118222 -0.37143898 0.92793357
vn 0.05848130 -0.74577063 0.66363102
vn 0.29221448 0.03117369 0.95584458
vn 0.32526699 -0.34282461 0.88129038
vn 0.04112304 0.02271505 0.99889582
vn 0.34141409 -0.70191467 0.62510180
vn -0.02296140 -0.36339551 0.93135196
vn -0.27823877 0.18183637 0.94314301
vn -0.23471566 0.01627745 0.97192776
vn -0.33216026 0.41553226 0.84675997
vn -0.07507403 0.73093140 0.67830902
vn 0.00945974 0.59482628 0.80379868
vn -0.03266604 0.76070744 0.64827245
vn 0.61865282 0.57028723 0.54040831
vn 0.63801122 0.59566629 0.48797882
vn 0.60907435 0.34010011 0.71649170
vn 0.07426368 0.28143120 0.95670342
vn -0.17139232 0.21448225 0.96157271
vn -0.10080835 0.08920278 0.99089885
vn 0.07426368 0.28143120 0.95670342
vn 0.09621453 0.04479315 0.99435222
vn 0.60907435 0.34010011 0.71649170
vn -0.07428887 0.03457599 0.99663717
vn -0.33887097 -0.15548478 0.92789596
vn 0.12231445 0.04695604 0.99137998
vn -0.14585976 -0.02809852 0.98890615
vn -0.05582068 -0.73217481 0.67882550
vn -0.41418964 -0.36654294 0.83312261
vn -0.24839409 -0.16147193 0.95510584
vn -0.23321377 -0.69872838 0.67630613
vn -0.17825961 -0.49159780 0.85238206
vn 0.59463751 0.08096874 0.79990649
vn -0.03264904 -0.18115993 0.98291153
vn -0.14585976 -0.02809852 0.98890615
vn 0.47030744 -0.63470417 0.61315697
vn 0.46695960 -0.55244291 0.69047487
vn 0.07604174 0.04383172 0.99614078
vn -0.07428887 0.03457599 0.99663717
vn 0.52295643 -0.28717148 0.80252671
vn 0.57714921 -0.00270281 0.81663430
vn 0.60157549 0.04104165 0.79776096
vn 0.60157549 0.04104165 0.79776096
vn 0.95145929 -0.30618408 0.03125012
vn 0.94524908 -0.32235771 -0.05088897
vn 0.47030744 -0.63470417 0.61315697
vn 0.98842728 -0.14997196 0.02280139
vn 0.57714921 -0.00270281 0.81663430
vn 0.99963349 0.00015514 -0.02707271
vn 0.99208850 0.12546217 -0.00443309
vn 0.99340719 -0.08630008 0.07546146
vn 0.50419146 -0.68611747 0.52443665
vn 0.96618617 0.25610724 -0.02989012
vn 0.95398951 0.06181906 0.29339808
vn 0.54665047 -0.79581732 0.26047677
vn 0.95455933 0.27087346 -0.12427409
vn 0.99765474 0.05751467 0.03710951
vn 0.63801122 0.59566629 0.48797882
vn 0.75591058 -0.50530320 -0.41625461
vn 0.73981839 -0.20323859 -0.64137572
vn 0.68849695 0.05785706 -0.72292781
vn 0.65556008 0.11116768 -0.74691552
vn 0.65668398 -0.04581379 -0.75277305
vn 0.65634418 -0.22041741 -0.72154588
vn 0.67012572 -0.18078478 -0.71989477
vn 0.70936495 0.12919272 -0.69290018
vn 0.72110385 0.50631607 -0.47291997
vn 0.68728405 0.71366084 -0.13538429
vn 0.95878488 -0.02545172 0.28299093
vn 0.63373661 0.75387597 0.17334647
vn 0.98693472 0.00299683 0.16109279
vn 0.60055351 0.76369458 0.23686717
vn 0.58802485 -0.80883932 -0.00238094
vn 0.99707687 0.07635956 0.00262336
vn 0.60338861 0.79724377 -0.01801777
vn 0.61648965 -0.78701317 0.02346985
vn 0.14399585 -0.98911995 0.03011499
vn 0.09769837 -0.99420613 -0.04482357
vn 0.00297244 -0.98542881 0.17006241
vn -0.16433248 -0.98584169 0.03333089
vn -0.21445762 -0.97644168 0.02386612
vn -0.48546031 -0.87362307 0.03333263
vn -0.27532285 -0.95183682 0.13492210
vn -0.52951801 -0.84051621 0.11464395
vn -0.08637328 -0.99529082 0.04399787
vn -0.47377422 -0.82151985 0.31724292
vn 0.00297244 -0.98542881 0.17006241
vn -0.11306593 -0.94829643 0.29656371
vn 0.39503136 -0.91851336 0.01683451
vn -0.14350294 -0.86744022 0.47639734
vn 0.54665047 -0.79581732 0.26047677
vn 0.50419146 -0.68611747 0.52443665
vn 0.47030744 -0.63470417 0.61315697
vn -0.05582068 -0.73217481 0.67882550
vn 0.37526983 -0.88616705 0.27180961
vn 0.12000979 -0.99273258 -0.00892584
vn 0.09760192 -0.94955266 0.29803291
vn -0.20088275 -0.97936606 -0.02209562
vn -0.21510926 -0.93508625 0.28167674
vn 0.06272189 -0.99766070 -0.02718739
vn -0.25123954 -0.72772539 0.63819623
vn 0.06086325 -0.96312839 0.26206744
vn 0.34923208 -0.93686539 -0.01789604
vn 0.02699103 -0.75226694 0.65830541
vn 0.33971980 -0.91292787 0.22617061
vn 0.32547557 -0.72123462 0.61146241
vn -0.09870692 0.40920654 0.90708709
vn 0.00000126 0.99817502 0.06038744
vn 0.00000150 0.38508955 0.92287922
vn 0.04715426 0.99742860 0.05396918
vn -0.24548826 0.48981994 0.83654767
vn -0.00000074 0.45393488 -0.89103490
vn 0.10939471 0.99348342 0.03199127
vn -0.42096263 0.64189118 0.64091039
vn 0.14938994 0.43499744 -0.88795263
vn 0.18679272 0.98226321 -0.01635315
vn -0.49145600 0.81043339 0.31885529
vn 0.33257356 0.93719357 -0.10518123
vn 0.37182876 0.37105730 -0.85091710
vn 0.66865444 0.24687879 -0.70139301
vn 0.90686262 0.03332367 -0.42010683
vn 0.58204085 -0.27922308 -0.76371652
vn 0.73893660 -0.52562988 -0.42152816
vn 0.32435662 -0.08587224 -0.94202906
vn 0.13090707 0.00925336 -0.99135149
vn 0.35669023 -0.66038549 -0.66080493
vn 0.42884481 -0.83587295 -0.34264937
vn 0.20059882 -0.51049018 -0.83615786
vn -0.31409925 -0.94039160 0.13040444
vn -0.49408609 -0.85194844 0.17338642
vn -0.62979853 -0.22355174 0.74389416
vn -0.86971003 0.00068077 0.49356255
vn -0.34096336 -0.37058797 0.86394942
vn -0.16455834 -0.98421228 0.06516661
vn -0.12659658 -0.43608072 0.89095843
vn -0.05327829 -0.99846452 0.01516709
vn 0.00000019 -0.45369026 0.89115942
vn 0.08461723 -0.42872089 -0.89946556
vn -0.00000035 -0.99992585 -0.01217726
vn -0.00000082 -0.40004721 -0.91649455
vn -0.00000053 0.03670813 -0.99932605
vn 0.05328035 -0.99846441 0.01516634
vn 0.12659776 -0.43608516 0.89095610
vn -0.08461707 -0.42872241 -0.89946485
vn -0.00000082 -0.40004721 -0.91649455
vn -0.13090722 0.00925259 -0.99135143
vn -0.14938721 0.43499285 -0.88795531
vn 0.16455807 -0.98421246 0.06516530
vn 0.34096545 -0.37058988 0.86394775
vn -0.20059922 -0.51049227 -0.83615649
vn -0.32435462 -0.08587027 -0.94202989
vn 0.31409207 -0.94039464 0.13039961
vn 0.62979859 -0.22355413 0.74389333
vn -0.35669592 -0.66037941 -0.66080797
vn 0.49408263 -0.85194987 0.17338926
vn 0.86970848 0.00068471 0.49356529
vn -0.42885101 -0.83587015 -0.34264842
vn -0.73893833 -0.52563095 -0.42152381
vn -0.58203864 -0.27922574 -0.76371723
vn -0.90686184 0.03331444 -0.42010918
vn -0.66865647 0.24687231 -0.70139331
vn -0.33257329 0.93719327 -0.10518447
vn -0.37182701 0.37106037 -0.85091650
vn -0.18680574 0.98226064 -0.01635852
vn 0.49145472 0.81043351 0.31885713
vn 0.42095605 0.64189744 0.64090854
vn -0.10940751 0.99348205 0.03199147
vn 0.24547638 0.48982781 0.83654654
vn -0.04714836 0.99742854 0.05397508
vn 0.09870840 0.40919447 0.90709239
vn 0.00000126 0.99817502 0.06038744
vn 0.00000150 0.38508955 0.92287922
vn -0.94245559 0.23825318 0.23454814
vn -0.86971003 0.00068077 0.49356255
vn -0.49408609 -0.85194844 0.17338642
vn -0.67124915 -0.72239244 0.16605362
vn -0.90294045 0.42671257 0.05113656
vn 0.42884481 -0.83587295 -0.34264937
vn -0.81480342 -0.56756550 0.11817266
vn -0.84505862 0.52065295 -0.12164051
vn 0.32258227 -0.94424629 -0.06587561
vn 0.73893660 -0.52562988 -0.42152816
vn -0.88991189 -0.45452335 0.03827986
vn -0.79219192 0.51634318 -0.32530242
vn 0.69747752 -0.70720851 -0.11567700
vn 0.90686262 0.03332367 -0.42010683
vn 0.13934968 -0.98730868 0.07617860
vn -0.90264732 -0.42827910 -0.04248379
vn -0.73515093 0.45235214 -0.50490654
vn 0.96601832 -0.21104771 -0.14922298
vn 0.33257356 0.93719357 -0.10518123
vn 0.57924342 -0.81279284 0.06200737
vn -0.01496482 -0.98452675 0.17459406
vn -0.87727356 -0.47264400 -0.08365876
vn -0.67060661 0.40877849 -0.61902100
vn 0.55860776 0.81911564 -0.13041089
vn -0.49145600 0.81043339 0.31885529
vn -0.37649310 0.92518824 0.04774612
vn -0.10891693 -0.94941825 0.29452023
vn 0.91799057 -0.39550903 0.02942744
vn 0.74461079 0.66147172 -0.08949835
vn -0.18601604 0.97840178 -0.09015549
vn 0.46326524 -0.86084241 0.21056038
vn -0.85323757 -0.50983936 -0.10976990
vn -0.58152676 0.40781105 -0.70392954
vn 0.84774226 0.52959186 -0.02942003
vn -0.01799960 0.98104119 -0.19296169
vn 0.84693515 -0.49729469 0.18814598
vn -0.15773296 -0.89992064 0.40652570
vn 0.36606190 -0.84653306 0.38649771
vn -0.84881055 -0.50317866 -0.16227096
vn -0.47078919 0.41016188 -0.78110486
vn 0.88240635 0.46955734 0.02957891
vn 0.09707835 0.94290078 -0.31861246
vn 0.77626479 -0.50683898 0.37486959
vn 0.28378192 -0.79207903 0.54044306
vn -0.19005935 -0.86584884 0.46279940
vn -0.85217786 -0.47245684 -0.22489436
vn -0.38211387 0.40870517 -0.82882392
vn 0.88259816 0.46276599 0.08287418
vn 0.17116116 0.88465500 -0.43369275
vn 0.70037580 -0.45955965 0.54614902
vn 0.21044287 -0.75562978 0.62027210
vn -0.22724096 -0.83985734 0.49295151
vn -0.85763365 -0.44671616 -0.25477296
vn -0.34525165 0.43110272 -0.83363765
vn 0.87072843 0.47318876 0.13388203
vn 0.21862194 0.84131211 -0.49436674
vn 0.62439185 -0.42948478 0.65243977
vn -0.26872185 -0.79716301 0.54066604
vn 0.13701892 -0.73761660 0.66117144
vn -0.87135929 -0.41716200 -0.25828049
vn -0.33936951 0.46274573 -0.81895953
vn 0.86341125 0.47403550 0.17265952
vn 0.25406855 0.81183237 -0.52571613
vn 0.54442841 -0.43369785 0.71798605
vn -0.29171306 -0.75092983 0.59245920
vn 0.06762081 -0.70420539 0.70676887
vn -0.88539559 -0.37712628 -0.27175450
vn -0.25137722 0.61661625 -0.74605221
vn 0.86860859 0.45070246 0.20587970
vn 0.28542247 0.77365023 -0.56568485
vn 0.45604858 -0.44363293 0.77149826
vn -0.29845253 -0.73002917 0.61480367
vn 0.02752813 -0.66333294 0.74781787
vn -0.99979711 0.01766978 -0.00966812
vn -0.25454098 0.71512127 -0.65100724
vn 0.88154751 0.40945590 0.23498911
vn 0.30235526 0.73581439 -0.60593605
vn 0.38331246 -0.45254788 0.80515343
vn 0.01985160 -0.64314198 0.76548958
vn -0.31523919 -0.73016971 0.60619831
vn -0.90397435 0.36612973 0.22086069
vn -0.26790050 0.43455255 -0.85987991
vn -0.97501713 -0.08937258 -0.20335725
vn 0.89341187 0.36818910 0.25739461
vn 0.30574581 0.71973735 -0.62329584
vn 0.34443042 -0.46727905 0.81425917
vn 0.01267086 -0.64101732 0.76742178
vn -0.27879930 -0.62852275 0.72610617
vn -0.33935049 -0.48208925 0.80773216
vn -0.51097786 -0.82601500 0.23790927
vn 0.87208927 0.36304018 0.32811910
vn 0.34884953 0.73872161 -0.57670999
vn 0.36567688 -0.43300280 0.82388651
vn 0.00778617 -0.63407642 0.77323121
vn -0.02856342 -0.62785786 0.77780378
vn -0.25571242 -0.95374316 0.15806702
vn 0.00000129 -0.56142503 0.82752764
vn 0.00001774 0.78010505 0.62564862
vn 0.00000059 0.73893017 -0.67378205
vn 0.32118925 -0.64435941 0.69400179
vn 0.04329833 -0.97489220 0.21842723
vn 0.98384839 -0.13209361 -0.12080384
vn 0.37610996 0.53292292 -0.75798059
vn 0.64859515 -0.56685323 -0.50793880
vn 0.15029894 0.30664092 -0.93988383
vn -0.25571242 -0.95374316 0.15806702
vn -0.97501713 -0.08937258 -0.20335725
vn -0.51097786 -0.82601500 0.23790927
vn -0.29822978 -0.46817091 -0.83179021
vn 0.04329833 -0.97489220 0.21842723
vn -0.26790050 0.43455255 -0.85987991
vn 0.64859515 -0.56685323 -0.50793880
vn -0.07894120 0.31468040 -0.94590938
vn -0.25454098 0.71512127 -0.65100724
vn 0.15029894 0.30664092 -0.93988383
vn 0.04397199 0.63855523 -0.76831877
vn 0.37610996 0.53292292 -0.75798059
vn -0.25137722 0.61661625 -0.74605221
vn 0.03746663 0.65042663 -0.75864452
vn 0.00000059 0.73893017 -0.67378205
vn 0.34884953 0.73872161 -0.57670999
vn 0.01106751 0.65191853 -0.75820827
vn -0.33936951 0.46274573 -0.81895953
vn 0.30574581 0.71973735 -0.62329584
vn 0.01530478 0.63720006 -0.77054644
vn -0.34525165 0.43110272 -0.83363765
vn 0.30235526 0.73581439 -0.60593605
vn 0.01129840 0.64653414 -0.76280135
vn -0.38211387 0.40870517 -0.82882392
vn 0.28542247 0.77365023 -0.56568485
vn -0.02566594 0.68924791 -0.72407091
vn -0.47078919 0.41016188 -0.78110486
vn 0.25406855 0.81183237 -0.52571613
vn -0.10022620 0.72989601 -0.67617053
vn -0.58152676 0.40781105 -0.70392954
vn 0.21862194 0.84131211 -0.49436674
vn -0.19242206 0.75312394 -0.62910903
vn -0.67060661 0.40877849 -0.61902100
vn 0.17116116 0.88465500 -0.43369275
vn -0.29197147 0.79055703 -0.53830504
vn -0.73515093 0.45235214 -0.50490654
vn 0.09707835 0.94290078 -0.31861246
vn -0.39173934 0.84226590 -0.37030852
vn -0.79219192 0.51634318 -0.32530242
vn -0.01799960 0.98104119 -0.19296169
vn -0.49338031 0.85070252 -0.18133157
vn -0.84505862 0.52065295 -0.12164051
vn -0.18601604 0.97840178 -0.09015549
vn -0.61453021 0.78848487 -0.02538316
vn -0.90294045 0.42671257 0.05113656
vn -0.37649310 0.92518824 0.04774612
vn -0.73591483 0.65857279 0.15719818
vn -0.94245559 0.23825318 0.23454814
vn -0.49145600 0.81043339 0.31885529
vn -0.75650799 0.46416965 0.46069756
vn -0.86971003 0.00068077 0.49356255
vn -0.42096263 0.64189118 0.64091039
vn -0.57939720 0.23959839 0.77903241
vn -0.62979853 -0.22355174 0.74389416
vn -0.24548826 0.48981994 0.83654767
vn -0.31920317 0.07333253 0.94484478
vn -0.34096336 -0.37058797 0.86394942
vn -0.09870692 0.40920654 0.90708709
vn -0.12286848 -0.00874359 0.99238443
vn 0.00000150 0.38508955 0.92287922
vn -0.12659658 -0.43608072 0.89095843
vn 0.00000001 -0.03344843 0.99944043
vn 0.00000019 -0.45369026 0.89115942
vn 0.12659776 -0.43608516 0.89095610
vn 0.12286800 -0.00874268 0.99238449
vn 0.00000150 0.38508955 0.92287922
vn 0.34096545 -0.37058988 0.86394775
vn 0.09870840 0.40919447 0.90709239
vn 0.31920183 0.07333199 0.94484532
vn 0.62979859 -0.22355413 0.74389333
vn 0.24547638 0.48982781 0.83654654
vn 0.57939631 0.23959954 0.77903277
vn 0.86970848 0.00068471 0.49356529
vn 0.42095605 0.64189744 0.64090854
vn 0.75650263 0.46417826 0.46069765
vn 0.94245493 0.23825520 0.23454881
vn 0.49145472 0.81043351 0.31885713
vn 0.73590767 0.65857995 0.15720165
vn 0.90294284 0.42670757 0.05113668
vn 0.37648806 0.92519015 0.04774861
vn 0.61452806 0.78848654 -0.02538165
vn 0.84505898 0.52065229 -0.12164102
vn 0.18600816 0.97840351 -0.09015305
vn 0.49337578 0.85070461 -0.18133397
vn 0.79218936 0.51634526 -0.32530531
vn 0.01798018 0.98104125 -0.19296323
vn 0.39173201 0.84226793 -0.37031171
vn 0.73514527 0.45235774 -0.50490975
vn -0.09708931 0.94289863 -0.31861547
vn 0.29196262 0.79055822 -0.53830808
vn 0.67060411 0.40878040 -0.61902237
vn -0.17116348 0.88465321 -0.43369544
vn 0.19241618 0.75312638 -0.62910789
vn 0.58152288 0.40781459 -0.70393074
vn -0.21862280 0.84131032 -0.49436933
vn 0.10022581 0.72989964 -0.67616659
vn 0.47078207 0.41016239 -0.78110886
vn -0.25406373 0.81183338 -0.52571690
vn 0.02566781 0.68924928 -0.72406948
vn 0.38211563 0.40870234 -0.82882446
vn -0.28541633 0.77365214 -0.56568533
vn -0.01129710 0.64653236 -0.76280296
vn 0.34525961 0.43110204 -0.83363473
vn -0.30235386 0.73581249 -0.60593909
vn -0.01530683 0.63720185 -0.77054495
vn 0.33937657 0.46274570 -0.81895661
vn -0.30574724 0.71973431 -0.62329859
vn -0.01107329 0.65192121 -0.75820589
vn -0.34884977 0.73872221 -0.57670903
vn 0.25138313 0.61661464 -0.74605155
vn -0.03747060 0.65042526 -0.75864547
vn 0.00000059 0.73893017 -0.67378205
vn -0.37610954 0.53292423 -0.75797987
vn -0.04397546 0.63855463 -0.76831901
vn 0.25455272 0.71512133 -0.65100265
vn -0.15029523 0.30664304 -0.93988371
vn 0.07893940 0.31468219 -0.94590890
vn 0.26790971 0.43455687 -0.85987484
vn -0.64859176 -0.56685066 -0.50794590
vn 0.29823145 -0.46815559 -0.83179826
vn -0.04329196 -0.97489613 0.21841086
vn 0.97501713 -0.08937281 -0.20335697
vn 0.25571623 -0.95374393 0.15805602
vn 0.51097888 -0.82601660 0.23790166
vn -0.99999321 -0.00024101 0.00368675
vn -0.85017270 0.34053418 -0.40155059
vn -0.61220461 -0.11027700 -0.78297162
vn -0.59151810 -0.14910892 -0.79238433
vn -0.05853580 0.28984156 -0.95528293
vn 0.43471092 -0.12247773 -0.89220268
vn -0.99228346 0.01756507 -0.12273955
vn -0.55579031 -0.07308058 -0.82810414
vn 0.45323411 -0.05819434 -0.88948989
vn 0.48087639 0.02284146 -0.87649083
vn -0.50857866 0.01979771 -0.86078793
vn -0.97315687 0.06210697 -0.22160418
vn 0.50461262 0.14305218 -0.85141188
vn -0.44861752 0.15393703 -0.88036680
vn -0.95175493 0.14398117 -0.27098328
vn 0.53819263 0.28609383 -0.79277927
vn -0.37225881 0.32698166 -0.86862326
vn -0.93443257 0.25413445 -0.24950247
vn 0.58981675 0.36693132 -0.71935916
vn -0.27847725 0.45382112 -0.84646136
vn -0.91825873 0.32975981 -0.21922460
vn 0.63242215 0.40244785 -0.66187453
vn -0.16721164 0.53652835 -0.82715029
vn 0.66271913 0.47885540 -0.57576120
vn -0.86075246 0.40269771 -0.31135160
vn -0.06119447 0.65105408 -0.75656056
vn -0.75320578 0.51669902 -0.40706661
vn -0.00447607 0.77898681 -0.62702435
vn -0.68838686 0.62234557 -0.37257144
vn -0.06119447 0.65105408 -0.75656056
vn 0.68264294 0.56864476 -0.45895737
vn 0.66271913 0.47885540 -0.57576120
vn 0.69107968 0.62400138 -0.36473450
vn 0.00551963 0.86269444 -0.50569534
vn -0.68184185 0.66984206 -0.29394457
vn 0.69010514 0.66268569 -0.29086530
vn 0.00269600 0.91862404 -0.39512363
vn -0.68226528 0.69468570 -0.22787265
vn 0.69243085 0.69283193 -0.20130439
vn 0.00084470 0.96361506 -0.26729256
vn -0.68668342 0.71081954 -0.15232019
vn 0.69739544 0.70601988 -0.12318885
vn -0.00426572 0.98707843 -0.16018115
vn -0.69578540 0.71271932 -0.08895966
vn 0.69470221 0.71564543 -0.07239160
vn -0.02184050 0.99581194 -0.08877807
vn -0.70523846 0.70743525 -0.04662712
vn 0.67769736 0.73458076 -0.03342670
vn -0.05692944 0.99812734 -0.02238053
vn -0.71989131 0.69407076 0.00472116
vn 0.64550644 0.76360047 0.01535734
vn -0.10273056 0.99147135 0.08019343
vn -0.73543149 0.67019945 0.09986600
vn 0.60457033 0.78961587 0.10488778
vn -0.13689953 0.95899481 0.24816816
vn -0.73958558 0.62958872 0.23797308
vn 0.58264190 0.78325194 0.21689805
vn -0.13285784 0.88861263 0.43899477
vn -0.73888958 0.55883574 0.37649006
vn 0.55249816 0.74424392 0.37529567
vn -0.08752419 0.75520444 0.64961970
vn -0.72143477 0.43219152 0.54105675
vn 0.56616110 0.61403543 0.54992914
vn -0.02326050 0.50221896 0.86442763
vn -0.67722887 0.19368611 0.70982170
vn 0.61116624 0.48666954 0.62420243
vn 0.02786576 0.24773155 0.96842790
vn -0.64020163 -0.06523342 0.76543218
vn 0.63278192 0.41337973 0.65475512
vn 0.05298725 0.11823855 0.99157047
vn -0.62321323 -0.20799722 0.75388485
vn 0.63821852 0.36932942 0.67547977
vn 0.05666365 0.06172324 0.99648356
vn -0.61452633 -0.27487642 0.73945951
vn 0.00000063 0.19451793 0.98089898
vn 0.05371661 -0.05707602 0.99692369
vn -0.58463061 -0.35850096 0.72779399
vn 0.00000001 -0.16601333 0.98612350
vn 0.06058573 -0.15675940 0.98577678
vn -0.55996764 -0.46016282 0.68897492
vn -0.00000014 -0.19246964 0.98130292
vn 0.05526033 -0.19874139 0.97849280
vn -0.50432616 -0.23275638 0.83155257
vn 0.00000001 -0.21693642 0.97618574
vn 0.01767484 -0.23841332 0.97100294
vn -0.66688973 0.14762653 0.73038656
vn 0.00000001 -0.40795159 0.91300356
vn -0.03239891 -0.23215215 0.97213978
vn -0.67755514 0.15678784 0.71856570
vn -0.70390475 0.21133251 0.67812729
vn -0.08515358 -0.19806032 0.97648400
vn 0.59517676 -0.43676621 0.67453682
vn -0.73267263 0.27707851 0.62162554
vn -0.14172606 -0.11013389 0.98376024
vn 0.58230793 -0.39718038 0.70934141
vn -0.77090967 0.33020455 0.54466808
vn -0.21562421 -0.03428187 0.97587448
vn 0.53731591 -0.34749386 0.76846576
vn -0.81636089 0.36061192 0.45112517
vn -0.30765706 -0.01649722 0.95135427
vn 0.46942514 -0.33185792 0.81823611
vn -0.85063893 0.40029633 0.34084648
vn -0.39903346 -0.01806828 0.91675836
vn -0.68989182 0.46723828 0.55293548
vn 0.40574029 -0.34485236 0.84643471
vn -0.46716821 -0.03497582 0.88347644
vn -0.06526455 0.16496114 0.98413837
vn -0.60629982 -0.65140676 -0.45614675
vn -0.47528005 0.03040230 -0.87930918
vn -0.68513602 -0.59667706 -0.41781002
vn -0.42248335 -0.00685322 -0.90634477
vn -0.49371061 -0.71234453 -0.49881375
vn -0.39212567 0.23840445 -0.88848227
vn -0.33671245 -0.04248919 -0.94064838
vn -0.38197815 -0.75703788 -0.53008145
vn -0.37840325 0.16520983 -0.91077811
vn -0.24221629 -0.05411644 -0.96871185
vn -0.28145751 -0.78603345 -0.55039364
vn -0.33849466 0.38899037 -0.85680097
vn -0.31593984 0.45523053 -0.83243448
vn -0.25824091 0.12637997 -0.95777857
vn -0.15842462 0.35348505 -0.92192733
vn -0.08350874 0.60144883 -0.79453480
vn -0.28835019 0.59179175 -0.75275278
vn -0.27328700 0.57609326 -0.77034461
vn -0.18473901 -0.06570473 -0.98058879
vn -0.16525771 -0.80787843 -0.56570518
vn -0.11154454 0.16514902 -0.97994059
vn -0.15842462 0.35348505 -0.92192733
vn -0.22202581 0.74998933 -0.62307346
vn -0.23454598 0.68404740 -0.69070059
vn -0.04858115 0.78175986 -0.62168437
vn -0.11655873 -0.08639471 -0.98941904
vn 0.00000359 -0.81914788 -0.57358235
vn -0.00000093 -0.10234947 -0.99474853
vn -0.10622656 0.20886515 -0.97215807
vn 0.04575574 0.37295571 -0.92672026
vn -0.08350874 0.60144883 -0.79453480
vn 0.12004227 0.57883877 -0.80655783
vn -0.30567348 0.87259430 -0.38097632
vn -0.20446688 0.86505365 -0.45812175
vn -0.10800908 0.19286944 -0.97526175
vn -0.02164250 0.42014518 -0.90719879
vn -0.04892524 0.90281385 -0.42723942
vn -0.00000032 0.16389950 -0.98647702
vn -0.12161502 0.41209170 -0.90298963
vn -0.00000148 0.39126492 -0.92027813
vn 0.01274636 0.58592057 -0.81026828
vn -0.12182651 0.59435070 -0.79492491
vn -0.00000200 0.59865475 -0.80100721
vn 0.00871013 0.73303771 -0.68013221
vn -0.11743306 0.75535196 -0.64471155
vn -0.00000112 0.76770389 -0.64080483
vn -0.20900337 0.88081354 -0.42483541
vn 0.00000797 0.89695722 -0.44211739
vn -0.00512037 0.87069374 -0.49179897
vn 0.11831868 0.75550586 -0.64436918
vn 0.18515751 0.88147163 -0.43442428
vn -0.01932763 0.98304313 -0.18235320
vn 0.31275243 0.93771172 -0.15127033
vn -0.34590375 0.93179941 -0.11000235
vn -0.20900337 0.88081354 -0.42483541
vn 0.00000067 0.99507326 -0.09914258
vn 0.00000797 0.89695722 -0.44211739
vn -0.00000535 0.81916702 0.57355505
vn -0.43585655 0.73726070 0.51621288
vn -0.02613728 0.81887299 0.57337940
vn 0.40278304 0.74978274 0.52496827
vn -0.07346545 0.98832560 -0.13347405
vn -0.10754927 0.81441379 0.57023090
vn -0.47024038 0.87950557 -0.07310247
vn -0.57746387 0.66877449 0.46826944
vn -0.20446688 0.86505365 -0.45812175
vn -0.23916043 0.97069293 -0.02361055
vn -0.29877061 0.78173393 0.54738307
vn 0.02814010 0.99917835 0.02916759
vn 0.07846794 0.81664127 0.57178646
vn -0.11739676 0.91272700 -0.39134058
vn -0.34649512 0.93663114 -0.05160611
vn -0.37180555 0.76043552 0.53244579
vn -0.23121937 0.68699509 -0.68889427
vn -0.23454598 0.68404740 -0.69070059
vn -0.33055058 0.87901658 -0.34360766
vn -0.44229653 0.73145127 -0.51899213
vn -0.25232980 0.58185112 -0.77316165
vn -0.27328700 0.57609326 -0.77034461
vn -0.60826778 0.75883752 -0.23275724
vn -0.47321790 0.60118061 -0.64393073
vn -0.27547204 0.48845169 -0.82796746
vn -0.31593984 0.45523053 -0.83243448
vn -0.73886651 0.55199796 0.38649008
vn -0.37180555 0.76043552 0.53244579
vn -0.92742199 0.30638066 0.21452141
vn -0.68840742 0.59035897 -0.42139235
vn -0.99998248 -0.00485357 -0.00340096
vn -0.71352327 0.38303384 -0.58665967
vn -0.91847408 -0.32394886 -0.22685342
vn -0.49335369 0.46020716 -0.73811352
vn -0.39766738 0.27338371 -0.87585503
vn -0.39212567 0.23840445 -0.88848227
vn -0.65739441 0.15878561 -0.73662728
vn -0.50685441 0.29266661 -0.81082970
vn -0.54190665 0.05386702 -0.83871067
vn -0.47528005 0.03040230 -0.87930918
vn -0.77890646 -0.51371384 -0.35972607
vn -0.68513602 -0.59667706 -0.41781002
vn 0.24912882 0.59171981 -0.76668280
vn 0.00000040 0.11460751 -0.99341083
vn 0.00000005 0.56929809 -0.82213122
vn 0.31714195 0.13734187 -0.93838066
vn 0.57328373 0.61092645 -0.54599881
vn 0.76468712 0.15376340 -0.62578791
vn 0.75989968 0.58750397 -0.27819341
vn 0.97237951 0.11417110 -0.20357579
vn 0.78942633 0.58442193 -0.18776879
vn 0.99734795 0.06748313 0.02725986
vn 0.82767272 0.54047728 -0.15113632
vn 0.97890151 0.02582442 0.20269421
vn 0.85276711 0.52219987 -0.00977259
vn 0.93100840 0.03201164 0.36359134
vn 0.74154472 0.67062175 0.01944162
vn 0.90529865 0.15026781 0.39730841
vn 0.68821687 0.72497088 -0.02783620
vn 0.89388317 0.23142928 0.38394457
vn 0.68902141 0.72142869 -0.06921112
vn 0.88842082 0.23517223 0.39421129
vn 0.71640873 0.68143463 -0.14968425
vn 0.89833313 0.20240372 0.38991067
vn 0.72055769 0.62922662 -0.29132536
vn 0.92615747 0.18400134 0.32920501
vn 0.66492718 0.59848291 -0.44686687
vn 0.95311546 0.21386701 0.21408357
vn 0.58592451 0.64168763 -0.49490353
vn 0.93621927 0.21694441 0.27645728
vn -0.00000178 0.90073019 -0.43437901
vn 0.00000043 0.49794120 0.86721081
vn 0.92234457 0.09258223 0.37511203
vn -0.00000035 0.38938627 0.92107457
vn 0.89302051 0.02594629 0.44926733
vn 0.87152547 0.01988213 0.48994705
vn 0.86667186 0.04787133 0.49657652
vn 0.87245524 0.08222247 0.48172745
vn 0.87619746 0.09024958 0.47342697
vn 0.87026948 0.02837911 0.49175769
vn 0.89134961 -0.05886707 0.44947809
vn 0.95303994 -0.09254365 0.28835839
vn 0.99676102 -0.04263598 0.06818879
vn 0.98238093 0.01999503 -0.18581682
vn 0.77703190 0.06011059 -0.62658453
vn 0.31749168 0.04210808 -0.94732571
vn -0.00000030 0.02089842 -0.99978161
vn -0.31714326 0.13734323 -0.93838000
vn -0.31749275 0.04210826 -0.94732535
vn -0.24912977 0.59171182 -0.76668864
vn 0.00000005 0.56929809 -0.82213122
vn -0.57327813 0.61092848 -0.54600239
vn -0.76468837 0.15376408 -0.62578613
vn -0.77703333 0.06011102 -0.62658268
vn -0.75990349 0.58749986 -0.27819172
vn -0.97237939 0.11417185 -0.20357594
vn -0.98238111 0.01999532 -0.18581593
vn -0.78943437 0.58441281 -0.18776329
vn -0.99734789 0.06748402 0.02726016
vn -0.99676114 -0.04263508 0.06818738
vn -0.82767528 0.54047406 -0.15113392
vn -0.97890115 0.02582736 0.20269559
vn -0.95304102 -0.09254177 0.28835547
vn -0.85276783 0.52219880 -0.00977261
vn -0.93100852 0.03201200 0.36359099
vn -0.89135027 -0.05886610 0.44947684
vn -0.74154234 0.67062438 0.01943837
vn -0.90529931 0.15026879 0.39730653
vn -0.87026989 0.02837884 0.49175707
vn -0.68821841 0.72496921 -0.02784142
vn -0.89388323 0.23142925 0.38394442
vn -0.87619781 0.09024899 0.47342634
vn -0.68901664 0.72143286 -0.06921522
vn -0.88842010 0.23517270 0.39421251
vn -0.87245411 0.08222266 0.48172948
vn -0.71640253 0.68143976 -0.14969060
vn -0.89833415 0.20240512 0.38990754
vn -0.86667079 0.04787115 0.49657837
vn -0.72055554 0.62922806 -0.29132763
vn -0.92615777 0.18400165 0.32920390
vn -0.87152529 0.01988189 0.48994729
vn -0.66492635 0.59848553 -0.44686463
vn -0.95311522 0.21386738 0.21408431
vn -0.89302027 0.02594625 0.44926783
vn -0.58592814 0.64168423 -0.49490359
vn -0.93621874 0.21694241 0.27646068
vn -0.00000178 0.90073019 -0.43437901
vn -0.92234445 0.09258219 0.37511230
vn 0.00000043 0.49794120 0.86721081
vn -0.00000035 0.38938627 0.92107457
vn -0.60364395 0.75244683 -0.26351041
vn -0.25868368 0.96565980 -0.02416353
vn -0.60337943 0.79725069 -0.01801897
vn -0.25557381 0.93059260 -0.26206753
vn -0.64084661 0.74280447 -0.19379689
vn -0.16107309 0.98662359 -0.02508771
vn -0.29340041 0.95407444 -0.06048254
vn -0.68295753 0.72294909 0.10446810
vn -0.15805867 0.95437968 -0.25333148
vn -0.14695409 0.98882169 -0.02522314
vn -0.31934926 0.89314920 0.31670266
vn -0.70331413 0.58901656 0.39800608
vn -0.18492840 0.98260915 -0.01675424
vn -0.14412300 0.95698023 -0.25182804
vn -0.14505251 0.98910463 -0.02513536
vn -0.14225453 0.95732665 -0.25157383
vn -0.17015468 0.98535198 -0.01134958
vn -0.17113177 0.98499298 0.02242220
vn -0.32477522 0.78557885 0.52667540
vn -0.72845852 0.26140600 0.63325757
vn -0.21043225 0.90848416 0.36107445
vn -0.19718771 0.90956903 0.36578852
vn -0.19724266 0.90076917 0.38692406
vn -0.35666513 0.55420583 0.75209433
vn -0.69570541 -0.05545291 0.71618360
vn -0.22095416 0.81011921 0.54303426
vn -0.20946392 0.81168544 0.54524457
vn -0.20815523 0.81391805 0.54241025
vn -0.35156125 0.10724325 0.93000191
vn -0.65207815 -0.14111762 0.74490267
vn -0.24553499 0.60563749 0.75691205
vn -0.23548618 0.60631275 0.75955981
vn -0.23095778 0.64953178 0.72440803
vn -0.31182444 -0.12817106 0.94145513
vn -0.64012390 -0.01856625 0.76804733
vn -0.25113955 0.15495707 0.95546705
vn -0.24593967 0.15716380 0.95645869
vn -0.24727307 0.19068973 0.94999653
vn -0.30533648 -0.00291328 0.95224005
vn -0.65033901 0.12847754 0.74870068
vn -0.23149106 -0.12031130 0.96536887
vn -0.23143609 -0.11979875 0.96544582
vn -0.23332921 -0.11951926 0.96502471
vn -0.30508664 0.14069077 0.94187486
vn -0.68389988 0.09882684 0.72285151
vn -0.22897270 -0.00358151 0.97342628
vn -0.23055835 -0.01415086 0.97295558
vn -0.23301215 -0.02703058 0.97209811
vn -0.35515684 -0.08364525 0.93105698
vn -0.70550364 -0.19943926 0.68006516
vn -0.22607541 0.13205104 0.96511781
vn -0.22842254 0.11754235 0.96644032
vn -0.23158310 0.10740962 0.96686733
vn -0.37423071 -0.49893591 0.78167409
vn -0.70256728 -0.51394677 0.49219707
vn -0.26695123 -0.13508140 0.95419604
vn -0.26805726 -0.14304380 0.95272440
vn -0.27515724 -0.18817367 0.94280392
vn -0.36463740 -0.70334136 0.61020529
vn -0.70757514 -0.66123742 0.24920389
vn -0.29475528 -0.54844058 0.78251666
vn -0.29726693 -0.55279267 0.77849388
vn -0.30122966 -0.59979564 0.74128670
vn -0.37459585 -0.81170791 0.44811630
vn -0.71555269 -0.69528610 0.06753932
vn -0.29736960 -0.72749346 0.61832410
vn -0.30144405 -0.73263770 0.61022419
vn -0.30409753 -0.73852748 0.60174900
vn -0.38379195 -0.90055442 0.20421931
vn -0.70223427 -0.71167582 0.01961065
vn -0.30365640 -0.82929522 0.46910799
vn -0.30925938 -0.83774674 0.45004347
vn -0.31172106 -0.83215320 0.45864046
vn -0.37670702 -0.92580467 0.03126641
vn -0.68799657 -0.72515315 0.02852475
vn -0.30903822 -0.92741615 0.21070033
vn -0.31505805 -0.93438339 0.16633148
vn -0.31782237 -0.93617475 0.15021908
vn -0.37472969 -0.92638648 0.03722638
vn -0.70641720 -0.70654511 0.04205672
vn -0.31013781 -0.95061433 0.01212084
vn -0.31662378 -0.94788349 -0.03558483
vn -0.31876779 -0.94530094 -0.06923341
vn -0.37857559 -0.92453945 0.04367360
vn -0.72552568 -0.68806285 0.01349050
vn -0.31491393 -0.94832939 0.03873782
vn -0.32400808 -0.94521374 0.03987247
vn -0.32761064 -0.94399476 0.03930937
vn -0.39481738 -0.91010076 -0.12584044
vn -0.73704243 -0.65974474 -0.14664702
vn -0.30944160 -0.94869137 0.06504294
vn -0.31406754 -0.94184822 0.11951372
vn -0.31512225 -0.93577242 0.15820231
vn -0.40191618 -0.83259124 -0.38112360
vn -0.75591260 -0.50530422 -0.41624960
vn -0.31161731 -0.93943322 -0.14268796
vn -0.31443086 -0.94486082 -0.09149461
vn -0.31591776 -0.94619298 -0.07010557
vn -0.40086669 -0.70878017 -0.58046234
vn -0.73982155 -0.20323774 -0.64137232
vn -0.31087038 -0.85067642 -0.42392126
vn -0.31087980 -0.85897952 -0.40682676
vn -0.31209090 -0.84991860 -0.42454407
vn -0.40050292 -0.48441264 -0.77778006
vn -0.68849802 0.05785817 -0.72292668
vn -0.30670547 -0.73755413 -0.60161924
vn -0.30339897 -0.74115217 -0.59886771
vn -0.30447119 -0.74159938 -0.59776890
vn -0.36258459 -0.11969760 -0.92423207
vn -0.65556073 0.11116768 -0.74691492
vn -0.29871267 -0.55045122 -0.77959871
vn -0.29395244 -0.57046515 -0.76691687
vn -0.29668176 -0.59958327 -0.74328989
vn -0.31895623 0.07965610 -0.94441617
vn -0.65668428 -0.04581518 -0.75277269
vn -0.26100907 -0.18430321 -0.94757932
vn -0.25542200 -0.22234435 -0.94091582
vn -0.26199821 -0.27673900 -0.92453909
vn -0.32070240 -0.05673096 -0.94547957
vn -0.65634483 -0.22041874 -0.72154486
vn -0.21932116 0.06080536 -0.97375607
vn -0.20878933 0.03322063 -0.97739625
vn -0.21000063 0.01042901 -0.97764564
vn -0.31987351 -0.21439725 -0.92288393
vn -0.67012346 -0.18078689 -0.71989632
vn -0.21880293 -0.05729816 -0.97408533
vn -0.20406279 -0.05502569 -0.97741014
vn -0.20237687 -0.05457763 -0.97778571
vn -0.34176454 -0.03860897 -0.93899220
vn -0.70935881 0.12919009 -0.69290698
vn -0.22250830 -0.20074409 -0.95403975
vn -0.21217509 -0.17093645 -0.96216553
vn -0.21261567 -0.14576252 -0.96620280
vn -0.35248870 0.37537658 -0.85723054
vn -0.72110343 0.50631392 -0.47292286
vn -0.24213383 0.01192742 -0.97016954
vn -0.23372154 0.04130755 -0.97142571
vn -0.23544158 0.09557535 -0.96717763
vn -0.33569822 0.68791854 -0.64348650
vn -0.68728900 0.71365672 -0.13538089
vn -0.24749175 0.42517292 -0.87061810
vn -0.23774162 0.43471104 -0.86862266
vn -0.23535806 0.47967413 -0.84529245
vn -0.32206470 0.87466830 -0.36225635
vn -0.63374066 0.75387311 0.17334397
vn -0.23055713 0.71011585 -0.66526610
vn -0.21967719 0.71200287 -0.66692865
vn -0.21836221 0.71714896 -0.66182733
vn -0.28953224 0.95678627 0.02703811
vn -0.60055089 0.76369691 0.23686627
vn -0.21249092 0.88752377 -0.40883890
vn -0.19938573 0.88835549 -0.41360584
vn -0.19986086 0.87685096 -0.43725049
vn -0.25339544 0.94189149 0.22052471
vn -0.60337943 0.79725069 -0.01801897
vn -0.25868368 0.96565980 -0.02416353
vn -0.18267919 0.98299277 -0.01880112
vn -0.16803215 0.98547840 -0.02444399
vn -0.16927548 0.98379344 -0.05912923
vn -0.15603536 0.96544194 0.20874594
vn -0.16107309 0.98662359 -0.02508771
vn -0.14195076 0.96802747 0.20681590
vn -0.14001347 0.96833467 0.20669834
vn -0.14695409 0.98882169 -0.02522314
vn -0.14505251 0.98910463 -0.02513536
vn 0.00000048 -0.33958355 0.94057590
vn -0.20900798 -0.09796070 0.97299504
vn 0.00000000 -0.10869393 0.99407524
vn -0.11742841 -0.34747735 0.93030643
vn -0.00510844 -0.16432740 0.98639262
vn -0.00000169 -0.54793996 0.83651769
vn 0.00871109 -0.38839701 0.92145097
vn -0.12182595 -0.54369855 0.83039171
vn 0.11742877 -0.34747657 0.93030667
vn 0.20900643 -0.09796110 0.97299534
vn 0.00000000 -0.10869393 0.99407524
vn 0.00511217 -0.16432676 0.98639274
vn 0.00000106 -0.73095202 0.68242890
vn 0.12182745 -0.54369980 0.83039063
vn 0.00000106 -0.73095202 0.68242890
vn -0.00871031 -0.38839611 0.92145133
vn -0.12162476 -0.70757896 0.69608873
vn 0.00000882 -0.87092739 0.49141175
vn 0.12162479 -0.70758218 0.69608539
vn 0.00000882 -0.87092739 0.49141175
vn -0.11831367 -0.34710357 0.93033379
vn -0.18516847 -0.10674031 0.97689259
vn -0.01274430 -0.56100625 0.82771349
vn 0.10801560 -0.85047758 0.51480138
vn 0.00000881 -0.96976537 0.24403924
vn -0.12004122 -0.55993748 0.81979275
vn 0.02164682 -0.70878571 0.70509166
vn 0.04857206 -0.31680307 0.94724685
vn 0.04891964 -0.09270446 0.99449122
vn 0.08350736 -0.54090577 0.83692741
vn -0.04575655 -0.74326849 0.66742659
vn 0.08350736 -0.54090577 0.83692741
vn 0.15842257 -0.74542415 0.64749140
vn 0.10622836 -0.84209085 0.52877086
vn 0.11153226 -0.86435312 0.49036130
vn 0.25823134 -0.85679096 0.44634715
vn 0.11656150 -0.95930046 0.25720811
vn 0.18473743 -0.94392377 0.27364209
vn 0.24220678 -0.92879915 0.28047830
vn 0.16525744 -0.80788362 -0.56569779
vn 0.28145522 -0.78603762 -0.55038887
vn 0.00000359 -0.81914788 -0.57358235
vn 0.38197792 -0.75704050 -0.53007793
vn 0.33671659 -0.89845282 0.28178790
vn 0.49370718 -0.71234953 -0.49880996
vn -0.11656031 -0.95930243 0.25720149
vn -0.16525771 -0.80787843 -0.56570518
vn 0.37839326 -0.79934847 0.46675545
vn 0.15842257 -0.74542415 0.64749140
vn 0.42248514 -0.85403055 0.30354276
vn 0.60629839 -0.65140891 -0.45614552
vn 0.33849204 -0.67208481 0.65857810
vn 0.47527832 -0.81588542 0.32930449
vn 0.68513465 -0.59667820 -0.41781062
vn 0.77890486 -0.51371336 -0.35973018
vn 0.39211050 -0.75336337 0.52791387
vn 0.54190719 -0.76970965 0.33746660
vn 0.91847330 -0.32394689 -0.22685941
vn 0.28834987 -0.50494075 0.81356579
vn 0.31593037 -0.62652653 0.71249735
vn 0.27328229 -0.52683985 0.80483329
vn 0.22202666 -0.32897937 0.91786534
vn 0.23454840 -0.41508985 0.87902641
vn 0.30566496 -0.05954989 0.95027512
vn 0.20446692 -0.13461466 0.96957320
vn 0.39765626 -0.72953373 0.55646217
vn 0.31593037 -0.62652653 0.71249735
vn 0.65741235 -0.63788939 0.40113100
vn 0.27545241 -0.61096472 0.74219143
vn 0.27328229 -0.52683985 0.80483329
vn 0.71353626 -0.42027187 0.56056905
vn 0.99998248 -0.00484294 -0.00341410
vn 0.50687206 -0.66182041 0.55233544
vn 0.49335408 -0.53619200 0.68490863
vn 0.25230342 -0.52752703 0.81120789
vn 0.23454840 -0.41508985 0.87902641
vn 0.68842006 -0.19404055 0.69887483
vn 0.92742366 0.30638716 0.21450475
vn 0.47320503 -0.39947480 0.78517318
vn 0.23119709 -0.41238165 0.88118631
vn 0.20446692 -0.13461466 0.96957320
vn 0.60829663 0.04084045 0.79265839
vn 0.73887771 0.55199325 0.38647535
vn 0.44230339 -0.23750317 0.86484677
vn 0.34650099 0.27188560 0.89778358
vn 0.37181818 0.76043230 0.53244156
vn 0.11736543 -0.05556884 0.99153286
vn 0.33054811 -0.02222280 0.94352746
vn -0.02815243 0.36917180 0.92893469
vn 0.23916858 0.30981678 0.92022383
vn -0.07846956 0.81664020 0.57178789
vn 0.37181818 0.76043230 0.53244156
vn 0.29876745 0.78173250 0.54738688
vn 0.57746971 0.66877443 0.46826228
vn 0.47023392 0.23211928 0.85146976
vn 0.30566496 -0.05954989 0.95027512
vn 0.10754889 0.81440938 0.57023740
vn 0.07345574 0.21263026 0.97436780
vn -0.40278307 0.74977237 0.52498305
vn -0.31276157 0.17858446 0.93289220
vn -0.18516847 -0.10674031 0.97689259
vn 0.02613467 0.81886947 0.57338452
vn 0.01930901 0.16486970 0.98612636
vn 0.00511217 -0.16432676 0.98639274
vn 0.43585071 0.73726839 0.51620692
vn 0.34590876 0.21533147 0.91322482
vn -0.00000535 0.81916702 0.57355505
vn 0.20900643 -0.09796110 0.97299534
vn 0.00000000 0.24718978 0.96896708
vn -0.23454127 -0.41508788 0.87902927
vn -0.20446305 -0.13461442 0.96957403
vn -0.30566949 -0.05954504 0.95027393
vn -0.22203174 -0.32897615 0.91786522
vn -0.27327344 -0.52684194 0.80483490
vn -0.04892606 -0.09269847 0.99449146
vn -0.28835091 -0.50494128 0.81356508
vn -0.31593859 -0.62653190 0.71248907
vn -0.04857845 -0.31680104 0.94724721
vn 0.18516688 -0.10674300 0.97689259
vn -0.33849069 -0.67208856 0.65857500
vn -0.39212283 -0.75335675 0.52791417
vn 0.11831359 -0.34710276 0.93033415
vn -0.08351114 -0.54090619 0.83692676
vn -0.15841655 -0.74542630 0.64749038
vn 0.12004143 -0.55994129 0.81979012
vn -0.37839025 -0.79934728 0.46675986
vn -0.25823954 -0.85678548 0.44635305
vn 0.01274986 -0.56100613 0.82771349
vn -0.02163759 -0.70878506 0.70509261
vn 0.04576371 -0.74326903 0.66742557
vn -0.08351114 -0.54090619 0.83692676
vn -0.15841655 -0.74542630 0.64749038
vn -0.10801324 -0.85047698 0.51480287
vn -0.10623194 -0.84209061 0.52877045
vn -0.11153450 -0.86435306 0.49036092
vn -0.18474454 -0.94392383 0.27363715
vn -0.28145751 -0.78603345 -0.55039364
vn -0.24221410 -0.92879933 0.28047132
vn -0.38197815 -0.75703788 -0.53008145
vn -0.33673075 -0.89844853 0.28178489
vn -0.49371061 -0.71234453 -0.49881375
vn -0.42249319 -0.85402507 0.30354685
vn -0.60629982 -0.65140676 -0.45614675
vn -0.47527882 -0.81588167 0.32931325
vn -0.68513602 -0.59667706 -0.41781002
vn -0.77890646 -0.51371384 -0.35972607
vn -0.54190487 -0.76970381 0.33748367
vn -0.91847408 -0.32394886 -0.22685342
vn -0.39766201 -0.72952801 0.55646545
vn -0.31593859 -0.62653190 0.71248907
vn -0.65739894 -0.63789618 0.40114233
vn -0.27546632 -0.61097652 0.74217659
vn -0.27327344 -0.52684194 0.80483490
vn -0.71352291 -0.42028069 0.56057936
vn -0.99998248 -0.00485357 -0.00340096
vn -0.50686032 -0.66182977 0.55233502
vn -0.49335092 -0.53619969 0.68490493
vn -0.25231203 -0.52752537 0.81120628
vn -0.23454127 -0.41508788 0.87902927
vn -0.68840820 -0.19404885 0.69888431
vn -0.92742199 0.30638066 0.21452141
vn -0.47321239 -0.39946881 0.78517181
vn -0.23120183 -0.41237637 0.88118756
vn -0.20446305 -0.13461442 0.96957403
vn -0.60829121 0.04084732 0.79266220
vn -0.73886651 0.55199796 0.38649008
vn -0.44231468 -0.23750018 0.86484182
vn -0.11736608 -0.05555750 0.99153346
vn -0.23916230 0.30981845 0.92022496
vn -0.34650743 0.27188221 0.89778209
vn -0.37180555 0.76043552 0.53244579
vn 0.07846794 0.81664127 0.57178646
vn -0.33055815 -0.02221150 0.94352424
vn 0.02814901 0.36917478 0.92893362
vn -0.29877061 0.78173393 0.54738307
vn -0.23916230 0.30981845 0.92022496
vn -0.29877061 0.78173393 0.54738307
vn -0.57746387 0.66877449 0.46826944
vn -0.47023189 0.23211531 0.85147190
vn -0.20446305 -0.13461442 0.96957403
vn -0.10754927 0.81441379 0.57023090
vn -0.30566949 -0.05954504 0.95027393
vn -0.07345570 0.21262318 0.97436935
vn 0.40278304 0.74978274 0.52496827
vn -0.04892606 -0.09269847 0.99449146
vn 0.31275934 0.17858446 0.93289292
vn -0.02613728 0.81887299 0.57337940
vn 0.18516688 -0.10674300 0.97689259
vn -0.01931042 0.16487138 0.98612601
vn -0.43585655 0.73726070 0.51621288
vn -0.34590858 0.21533200 0.91322476
vn -0.00000535 0.81916702 0.57355505
vn -0.20900798 -0.09796070 0.97299504
vn 0.00000000 0.24718978 0.96896708
vn 0.00000000 -0.10869393 0.99407524
vn 0.63298243 -0.03011603 -0.77358019
vn 0.90562832 -0.04868926 -0.42126796
vn 0.90591776 -0.03705388 -0.42182931
vn 0.64254844 -0.09049051 -0.76088303
vn 0.09809691 0.01799566 -0.99501413
vn 0.08717201 0.12389027 -0.98845953
vn 0.57941675 -0.01016161 -0.81496811
vn 0.90591776 -0.03705388 -0.42182931
vn 0.90266567 -0.09500578 -0.41972446
vn 0.11848485 -0.09161901 -0.98872000
vn 0.64532179 -0.17332250 -0.74398863
vn -0.42107245 0.19425181 -0.88598204
vn -0.43557671 0.08142513 -0.89646131
vn 0.05447398 0.22647196 -0.97249323
vn -0.38498223 0.32302561 -0.86454797
vn -0.67217571 0.36592761 -0.64364338
vn -0.72042459 0.23304005 -0.65320808
vn -0.84553593 0.39946014 -0.35426056
vn -0.89211029 0.27398059 -0.35926864
vn -0.90079272 0.43421727 -0.00527719
vn -0.74305582 0.12648685 -0.65716755
vn -0.42336214 -0.03443546 -0.90530586
vn -0.95015663 0.31139788 -0.01528670
vn -0.81913984 0.47177243 0.32625258
vn -0.92104548 0.15417984 -0.35763639
vn 0.13754530 -0.22253025 -0.96517438
vn -0.75272155 0.01920957 -0.65805876
vn -0.40635461 -0.20308986 -0.89085943
vn -0.98498666 0.17233856 -0.01003728
vn -0.93964797 0.03708185 -0.34012732
vn -0.88622826 0.33399841 0.32100552
vn -0.75200993 -0.16045603 -0.63932389
vn 0.61755955 -0.38697636 -0.68474042
vn 0.12641874 -0.49545264 -0.85938638
vn 0.88007432 -0.25825921 -0.39846128
vn 0.77914512 -0.53988504 -0.31852317
vn 0.50992543 -0.69556552 -0.50612706
vn 0.61702961 -0.74761117 -0.24566659
vn -0.38153461 -0.51774645 -0.76574796
vn 0.08497395 -0.80362558 -0.58903766
vn 0.35553020 -0.87680572 -0.32374373
vn 0.70456058 -0.52946585 -0.47250432
vn -0.69330752 -0.48894706 -0.52939159
vn -0.31506130 -0.81075567 -0.49336764
vn 0.03589270 -0.94013512 -0.33890656
vn 0.42144743 -0.63197863 -0.65037310
vn -0.94193083 -0.12649639 -0.31107074
vn -0.99919283 0.03927927 0.00841615
vn -0.92566818 0.18205371 0.33165476
vn -0.54585791 -0.76986831 -0.33066893
vn -0.24498062 -0.92166430 -0.30086455
vn -0.86719429 -0.43618160 -0.24024929
vn -0.99415714 -0.10349141 0.03067857
vn 0.01474913 -0.67699498 -0.73583990
vn -0.93793970 0.04469586 0.34390607
vn -0.72133142 0.33718899 0.60496664
vn -0.75650680 0.18062577 0.62854743
vn -0.64985967 0.49418536 0.57746285
vn -0.92178392 -0.38208437 0.06577226
vn -0.93160462 -0.08319732 0.35382345
vn -0.76550531 0.04827314 0.64161623
vn -0.68040299 -0.72178274 -0.12681298
vn -0.43857813 -0.87170947 -0.21856759
vn -0.35185426 -0.64882553 -0.67470294
vn -0.86838847 -0.33681223 0.36394918
vn -0.72524709 -0.68007457 0.10730917
vn -0.55263227 -0.83171737 -0.05332671
vn -0.75727892 -0.06960876 0.64937150
vn -0.64053953 -0.60775286 -0.46940991
vn 0.00871793 -0.14259031 -0.98974341
vn -0.38206258 -0.14898863 -0.91204745
vn 0.44208375 -0.15619282 -0.88326997
vn 0.74531990 -0.16510537 -0.64593995
vn 0.63027179 -0.61556983 -0.47310817
vn 0.38051766 -0.62588423 -0.68079013
vn 0.00723981 -0.62824184 -0.77798444
vn -0.33330229 -0.62815171 -0.70308965
vn -0.72504455 -0.15358846 -0.67135763
vn -0.62087470 -0.60761219 -0.49529997
vn -0.81249923 -0.56370735 -0.14858997
vn -0.95186609 -0.14193122 -0.27167344
vn -0.80364692 -0.57401937 -0.15701397
vn -0.57002926 -0.81050116 0.13473879
vn -0.83889651 -0.53215843 0.11428050
vn -0.99031341 -0.13088766 0.04634349
vn -0.82138032 -0.55923933 0.11218650
vn -0.68821371 -0.63836402 0.34475103
vn -0.53496218 -0.78647393 0.30866525
vn -0.78823006 -0.51783490 0.33247626
vn -0.94945675 -0.11561164 0.29183194
vn -0.78726298 -0.53542650 0.30583569
vn -0.69912255 -0.30646968 0.64599067
vn -0.54747814 -0.60215580 0.58109909
vn -0.41865030 -0.75687957 0.50186187
vn -0.58341444 -0.51668656 0.62662798
vn -0.73053753 -0.10823937 0.67423970
vn -0.60839140 -0.50051510 0.61590946
vn -0.32496467 -0.12494854 0.93743575
vn -0.26009762 -0.50628418 0.82220775
vn -0.27138349 -0.49398151 0.82603467
vn -0.21269763 -0.73994273 0.63815713
vn -0.29657906 -0.59590399 0.74628365
vn -0.40497050 -0.30836090 0.86076272
vn -0.06472612 -0.15091304 0.98642576
vn -0.04747648 -0.53534484 0.84329826
vn -0.04115484 -0.47516352 0.87893456
vn 0.00776101 -0.72327936 0.69051200
vn 0.02393546 -0.58931792 0.80754656
vn 0.24631624 -0.15967901 0.95594501
vn 0.19547912 -0.52846867 0.82614088
vn 0.24681878 -0.46814090 0.84848374
vn 0.28466609 -0.67386371 0.68181592
vn 0.68426257 -0.14138158 0.71539921
vn 0.55487788 -0.52536172 0.64506257
vn 0.63146353 -0.40677515 0.66014224
vn 0.59705907 -0.59220058 0.54112750
vn 0.71980047 -0.44111377 0.53600925
vn 0.39415434 -0.53186727 0.74950624
vn 0.87204558 -0.32805693 0.36320126
vn 0.80335164 -0.50314718 0.31854215
vn 0.59705907 -0.59220058 0.54112750
vn 0.89268351 -0.35726684 0.27473003
vn 0.92453068 -0.11576791 0.36309892
vn 0.55487788 -0.52536172 0.64506257
vn 0.87044537 -0.48048842 0.10703123
vn 0.94171637 -0.32528430 0.08579269
vn 0.94376975 -0.32333407 0.06894755
vn 0.99057275 -0.12727019 0.05067467
vn 0.99302900 -0.11697135 0.01453005
vn 0.96102309 -0.15252243 0.23058961
vn 0.99919510 -0.02797342 0.02875145
vn 0.76263744 -0.52908152 0.37209809
vn 0.83744073 -0.54091567 0.07812326
vn 0.81892443 -0.20454048 0.53621447
vn 0.97873342 -0.04516621 0.20010227
vn 0.99971747 -0.01721148 0.01639147
vn -0.11776137 -0.98543245 0.12269929
vn -0.09394673 -0.98061311 0.17196503
vn -0.06479038 -0.99367988 0.09166528
vn -0.74608016 -0.64648998 -0.15942146
vn -0.78280205 -0.61104202 0.11768039
vn -0.55140716 -0.71391797 -0.43159157
vn -0.20135710 -0.74073178 -0.64091480
vn -0.04265436 -0.99793512 0.04802142
vn 0.19547912 -0.52846867 0.82614088
vn 0.04195533 -0.71975136 -0.69296306
vn 0.00583621 -0.99951559 -0.03056977
vn -0.04747648 -0.53534484 0.84329826
vn 0.25236309 -0.72339374 -0.64266193
vn 0.04079916 -0.99834538 0.04052114
vn -0.26009762 -0.50628418 0.82220775
vn 0.58781886 -0.69881177 -0.40759191
vn 0.04599380 -0.99314559 0.10745434
vn -0.60839140 -0.50051510 0.61590946
vn 0.77440399 -0.62409025 -0.10397028
vn 0.13096625 -0.98361611 0.12388369
vn -0.78726298 -0.53542650 0.30583569
vn 0.79618776 -0.59872079 0.08728430
vn 0.14961252 -0.97362298 0.17226243
vn -0.82138032 -0.55923933 0.11218650
vn 0.72263181 -0.60562938 0.33319107
vn 0.06341107 -0.97469091 0.21437511
vn -0.80364692 -0.57401937 -0.15701397
vn 0.51755428 -0.59997785 0.61005265
vn 0.02125933 -0.97678810 0.21315032
vn -0.62087470 -0.60761219 -0.49529997
vn 0.27278888 -0.58611685 0.76292419
vn 0.01668963 -0.97421622 0.22499824
vn -0.33330229 -0.62815171 -0.70308965
vn -0.00676576 -0.58994925 0.80741203
vn -0.00251122 -0.97965682 0.20066437
vn 0.00723981 -0.62824184 -0.77798444
vn -0.32548827 -0.58726764 0.74106282
vn -0.01417220 -0.97725391 0.21159841
vn 0.38051766 -0.62588423 -0.68079013
vn -0.55649602 -0.57765025 0.59718710
vn -0.06282932 -0.97077340 0.23162793
vn -0.70509523 -0.58646071 0.39862841
vn 0.63027179 -0.61556983 -0.47310817
vn -0.07811757 -0.97541296 0.20607565
vn -0.78280205 -0.61104202 0.11768039
vn -0.09394673 -0.98061311 0.17196503
vn 0.78009152 -0.57998812 -0.23467228
vn 0.74531990 -0.16510537 -0.64593995
vn 0.83744073 -0.54091567 0.07812326
vn 0.92404938 -0.14428796 -0.35399684
vn 0.99302900 -0.11697135 0.01453005
vn 0.88203567 -0.40928039 -0.23345788
vn 0.61702961 -0.74761117 -0.24566659
vn 0.94376975 -0.32333407 0.06894755
vn 0.80328101 -0.58799511 -0.09487526
vn 0.77914512 -0.53988504 -0.31852317
vn 0.87044537 -0.48048842 0.10703123
vn 0.91220516 -0.39724010 -0.10040953
vn 0.88007432 -0.25825921 -0.39846128
vn 0.94171637 -0.32528430 0.08579269
vn 0.97856289 -0.16098894 -0.12844165
vn 0.99057275 -0.12727019 0.05067467
vn 0.98975086 -0.03822748 -0.13759342
vn 0.99919510 -0.02797342 0.02875145
vn 0.99016988 -0.01663942 -0.13887671
vn 0.99971747 -0.01721148 0.01639147
vn 0.99041730 -0.02291277 -0.13619304
vn 0.99976039 -0.02104628 0.00601878
vn 0.88795346 -0.12312125 -0.44314766
vn 0.98905081 -0.09510491 -0.11284299
vn 0.99873817 -0.05018259 0.00193369
vn -0.00000000 -0.24959324 -0.96835077
vn -0.00000042 -0.86659878 -0.49900553
vn 0.41983557 0.00741236 -0.90756989
vn 0.00000024 -0.99969053 0.02487586
vn -0.99873817 -0.05018246 0.00193373
vn -0.98905087 -0.09510463 -0.11284292
vn -0.99976039 -0.02104626 0.00601881
vn -0.99041730 -0.02291275 -0.13619314
vn -0.99971747 -0.01721147 0.01639147
vn -0.88795352 -0.12312111 -0.44314748
vn -0.99016988 -0.01663943 -0.13887687
vn -0.99919510 -0.02797339 0.02875146
vn -0.90591782 -0.03705389 -0.42182931
vn -0.98975086 -0.03822742 -0.13759337
vn -0.99057275 -0.12727030 0.05067469
vn -0.90562820 -0.04868926 -0.42126828
vn -0.57941705 -0.01016173 -0.81496787
vn -0.63298261 -0.03011601 -0.77358001
vn -0.90591782 -0.03705389 -0.42182931
vn -0.97856295 -0.16098878 -0.12844154
vn -0.94171649 -0.32528403 0.08579259
vn -0.90266567 -0.09500568 -0.41972449
vn -0.91220510 -0.39724019 -0.10040961
vn -0.87044519 -0.48048869 0.10703152
vn -0.88007456 -0.25825888 -0.39846089
vn -0.77914530 -0.53988487 -0.31852308
vn -0.80328047 -0.58799595 -0.09487526
vn -0.94376951 -0.32333466 0.06894778
vn -0.61702895 -0.74761152 -0.24566710
vn -0.88203549 -0.40928116 -0.23345742
vn -0.99302894 -0.11697198 0.01453033
vn -0.70456058 -0.52946615 -0.47250402
vn -0.92404926 -0.14428821 -0.35399708
vn -0.83744299 -0.54091227 0.07812291
vn -0.78009123 -0.57998866 -0.23467185
vn 0.09394142 -0.98061365 0.17196494
vn -0.74531966 -0.16510554 -0.64594018
vn -0.63027078 -0.61557150 -0.47310734
vn 0.07811705 -0.97541279 0.20607673
vn 0.78280181 -0.61104232 0.11768023
vn 0.70509517 -0.58646083 0.39862838
vn 0.06282988 -0.97077292 0.23162970
vn -0.38051564 -0.62588620 -0.68078953
vn 0.55649543 -0.57765061 0.59718722
vn 0.01417354 -0.97725385 0.21159875
vn -0.00723847 -0.62824178 -0.77798450
vn 0.32548863 -0.58726794 0.74106240
vn 0.00251211 -0.97965699 0.20066360
vn 0.33330244 -0.62815177 -0.70308954
vn 0.00676555 -0.58994967 0.80741173
vn -0.01668893 -0.97421628 0.22499794
vn 0.62087542 -0.60761195 -0.49529931
vn -0.27279004 -0.58611697 0.76292372
vn -0.02125779 -0.97678775 0.21315210
vn 0.80364710 -0.57401937 -0.15701297
vn -0.51755446 -0.59997743 0.61005288
vn -0.06341143 -0.97469062 0.21437639
vn 0.82137895 -0.55924129 0.11218683
vn -0.72263259 -0.60562873 0.33319077
vn -0.14961457 -0.97362286 0.17226152
vn 0.78726017 -0.53543019 0.30583650
vn -0.79618740 -0.59872139 0.08728360
vn -0.13096857 -0.98361593 0.12388267
vn 0.60838991 -0.50051594 0.61591029
vn -0.77440274 -0.62409186 -0.10396973
vn -0.04599531 -0.99314559 0.10745368
vn 0.26009786 -0.50628465 0.82220739
vn -0.58781719 -0.69881314 -0.40759194
vn -0.04079887 -0.99834538 0.04052056
vn 0.04747729 -0.53534555 0.84329772
vn -0.25236320 -0.72339416 -0.64266151
vn -0.00583572 -0.99951559 -0.03057086
vn -0.19548026 -0.52846706 0.82614172
vn -0.04195633 -0.71975136 -0.69296300
vn 0.04265361 -0.99793512 0.04802286
vn 0.20135814 -0.74073106 -0.64091533
vn -0.55487996 -0.52535796 0.64506376
vn 0.06478535 -0.99367988 0.09166863
vn 0.55140775 -0.71391726 -0.43159202
vn 0.11775340 -0.98543340 0.12269942
vn 0.74608004 -0.64648986 -0.15942203
vn -0.76264000 -0.52907741 0.37209857
vn 0.09394142 -0.98061365 0.17196494
vn 0.78280181 -0.61104232 0.11768023
vn -0.83744299 -0.54091227 0.07812291
vn -0.99302894 -0.11697198 0.01453033
vn -0.92453033 -0.11576844 0.36309966
vn -0.94376951 -0.32333466 0.06894778
vn -0.68426210 -0.14138167 0.71539962
vn -0.87204552 -0.32805735 0.36320096
vn -0.87044519 -0.48048869 0.10703152
vn -0.80335200 -0.50314677 0.31854182
vn -0.94171649 -0.32528403 0.08579259
vn -0.63146424 -0.40677518 0.66014153
vn -0.89268398 -0.35726604 0.27472961
vn -0.99057275 -0.12727030 0.05067469
vn -0.59705991 -0.59220004 0.54112709
vn -0.71980071 -0.44111365 0.53600901
vn -0.96102321 -0.15252207 0.23058917
vn -0.99919510 -0.02797339 0.02875146
vn -0.97873342 -0.04516617 0.20010222
vn -0.99971747 -0.01721147 0.01639147
vn -0.81892443 -0.20454109 0.53621429
vn -0.98192841 -0.03705539 0.18558973
vn -0.99976039 -0.02104626 0.00601881
vn -0.85208338 -0.05868458 0.52010584
vn -0.98442876 -0.04508421 0.16990404
vn -0.99873817 -0.05018246 0.00193373
vn -0.85483319 -0.04297373 0.51712036
vn -0.98338205 -0.10820374 0.14577973
vn 0.00000024 -0.99969053 0.02487586
vn -0.00000052 -0.80366468 0.59508246
vn -0.84717244 -0.06487487 0.52734250
vn -0.80034095 -0.15647998 0.57876450
vn -0.00000028 -0.08213715 0.99662101
vn -0.47047123 -0.01560250 0.88227737
vn -0.35189644 0.00341625 0.93603271
vn -0.21682234 0.18320391 0.95886624
vn 0.00000000 0.33109826 0.94359630
vn -0.07995826 0.41721439 0.90528387
vn 0.00000000 0.36856812 0.92960072
vn 0.06718384 0.39488682 0.91627002
vn 0.11957484 0.55167395 0.82544398
vn 0.22600091 0.44402117 0.86704606
vn 0.08802997 0.38333300 0.91940552
vn 0.06540085 0.19947509 0.97771794
vn 0.02762337 0.08808158 0.99573016
vn 0.35736561 0.61750388 0.70069885
vn 0.42041320 0.46677417 0.77805829
vn 0.41581777 0.47648686 0.77463269
vn 0.55031836 0.61855030 0.56084341
vn 0.58505070 0.45435381 0.67177254
vn 0.45771256 0.30441415 0.83536291
vn 0.06540085 0.19947509 0.97771794
vn 0.64985925 0.49418554 0.57746303
vn 0.73164558 0.57987046 0.35839218
vn 0.76895952 0.41834876 0.48341033
vn 0.46925977 0.15766668 0.86887085
vn 0.72133142 0.33718872 0.60496670
vn 0.81913960 0.47177276 0.32625267
vn 0.84388590 0.53640151 0.01140563
vn 0.92223537 0.38118419 0.06465726
vn 0.90079248 0.43421781 -0.00527756
vn 0.84553593 0.39946029 -0.35426056
vn 0.77698988 0.51524150 -0.36168072
vn 0.85442126 0.34863636 -0.38524926
vn 0.67217624 0.36592731 -0.64364302
vn 0.59742528 0.50093681 -0.62621516
vn 0.68805707 0.32276610 -0.64992279
vn 0.38498223 0.32302529 -0.86454809
vn 0.35238928 0.45310378 -0.81885207
vn 0.47671530 0.27787164 -0.83398432
vn 0.03019709 0.33182070 -0.94285905
vn 0.20525564 0.19456112 -0.95917469
vn -0.05447407 0.22647165 -0.97249329
vn -0.19422737 0.11030869 -0.97473472
vn 0.01522695 0.07454208 -0.99710160
vn -0.41983530 0.00741226 -0.90757006
vn -0.00000000 -0.03374980 -0.99943030
vn -0.00000000 0.00834937 -0.99996513
vn -0.01522697 0.07454237 -0.99710160
vn 0.19422765 0.11030858 -0.97473466
vn -0.20525569 0.19456157 -0.95917457
vn -0.03019746 0.33182094 -0.94285893
vn -0.47671515 0.27787188 -0.83398432
vn -0.08717202 0.12389010 -0.98845953
vn -0.35238945 0.45310366 -0.81885207
vn -0.68805701 0.32276610 -0.64992285
vn -0.59742486 0.50093663 -0.62621558
vn -0.85442138 0.34863612 -0.38524923
vn -0.67217571 0.36592761 -0.64364338
vn -0.77698988 0.51524127 -0.36168095
vn -0.92223525 0.38118437 0.06465781
vn -0.84553593 0.39946014 -0.35426056
vn -0.84388602 0.53640127 0.01140580
vn -0.76895911 0.41834953 0.48341033
vn -0.90079272 0.43421727 -0.00527719
vn -0.73164588 0.57987010 0.35839212
vn -0.58505064 0.45435455 0.67177206
vn -0.55031878 0.61854994 0.56084329
vn -0.42041337 0.46677473 0.77805781
vn -0.35736611 0.61750364 0.70069873
vn -0.22600068 0.44402140 0.86704594
vn -0.41581830 0.47648680 0.77463245
vn -0.11957507 0.55167395 0.82544392
vn -0.06718355 0.39488694 0.91626996
vn -0.45771283 0.30441406 0.83536279
vn 0.07995820 0.41721442 0.90528381
vn 0.00000000 0.36856812 0.92960072
vn 0.00000000 0.33109826 0.94359630
vn -0.08803017 0.38333297 0.91940552
vn 0.21682237 0.18320359 0.95886624
vn -0.00000028 -0.08213715 0.99662101
vn -0.06540096 0.19947505 0.97771800
vn -0.06540096 0.19947505 0.97771800
vn -0.46925971 0.15766652 0.86887085
vn -0.02762359 0.08808140 0.99573016
vn 0.35189649 0.00341637 0.93603265
vn -0.46793216 0.04410407 0.88266319
vn 0.80034083 -0.15648015 0.57876474
vn -0.00000052 -0.80366468 0.59508246
vn 0.47047094 -0.01560266 0.88227755
vn -0.00001496 0.02486848 0.99969071
vn -0.45691621 -0.07003295 0.88674855
vn 0.98338205 -0.10820394 0.14577968
vn 0.00000024 -0.99969053 0.02487586
vn 0.99873817 -0.05018259 0.00193369
vn 0.84717262 -0.06487492 0.52734226
vn 0.98442882 -0.04508417 0.16990384
vn 0.99976039 -0.02104628 0.00601878
vn 0.85483313 -0.04297369 0.51712048
vn 0.98192841 -0.03705538 0.18558967
vn 0.85208333 -0.05868461 0.52010596
vn 0.48158669 -0.26736411 0.83462012
vn 0.51472026 -0.06470631 0.85491294
vn 0.01688735 -0.30823955 0.95115888
vn 0.00849157 -0.07010588 0.99750340
vn 0.51052320 -0.01430365 0.85974503
vn 0.84717262 -0.06487492 0.52734226
vn 0.54201269 -0.56028253 0.62634319
vn 0.75559205 -0.56361842 0.33378890
vn 0.76005185 -0.55769455 0.33361363
vn 0.51755428 -0.59997785 0.61005265
vn 0.72263181 -0.60562938 0.33319107
vn 0.27278888 -0.58611685 0.76292419
vn 0.82894868 -0.55402052 0.07684650
vn 0.83330137 -0.54768914 0.07513576
vn 0.79618776 -0.59872079 0.08728430
vn 0.28535232 -0.54727817 0.78680408
vn 0.54517537 -0.55469650 0.62856638
vn -0.00676576 -0.58994925 0.80741203
vn 0.80782574 -0.57677388 -0.12144760
vn 0.81228489 -0.56995595 -0.12386873
vn 0.77440399 -0.62409025 -0.10397028
vn -0.00715584 -0.55039167 0.83487594
vn 0.28691879 -0.54180288 0.79001725
vn -0.32548827 -0.58726764 0.74106282
vn 0.61753458 -0.65180576 -0.44022766
vn 0.62172192 -0.64495945 -0.44439757
vn 0.58781886 -0.69881177 -0.40759191
vn -0.34080040 -0.54744422 0.76430351
vn -0.00722757 -0.54474008 0.83857381
vn -0.55649602 -0.57765025 0.59718710
vn 0.26384297 -0.68049002 -0.68360823
vn 0.26538524 -0.67454630 -0.68888175
vn 0.25236309 -0.72339374 -0.64266193
vn -0.57985824 -0.53817368 0.61166447
vn -0.34280634 -0.54180896 0.76741576
vn -0.70509523 -0.58646071 0.39862841
vn 0.04258873 -0.67810237 -0.73373252
vn 0.04246017 -0.67244190 -0.73893106
vn 0.04195533 -0.71975136 -0.69296306
vn -0.73386854 -0.54619908 0.40386084
vn -0.58288580 -0.53270823 0.61356831
vn -0.78280205 -0.61104202 0.11768039
vn -0.81440681 -0.56975633 0.11008792
vn -0.73763567 -0.54062206 0.40450153
vn -0.21139929 -0.69730043 -0.68489599
vn -0.21285619 -0.69122005 -0.69058466
vn -0.20135710 -0.74073178 -0.64091480
vn -0.57639289 -0.67069817 -0.46683532
vn -0.57966316 -0.66458422 -0.47150651
vn -0.55140716 -0.71391797 -0.43159157
vn -0.77608526 -0.60465467 -0.17912129
vn -0.77997714 -0.59882748 -0.18177259
vn -0.74608016 -0.64648998 -0.15942146
vn -0.81440681 -0.56975633 0.11008792
vn -0.78280205 -0.61104202 0.11768039
vn -0.81854588 -0.56400526 0.10899860
vn 0.69995737 0.58977449 -0.40277249
vn 0.78833866 0.60559064 0.10854531
vn 0.28892317 0.81817901 0.49709806
vn -0.02125923 0.99122745 -0.13044593
vn 0.85017323 0.34053385 -0.40154979
vn 0.82045662 0.57166100 0.00739019
vn 0.00450039 0.99794948 -0.06384850
vn 0.63357121 0.59388298 0.49587360
vn -0.00999555 0.99979311 0.01771615
vn 0.72863889 0.64448005 0.23179929
vn 0.33285537 0.89870697 -0.28553990
vn 0.68989152 0.46723813 0.55293608
vn 0.58902264 -0.67615139 -0.44257393
vn -0.07402892 -0.66308182 -0.74487728
vn -0.37233245 -0.46857831 -0.80112606
vn 0.07031806 -0.30868590 -0.94856125
vn -0.19592687 -0.23184833 -0.95281637
vn 0.19812971 -0.03294524 -0.97962201
vn -0.15173742 -0.24883653 -0.95658565
vn 0.00198605 -0.10752469 -0.99420041
vn -0.06745912 -0.01045956 -0.99766719
vn 0.08533394 -0.01884210 -0.99617422
vn -0.15197641 0.23464917 -0.96012652
vn -0.17331207 0.53377217 -0.82767761
vn 0.13415127 0.77399147 -0.61882204
vn 0.03119671 0.09548292 -0.99494207
vn -0.04564985 0.30638868 -0.95081127
vn 0.15477511 0.67861462 -0.71800196
vn 0.61648810 0.65703553 -0.43387419
vn 0.18794060 0.34653646 -0.91901624
vn 0.03119671 0.09548292 -0.99494207
vn 0.63406008 0.36986083 -0.67909563
vn 0.22087352 0.00443041 -0.97529238
vn 0.64400959 -0.00589170 -0.76499474
vn 0.66239142 -0.04124484 -0.74802166
vn -0.71418023 0.69980884 -0.01463831
vn 0.05853568 0.28984222 -0.95528275
vn -0.43471235 -0.12247793 -0.89220196
vn -0.99962699 0.02283023 -0.01498818
vn -0.52497941 0.54789960 -0.65130836
vn -0.45323589 -0.05819408 -0.88948900
vn -0.89732796 0.09153252 0.43176883
vn 0.37099579 0.91093844 0.18042536
vn -0.99997956 0.00207947 -0.00604747
vn -0.48087734 0.02284163 -0.87649029
vn -0.58817625 0.16054749 0.79263687
vn 0.78833866 0.60559064 0.10854531
vn -0.88567883 0.03371254 0.46307287
vn -0.99988639 -0.01500669 -0.00142739
vn -0.50461215 0.14305228 -0.85141218
vn -0.02258755 0.20954904 0.97753721
vn 0.28892317 0.81817901 0.49709806
vn -0.54407817 0.07577338 0.83560598
vn -0.87120003 -0.03258334 0.48984572
vn -0.88567883 0.03371254 0.46307287
vn -0.99976152 -0.02183476 -0.00038690
vn -0.53819340 0.28609359 -0.79277891
vn 0.54600877 0.16836721 0.82068682
vn 0.85017323 0.34053385 -0.40154979
vn 0.99999315 -0.00024073 0.00368826
vn 0.11010200 0.13259262 0.98503643
vn 0.70211500 0.11514036 0.70269281
vn 0.99228370 0.01756539 -0.12273736
vn 0.22341083 0.05303247 0.97328061
vn 0.80424684 0.08393177 0.58833873
vn 0.97315687 0.06210680 -0.22160441
vn 0.28372273 -0.04756908 0.95772576
vn 0.82273036 0.05792464 0.56547284
vn 0.95175463 0.14398178 -0.27098417
vn 0.78985202 0.00038355 0.61329734
vn 0.93443257 0.25413635 -0.24950050
vn 0.29370341 -0.18550661 0.93772364
vn 0.78344184 -0.05457252 0.61906445
vn 0.91825891 0.32976007 -0.21922328
vn 0.32936618 -0.28946128 0.89873809
vn 0.86508799 -0.04720272 0.49939430
vn 0.86075282 0.40269649 -0.31135210
vn 0.44972217 -0.33925748 0.82622904
vn 0.95513690 0.01261345 0.29589605
vn 0.75320637 0.51669741 -0.40706757
vn 0.60397786 -0.39332882 0.69318342
vn 0.69641215 -0.46913838 0.54306483
vn 0.98638839 0.06246105 0.15210724
vn 0.68838781 0.62234503 -0.37257069
vn 0.71573400 -0.54281473 0.43940526
vn 0.99202013 0.06942086 0.10524639
vn 0.68184412 0.66983873 -0.29394677
vn 0.72035378 -0.60341299 0.34202811
vn 0.99506152 0.04505999 0.08844348
vn 0.68226981 0.69468176 -0.22787091
vn 0.71795505 -0.65789533 0.22740796
vn 0.99776542 0.01802436 0.06433711
vn 0.68668532 0.71081871 -0.15231541
vn 0.71103668 -0.69056296 0.13247505
vn 0.99928927 0.00432491 0.03744752
vn 0.69578248 0.71272218 -0.08895937
vn 0.70212913 -0.70867437 0.06924807
vn 0.99985582 0.00024493 0.01697822
vn 0.70523185 0.70744187 -0.04662720
vn 0.69074303 -0.72281939 0.02015428
vn 0.99987680 -0.00179740 0.01559620
vn 0.71988654 0.69407576 0.00472076
vn 0.67760253 -0.73475212 -0.03153143
vn 0.99870247 -0.01056097 0.04981814
vn 0.73543280 0.67019802 0.09986594
vn 0.66326725 -0.73835397 -0.12210674
vn 0.99456888 -0.03433513 0.09825452
vn 0.73958462 0.62958938 0.23797444
vn 0.65719301 -0.70978618 -0.25357643
vn 0.98910517 -0.08148919 0.12259922
vn 0.73889035 0.55883443 0.37649065
vn 0.68345541 -0.63048899 -0.36792988
vn 0.97591549 -0.17568024 0.12932685
vn 0.72143745 0.43219039 0.54105407
vn 0.68396366 -0.54104728 -0.48934820
vn 0.94781041 -0.29697028 0.11603496
vn 0.67722756 0.19368592 0.70982295
vn 0.65481013 -0.43464699 -0.61830872
vn 0.92159027 -0.38119429 0.07322772
vn 0.64019781 -0.06523242 0.76543546
vn 0.63403958 -0.36565930 -0.68138623
vn 0.90632576 -0.42149004 0.03032885
vn 0.62321174 -0.20799510 0.75388670
vn 0.89669985 -0.44257528 0.00751752
vn 0.61452526 -0.27487496 0.73946095
vn 0.62223250 -0.33809209 -0.70605987
vn 0.87729430 -0.47995213 0.00079301
vn 0.58463001 -0.35850075 0.72779465
vn -0.03324693 -0.02222089 -0.99920011
vn -0.03236273 -0.07471918 -0.99667931
vn 0.63866001 -0.32144940 -0.69913065
vn 0.86025125 -0.50987041 -0.00000048
vn 0.55996788 -0.46016270 0.68897480
vn 0.62284827 -0.24153700 -0.74412364
vn 0.53219014 0.20067981 -0.82249701
vn 0.99948031 -0.03223711 -0.00000004
vn 0.50432664 -0.23275618 0.83155227
vn 0.56212628 0.47462189 -0.67730951
vn 0.89132053 0.45337376 0.00000014
vn 0.66688979 0.14762644 0.73038650
vn 0.53609246 0.48482001 -0.69105315
vn 0.88014704 0.47462350 -0.00858345
vn 0.67755485 0.15678798 0.71856594
vn 0.86579031 0.49853325 -0.04326301
vn 0.70390469 0.21133263 0.67812735
vn 0.51129580 0.47275022 -0.71769345
vn 0.85541242 0.50407916 -0.11905380
vn 0.73267299 0.27707806 0.62162536
vn 0.47681889 0.42267317 -0.77070820
vn 0.40972033 0.38691375 -0.82609141
vn -0.16041304 0.09777428 -0.98219544
vn 0.82361001 0.51423967 -0.23921560
vn 0.77090901 0.33020687 0.54466760
vn 0.29799002 0.39289114 -0.86996466
vn 0.75389218 0.53929335 -0.37524554
vn 0.81636107 0.36061379 0.45112345
vn -0.12859042 0.17187853 -0.97668946
vn 0.66003454 0.56623155 -0.49369651
vn 0.85064071 0.40029442 0.34084421
vn 0.17118172 0.39986399 -0.90044743
vn 0.33285537 0.89870697 -0.28553990
vn 0.68989152 0.46723813 0.55293608
vn 0.72863889 0.64448005 0.23179929
vn 0.50558239 -0.80878448 -0.30042323
vn -0.38291764 0.02220028 -0.92351568
vn -0.64651471 0.25838342 0.71781385
vn -0.29418245 0.02092540 -0.95552021
vn -0.80210763 -0.29970196 -0.51652896
vn -0.85899514 0.49717736 0.12223753
vn -0.88633430 -0.44966048 0.11053014
vn 0.06526370 0.16496108 0.98413843
vn -0.40573850 -0.34485039 0.84643632
vn -0.76389033 -0.30177888 -0.57043946
vn -0.89168918 -0.44714373 0.07037633
vn -0.46942618 -0.33185774 0.81823564
vn -0.72137022 -0.28289333 -0.63213634
vn -0.89565998 -0.44425684 0.02071359
vn -0.53732097 -0.34749612 0.76846117
vn -0.69749975 -0.22922221 -0.67893398
vn -0.89903432 -0.43750441 -0.01808647
vn -0.58231181 -0.39718312 0.70933664
vn -0.90180665 -0.43148547 -0.02377214
vn -0.59517759 -0.43676695 0.67453557
vn -0.69799459 -0.18073562 -0.69292003
vn -0.00000025 -0.99925065 -0.03870600
vn 0.00000001 -0.40795159 0.91300356
vn -0.00000001 -0.08814822 -0.99610734
vn -0.10455668 0.20706171 -0.97272468
vn 0.56212628 0.47462189 -0.67730951
vn -0.08242290 0.21719727 -0.97264165
vn -0.00000055 0.20770894 -0.97819066
vn 0.53219014 0.20067981 -0.82249701
vn -0.05868457 0.20250848 -0.97752059
vn -0.00000037 0.19503328 -0.98079664
vn 0.62284827 -0.24153700 -0.74412364
vn -0.04117162 0.18652610 -0.98158693
vn 0.00000012 0.18065369 -0.98354679
vn -0.03475518 0.09016948 -0.99531984
vn 0.00000030 0.36563453 -0.93075854
vn -0.63730222 0.32651415 -0.69802183
vn 0.00000097 0.99998921 -0.00464766
vn -0.87641859 0.48139241 -0.01231868
vn 0.00000063 0.19451793 0.98089898
vn -0.63822079 0.36933076 0.67547691
vn -0.62831169 0.30784535 -0.71446186
vn -0.86555076 0.49813190 -0.05183126
vn -0.63278294 0.41338035 0.65475368
vn -0.62676841 0.23340940 -0.74342543
vn -0.86214662 0.49272507 -0.11800528
vn -0.61116707 0.48667037 0.62420088
vn -0.67016333 0.04123279 -0.74106747
vn -0.88829154 0.42427745 -0.17586024
vn -0.56616652 0.61403412 0.54992503
vn -0.73582548 -0.23966491 -0.63334167
vn -0.93546760 0.29096794 -0.20059440
vn -0.55250138 0.74424416 0.37529030
vn -0.77593261 -0.44348159 -0.44861192
vn -0.97189575 0.14418925 -0.18608651
vn -0.58263791 0.78325695 0.21689093
vn -0.78690237 -0.56874049 -0.23941387
vn -0.99175876 0.04549379 -0.11977009
vn -0.60456669 0.78961873 0.10488716
vn -0.76391590 -0.64249653 -0.06025521
vn -0.99901009 0.00813269 -0.04373473
vn -0.64550501 0.76360154 0.01536037
vn -0.99996018 0.00087149 -0.00888419
vn -0.67769563 0.73458242 -0.03342606
vn -0.73810935 -0.67410761 0.02781128
vn -0.72157967 -0.68923247 0.06543198
vn -0.99998879 -0.00013628 -0.00473190
vn -0.69470406 0.71564364 -0.07239117
vn -0.71754217 -0.68924969 0.10034030
vn -0.99994677 -0.00118126 -0.01025273
vn -0.69739872 0.70601678 -0.12318797
vn -0.72266775 -0.67051417 0.16781570
vn -0.99991167 -0.00294460 -0.01296043
vn -0.69243312 0.69283062 -0.20130092
vn -0.72447193 -0.63526136 0.26755086
vn -0.99996477 0.00057892 -0.00837508
vn -0.69010860 0.66268307 -0.29086292
vn -0.72382385 -0.58812624 0.36081368
vn -0.99990374 0.01321811 -0.00422641
vn -0.69107985 0.62399995 -0.36473644
vn -0.74081284 -0.52123022 0.42369258
vn -0.99963975 0.01567327 -0.02178973
vn -0.68264121 0.56864655 -0.45895770
vn -0.99879211 -0.01215658 -0.04760778
vn -0.66271967 0.47885478 -0.57576102
vn -0.75686121 -0.45015156 0.47384036
vn -0.76585054 -0.38944131 0.51167214
vn -0.99807310 -0.04619182 -0.04142925
vn -0.63242066 0.40244627 -0.66187692
vn -0.78829551 -0.32768038 0.52078390
vn -0.99869752 -0.04846718 -0.01594313
vn -0.58981597 0.36693129 -0.71935982
vn -0.83025706 -0.22365889 0.51053888
vn -0.99950844 -0.03121279 -0.00293382
vn -0.85746831 -0.11354484 0.50185227
vn -0.49124813 -0.02450936 0.87067479
vn 0.11010200 0.13259262 0.98503643
vn -0.85746831 -0.11354484 0.50185227
vn 0.22341083 0.05303247 0.97328061
vn -0.42463273 -0.16078913 0.89097357
vn -0.83025706 -0.22365889 0.51053888
vn -0.33866307 -0.32889009 0.88155466
vn -0.78829551 -0.32768038 0.52078390
vn -0.23918113 -0.44666463 0.86213869
vn -0.76585054 -0.38944131 0.51167214
vn -0.13767980 -0.52560180 0.83951598
vn -0.75686121 -0.45015156 0.47384036
vn -0.05328236 -0.64176106 0.76505148
vn 0.60397786 -0.39332882 0.69318342
vn -0.00891649 -0.76866299 0.63959187
vn -0.72382385 -0.58812624 0.36081368
vn 0.69641215 -0.46913838 0.54306483
vn 0.00190181 -0.85473090 0.51906794
vn -0.72447193 -0.63526136 0.26755086
vn 0.71573400 -0.54281473 0.43940526
vn 0.00179387 -0.91847229 0.39548120
vn -0.72266775 -0.67051417 0.16781570
vn 0.72035378 -0.60341299 0.34202811
vn 0.00056741 -0.96647799 0.25674888
vn -0.71754217 -0.68924969 0.10034030
vn 0.71795505 -0.65789533 0.22740796
vn -0.00600264 -0.98838508 0.15185173
vn -0.72157967 -0.68923247 0.06543198
vn 0.71103668 -0.69056296 0.13247505
vn -0.02919971 -0.99557191 0.08935294
vn -0.73810935 -0.67410761 0.02781128
vn 0.70212913 -0.70867437 0.06924807
vn -0.07612365 -0.99662882 0.03059638
vn 0.69074303 -0.72281939 0.02015428
vn -0.13839768 -0.98774433 -0.07216115
vn -0.78690237 -0.56874049 -0.23941387
vn 0.67760253 -0.73475212 -0.03153143
vn -0.18498571 -0.94824791 -0.25808185
vn -0.77593261 -0.44348159 -0.44861192
vn 0.66326725 -0.73835397 -0.12210674
vn -0.17558804 -0.85805696 -0.48260444
vn -0.73582548 -0.23966491 -0.63334167
vn 0.65719301 -0.70978618 -0.25357643
vn -0.11470015 -0.69816917 -0.70668501
vn -0.67016333 0.04123279 -0.74106747
vn 0.68345541 -0.63048899 -0.36792988
vn -0.05557884 -0.43910876 -0.89671314
vn -0.62676841 0.23340940 -0.74342543
vn 0.68396366 -0.54104728 -0.48934820
vn -0.03332546 -0.19870900 -0.97949177
vn -0.62831169 0.30784535 -0.71446186
vn 0.65481013 -0.43464699 -0.61830872
vn 0.63403958 -0.36565930 -0.68138623
vn 0.69578248 0.71272218 -0.08895937
vn 0.70523185 0.70744187 -0.04662720
vn 0.02183079 0.99581218 -0.08877806
vn 0.00426057 0.98707843 -0.16018118
vn 0.68668532 0.71081871 -0.15231541
vn -0.00084394 0.96361595 -0.26728925
vn 0.68226981 0.69468176 -0.22787091
vn -0.00269628 0.91862428 -0.39512298
vn 0.68184412 0.66983873 -0.29394677
vn -0.00551976 0.86269259 -0.50569862
vn 0.68838781 0.62234503 -0.37257069
vn 0.00447658 0.77898771 -0.62702328
vn 0.75320637 0.51669741 -0.40706757
vn 0.06119439 0.65105563 -0.75655919
vn -0.69739872 0.70601678 -0.12318797
vn -0.69243312 0.69283062 -0.20130092
vn -0.69470406 0.71564364 -0.07239117
vn -0.69010860 0.66268307 -0.29086292
vn -0.69107985 0.62399995 -0.36473644
vn -0.68264121 0.56864655 -0.45895770
vn -0.66271967 0.47885478 -0.57576102
vn -0.67769563 0.73458242 -0.03342606
vn 0.05692628 0.99812752 -0.02238054
vn 0.70523185 0.70744187 -0.04662720
vn -0.64550501 0.76360154 0.01536037
vn 0.71988654 0.69407576 0.00472076
vn 0.10273312 0.99147117 0.08019218
vn -0.60456669 0.78961873 0.10488716
vn 0.73543280 0.67019802 0.09986594
vn 0.13690349 0.95899385 0.24816974
vn -0.58263791 0.78325695 0.21689093
vn 0.73958462 0.62958938 0.23797444
vn 0.13286310 0.88861084 0.43899679
vn -0.55250138 0.74424416 0.37529030
vn 0.73889035 0.55883443 0.37649065
vn 0.08752862 0.75520527 0.64961821
vn -0.56616652 0.61403412 0.54992503
vn 0.72143745 0.43219039 0.54105407
vn 0.02326067 0.50222105 0.86442637
vn -0.61116707 0.48667037 0.62420088
vn 0.67722756 0.19368592 0.70982295
vn -0.02786639 0.24773219 0.96842772
vn -0.63278294 0.41338035 0.65475368
vn 0.64019781 -0.06523242 0.76543546
vn -0.05298745 0.11823868 0.99157047
vn -0.63822079 0.36933076 0.67547691
vn 0.62321174 -0.20799510 0.75388670
vn -0.05666345 0.06172325 0.99648356
vn 0.00000063 0.19451793 0.98089898
vn 0.61452526 -0.27487496 0.73946095
vn -0.05371618 -0.05707619 0.99692369
vn 0.00000001 -0.16601333 0.98612350
vn 0.58463001 -0.35850075 0.72779465
vn -0.06058531 -0.15675905 0.98577684
vn -0.00000014 -0.19246964 0.98130292
vn 0.55996788 -0.46016270 0.68897480
vn -0.05526015 -0.19874130 0.97849280
vn 0.00000001 -0.21693642 0.97618574
vn 0.50432664 -0.23275618 0.83155227
vn -0.01767459 -0.23841341 0.97100294
vn 0.00000001 -0.40795159 0.91300356
vn 0.66688979 0.14762644 0.73038650
vn 0.03239896 -0.23215233 0.97213972
vn 0.67755485 0.15678798 0.71856594
vn 0.27847785 0.45382082 -0.84646130
vn 0.93443257 0.25413635 -0.24950050
vn 0.91825891 0.32976007 -0.21922328
vn 0.37225831 0.32698178 -0.86862344
vn 0.95175463 0.14398178 -0.27098417
vn 0.44861731 0.15393704 -0.88036692
vn -0.53819340 0.28609359 -0.79277891
vn -0.50461215 0.14305228 -0.85141218
vn -0.58981597 0.36693129 -0.71935982
vn -0.63242066 0.40244627 -0.66187692
vn -0.58981597 0.36693129 -0.71935982
vn 0.16721220 0.53652728 -0.82715088
vn 0.91825891 0.32976007 -0.21922328
vn -0.66271967 0.47885478 -0.57576102
vn 0.86075282 0.40269649 -0.31135210
vn 0.75320637 0.51669741 -0.40706757
vn 0.94245493 0.23825520 0.23454881
vn 0.49408263 -0.85194987 0.17338926
vn 0.86970848 0.00068471 0.49356529
vn 0.67125380 -0.72238845 0.16605215
vn 0.90294284 0.42670757 0.05113668
vn -0.42885101 -0.83587015 -0.34264842
vn 0.81480920 -0.56755775 0.11817010
vn 0.84505898 0.52065229 -0.12164102
vn -0.32257846 -0.94424772 -0.06587388
vn -0.73893833 -0.52563095 -0.42152381
vn 0.88991863 -0.45451033 0.03827756
vn 0.79218936 0.51634526 -0.32530531
vn -0.69747919 -0.70720726 -0.11567466
vn -0.90686184 0.03331444 -0.42010918
vn -0.13933054 -0.98731136 0.07617918
vn 0.90265691 -0.42825827 -0.04248914
vn 0.73514527 0.45235774 -0.50490975
vn -0.96601838 -0.21104658 -0.14922401
vn -0.33257329 0.93719327 -0.10518447
vn -0.57923865 -0.81279612 0.06200888
vn 0.01498645 -0.98452669 0.17459270
vn 0.87727636 -0.47263828 -0.08366191
vn 0.67060411 0.40878040 -0.61902237
vn -0.55860263 0.81911892 -0.13041191
vn 0.49145472 0.81043351 0.31885713
vn 0.37648806 0.92519015 0.04774861
vn 0.10893437 -0.94941705 0.29451752
vn -0.91799146 -0.39550701 0.02942671
vn -0.74461257 0.66146976 -0.08949792
vn 0.18600816 0.97840351 -0.09015305
vn -0.46326622 -0.86084223 0.21055888
vn 0.85323775 -0.50983822 -0.10977418
vn 0.58152288 0.40781459 -0.70393074
vn -0.84774905 0.52958113 -0.02941694
vn 0.01798018 0.98104125 -0.19296323
vn -0.84693766 -0.49729037 0.18814611
vn 0.15773645 -0.89991862 0.40652883
vn -0.36607310 -0.84653020 0.38649330
vn 0.84881347 -0.50317150 -0.16227801
vn 0.47078207 0.41016239 -0.78110886
vn -0.88240910 0.46955195 0.02958366
vn -0.09708931 0.94289863 -0.31861547
vn -0.77626592 -0.50683647 0.37487060
vn -0.28378397 -0.79207736 0.54044437
vn 0.19006151 -0.86584675 0.46280238
vn 0.85217738 -0.47245687 -0.22489600
vn 0.38211563 0.40870234 -0.82882446
vn -0.88259852 0.46276543 0.08287314
vn -0.17116348 0.88465321 -0.43369544
vn -0.70037556 -0.45956096 0.54614812
vn -0.21044478 -0.75562757 0.62027407
vn 0.22724661 -0.83985710 0.49294931
vn 0.85763204 -0.44672805 -0.25475752
vn 0.34525961 0.43110204 -0.83363473
vn -0.87072778 0.47319084 0.13387908
vn -0.21862280 0.84131032 -0.49436933
vn -0.62439036 -0.42948574 0.65244055
vn 0.26871595 -0.79716235 0.54066998
vn -0.13702253 -0.73761624 0.66117102
vn 0.87136030 -0.41717333 -0.25825876
vn 0.33937657 0.46274570 -0.81895661
vn -0.86341059 0.47403604 0.17266166
vn -0.25406373 0.81183338 -0.52571690
vn -0.54442465 -0.43369877 0.71798831
vn 0.29170081 -0.75092685 0.59246904
vn -0.06761589 -0.70420766 0.70676702
vn 0.88539684 -0.37714002 -0.27173111
vn 0.25138313 0.61661464 -0.74605155
vn -0.86861110 0.45070058 0.20587331
vn -0.28541633 0.77365214 -0.56568533
vn -0.45604730 -0.44363716 0.77149659
vn 0.29844144 -0.73002571 0.61481321
vn -0.02752282 -0.66333336 0.74781770
vn 0.99979752 0.01765610 -0.00965110
vn 0.25455272 0.71512133 -0.65100265
vn -0.88155204 0.40945426 0.23497482
vn -0.30235386 0.73581249 -0.60593909
vn -0.38331473 -0.45254984 0.80515116
vn -0.01985015 -0.64313906 0.76549208
vn 0.31523284 -0.73016948 0.60620195
vn 0.90397745 0.36611497 0.22087245
vn 0.26790971 0.43455687 -0.85987484
vn 0.97501713 -0.08937281 -0.20335697
vn -0.89341462 0.36818179 0.25739551
vn -0.30574724 0.71973431 -0.62329859
vn -0.34443215 -0.46727663 0.81425983
vn -0.01267635 -0.64101636 0.76742250
vn 0.27879339 -0.62852597 0.72610563
vn 0.33934584 -0.48209184 0.80773252
vn 0.51097888 -0.82601660 0.23790166
vn -0.87208498 0.36304110 0.32812947
vn -0.34884977 0.73872221 -0.57670903
vn -0.36567533 -0.43300065 0.82388836
vn -0.00779333 -0.63407755 0.77323020
vn 0.02856051 -0.62785769 0.77780402
vn 0.25571623 -0.95374393 0.15805602
vn 0.00000129 -0.56142503 0.82752764
vn 0.00001774 0.78010505 0.62564862
vn 0.00000059 0.73893017 -0.67378205
vn -0.32118881 -0.64436018 0.69400126
vn -0.04329196 -0.97489613 0.21841086
vn -0.98384821 -0.13209583 -0.12080324
vn -0.37610954 0.53292423 -0.75797987
vn -0.64859176 -0.56685066 -0.50794590
vn -0.15029523 0.30664304 -0.93988371
vn 0.99999315 -0.00024073 0.00368826
vn 0.61220521 -0.11027684 -0.78297120
vn 0.85017323 0.34053385 -0.40154979
vn 0.59151822 -0.14910880 -0.79238421
vn 0.05853568 0.28984222 -0.95528275
vn -0.43471235 -0.12247793 -0.89220196
vn 0.99228370 0.01756539 -0.12273736
vn 0.55578995 -0.07308057 -0.82810432
vn -0.45323589 -0.05819408 -0.88948900
vn 0.50857836 0.01979759 -0.86078811
vn 0.97315687 0.06210680 -0.22160441
vn -0.48087734 0.02284163 -0.87649029
vn -0.45323589 -0.05819408 -0.88948900
vn -0.50461215 0.14305228 -0.85141218
vn 0.44861731 0.15393704 -0.88036692
vn 0.95175463 0.14398178 -0.27098417
vn -0.40573850 -0.34485039 0.84643632
vn 0.46716738 -0.03497582 0.88347685
vn 0.06526370 0.16496108 0.98413843
vn 0.39903349 -0.01806818 0.91675836
vn 0.68989152 0.46723813 0.55293608
vn -0.46942618 -0.33185774 0.81823564
vn 0.85064071 0.40029442 0.34084421
vn 0.30765724 -0.01649714 0.95135421
vn -0.53732097 -0.34749612 0.76846117
vn 0.81636107 0.36061379 0.45112345
vn 0.21562468 -0.03428184 0.97587436
vn -0.58231181 -0.39718312 0.70933664
vn 0.77090901 0.33020687 0.54466760
vn 0.14172639 -0.11013341 0.98376024
vn -0.59517759 -0.43676695 0.67453557
vn 0.73267299 0.27707806 0.62162536
vn 0.08515347 -0.19806004 0.97648406
vn 0.00000001 -0.40795159 0.91300356
vn 0.70390469 0.21133263 0.67812735
vn 0.03239896 -0.23215233 0.97213972
vn 0.67755485 0.15678798 0.71856594
vn 0.60629839 -0.65140891 -0.45614552
vn 0.68513465 -0.59667820 -0.41781062
vn 0.47528383 0.03040161 -0.87930715
vn 0.42248270 -0.00685265 -0.90634507
vn 0.49370718 -0.71234953 -0.49880996
vn 0.39212465 0.23840629 -0.88848221
vn 0.33670923 -0.04249220 -0.94064939
vn 0.38197792 -0.75704050 -0.53007793
vn 0.37840262 0.16521180 -0.91077799
vn 0.24221408 -0.05411534 -0.96871251
vn 0.28145522 -0.78603762 -0.55038887
vn 0.33848837 0.38899347 -0.85680205
vn 0.31593230 0.45523447 -0.83243519
vn 0.25823978 0.12638007 -0.95777887
vn 0.15842365 0.35348746 -0.92192656
vn 0.08350863 0.60144687 -0.79453635
vn 0.28835014 0.59179056 -0.75275373
vn 0.27328721 0.57609165 -0.77034575
vn 0.18473923 -0.06570578 -0.98058867
vn 0.16525744 -0.80788362 -0.56569779
vn 0.11154161 0.16515291 -0.97994030
vn 0.15842365 0.35348746 -0.92192656
vn 0.22203107 0.74998599 -0.62307560
vn 0.23454800 0.68404299 -0.69070435
vn 0.04857162 0.78176063 -0.62168413
vn 0.30566871 0.87259817 -0.38097119
vn 0.20446938 0.86505222 -0.45812333
vn 0.04892055 0.90280896 -0.42725024
vn 0.11655839 -0.08640061 -0.98941857
vn 0.00000359 -0.81914788 -0.57358235
vn -0.11831357 0.75550461 -0.64437157
vn -0.12004280 0.57884115 -0.80655611
vn -0.18516165 0.88146132 -0.43444353
vn 0.00512821 0.87068981 -0.49180579
vn 0.10622560 0.20886531 -0.97215813
vn 0.10800921 0.19286601 -0.97526240
vn -0.00000032 0.16389950 -0.98647702
vn -0.00869729 0.73303890 -0.68013108
vn -0.04575519 0.37295789 -0.92671943
vn 0.08350863 0.60144687 -0.79453635
vn 0.02164582 0.42014492 -0.90719885
vn 0.12161762 0.41209185 -0.90298915
vn -0.00000148 0.39126492 -0.92027813
vn -0.01274148 0.58592319 -0.81026644
vn 0.12182759 0.59435141 -0.79492420
vn -0.00000200 0.59865475 -0.80100721
vn 0.11743224 0.75535190 -0.64471167
vn -0.00000112 0.76770389 -0.64080483
vn 0.20900492 0.88081598 -0.42482960
vn 0.00000797 0.89695722 -0.44211739
vn 0.20900492 0.88081598 -0.42482960
vn 0.00000067 0.99507326 -0.09914258
vn 0.34590334 0.93179923 -0.11000498
vn -0.00000535 0.81916702 0.57355505
vn 0.00512821 0.87068981 -0.49180579
vn 0.43585071 0.73726839 0.51620692
vn 0.01930931 0.98304319 -0.18235481
vn -0.18516165 0.88146132 -0.43444353
vn 0.02613467 0.81886947 0.57338452
vn -0.31274942 0.93771374 -0.15126382
vn -0.40278307 0.74977237 0.52498305
vn 0.07346728 0.98832637 -0.13346753
vn 0.30566871 0.87259817 -0.38097119
vn 0.10754889 0.81440938 0.57023740
vn 0.47023776 0.87950701 -0.07310162
vn 0.20446938 0.86505222 -0.45812333
vn 0.57746971 0.66877443 0.46826228
vn 0.23915926 0.97069335 -0.02360781
vn 0.29876745 0.78173250 0.54738688
vn -0.02813933 0.99917823 0.02917211
vn -0.07846956 0.81664020 0.57178789
vn 0.11739907 0.91272670 -0.39134058
vn 0.20446938 0.86505222 -0.45812333
vn 0.34651873 0.93662286 -0.05159808
vn 0.37181818 0.76043230 0.53244156
vn 0.23122820 0.68698955 -0.68889683
vn 0.23454800 0.68404299 -0.69070435
vn 0.33056676 0.87901932 -0.34358495
vn 0.44232094 0.73144323 -0.51898265
vn 0.25233439 0.58184451 -0.77316517
vn 0.27328721 0.57609165 -0.77034575
vn 0.60828143 0.75882769 -0.23275350
vn 0.47322151 0.60118026 -0.64392841
vn 0.27546862 0.48845580 -0.82796615
vn 0.31593230 0.45523447 -0.83243519
vn 0.73887771 0.55199325 0.38647535
vn 0.37181818 0.76043230 0.53244156
vn 0.92742366 0.30638716 0.21450475
vn 0.68840033 0.59036207 -0.42139959
vn 0.99998248 -0.00484294 -0.00341410
vn 0.71351391 0.38304168 -0.58666599
vn 0.91847330 -0.32394689 -0.22685941
vn 0.49335200 0.46020865 -0.73811364
vn 0.39766955 0.27338430 -0.87585384
vn 0.39212465 0.23840629 -0.88848221
vn 0.65739256 0.15878016 -0.73663014
vn 0.50686276 0.29266441 -0.81082535
vn 0.54190642 0.05386572 -0.83871084
vn 0.47528383 0.03040161 -0.87930715
vn 0.77890486 -0.51371336 -0.35973018
vn 0.68513465 -0.59667820 -0.41781062
vn 0.40972033 0.38691375 -0.82609141
vn 0.29799002 0.39289114 -0.86996466
vn -0.21408227 0.03357232 -0.97623855
vn 0.47681889 0.42267317 -0.77070820
vn -0.76389033 -0.30177888 -0.57043946
vn -0.72137022 -0.28289333 -0.63213634
vn -0.69749975 -0.22922221 -0.67893398
vn 0.60364962 0.75244224 -0.26351053
vn 0.60338861 0.79724377 -0.01801777
vn 0.25868398 0.96565968 -0.02416609
vn 0.25557223 0.93059289 -0.26206824
vn 0.64084762 0.74280345 -0.19379710
vn 0.16106886 0.98662418 -0.02509145
vn 0.29340237 0.95407385 -0.06048305
vn 0.68295377 0.72295243 0.10446954
vn 0.15805881 0.95438027 -0.25332925
vn 0.14695196 0.98882192 -0.02522605
vn 0.31934506 0.89315200 0.31669906
vn 0.70330924 0.58902115 0.39800781
vn 0.18492559 0.98260963 -0.01675689
vn 0.14412312 0.95698053 -0.25182682
vn 0.14505000 0.98910493 -0.02513882
vn 0.14225161 0.95732719 -0.25157320
vn 0.17015348 0.98535216 -0.01135450
vn 0.17112984 0.98499340 0.02241800
vn 0.32477403 0.78557980 0.52667469
vn 0.72845322 0.26140714 0.63326323
vn 0.21043114 0.90848774 0.36106616
vn 0.19718741 0.90957195 0.36578140
vn 0.19723894 0.90077221 0.38691896
vn 0.35666227 0.55420601 0.75209558
vn 0.69570637 -0.05545124 0.71618277
vn 0.22095948 0.81011516 0.54303807
vn 0.20946339 0.81168300 0.54524839
vn 0.20815033 0.81391823 0.54241186
vn 0.35155901 0.10724062 0.93000305
vn 0.65207803 -0.14111632 0.74490297
vn 0.24553931 0.60563493 0.75691271
vn 0.23548536 0.60630888 0.75956315
vn 0.23095287 0.64953184 0.72440952
vn 0.31182802 -0.12817106 0.94145393
vn 0.64012337 -0.01856614 0.76804781
vn 0.25114080 0.15495707 0.95546669
vn 0.24593969 0.15716541 0.95645845
vn 0.24727024 0.19068980 0.94999725
vn 0.30533874 -0.00291089 0.95223933
vn 0.65034133 0.12847671 0.74869877
vn 0.23149286 -0.12031140 0.96536845
vn 0.23143598 -0.11979830 0.96544588
vn 0.23332930 -0.11951853 0.96502477
vn 0.30508921 0.14068994 0.94187415
vn 0.68390250 0.09882383 0.72284943
vn 0.22897305 -0.00358121 0.97342616
vn 0.23055795 -0.01414954 0.97295570
vn 0.23301142 -0.02702928 0.97209829
vn 0.35515851 -0.08364399 0.93105644
vn 0.70550084 -0.19944222 0.68006724
vn 0.22607534 0.13205083 0.96511787
vn 0.22842276 0.11754264 0.96644026
vn 0.23158358 0.10741047 0.96686715
vn 0.37423030 -0.49893576 0.78167439
vn 0.70256495 -0.51394928 0.49219769
vn 0.26694986 -0.13508072 0.95419651
vn 0.26805693 -0.14304283 0.95272464
vn 0.27515996 -0.18817121 0.94280356
vn 0.36464313 -0.70334166 0.61020148
vn 0.70757437 -0.66124010 0.24919885
vn 0.29475561 -0.54844195 0.78251559
vn 0.29726762 -0.55279416 0.77849251
vn 0.30122796 -0.59979784 0.74128562
vn 0.37460303 -0.81170547 0.44811478
vn 0.71555561 -0.69528317 0.06753901
vn 0.29737261 -0.72749400 0.61832201
vn 0.30144343 -0.73263866 0.61022329
vn 0.30409384 -0.73852950 0.60174847
vn 0.38379437 -0.90055293 0.20422129
vn 0.70223391 -0.71167618 0.01961209
vn 0.30365732 -0.82929242 0.46911234
vn 0.30926022 -0.83774281 0.45005006
vn 0.31172049 -0.83215064 0.45864540
vn 0.37670749 -0.92580450 0.03126634
vn 0.68798894 -0.72516048 0.02852345
vn 0.30903757 -0.92741603 0.21070205
vn 0.31505850 -0.93438369 0.16632882
vn 0.31782621 -0.93617415 0.15021472
vn 0.37473458 -0.92638475 0.03721901
vn 0.70641321 -0.70654899 0.04205928
vn 0.31013668 -0.95061481 0.01211502
vn 0.31662458 -0.94788301 -0.03559099
vn 0.31876931 -0.94530022 -0.06923617
vn 0.37858087 -0.92453706 0.04367790
vn 0.72552562 -0.68806285 0.01349548
vn 0.31491494 -0.94832933 0.03873117
vn 0.32400650 -0.94521415 0.03987486
vn 0.32761082 -0.94399434 0.03931669
vn 0.39481649 -0.91010195 -0.12583458
vn 0.73704451 -0.65974230 -0.14664730
vn 0.30944315 -0.94869030 0.06505094
vn 0.31406489 -0.94184911 0.11951337
vn 0.31512168 -0.93577385 0.15819503
vn 0.40190762 -0.83259237 -0.38113025
vn 0.75591058 -0.50530320 -0.41625461
vn 0.31161615 -0.93943459 -0.14268181
vn 0.31443444 -0.94485968 -0.09149423
vn 0.31591693 -0.94619304 -0.07010853
vn 0.40086195 -0.70878261 -0.58046275
vn 0.73981839 -0.20323859 -0.64137572
vn 0.31087178 -0.85067505 -0.42392299
vn 0.31088302 -0.85897952 -0.40682429
vn 0.31209210 -0.84991938 -0.42454168
vn 0.40050060 -0.48441488 -0.77777982
vn 0.68849695 0.05785706 -0.72292781
vn 0.30670679 -0.73755628 -0.60161585
vn 0.30340126 -0.74115437 -0.59886390
vn 0.30447289 -0.74160194 -0.59776485
vn 0.36258477 -0.11969703 -0.92423207
vn 0.65556008 0.11116768 -0.74691552
vn 0.29871321 -0.55045110 -0.77959865
vn 0.29395404 -0.57046628 -0.76691544
vn 0.29668278 -0.59958702 -0.74328643
vn 0.31895724 0.07965562 -0.94441587
vn 0.65668398 -0.04581379 -0.75277305
vn 0.26101115 -0.18430120 -0.94757915
vn 0.25542325 -0.22234285 -0.94091582
vn 0.26199958 -0.27673873 -0.92453879
vn 0.32070294 -0.05673129 -0.94547933
vn 0.65634418 -0.22041741 -0.72154588
vn 0.21932109 0.06080483 -0.97375613
vn 0.20878983 0.03322086 -0.97739613
vn 0.21000199 0.01042934 -0.97764534
vn 0.31987515 -0.21439663 -0.92288351
vn 0.67012572 -0.18078478 -0.71989477
vn 0.21880241 -0.05729728 -0.97408551
vn 0.20406225 -0.05502447 -0.97741032
vn 0.20237435 -0.05457684 -0.97778624
vn 0.34176525 -0.03861016 -0.93899190
vn 0.70936495 0.12919272 -0.69290018
vn 0.22250941 -0.20074353 -0.95403963
vn 0.21217534 -0.17093587 -0.96216553
vn 0.21261592 -0.14576161 -0.96620291
vn 0.35248843 0.37537774 -0.85723013
vn 0.72110385 0.50631607 -0.47291997
vn 0.24213308 0.01192623 -0.97016972
vn 0.23372044 0.04130771 -0.97142601
vn 0.23544089 0.09557542 -0.96717781
vn 0.33569774 0.68791884 -0.64348644
vn 0.68728405 0.71366084 -0.13538429
vn 0.24748801 0.42517620 -0.87061751
vn 0.23774035 0.43471348 -0.86862177
vn 0.23536648 0.47967425 -0.84529001
vn 0.32206073 0.87466872 -0.36225900
vn 0.63373661 0.75387597 0.17334647
vn 0.23055291 0.71011788 -0.66526538
vn 0.21967980 0.71200478 -0.66692585
vn 0.21837085 0.71714878 -0.66182464
vn 0.28952166 0.95678937 0.02704183
vn 0.60055351 0.76369458 0.23686717
vn 0.21249175 0.88752377 -0.40883842
vn 0.19938633 0.88835585 -0.41360492
vn 0.19986294 0.87685066 -0.43725020
vn 0.25339702 0.94189006 0.22052895
vn 0.60338861 0.79724377 -0.01801777
vn 0.25868398 0.96565968 -0.02416609
vn 0.18267874 0.98299295 -0.01879692
vn 0.16803120 0.98547864 -0.02444131
vn 0.16927561 0.98379362 -0.05912648
vn 0.15603110 0.96544206 0.20874839
vn 0.16106886 0.98662418 -0.02509145
vn 0.14194758 0.96802753 0.20681767
vn 0.14001206 0.96833396 0.20670269
vn 0.14695196 0.98882192 -0.02522605
vn 0.14505000 0.98910493 -0.02513882
vn -0.19548026 -0.52846706 0.82614172
vn -0.55487996 -0.52535796 0.64506376
vn -0.24631624 -0.15967901 0.95594507
vn 0.04747729 -0.53534555 0.84329772
vn -0.24681817 -0.46814165 0.84848344
vn -0.59705991 -0.59220004 0.54112709
vn 0.06472597 -0.15091297 0.98642576
vn 0.26009786 -0.50628465 0.82220739
vn -0.28466558 -0.67386335 0.68181652
vn 0.04115570 -0.47516379 0.87893432
vn 0.32496497 -0.12494808 0.93743575
vn 0.60838991 -0.50051594 0.61591029
vn -0.39415386 -0.53186733 0.74950641
vn -0.00775997 -0.72327876 0.69051254
vn 0.27138326 -0.49398193 0.82603449
vn 0.73053801 -0.10823888 0.67423928
vn 0.78726017 -0.53543019 0.30583650
vn -0.48158622 -0.26736486 0.83462012
vn -0.02393505 -0.58931756 0.80754685
vn 0.21269815 -0.73994237 0.63815731
vn 0.58341455 -0.51668721 0.62662739
vn 0.94945669 -0.11561152 0.29183200
vn 0.82137895 -0.55924129 0.11218683
vn -0.51472032 -0.06470637 0.85491294
vn -0.01688730 -0.30823931 0.95115894
vn 0.29657927 -0.59590387 0.74628371
vn 0.41865078 -0.75687933 0.50186175
vn 0.78823036 -0.51783502 0.33247530
vn 0.99031341 -0.13088757 0.04634378
vn 0.80364710 -0.57401937 -0.15701297
vn -0.51052326 -0.01430366 0.85974497
vn -0.84717244 -0.06487487 0.52734250
vn -0.00849119 -0.07010569 0.99750346
vn 0.00001522 0.02486839 0.99969071
vn 0.95186627 -0.14193079 -0.27167296
vn 0.62087542 -0.60761195 -0.49529931
vn 0.83889627 -0.53215885 0.11428062
vn 0.40496996 -0.30836105 0.86076289
vn 0.46793249 0.04410392 0.88266307
vn 0.45691645 -0.07003260 0.88674843
vn 0.72504473 -0.15358813 -0.67135745
vn 0.33330244 -0.62815177 -0.70308954
vn 0.54747820 -0.60215575 0.58109903
vn 0.69912237 -0.30647019 0.64599073
vn 0.75727880 -0.06960849 0.64937156
vn 0.76550543 0.04827305 0.64161605
vn 0.53496289 -0.78647357 0.30866507
vn 0.68821448 -0.63836330 0.34475076
vn 0.86838883 -0.33681163 0.36394888
vn 0.57002890 -0.81050140 0.13473880
vn 0.75650686 0.18062578 0.62854725
vn 0.93160468 -0.08319722 0.35382324
vn 0.72524774 -0.68007398 0.10730851
vn 0.81249887 -0.56370819 -0.14858928
vn 0.93793982 0.04469581 0.34390569
vn 0.92566836 0.18205355 0.33165434
vn 0.92178434 -0.38208342 0.06577154
vn 0.55263168 -0.83171785 -0.05332665
vn 0.64053982 -0.60775256 -0.46940982
vn 0.99415714 -0.10349131 0.03067826
vn 0.68040383 -0.72178185 -0.12681325
vn 0.88622838 0.33399817 0.32100552
vn 0.99919283 0.03927922 0.00841599
vn 0.86719447 -0.43618116 -0.24024922
vn 0.43857813 -0.87170947 -0.21856764
vn 0.95015669 0.31139788 -0.01528708
vn 0.90079248 0.43421781 -0.00527756
vn 0.98498666 0.17233840 -0.01003755
vn 0.94193083 -0.12649652 -0.31107056
vn 0.54585797 -0.76986849 -0.33066851
vn 0.89211035 0.27398047 -0.35926855
vn 0.84553593 0.39946029 -0.35426056
vn 0.93964803 0.03708204 -0.34012723
vn 0.92104572 0.15417969 -0.35763592
vn 0.69330788 -0.48894736 -0.52939093
vn 0.72042477 0.23303992 -0.65320796
vn 0.67217624 0.36592731 -0.64364302
vn 0.74305600 0.12648684 -0.65716732
vn 0.75201017 -0.16045599 -0.63932353
vn 0.75272161 0.01920974 -0.65805864
vn 0.42107257 0.19425157 -0.88598210
vn 0.43557668 0.08142513 -0.89646131
vn -0.09809685 0.01799570 -0.99501413
vn 0.42336240 -0.03443517 -0.90530574
vn 0.40635478 -0.20308946 -0.89085937
vn 0.38153458 -0.51774681 -0.76574779
vn -0.64254820 -0.09049054 -0.76088321
vn -0.11848467 -0.09161880 -0.98872006
vn -0.64532161 -0.17332229 -0.74398887
vn -0.88007456 -0.25825888 -0.39846089
vn -0.13754502 -0.22252999 -0.96517450
vn -0.61755937 -0.38697678 -0.68474036
vn -0.77914530 -0.53988487 -0.31852308
vn -0.12641869 -0.49545288 -0.85938627
vn -0.50992596 -0.69556576 -0.50612634
vn -0.61702895 -0.74761152 -0.24566710
vn -0.08497400 -0.80362588 -0.58903730
vn -0.35553098 -0.87680548 -0.32374355
vn 0.31506106 -0.81075597 -0.49336728
vn -0.03589304 -0.94013518 -0.33890647
vn -0.42144814 -0.63197827 -0.65037298
vn -0.74531966 -0.16510554 -0.64594018
vn 0.24498075 -0.92166430 -0.30086437
vn -0.44208330 -0.15619341 -0.88327008
vn -0.63027078 -0.61557150 -0.47310734
vn -0.38051564 -0.62588620 -0.68078953
vn -0.01475013 -0.67699510 -0.73583966
vn 0.35185456 -0.64882553 -0.67470282
vn -0.00871782 -0.14259100 -0.98974329
vn -0.00723847 -0.62824178 -0.77798450
vn 0.38206223 -0.14898893 -0.91204756
vn -0.75559217 -0.56361806 0.33378905
vn -0.83330148 -0.54768920 0.07513453
vn -0.82894909 -0.55402011 0.07684548
vn -0.72263259 -0.60562873 0.33319077
vn -0.51755446 -0.59997743 0.61005288
vn -0.79618740 -0.59872139 0.08728360
vn -0.54201150 -0.56028229 0.62634432
vn -0.76005214 -0.55769384 0.33361399
vn -0.27279004 -0.58611697 0.76292372
vn -0.80782616 -0.57677335 -0.12144735
vn -0.81228513 -0.56995565 -0.12386873
vn -0.77440274 -0.62409186 -0.10396973
vn -0.28535560 -0.54727799 0.78680307
vn -0.54517406 -0.55469555 0.62856829
vn 0.00676555 -0.58994967 0.80741173
vn -0.61753392 -0.65180618 -0.44022787
vn -0.62172192 -0.64495957 -0.44439739
vn -0.58781719 -0.69881314 -0.40759194
vn 0.00715398 -0.55039215 0.83487564
vn -0.28692305 -0.54180270 0.79001588
vn 0.32548863 -0.58726794 0.74106240
vn -0.26384431 -0.68048990 -0.68360788
vn -0.26538694 -0.67454624 -0.68888116
vn -0.25236320 -0.72339416 -0.64266151
vn 0.34080315 -0.54744363 0.76430279
vn 0.00722363 -0.54474097 0.83857322
vn 0.55649543 -0.57765061 0.59718722
vn -0.04258926 -0.67810255 -0.73373228
vn -0.04245988 -0.67244208 -0.73893082
vn -0.04195633 -0.71975136 -0.69296300
vn 0.57985854 -0.53817338 0.61166459
vn 0.34281066 -0.54180831 0.76741421
vn 0.70509517 -0.58646083 0.39862838
vn 0.21140006 -0.69730043 -0.68489575
vn 0.21285641 -0.69121999 -0.69058460
vn 0.20135814 -0.74073106 -0.64091533
vn 0.73386794 -0.54619962 0.40386125
vn 0.58288616 -0.53270811 0.61356813
vn 0.78280181 -0.61104232 0.11768023
vn 0.81440693 -0.56975609 0.11008821
vn 0.73763394 -0.54062366 0.40450257
vn 0.57639182 -0.67069858 -0.46683609
vn 0.57966071 -0.66458565 -0.47150749
vn 0.55140775 -0.71391726 -0.43159202
vn 0.77608508 -0.60465497 -0.17912109
vn 0.77997637 -0.59882867 -0.18177196
vn 0.74608004 -0.64648986 -0.15942203
vn 0.81440693 -0.56975609 0.11008821
vn 0.78280181 -0.61104232 0.11768023
vn 0.81854528 -0.56400597 0.10899938
vt 0.22820212 0.39123833
vt 0.20275354 0.37598741
vt 0.20606911 0.40036643
vt 0.22427510 0.36788213
vt 0.25033507 0.38211012
vt 0.19021963 0.34984022
vt 0.24727555 0.36118317
vt 0.22121742 0.34446234
vt 0.19367692 0.32181269
vt 0.16715141 0.31667817
vt 0.16028388 0.33729535
vt 0.24653505 0.33916366
vt 0.22174352 0.32124031
vt 0.17271984 0.29427248
vt 0.19712771 0.29738051
vt 0.24718001 0.31812871
vt 0.22375903 0.29780269
vt 0.26690596 0.31509334
vt 0.26631615 0.33512282
vt 0.28145802 0.31263322
vt 0.28090587 0.33229136
vt 0.28226095 0.29297340
vt 0.26783213 0.29472899
vt 0.24850836 0.29651022
vt 0.15281416 0.28923768
vt 0.14506888 0.30841094
vt 0.15757051 0.26865709
vt 0.17641264 0.27101839
vt 0.19969547 0.27257806
vt 0.22549836 0.27302229
vt 0.28324574 0.27094638
vt 0.26886532 0.27185369
vt 0.28375328 0.24734151
vt 0.24975473 0.27264303
vt 0.26937279 0.24734163
vt 0.17775506 0.24734175
vt 0.20069140 0.24734175
vt 0.22621188 0.24734175
vt 0.25029972 0.24734163
vt 0.24975471 0.22204018
vt 0.22549836 0.22166115
vt 0.26886529 0.22282952
vt 0.28375328 0.24734157
vt 0.28324580 0.22373676
vt 0.24850832 0.19817305
vt 0.26783216 0.19995421
vt 0.28226098 0.20170987
vt 0.19969545 0.22210550
vt 0.22375900 0.19688070
vt 0.24717999 0.17655462
vt 0.26690593 0.17958993
vt 0.17641258 0.22366518
vt 0.19712768 0.19730300
vt 0.22174346 0.17344314
vt 0.24653500 0.15551972
vt 0.15925266 0.24734175
vt 0.26631612 0.15956056
vt 0.28145805 0.18205005
vt 0.28090584 0.16239202
vt 0.22121736 0.15022111
vt 0.24727547 0.13350028
vt 0.19367683 0.17287087
vt 0.17271975 0.20041108
vt 0.15757047 0.22602642
vt 0.14607793 0.24734175
vt 0.14396214 0.26601785
vt 0.15281416 0.28923774
vt 0.15281405 0.20544589
vt 0.16715127 0.17800540
vt 0.14506872 0.18627262
vt 0.19021952 0.14484328
vt 0.16028374 0.15738821
vt 0.13165610 0.16808277
vt 0.22427504 0.12680137
vt 0.20275342 0.11869609
vt 0.22820206 0.10344517
vt 0.20606899 0.09431720
vt 0.25033507 0.11257315
vt 0.15331523 0.14073575
vt 0.17503469 0.12777817
vt 0.19021952 0.14484328
vt 0.18982567 0.10972953
vt 0.20275341 0.11869609
vt 0.20025739 0.08951628
vt 0.20606899 0.09431720
vt 0.19444576 0.08471537
vt 0.18139842 0.10104632
vt 0.18687549 0.07810092
vt 0.16616741 0.11597443
vt 0.17325701 0.09247768
vt 0.17930518 0.07148647
vt 0.16494951 0.08398682
vt 0.17367086 0.06322300
vt 0.15792000 0.10549748
vt 0.14664580 0.12749505
vt 0.14664580 0.12749505
vt 0.12926920 0.14903426
vt 0.12513697 0.13542724
vt 0.15919067 0.07531375
vt 0.16803652 0.05495954
vt 0.14957723 0.09549665
vt 0.14407629 0.08647281
vt 0.13970873 0.11595917
vt 0.14957725 0.09549665
vt 0.15352298 0.06615841
vt 0.16161314 0.04520863
vt 0.13877793 0.07690847
vt 0.14795606 0.05610287
vt 0.15518972 0.03545773
vt 0.13253266 0.10516387
vt 0.14407630 0.08647281
vt 0.13381726 0.06644326
vt 0.12328883 0.08610493
vt 0.14248027 0.04556507
vt 0.15257122 0.03256786
vt 0.12905917 0.05543756
vt 0.11883369 0.07563704
vt 0.14335571 0.03964907
vt 0.14995269 0.02967799
vt 0.14302319 0.03472787
vt 0.13573650 0.04400218
vt 0.13825901 0.03848231
vt 0.13143560 0.04262221
vt 0.12571895 0.04869604
vt 0.13610059 0.03633904
vt 0.14302321 0.03472787
vt 0.12320507 0.04433507
vt 0.12879716 0.03911036
vt 0.13372912 0.03323734
vt 0.14091788 0.03073812
vt 0.14995269 0.02967799
vt 0.14600867 0.02532548
vt 0.13820827 0.02734506
vt 0.14206462 0.02097297
vt 0.13964142 0.01869953
vt 0.13585392 0.02467149
vt 0.13721821 0.01642603
vt 0.13372912 0.03323734
vt 0.13376798 0.02235681
vt 0.13166462 0.03047454
vt 0.12879717 0.03911036
vt 0.13031772 0.02828759
vt 0.12669365 0.03594708
vt 0.12320506 0.04433507
vt 0.12486403 0.03322536
vt 0.12109070 0.04088199
vt 0.11941031 0.03816313
vt 0.11672232 0.04834098
vt 0.11484355 0.04500204
vt 0.11322367 0.04210389
vt 0.10769128 0.04849923
vt 0.10703700 0.04604459
vt 0.10923457 0.05165023
vt 0.09936532 0.05154800
vt 0.09794145 0.04844743
vt 0.10088360 0.05493587
vt 0.09116411 0.05473000
vt 0.08884588 0.05085033
vt 0.09271982 0.05838186
vt 0.08566718 0.06200582
vt 0.09438898 0.06250644
vt 0.08431619 0.05852890
vt 0.08296631 0.05538911
vt 0.07923517 0.06564927
vt 0.07804656 0.06232405
vt 0.07708670 0.05992788
vt 0.07269871 0.06904948
vt 0.07150719 0.06541383
vt 0.07027637 0.06225210
vt 0.06580899 0.07170320
vt 0.06465365 0.06784922
vt 0.06346603 0.06457633
vt 0.05756966 0.06964380
vt 0.05658109 0.06643695
vt 0.05853585 0.07324702
vt 0.05051085 0.07089144
vt 0.04969614 0.06829751
vt 0.05124751 0.07411766
vt 0.04373396 0.07163769
vt 0.04317520 0.06860960
vt 0.04431108 0.07486534
vt 0.03720927 0.07234854
vt 0.03665425 0.06892163
vt 0.03769097 0.07569468
vt 0.03085666 0.07340217
vt 0.03052977 0.07026285
vt 0.03122005 0.07670432
vt 0.03820907 0.07931370
vt 0.02438114 0.07455468
vt 0.02440529 0.07160401
vt 0.02460766 0.07791460
vt 0.01750499 0.07550883
vt 0.01743685 0.07202214
vt 0.01040891 0.07632095
vt 0.01046842 0.07244033
vt 0.01034941 0.08020157
vt 0.01761944 0.07925916
vt 0.03151606 0.08023649
vt 0.04502602 0.07833517
vt 0.02494410 0.08140564
vt 0.03868011 0.08289444
vt 0.01807892 0.08336157
vt 0.01034941 0.08020157
vt 0.01047105 0.08589274
vt 0.03101898 0.08371431
vt 0.02082817 0.08648324
vt 0.01059270 0.09158391
vt 0.02553655 0.08395481
vt 0.02865765 0.08707082
vt 0.02488699 0.09058344
vt 0.03901751 0.08610350
vt 0.04641763 0.08157700
vt 0.05189356 0.07759660
vt 0.05194908 0.08027607
vt 0.04945710 0.08422101
vt 0.03927103 0.08906907
vt 0.05719049 0.08138442
vt 0.05189355 0.07759660
vt 0.05915254 0.07737935
vt 0.06866610 0.08319569
vt 0.06693310 0.07639956
vt 0.06580898 0.07170320
vt 0.05383442 0.08662105
vt 0.02607683 0.10051841
vt 0.04120005 0.09888268
vt 0.01096737 0.10179824
vt 0.01059270 0.09158397
vt 0.01134204 0.11201257
vt 0.02745680 0.11028671
vt 0.01378645 0.12132776
vt 0.05644889 0.09653527
vt 0.02928779 0.11971903
vt 0.01623086 0.13064289
vt 0.04309251 0.10853088
vt 0.03130892 0.12898457
vt 0.01635710 0.14064723
vt 0.04492404 0.11790341
vt 0.04671902 0.12711060
vt 0.03211809 0.13902378
vt 0.01648334 0.15065157
vt 0.05885166 0.10624927
vt 0.04492404 0.11790347
vt 0.03302187 0.14912659
vt 0.01780613 0.16033286
vt 0.06090156 0.11562955
vt 0.07189653 0.09330821
vt 0.04818695 0.13721293
vt 0.03415470 0.15938699
vt 0.01912892 0.17001408
vt 0.06273976 0.12480962
vt 0.07483352 0.10318118
vt 0.04958569 0.14749074
vt 0.07728148 0.11265481
vt 0.06489456 0.13502371
vt 0.07943602 0.12188882
vt 0.03535218 0.17021751
vt 0.05084342 0.15813714
vt 0.06681528 0.14550227
vt 0.08241475 0.13231939
vt 0.03646580 0.18200600
vt 0.02070439 0.18226767
vt 0.03708218 0.19389910
vt 0.02227986 0.19452119
vt 0.03670494 0.20506513
vt 0.02011460 0.20639431
vt 0.03616498 0.21513295
vt 0.01794934 0.21826744
vt 0.01944614 0.22779131
vt 0.03634992 0.22366571
vt 0.02094294 0.23731512
vt 0.05257591 0.21295470
vt 0.05288310 0.20380825
vt 0.05225894 0.22040546
vt 0.03711125 0.23037803
vt 0.02347736 0.24028420
vt 0.05221553 0.22613287
vt 0.03844493 0.23465645
vt 0.02601178 0.24325335
vt 0.04012336 0.23768854
vt 0.05271806 0.23016781
vt 0.05423494 0.23212367
vt 0.06566904 0.22762072
vt 0.06572071 0.23096466
vt 0.07781266 0.22609252
vt 0.07752617 0.22243094
vt 0.07720646 0.22980565
vt 0.06582181 0.22359955
vt 0.05221553 0.22613287
vt 0.05225895 0.22040546
vt 0.06648924 0.21833432
vt 0.05257591 0.21295470
vt 0.06737632 0.21145451
vt 0.07862068 0.21746373
vt 0.06819110 0.20268917
vt 0.08021120 0.21089900
vt 0.05294933 0.19315708
vt 0.05260542 0.18137634
vt 0.06883961 0.19218206
vt 0.05187779 0.16941506
vt 0.08200435 0.20231533
vt 0.06922977 0.18033123
vt 0.06827977 0.15648639
vt 0.08401360 0.19177556
vt 0.06911378 0.16812438
vt 0.08501992 0.14314979
vt 0.08683871 0.15469795
vt 0.08730139 0.16695511
vt 0.08608534 0.17964840
vt 0.09780186 0.19300628
vt 0.10279893 0.18047893
vt 0.10694096 0.16658437
vt 0.09384881 0.20341080
vt 0.10695673 0.15278411
vt 0.08683870 0.15469801
vt 0.10442726 0.14021116
vt 0.09085123 0.21160579
vt 0.10083669 0.12882584
vt 0.08844144 0.21775943
vt 0.09678203 0.11806679
vt 0.09404181 0.10869002
vt 0.09102787 0.09906363
vt 0.08755773 0.08902133
vt 0.08381387 0.07872945
vt 0.11460346 0.11269021
vt 0.11100236 0.10323864
vt 0.10725977 0.09348977
vt 0.10328134 0.08324552
vt 0.09916143 0.07270408
vt 0.12008499 0.12366235
vt 0.12787226 0.09585094
vt 0.13877794 0.07690847
vt 0.11829770 0.18508285
vt 0.14506872 0.18627262
vt 0.11445551 0.06473607
vt 0.13014776 0.19609094
vt 0.15281403 0.20544589
vt 0.10992838 0.19713855
vt 0.10401855 0.20658737
vt 0.09971218 0.21381253
vt 0.09637415 0.21919131
vt 0.10717627 0.21772563
vt 0.08653595 0.22253340
vt 0.08512522 0.22660661
vt 0.07781266 0.22609252
vt 0.08382317 0.23040444
vt 0.07720646 0.22980565
vt 0.09043988 0.23100317
vt 0.09189337 0.22751582
vt 0.09380727 0.22351927
vt 0.09790797 0.22903770
vt 0.09662930 0.23316365
vt 0.10280450 0.22175598
vt 0.09970198 0.22521925
vt 0.10351533 0.23044634
vt 0.10281870 0.23532408
vt 0.10359503 0.22698230
vt 0.10730104 0.22560972
vt 0.10947415 0.23094416
vt 0.11037254 0.23712516
vt 0.11284631 0.22350681
vt 0.11635362 0.23104614
vt 0.11792637 0.23892611
vt 0.10401855 0.20658737
vt 0.09971218 0.21381253
vt 0.11281351 0.21231651
vt 0.11284630 0.22350681
vt 0.11978988 0.22062075
vt 0.11635362 0.23104620
vt 0.12461180 0.23123091
vt 0.12814970 0.24313390
vt 0.12017868 0.20513773
vt 0.12819147 0.21657777
vt 0.13381159 0.23070854
vt 0.13837302 0.24734163
vt 0.13853200 0.21122181
vt 0.14396210 0.22866565
vt 0.13837302 0.24734163
vt 0.13381158 0.26397491
vt 0.12814964 0.25154948
vt 0.13853207 0.28346169
vt 0.12461177 0.26345265
vt 0.11792625 0.25575721
vt 0.11635358 0.26363742
vt 0.12819150 0.27810574
vt 0.11978991 0.27406287
vt 0.11284635 0.27117682
vt 0.13014790 0.29859257
vt 0.12017876 0.28954583
vt 0.11281364 0.28236711
vt 0.11284634 0.27117682
vt 0.10717639 0.27695799
vt 0.10992847 0.29754496
vt 0.11829783 0.30960071
vt 0.10401869 0.28809619
vt 0.09971235 0.28087103
vt 0.13165626 0.32660079
vt 0.09780190 0.30167723
vt 0.10279895 0.31420463
vt 0.09384892 0.29127276
vt 0.10401868 0.28809619
vt 0.09085139 0.28307772
vt 0.09971236 0.28087103
vt 0.09637430 0.27549231
vt 0.08844160 0.27692413
vt 0.10280462 0.27292764
vt 0.08200438 0.29236823
vt 0.08021132 0.28378445
vt 0.08401356 0.30290806
vt 0.07862080 0.27721977
vt 0.08653605 0.27215016
vt 0.09380737 0.27116430
vt 0.07752627 0.27225268
vt 0.10730107 0.26907396
vt 0.09970205 0.26946437
vt 0.09189341 0.26716781
vt 0.08512527 0.26807696
vt 0.10947413 0.26373959
vt 0.11635359 0.26363742
vt 0.11037245 0.25755858
vt 0.10281864 0.25935984
vt 0.10351530 0.26423746
vt 0.09662927 0.26152015
vt 0.10359507 0.26770139
vt 0.09790798 0.26564598
vt 0.09043988 0.26368040
vt 0.08382321 0.26427913
vt 0.07781273 0.26859111
vt 0.07720653 0.26487792
vt 0.06648932 0.27634919
vt 0.06582192 0.27108407
vt 0.06737639 0.28322899
vt 0.06819110 0.29199433
vt 0.06883956 0.30250156
vt 0.05257594 0.28172886
vt 0.05225902 0.27427804
vt 0.05288310 0.29087526
vt 0.05221562 0.26855069
vt 0.05271818 0.26451576
vt 0.05294932 0.30152643
vt 0.06566913 0.26706278
vt 0.07752627 0.27225268
vt 0.07781273 0.26859117
vt 0.06572080 0.26371884
vt 0.07720653 0.26487792
vt 0.05423506 0.26255983
vt 0.04012357 0.25699508
vt 0.03844508 0.26002711
vt 0.02601208 0.25143027
vt 0.05221562 0.26855069
vt 0.02347757 0.25439942
vt 0.03711136 0.26430559
vt 0.05225901 0.27427804
vt 0.02094306 0.25736856
vt 0.03634997 0.27101791
vt 0.01944619 0.26689243
vt 0.05257594 0.28172886
vt 0.03616499 0.27955067
vt 0.01794931 0.27641630
vt 0.03670494 0.28961843
vt 0.03616498 0.27955067
vt 0.02011457 0.28828931
vt 0.01794931 0.27641630
vt 0.02227983 0.30016226
vt 0.03708218 0.30078447
vt 0.02070439 0.31241596
vt 0.03646580 0.31267762
vt 0.01912895 0.32466948
vt 0.05260538 0.31330729
vt 0.03535219 0.32446605
vt 0.06922971 0.31435233
vt 0.03415471 0.33529663
vt 0.01780615 0.33435076
vt 0.05187777 0.32526851
vt 0.08608529 0.31503522
vt 0.03302186 0.34555709
vt 0.01648334 0.34403193
vt 0.05084341 0.33654654
vt 0.06911373 0.32655931
vt 0.10694102 0.32809925
vt 0.03211802 0.35565990
vt 0.01635701 0.35403639
vt 0.04958568 0.34719294
vt 0.06827977 0.33819729
vt 0.08730136 0.32772851
vt 0.08683871 0.33998573
vt 0.08501994 0.35153389
vt 0.06681528 0.34918147
vt 0.04818689 0.35747087
vt 0.03130876 0.36569923
vt 0.01623068 0.36404079
vt 0.10695680 0.34189951
vt 0.08683871 0.33998567
vt 0.06489453 0.35966003
vt 0.04671890 0.36757332
vt 0.02928760 0.37496471
vt 0.01378622 0.37335587
vt 0.04492388 0.37678033
vt 0.04309233 0.38615280
vt 0.02745659 0.38439691
vt 0.01134177 0.38267088
vt 0.06273968 0.36987424
vt 0.08241475 0.36236435
vt 0.02607666 0.39416528
vt 0.01096716 0.39288533
vt 0.04119990 0.39580101
vt 0.02488687 0.40410030
vt 0.01059255 0.40309978
vt 0.06090144 0.37905419
vt 0.04492388 0.37678039
vt 0.07943597 0.37279493
vt 0.05885152 0.38843441
vt 0.07728142 0.38202888
vt 0.05644878 0.39814848
vt 0.03927093 0.40561473
vt 0.07483345 0.39150250
vt 0.07189647 0.40137553
vt 0.06866606 0.41148829
vt 0.05383433 0.40806282
vt 0.09404183 0.38599360
vt 0.09102792 0.39561999
vt 0.08755780 0.40566242
vt 0.08381395 0.41595447
vt 0.09678202 0.37661690
vt 0.10083672 0.36585784
vt 0.10442732 0.35447252
vt 0.10328154 0.41143823
vt 0.10725993 0.40119392
vt 0.11100248 0.39144504
vt 0.11460350 0.38199341
vt 0.12008505 0.37102139
vt 0.12513706 0.35925651
vt 0.09916162 0.42197978
vt 0.12926933 0.34564936
vt 0.15331540 0.35394788
vt 0.14664592 0.36718869
vt 0.16616756 0.37870932
vt 0.17503482 0.36690545
vt 0.19021963 0.34984022
vt 0.13970883 0.37872452
vt 0.14664592 0.36718869
vt 0.18982579 0.38495409
vt 0.20275353 0.37598741
vt 0.20025751 0.40516734
vt 0.20606911 0.40036643
vt 0.19444588 0.40996814
vt 0.18139859 0.39363736
vt 0.18687573 0.41658270
vt 0.17325720 0.40220600
vt 0.17930554 0.42319715
vt 0.15792015 0.38918626
vt 0.16494973 0.41069686
vt 0.17367110 0.43146086
vt 0.14957735 0.39918709
vt 0.14957735 0.39918709
vt 0.15919089 0.41937006
vt 0.16803664 0.43972445
vt 0.14407653 0.40821093
vt 0.13253272 0.38951975
vt 0.14407656 0.40821099
vt 0.15352327 0.42852545
vt 0.16161342 0.44947535
vt 0.13877828 0.41777539
vt 0.12787247 0.39883274
vt 0.13877830 0.41777539
vt 0.12328913 0.40857875
vt 0.14795640 0.43858099
vt 0.15519020 0.45922613
vt 0.11883400 0.41904670
vt 0.13381763 0.42824048
vt 0.12905952 0.43924630
vt 0.11445580 0.42994773
vt 0.14248070 0.44911873
vt 0.15257160 0.46211594
vt 0.14335604 0.45503473
vt 0.14995299 0.46500564
vt 0.14302348 0.45995593
vt 0.13573682 0.45068157
vt 0.13825931 0.45620143
vt 0.10910732 0.43089437
vt 0.11721421 0.43715221
vt 0.09767539 0.42483342
vt 0.08637331 0.42041874
vt 0.12571925 0.44598770
vt 0.13143595 0.45206153
vt 0.11847235 0.44226599
vt 0.12320536 0.45034873
vt 0.12879753 0.45557344
vt 0.13610092 0.45834470
vt 0.14302349 0.45995593
vt 0.13372952 0.46144640
vt 0.14091823 0.46394575
vt 0.14995299 0.46500564
vt 0.13820864 0.46733880
vt 0.14600897 0.46935838
vt 0.14206491 0.47371101
vt 0.11672258 0.44634277
vt 0.12320537 0.45034873
vt 0.10923479 0.44303346
vt 0.11079139 0.43946761
vt 0.11134820 0.43643832
vt 0.10504519 0.43270588
vt 0.11079139 0.43946755
vt 0.09609764 0.42815000
vt 0.10262982 0.43597901
vt 0.08760141 0.42459422
vt 0.09438914 0.43217725
vt 0.10088377 0.43974781
vt 0.07772992 0.41888785
vt 0.10769143 0.44618446
vt 0.11484374 0.44968176
vt 0.12109096 0.45380175
vt 0.12320536 0.45034873
vt 0.12669401 0.45873666
vt 0.12879753 0.45557344
vt 0.13166502 0.46420932
vt 0.13372950 0.46144646
vt 0.13585429 0.47001243
vt 0.13820863 0.46733880
vt 0.13964169 0.47598445
vt 0.14206491 0.47371101
vt 0.13721845 0.47825789
vt 0.13376831 0.47232711
vt 0.13031814 0.46639627
vt 0.12486433 0.46145856
vt 0.11941049 0.45652068
vt 0.11322382 0.45257998
vt 0.10703712 0.44863915
vt 0.09936546 0.44313574
vt 0.09794158 0.44623643
vt 0.09271996 0.43630183
vt 0.09116425 0.43995380
vt 0.08884601 0.44383359
vt 0.08566731 0.43267787
vt 0.09271996 0.43630183
vt 0.08431634 0.43615484
vt 0.08296647 0.43929470
vt 0.08700285 0.42869580
vt 0.09609763 0.42815006
vt 0.07923530 0.42903441
vt 0.07804671 0.43235970
vt 0.07708691 0.43475568
vt 0.08046103 0.42533159
vt 0.07269884 0.42563426
vt 0.07269883 0.42563426
vt 0.07150736 0.42926997
vt 0.07027658 0.43243170
vt 0.06580911 0.42298061
vt 0.06465380 0.42683470
vt 0.06346624 0.43010765
vt 0.08178936 0.42270648
vt 0.07409243 0.42154622
vt 0.06693317 0.41828430
vt 0.05853596 0.42143679
vt 0.06580911 0.42298067
vt 0.05756978 0.42504001
vt 0.05658118 0.42824697
vt 0.05915260 0.41730452
vt 0.05124761 0.42056608
vt 0.05051092 0.42379236
vt 0.04969611 0.42638624
vt 0.05719049 0.41329944
vt 0.05189362 0.41708720
vt 0.05194910 0.41440785
vt 0.04945705 0.41046280
vt 0.04373404 0.42304623
vt 0.04317520 0.42607427
vt 0.04431117 0.41981852
vt 0.04641763 0.41310680
vt 0.05189363 0.41708720
vt 0.03901744 0.40858024
vt 0.04502608 0.41634864
vt 0.03720935 0.42233533
vt 0.03665429 0.42576218
vt 0.02865757 0.40761286
vt 0.01059255 0.40309972
vt 0.03868008 0.41178936
vt 0.03820910 0.41537011
vt 0.03769106 0.41898912
vt 0.03085675 0.42128158
vt 0.03052987 0.42442095
vt 0.03122012 0.41797948
vt 0.02082810 0.40820050
vt 0.01047096 0.40879095
vt 0.03101894 0.41096950
vt 0.03151608 0.41444731
vt 0.02438121 0.42012918
vt 0.02440544 0.42307955
vt 0.02460770 0.41676915
vt 0.01807888 0.41132218
vt 0.01034938 0.41448212
vt 0.01761944 0.41542464
vt 0.01750502 0.41917491
vt 0.01743691 0.42266160
vt 0.02494410 0.41327810
vt 0.01034938 0.41448212
vt 0.01040888 0.41836292
vt 0.01046839 0.42224365
vt 0.02553652 0.41072893
vt 0.43090567 0.04416174
vt 0.42785975 0.07798105
vt 0.43090570 0.07798105
vt 0.42785975 0.04416174
vt 0.43090567 0.01034236
vt 0.42481384 0.07798105
vt 0.42785972 0.01034236
vt 0.42481381 0.04416174
vt 0.42481381 0.01034236
vt 0.40372506 0.04415548
vt 0.40400743 0.01034236
vt 0.40366858 0.07792592
vt 0.42481378 0.07798105
vt 0.38071606 0.04415423
vt 0.38320106 0.01034236
vt 0.38049015 0.07792091
vt 0.40366861 0.11174935
vt 0.42481381 0.11161995
vt 0.35397941 0.04415548
vt 0.35426188 0.01034242
vt 0.32532260 0.04416174
vt 0.32532257 0.01034242
vt 0.32532257 0.07798105
vt 0.35392293 0.07792592
vt 0.32532260 0.11161995
vt 0.35392293 0.11174935
vt 0.32532257 0.14525878
vt 0.38049015 0.11177522
vt 0.35392293 0.14645272
vt 0.32532260 0.18280506
vt 0.38049015 0.14656126
vt 0.35392293 0.18294042
vt 0.32532257 0.22035128
vt 0.40366858 0.14645272
vt 0.42481378 0.14525884
vt 0.38049015 0.18296748
vt 0.35392296 0.22034848
vt 0.32532260 0.25788838
vt 0.40366858 0.18294036
vt 0.42481381 0.18280470
vt 0.38049018 0.22034824
vt 0.35392302 0.25775266
vt 0.32532257 0.29542542
vt 0.40366858 0.22034824
vt 0.38049027 0.25772560
vt 0.35392308 0.29423428
vt 0.32532260 0.32906425
vt 0.35392311 0.32901359
vt 0.32532254 0.36270308
vt 0.38049036 0.29412597
vt 0.40366870 0.25775266
vt 0.35392305 0.36344844
vt 0.32532260 0.39878124
vt 0.42481381 0.22034830
vt 0.38049036 0.32900345
vt 0.35392296 0.39886594
vt 0.32532254 0.43485928
vt 0.38049033 0.36351621
vt 0.40366870 0.29423428
vt 0.40366870 0.32901359
vt 0.40366870 0.36344850
vt 0.38049024 0.39888287
vt 0.35392293 0.43485951
vt 0.42481384 0.25788802
vt 0.42481378 0.29542542
vt 0.42481381 0.32906425
vt 0.42481375 0.36270308
vt 0.40366861 0.39886594
vt 0.42481381 0.39878130
vt 0.38049018 0.43485951
vt 0.35392293 0.47085321
vt 0.32532260 0.47093791
vt 0.40366858 0.43485951
vt 0.38049012 0.47083622
vt 0.35392293 0.50627089
vt 0.32532254 0.50701636
vt 0.40366855 0.47085315
vt 0.38049012 0.50620306
vt 0.35392293 0.54070574
vt 0.32532260 0.54065508
vt 0.40366855 0.50627089
vt 0.38049012 0.54071581
vt 0.35392293 0.57548487
vt 0.32532254 0.57429367
vt 0.38049012 0.57559329
vt 0.40366855 0.54070574
vt 0.42481375 0.50701636
vt 0.42481381 0.47093791
vt 0.42481381 0.54065508
vt 0.40366855 0.57548493
vt 0.42481375 0.57429373
vt 0.42481381 0.61183131
vt 0.35392287 0.61196655
vt 0.32532260 0.61183095
vt 0.38049012 0.61199367
vt 0.40366855 0.61196661
vt 0.35392293 0.64937073
vt 0.32532254 0.64936805
vt 0.38049015 0.64937109
vt 0.40366855 0.64937103
vt 0.35392293 0.68677866
vt 0.32532260 0.68691403
vt 0.38049012 0.68675148
vt 0.35392293 0.72326607
vt 0.32532257 0.72445983
vt 0.42481381 0.64937097
vt 0.40366858 0.68677872
vt 0.38049015 0.72315758
vt 0.35392293 0.75796938
vt 0.32532260 0.75809884
vt 0.42481381 0.68691438
vt 0.40366858 0.72326601
vt 0.38049015 0.75794357
vt 0.35392293 0.79179287
vt 0.32532257 0.79173768
vt 0.42481378 0.72445983
vt 0.42481381 0.75809884
vt 0.40366861 0.75796944
vt 0.42481378 0.79173768
vt 0.40366858 0.79179299
vt 0.42481381 0.82555717
vt 0.38049015 0.79179788
vt 0.35397944 0.82556343
vt 0.32532260 0.82555717
vt 0.40372506 0.82556349
vt 0.38071606 0.82556474
vt 0.35426188 0.85937655
vt 0.32532260 0.85937661
vt 0.38320109 0.85937649
vt 0.40400746 0.85937655
vt 0.42481384 0.85937661
vt 0.42785975 0.85937655
vt 0.42785978 0.82555711
vt 0.43090570 0.85937661
vt 0.42481384 0.79173779
vt 0.43090567 0.82555717
vt 0.42785975 0.79173774
vt 0.43090570 0.79173779
vt 0.42701295 0.36270320
vt 0.42481381 0.36270314
vt 0.42701295 0.39878130
vt 0.42921218 0.36270314
vt 0.42921215 0.39878130
vt 0.42481381 0.43485951
vt 0.42701295 0.43485951
vt 0.42921212 0.43485934
vt 0.42921215 0.47093791
vt 0.42701298 0.47093791
vt 0.42921218 0.50701642
vt 0.42701295 0.50701642
vt 0.42481381 0.50701642
vt 0.42992148 0.25788844
vt 0.42736766 0.29542542
vt 0.42992151 0.29542542
vt 0.42736766 0.25788808
vt 0.42481384 0.29542542
vt 0.42992145 0.22035134
vt 0.42736766 0.22034854
vt 0.42992148 0.18280512
vt 0.42736766 0.18280482
vt 0.42992151 0.14525884
vt 0.42736766 0.14525884
vt 0.42481384 0.14525884
vt 0.22714263 0.80919558
vt 0.22276787 0.81740934
vt 0.22920108 0.81328005
vt 0.22059160 0.81396985
vt 0.21699558 0.82220912
vt 0.21510176 0.81903714
vt 0.21656342 0.81208390
vt 0.21333848 0.81671917
vt 0.22404000 0.80280101
vt 0.20885839 0.81458730
vt 0.21073574 0.80919993
vt 0.20829897 0.81925017
vt 0.21510178 0.81903720
vt 0.20971578 0.82330126
vt 0.21699557 0.82220918
vt 0.19933502 0.81915033
vt 0.19769993 0.81573474
vt 0.20097013 0.82256585
vt 0.18998115 0.80699980
vt 0.20418990 0.82725161
vt 0.20448300 0.79999030
vt 0.18226235 0.79826480
vt 0.21186331 0.82687581
vt 0.20740964 0.83193725
vt 0.21895982 0.79331481
vt 0.23779556 0.79671204
vt 0.19854429 0.79099250
vt 0.17725295 0.79028404
vt 0.21374519 0.82973236
vt 0.20937446 0.83446962
vt 0.21860109 0.82504529
vt 0.21538924 0.83223724
vt 0.21133925 0.83700198
vt 0.21943919 0.82747257
vt 0.22574641 0.82312965
vt 0.22438939 0.82047826
vt 0.22276787 0.81740928
vt 0.23205356 0.81878668
vt 0.23079948 0.81651771
vt 0.22920109 0.81328005
vt 0.23871577 0.81648380
vt 0.23756887 0.81374234
vt 0.24537790 0.81418073
vt 0.23620577 0.81058013
vt 0.24442287 0.81180125
vt 0.25200185 0.81326026
vt 0.25115475 0.81032145
vt 0.25862575 0.81233954
vt 0.24333099 0.80879629
vt 0.25778738 0.80846542
vt 0.26515314 0.80854082
vt 0.25016710 0.80715030
vt 0.25683078 0.80507708
vt 0.26437646 0.80549800
vt 0.27168050 0.80474186
vt 0.26350662 0.80223906
vt 0.25564080 0.80129892
vt 0.27093929 0.80219871
vt 0.27828151 0.80264336
vt 0.27748674 0.79937226
vt 0.28488249 0.80054474
vt 0.28403941 0.79685301
vt 0.27012560 0.79899490
vt 0.27661219 0.79582262
vt 0.28319633 0.79316115
vt 0.26256767 0.79861009
vt 0.26914093 0.79560643
vt 0.26222152 0.79486024
vt 0.26787925 0.79323393
vt 0.25434059 0.79752588
vt 0.26350975 0.79093826
vt 0.25307417 0.79423231
vt 0.27173552 0.78967136
vt 0.26914090 0.79560637
vt 0.27528262 0.79200512
vt 0.27012557 0.79899490
vt 0.28166106 0.78785807
vt 0.28319633 0.79316115
vt 0.28012574 0.78255486
vt 0.26597267 0.78665692
vt 0.25184259 0.79125750
vt 0.24295864 0.79829967
vt 0.24826048 0.78197056
vt 0.23352239 0.78728551
vt 0.22403997 0.80280107
vt 0.23589811 0.80260462
vt 0.24675034 0.80045587
vt 0.24148272 0.80278301
vt 0.23482873 0.80682087
vt 0.22920109 0.81327993
vt 0.24211636 0.80545950
vt 0.24675034 0.80045593
vt 0.24885853 0.80363226
vt 0.25016710 0.80715030
vt 0.25683075 0.80507708
vt 0.10721165 0.73176789
vt 0.09966841 0.75074309
vt 0.12354296 0.75430959
vt 0.13301057 0.73569590
vt 0.14741747 0.75787592
vt 0.15694201 0.74115175
vt 0.11157607 0.71106660
vt 0.14080167 0.71493751
vt 0.17533219 0.72056186
vt 0.11368684 0.68868768
vt 0.09023094 0.70846963
vt 0.14343026 0.69105685
vt 0.09209599 0.68721223
vt 0.11429314 0.66703963
vt 0.17510840 0.69259471
vt 0.14350189 0.66794437
vt 0.11423465 0.64835221
vt 0.14315218 0.64856589
vt 0.11409867 0.63155740
vt 0.09289161 0.66678810
vt 0.11423465 0.64835221
vt 0.17406839 0.66853672
vt 0.09290670 0.64850521
vt 0.07747854 0.68659174
vt 0.07565051 0.70665151
vt 0.07826114 0.66728014
vt 0.20140758 0.69074905
vt 0.20484842 0.71288699
vt 0.22900893 0.70734704
vt 0.19921690 0.66791004
vt 0.22127275 0.68678784
vt 0.17332403 0.64875460
vt 0.14296344 0.63155758
vt 0.20916383 0.72879595
vt 0.22990933 0.72402912
vt 0.18811058 0.73658025
vt 0.15694202 0.74115181
vt 0.16965432 0.74858248
vt 0.14741747 0.75787592
vt 0.15334921 0.76214558
vt 0.17643458 0.75654793
vt 0.15928090 0.76641518
vt 0.19428900 0.74716538
vt 0.21343271 0.74025995
vt 0.18240668 0.76514816
vt 0.16576222 0.77435923
vt 0.19963245 0.75686449
vt 0.20495299 0.76639241
vt 0.18837860 0.77401257
vt 0.17224352 0.78230327
vt 0.20941633 0.77511036
vt 0.19330446 0.78239655
vt 0.21404789 0.78403807
vt 0.22945347 0.77798867
vt 0.20941631 0.77511042
vt 0.22572498 0.76890767
vt 0.20495299 0.76639241
vt 0.24495402 0.77274942
vt 0.22220077 0.75995630
vt 0.19963248 0.75686449
vt 0.24210691 0.76363748
vt 0.23953542 0.75459123
vt 0.21777196 0.75032896
vt 0.23604761 0.74516833
vt 0.23272295 0.73527986
vt 0.26321578 0.77730846
vt 0.28012577 0.78255498
vt 0.27829620 0.77298385
vt 0.26065111 0.76804739
vt 0.24210690 0.76363742
vt 0.27646661 0.76341277
vt 0.25840732 0.75898272
vt 0.23953541 0.75459123
vt 0.27464518 0.75461656
vt 0.25635579 0.75000542
vt 0.27282372 0.74582016
vt 0.25366244 0.74075252
vt 0.27084544 0.73667246
vt 0.23272297 0.73527980
vt 0.25100580 0.73124075
vt 0.26886714 0.72752464
vt 0.24857536 0.72115368
vt 0.26586136 0.71872467
vt 0.24789761 0.71001059
vt 0.26285553 0.70992458
vt 0.26295301 0.69813603
vt 0.25057086 0.69822848
vt 0.26305044 0.68634731
vt 0.24023151 0.69399142
vt 0.25350854 0.68668205
vt 0.25491768 0.67485720
vt 0.26507843 0.67460060
vt 0.25512940 0.66177678
vt 0.26710635 0.66285378
vt 0.25424349 0.64702678
vt 0.26446816 0.64685887
vt 0.24509108 0.67650038
vt 0.24421465 0.66242367
vt 0.24347205 0.64717448
vt 0.24617594 0.68614292
vt 0.24313374 0.63155788
vt 0.23487251 0.68106943
vt 0.24509110 0.67650038
vt 0.23265216 0.66416717
vt 0.24421467 0.66242373
vt 0.21835183 0.66626978
vt 0.23168150 0.64756918
vt 0.24347205 0.64717454
vt 0.19814351 0.64856094
vt 0.21717836 0.64809334
vt 0.23141864 0.63155788
vt 0.21691024 0.63155782
vt 0.19786431 0.63155782
vt 0.17306723 0.63155764
vt 0.19814356 0.61455452
vt 0.17332409 0.61436063
vt 0.21717842 0.61502224
vt 0.21691023 0.63155782
vt 0.23168153 0.61554646
vt 0.24347208 0.61594123
vt 0.14315225 0.61454904
vt 0.19921704 0.59520531
vt 0.21835195 0.59684575
vt 0.23265229 0.59894848
vt 0.24421480 0.60069203
vt 0.25512952 0.60133898
vt 0.25424352 0.61608899
vt 0.17406854 0.59457839
vt 0.25366923 0.63155800
vt 0.22127303 0.57632744
vt 0.23487280 0.58204603
vt 0.24509138 0.58661520
vt 0.24421480 0.60069203
vt 0.24617633 0.57697260
vt 0.24023198 0.56912404
vt 0.22900943 0.55576825
vt 0.20140785 0.57236612
vt 0.25350896 0.57643360
vt 0.24509136 0.58661526
vt 0.25057143 0.56488717
vt 0.25491792 0.58825845
vt 0.24421479 0.60069203
vt 0.26305079 0.57676840
vt 0.26507860 0.58851516
vt 0.26710635 0.60026181
vt 0.26446819 0.61625707
vt 0.26295370 0.56497979
vt 0.24789831 0.55310494
vt 0.26285654 0.55319107
vt 0.26358601 0.63155794
vt 0.27293050 0.63155806
vt 0.27293050 0.63155800
vt 0.27377161 0.61703569
vt 0.26710635 0.60026181
vt 0.27577457 0.60247952
vt 0.28074494 0.63155806
vt 0.27377149 0.64608014
vt 0.26710635 0.66285378
vt 0.27577433 0.66063643
vt 0.28150371 0.61797541
vt 0.28444272 0.60469705
vt 0.28150350 0.64514059
vt 0.28444225 0.65841895
vt 0.28672850 0.61867356
vt 0.28791580 0.60581952
vt 0.28620803 0.63155806
vt 0.28672832 0.64444250
vt 0.28791547 0.65729660
vt 0.29063618 0.61924994
vt 0.29138884 0.60694188
vt 0.28988349 0.63155812
vt 0.29063612 0.64386618
vt 0.29138866 0.65617412
vt 0.29064468 0.37591177
vt 0.29803905 0.37397873
vt 0.29870960 0.35024512
vt 0.29082340 0.35222423
vt 0.28325027 0.37784469
vt 0.29938012 0.32651138
vt 0.28077629 0.35430771
vt 0.26679268 0.37997746
vt 0.29138458 0.33008790
vt 0.30128235 0.30917013
vt 0.26623347 0.35699916
vt 0.25033507 0.38211012
vt 0.26631618 0.33512282
vt 0.24653505 0.33916366
vt 0.28090590 0.33229136
vt 0.29231513 0.31075644
vt 0.30318451 0.29182887
vt 0.28145805 0.31263328
vt 0.29339683 0.29162967
vt 0.30391750 0.26958519
vt 0.29437277 0.27016163
vt 0.28324571 0.27094638
vt 0.30465043 0.24734151
vt 0.29484680 0.24734157
vt 0.29437277 0.22452152
vt 0.30391750 0.22509801
vt 0.28324574 0.22373676
vt 0.29339686 0.20305359
vt 0.30318451 0.20285451
vt 0.28145808 0.18205005
vt 0.29231513 0.18392688
vt 0.30128235 0.18551326
vt 0.28090587 0.16239202
vt 0.29138458 0.16459543
vt 0.29938012 0.16817194
vt 0.29082331 0.14245915
vt 0.29870951 0.14443827
vt 0.28077617 0.14037561
vt 0.29064444 0.11877167
vt 0.29803887 0.12070453
vt 0.28324997 0.11683869
vt 0.26679254 0.11470592
vt 0.26623338 0.13768423
vt 0.25033507 0.11257315
vt 0.26631612 0.15956056
vt 0.24653500 0.15551972
vt 0.47630581 0.98517323
vt 0.46696874 0.98593390
vt 0.47630581 0.98593390
vt 0.46676201 0.98517317
vt 0.47630581 0.98441249
vt 0.45763162 0.98593378
vt 0.46672070 0.98441249
vt 0.47630581 0.97833711
vt 0.45581275 0.98517317
vt 0.44234180 0.98593390
vt 0.46672076 0.97833699
vt 0.47630581 0.97226161
vt 0.45564744 0.98441249
vt 0.44238490 0.98517317
vt 0.42705193 0.98593378
vt 0.46672070 0.97226155
vt 0.47630581 0.97137821
vt 0.45564741 0.97833699
vt 0.44239351 0.98441249
vt 0.45564741 0.98441249
vt 0.42924979 0.98517317
vt 0.41895506 0.98593390
vt 0.46676210 0.97137815
vt 0.47630581 0.97049487
vt 0.46696874 0.97049481
vt 0.45564744 0.97226155
vt 0.45581275 0.97137827
vt 0.45763162 0.97049475
vt 0.44239345 0.97833705
vt 0.42944962 0.98441249
vt 0.42944962 0.98441249
vt 0.41921353 0.98517317
vt 0.41085806 0.98593378
vt 0.41926527 0.98441249
vt 0.41093510 0.98517317
vt 0.40301320 0.98593390
vt 0.44238487 0.97137815
vt 0.44234180 0.97049481
vt 0.42944962 0.97833699
vt 0.40311998 0.98517317
vt 0.39516827 0.98593378
vt 0.41094211 0.98441249
vt 0.40314138 0.98441249
vt 0.39603114 0.98517317
vt 0.39014718 0.98593390
vt 0.39030442 0.98517317
vt 0.38512602 0.98593378
vt 0.39610955 0.98441249
vt 0.39033589 0.98441249
vt 0.38564697 0.98517317
vt 0.38180983 0.98593390
vt 0.38182732 0.98517317
vt 0.37849358 0.98593378
vt 0.38569438 0.98441249
vt 0.37812701 0.98517317
vt 0.37397757 0.98593390
vt 0.38183090 0.98441249
vt 0.37395707 0.98517317
vt 0.36946151 0.98593378
vt 0.37809369 0.98441249
vt 0.36964753 0.98517317
vt 0.36555427 0.98593390
vt 0.37395298 0.98441249
vt 0.36561957 0.98517317
vt 0.36164692 0.98593378
vt 0.36966446 0.98441249
vt 0.36203587 0.98517317
vt 0.35901248 0.98593390
vt 0.36563265 0.98441249
vt 0.35897818 0.98517317
vt 0.35637799 0.98593378
vt 0.36207122 0.98441249
vt 0.35568744 0.98517317
vt 0.35148349 0.98593390
vt 0.35897136 0.98441249
vt 0.35131758 0.98517317
vt 0.34658894 0.98593378
vt 0.35562468 0.98441249
vt 0.34581938 0.98517317
vt 0.33917588 0.98593390
vt 0.35128441 0.98441249
vt 0.33909979 0.98517317
vt 0.33176276 0.98593378
vt 0.34574947 0.98441249
vt 0.33186287 0.98517317
vt 0.32467729 0.98593390
vt 0.33908460 0.98441249
vt 0.32468867 0.98517311
vt 0.31759179 0.98593390
vt 0.31759179 0.98517323
vt 0.33187199 0.98441249
vt 0.32469094 0.98441249
vt 0.31759179 0.98441249
vt 0.35128438 0.97833705
vt 0.34574947 0.97833699
vt 0.33908454 0.97833705
vt 0.33187199 0.97833699
vt 0.32469091 0.97833699
vt 0.35562468 0.97833699
vt 0.31759179 0.97833711
vt 0.31400639 0.98441249
vt 0.35897133 0.97833705
vt 0.31400636 0.97833699
vt 0.31042099 0.98441249
vt 0.36207122 0.97833699
vt 0.31042099 0.97833711
vt 0.30639118 0.98441249
vt 0.36563265 0.97833705
vt 0.30639118 0.97833699
vt 0.30236137 0.98441249
vt 0.36966446 0.97833699
vt 0.37395298 0.97833705
vt 0.37809372 0.97833699
vt 0.38183087 0.97833705
vt 0.38569438 0.97833699
vt 0.39033586 0.97833705
vt 0.39610958 0.97833699
vt 0.39610958 0.98441249
vt 0.40314132 0.97833705
vt 0.41094217 0.97833699
vt 0.41094214 0.98441249
vt 0.41926521 0.97833705
vt 0.38569441 0.97226155
vt 0.39033589 0.97226155
vt 0.39610961 0.97226155
vt 0.40314141 0.97226161
vt 0.41094220 0.97226155
vt 0.41926527 0.97226155
vt 0.42944962 0.97226155
vt 0.38183096 0.97226155
vt 0.44239348 0.97226155
vt 0.42924982 0.97137821
vt 0.42705193 0.97049475
vt 0.41921356 0.97137815
vt 0.41895509 0.97049481
vt 0.41093519 0.97137809
vt 0.41085818 0.97049463
vt 0.40312007 0.97137815
vt 0.40301329 0.97049475
vt 0.39603117 0.97137809
vt 0.39516827 0.97049463
vt 0.39030445 0.97137815
vt 0.39014718 0.97049475
vt 0.38564703 0.97137809
vt 0.38512602 0.97049463
vt 0.38182741 0.97137815
vt 0.38180992 0.97049475
vt 0.37809378 0.97226155
vt 0.37812704 0.97137809
vt 0.37849370 0.97049463
vt 0.37395304 0.97226161
vt 0.37395710 0.97137815
vt 0.37397766 0.97049475
vt 0.36966449 0.97226155
vt 0.36964756 0.97137809
vt 0.36946151 0.97049463
vt 0.36563265 0.97226155
vt 0.36561957 0.97137815
vt 0.36555427 0.97049475
vt 0.36207122 0.97226155
vt 0.36203587 0.97137809
vt 0.36164692 0.97049463
vt 0.35897136 0.97226161
vt 0.35897818 0.97137815
vt 0.35901248 0.97049475
vt 0.35562468 0.97226155
vt 0.35568744 0.97137809
vt 0.35637799 0.97049463
vt 0.35128441 0.97226161
vt 0.34574947 0.97226155
vt 0.35128441 0.97226155
vt 0.35131752 0.97137815
vt 0.35148349 0.97049475
vt 0.34581941 0.97137809
vt 0.34658894 0.97049463
vt 0.33908460 0.97226155
vt 0.33909982 0.97137815
vt 0.33917588 0.97049475
vt 0.33187199 0.97226155
vt 0.33186290 0.97137809
vt 0.33176276 0.97049463
vt 0.32469094 0.97226155
vt 0.32468867 0.97137815
vt 0.32467729 0.97049475
vt 0.31759179 0.97226161
vt 0.31759179 0.97137821
vt 0.31759179 0.97049475
vt 0.31400639 0.97226161
vt 0.31400639 0.97137815
vt 0.31400639 0.97049475
vt 0.31042099 0.97226161
vt 0.31042099 0.97226161
vt 0.30639118 0.97226155
vt 0.31042099 0.97137821
vt 0.31042099 0.97049475
vt 0.30639118 0.97137815
vt 0.30639118 0.97049475
vt 0.30236137 0.97833711
vt 0.30236137 0.97137821
vt 0.30236137 0.97049475
vt 0.30236137 0.97226161
vt 0.29509658 0.97137815
vt 0.29509041 0.97049475
vt 0.29509783 0.97226155
vt 0.29509783 0.97833699
vt 0.29509783 0.98441249
vt 0.28787372 0.97137809
vt 0.28781942 0.97049463
vt 0.28787866 0.97226155
vt 0.28787863 0.97833699
vt 0.28072309 0.97137815
vt 0.28072608 0.97049475
vt 0.28072250 0.97226155
vt 0.27355221 0.97137809
vt 0.27363268 0.97049463
vt 0.29509655 0.98546606
vt 0.30236137 0.98546606
vt 0.28787866 0.98441249
vt 0.28072250 0.97833705
vt 0.27354494 0.97226155
vt 0.26626691 0.97137803
vt 0.26627603 0.97049475
vt 0.29509041 0.98651963
vt 0.30236137 0.98651963
vt 0.28781942 0.98651952
vt 0.28787372 0.98546606
vt 0.28072608 0.98651963
vt 0.28072309 0.98546606
vt 0.27363268 0.98651952
vt 0.25891936 0.97137815
vt 0.25891936 0.97049475
vt 0.25891936 0.97226161
vt 0.26626506 0.97226167
vt 0.25891936 0.97833711
vt 0.26626509 0.97833699
vt 0.25891936 0.98441249
vt 0.28072250 0.98441249
vt 0.27354491 0.97833699
vt 0.26626506 0.98441249
vt 0.25891936 0.98546606
vt 0.27354494 0.98441249
vt 0.27355224 0.98546606
vt 0.26627603 0.98651963
vt 0.26626691 0.98546606
vt 0.25891936 0.98651963
vt 0.09275679 0.63155740
vt 0.07807271 0.63155740
vt 0.07824405 0.64908737
vt 0.09290673 0.61460954
vt 0.11423471 0.61476260
vt 0.07824410 0.61402744
vt 0.07807271 0.63155740
vt 0.09289175 0.59632671
vt 0.11429328 0.59607512
vt 0.07826129 0.59583467
vt 0.06767569 0.66848290
vt 0.06763867 0.65007955
vt 0.07807271 0.63155735
vt 0.06705510 0.68647319
vt 0.06547736 0.70494741
vt 0.05873767 0.68658119
vt 0.05921109 0.67124557
vt 0.05826425 0.70191658
vt 0.05900374 0.65140158
vt 0.05480754 0.72232836
vt 0.06749082 0.63155752
vt 0.05879638 0.63155752
vt 0.05900392 0.61171347
vt 0.06255245 0.72476280
vt 0.05135082 0.74274015
vt 0.05874570 0.74520665
vt 0.06763878 0.61303544
vt 0.05921144 0.59186929
vt 0.07249460 0.72699016
vt 0.06614058 0.74767303
vt 0.06767591 0.59463197
vt 0.05873806 0.57653379
vt 0.08711576 0.72910506
vt 0.11157607 0.71106660
vt 0.08290450 0.74920815
vt 0.10721164 0.73176789
vt 0.09966841 0.75074309
vt 0.06705540 0.57664162
vt 0.05826467 0.56119806
vt 0.07747878 0.57652301
vt 0.06547774 0.55816728
vt 0.05480796 0.54078609
vt 0.09209623 0.57590240
vt 0.06255286 0.53835166
vt 0.05135124 0.52037412
vt 0.05874613 0.51790780
vt 0.07565085 0.55646312
vt 0.07249498 0.53612435
vt 0.06614100 0.51544136
vt 0.09023130 0.55464512
vt 0.08711614 0.53400946
vt 0.08290490 0.51390642
vt 0.11157642 0.55204815
vt 0.10721202 0.53134674
vt 0.09966877 0.51237142
vt 0.11368708 0.57442707
vt 0.11157642 0.55204815
vt 0.14343050 0.57205796
vt 0.14080204 0.54817730
vt 0.14350203 0.59517044
vt 0.11423470 0.61476266
vt 0.17510869 0.57052028
vt 0.17533253 0.54255325
vt 0.20484880 0.55022818
vt 0.13301094 0.52741873
vt 0.10721203 0.53134674
vt 0.15694241 0.52196306
vt 0.14741790 0.50523835
vt 0.12354335 0.50880498
vt 0.09966877 0.51237142
vt 0.22990985 0.53908610
vt 0.20916422 0.53431910
vt 0.24857607 0.54196179
vt 0.26586238 0.54439121
vt 0.26285654 0.55319107
vt 0.26886815 0.53559119
vt 0.25100648 0.53187484
vt 0.27084640 0.52644342
vt 0.23272346 0.52783537
vt 0.25366318 0.52236301
vt 0.27282462 0.51729560
vt 0.18811098 0.52653486
vt 0.15694243 0.52196306
vt 0.21343316 0.52285510
vt 0.23604816 0.51794696
vt 0.23272344 0.52783537
vt 0.25635654 0.51311010
vt 0.27464610 0.50849897
vt 0.16965473 0.51453239
vt 0.14741790 0.50523835
vt 0.15334967 0.50096917
vt 0.19428946 0.51594961
vt 0.17643505 0.50656712
vt 0.15928137 0.49669993
vt 0.21777248 0.51278615
vt 0.23953606 0.50852418
vt 0.23953608 0.50852418
vt 0.25840816 0.50413281
vt 0.27646756 0.49970233
vt 0.24210766 0.49947780
vt 0.26065201 0.49506789
vt 0.27829710 0.49013156
vt 0.24495484 0.49036592
vt 0.26321670 0.48580694
vt 0.28012660 0.48056078
vt 0.26597357 0.47645855
vt 0.22220144 0.50315887
vt 0.24210767 0.49947786
vt 0.19963300 0.50625050
vt 0.20495363 0.49672276
vt 0.22572573 0.49420738
vt 0.20941709 0.48800451
vt 0.22945429 0.48512638
vt 0.21404871 0.47907686
vt 0.24826136 0.48114461
vt 0.23352329 0.47582948
vt 0.25184351 0.47185773
vt 0.21896076 0.46980023
vt 0.23779652 0.46640313
vt 0.26351067 0.47217715
vt 0.25307503 0.46888298
vt 0.27173644 0.47344416
vt 0.28012657 0.48056072
vt 0.27528355 0.47111034
vt 0.28166199 0.47525740
vt 0.27661318 0.46729279
vt 0.28319734 0.46995401
vt 0.27012655 0.46412057
vt 0.26914188 0.46750915
vt 0.26788014 0.46988147
vt 0.26222244 0.46825516
vt 0.26914188 0.46750915
vt 0.26256862 0.46450526
vt 0.27012655 0.46412063
vt 0.25434142 0.46558928
vt 0.24295950 0.46481550
vt 0.25564176 0.46181643
vt 0.24675117 0.46265954
vt 0.22404100 0.46031404
vt 0.23589900 0.46051073
vt 0.24148361 0.46033227
vt 0.22714359 0.45391953
vt 0.23482966 0.45629430
vt 0.26350760 0.46087635
vt 0.24211732 0.45765585
vt 0.24675117 0.46265948
vt 0.22920209 0.44983506
vt 0.23620680 0.45253503
vt 0.24885948 0.45948303
vt 0.25434145 0.46558928
vt 0.24333203 0.45431894
vt 0.25016817 0.45596504
vt 0.25683179 0.45803833
vt 0.25683179 0.45803827
vt 0.24442399 0.45131415
vt 0.23757000 0.44937289
vt 0.22920211 0.44983506
vt 0.25115585 0.45279408
vt 0.25016820 0.45596504
vt 0.25778842 0.45464993
vt 0.26437739 0.45761740
vt 0.23080055 0.44659722
vt 0.22276895 0.44570571
vt 0.27094018 0.46091676
vt 0.22439048 0.44263661
vt 0.21699671 0.44090593
vt 0.27748767 0.46374321
vt 0.28404048 0.46626252
vt 0.28319734 0.46995401
vt 0.28488356 0.46257102
vt 0.27828234 0.46047229
vt 0.27168110 0.45837349
vt 0.26515394 0.45457470
vt 0.25862673 0.45077586
vt 0.25200298 0.44985539
vt 0.24537915 0.44893479
vt 0.23871696 0.44663155
vt 0.23205470 0.44432819
vt 0.22574753 0.43998528
vt 0.21860221 0.43806964
vt 0.21944027 0.43564212
vt 0.21374638 0.43338275
vt 0.21539041 0.43087757
vt 0.21186444 0.43623936
vt 0.20937559 0.42864543
vt 0.21134052 0.42611289
vt 0.20741065 0.43117785
vt 0.20419106 0.43586349
vt 0.20971690 0.43981385
vt 0.21510285 0.44407797
vt 0.20097139 0.44054896
vt 0.20830005 0.44386494
vt 0.19933628 0.44396490
vt 0.21333954 0.44639593
vt 0.20885946 0.44852793
vt 0.19770113 0.44738084
vt 0.21656445 0.45103115
vt 0.21510287 0.44407797
vt 0.21073681 0.45391542
vt 0.18998215 0.45611537
vt 0.22059263 0.44914520
vt 0.21699673 0.44090587
vt 0.22276895 0.44570571
vt 0.22920211 0.44983506
vt 0.22404101 0.46031404
vt 0.20448396 0.46312475
vt 0.18226312 0.46484989
vt 0.19854511 0.47212243
vt 0.17725354 0.47283095
vt 0.19330515 0.48071831
vt 0.17224394 0.48081189
vt 0.20941707 0.48800451
vt 0.18837917 0.48910248
vt 0.16576266 0.48875594
vt 0.20495363 0.49672276
vt 0.18240720 0.49796689
vt 0.19963302 0.50625050
vt 0.62289166 0.98080474
vt 0.61651021 0.97965735
vt 0.61651021 0.98080456
vt 0.62286258 0.97965735
vt 0.62927294 0.98080456
vt 0.61651027 0.97802359
vt 0.62901753 0.97965735
vt 0.63481826 0.98080462
vt 0.62285680 0.97802359
vt 0.63489199 0.97965735
vt 0.64036340 0.98080444
vt 0.64126784 0.97965735
vt 0.62899429 0.97802359
vt 0.63490671 0.97802359
vt 0.64135009 0.97802347
vt 0.63490677 0.97565985
vt 0.64135015 0.97565991
vt 0.62899429 0.97565997
vt 0.62285674 0.97565991
vt 0.63490671 0.97329462
vt 0.64135009 0.97329438
vt 0.62899429 0.97329468
vt 0.63489199 0.97165573
vt 0.64126790 0.97165579
vt 0.63481826 0.97050160
vt 0.64036340 0.97050148
vt 0.62927294 0.97050148
vt 0.62901747 0.97165579
vt 0.62289166 0.97050160
vt 0.62286264 0.97165573
vt 0.61651021 0.97050148
vt 0.62285674 0.97329468
vt 0.61651027 0.97165579
vt 0.61651027 0.97329468
vt 0.61651027 0.97565997
vt 0.61015797 0.97165579
vt 0.61012894 0.97050160
vt 0.61016387 0.97329468
vt 0.61651033 0.97329468
vt 0.61016369 0.97565991
vt 0.61016387 0.97802359
vt 0.60400301 0.97165579
vt 0.60374755 0.97050148
vt 0.60402632 0.97329468
vt 0.60402632 0.97565997
vt 0.59812856 0.97165579
vt 0.59820235 0.97050160
vt 0.59811383 0.97329468
vt 0.59175265 0.97165579
vt 0.59265703 0.97050148
vt 0.59167045 0.97329450
vt 0.59167045 0.97565997
vt 0.59811383 0.97565991
vt 0.59167045 0.97802353
vt 0.59811383 0.97802353
vt 0.59175265 0.97965729
vt 0.60402632 0.97802359
vt 0.59812862 0.97965729
vt 0.59265703 0.98080456
vt 0.59820235 0.98080474
vt 0.60400313 0.97965729
vt 0.60374755 0.98080456
vt 0.61015797 0.97965729
vt 0.61012894 0.98080474
vt 0.61651027 0.97965729
vt 0.61651021 0.98080456
vt 0.64886868 0.97050160
vt 0.64036340 0.97050148
vt 0.64126790 0.97165585
vt 0.64892149 0.97165573
vt 0.65737385 0.97050148
vt 0.64135009 0.97329450
vt 0.65693462 0.97165585
vt 0.66444147 0.97050160
vt 0.64893210 0.97329456
vt 0.64135027 0.97565997
vt 0.66435701 0.97165573
vt 0.67150897 0.97050148
vt 0.64893210 0.97565991
vt 0.64135009 0.97802347
vt 0.65689468 0.97329450
vt 0.67120522 0.97165585
vt 0.67758262 0.97050160
vt 0.64893210 0.97802353
vt 0.64126790 0.97965729
vt 0.65689468 0.97565997
vt 0.66434014 0.97329456
vt 0.67753059 0.97165573
vt 0.68365616 0.97050148
vt 0.64892149 0.97965729
vt 0.64036340 0.98080444
vt 0.64886868 0.98080450
vt 0.67117763 0.97329450
vt 0.65689468 0.97802347
vt 0.65693462 0.97965729
vt 0.65737385 0.98080444
vt 0.66434020 0.97565991
vt 0.68350279 0.97165585
vt 0.68922800 0.97050160
vt 0.66435695 0.97965729
vt 0.66444147 0.98080450
vt 0.66434008 0.97802353
vt 0.67752028 0.97329450
vt 0.67117780 0.97565997
vt 0.68919837 0.97165573
vt 0.69479978 0.97050148
vt 0.67120516 0.97965729
vt 0.67150897 0.98080444
vt 0.67117763 0.97802347
vt 0.67752033 0.97565991
vt 0.68348897 0.97329450
vt 0.69469237 0.97165585
vt 0.70002019 0.97050160
vt 0.67753065 0.97965729
vt 0.67758262 0.98080450
vt 0.67752028 0.97802353
vt 0.68348885 0.97565997
vt 0.68919235 0.97329456
vt 0.70002520 0.97165573
vt 0.70524037 0.97050148
vt 0.68350285 0.97965729
vt 0.68365616 0.98080444
vt 0.68348897 0.97802347
vt 0.69468266 0.97329468
vt 0.68919247 0.97565991
vt 0.70539260 0.97165585
vt 0.71095884 0.97050160
vt 0.68919832 0.97965729
vt 0.68922800 0.98080450
vt 0.68919235 0.97802353
vt 0.70002621 0.97329456
vt 0.69468272 0.97565997
vt 0.71097606 0.97165573
vt 0.71667725 0.97050160
vt 0.69469237 0.97965729
vt 0.69479978 0.98080444
vt 0.69468266 0.97802353
vt 0.70540643 0.97329468
vt 0.70002621 0.97565991
vt 0.71667725 0.97165579
vt 0.72635019 0.97050160
vt 0.70002520 0.97965729
vt 0.70002019 0.98080450
vt 0.70002627 0.97802353
vt 0.70540649 0.97565997
vt 0.71097958 0.97329456
vt 0.72635019 0.97164226
vt 0.73602313 0.97050160
vt 0.73602313 0.97157502
vt 0.70539260 0.97965729
vt 0.70524037 0.98080444
vt 0.70540643 0.97802353
vt 0.71097952 0.97567344
vt 0.71667725 0.97329462
vt 0.72635019 0.97324067
vt 0.73602307 0.97264826
vt 0.71097606 0.97967076
vt 0.71095890 0.98080450
vt 0.71097952 0.97807765
vt 0.71667725 0.97574097
vt 0.72635019 0.97567356
vt 0.73602313 0.97566020
vt 0.71667719 0.97867197
vt 0.71667719 0.97973824
vt 0.71667719 0.98080444
vt 0.72635019 0.97813165
vt 0.73602307 0.97867197
vt 0.72635019 0.97968423
vt 0.72635025 0.98080462
vt 0.73602313 0.97973835
vt 0.73602313 0.98080468
vt 0.97264552 0.67151642
vt 0.96723258 0.66818988
vt 0.96723264 0.67151642
vt 0.97264552 0.66818988
vt 0.97805840 0.67151642
vt 0.96723253 0.66486329
vt 0.97805834 0.66818988
vt 0.97264546 0.66363138
vt 0.96723258 0.64207876
vt 0.97805828 0.66486329
vt 0.97264546 0.64207870
vt 0.97805846 0.64207870
vt 0.96723264 0.61929411
vt 0.97264552 0.61929411
vt 0.97805840 0.61929411
vt 0.97805846 0.60582435
vt 0.97264558 0.60585690
vt 0.96723258 0.60582435
vt 0.97805828 0.59235448
vt 0.97264552 0.59268039
vt 0.96723253 0.59235448
vt 0.97805846 0.58005810
vt 0.97264558 0.58006769
vt 0.96723258 0.58005810
vt 0.97805828 0.56776160
vt 0.97264552 0.56753165
vt 0.96723253 0.56776160
vt 0.97805846 0.55463725
vt 0.97264558 0.55458140
vt 0.96723258 0.55463725
vt 0.97805828 0.54151279
vt 0.97264552 0.54118448
vt 0.96723253 0.54151279
vt 0.97805846 0.52720642
vt 0.97264558 0.52710849
vt 0.96723258 0.52720642
vt 0.97805828 0.51289994
vt 0.97264552 0.51224965
vt 0.96723253 0.51289994
vt 0.97805846 0.49625254
vt 0.97264558 0.49609339
vt 0.96723270 0.49625254
vt 0.97805834 0.47960496
vt 0.97264558 0.47866428
vt 0.96723258 0.47960496
vt 0.97805852 0.45957088
vt 0.97264558 0.45967042
vt 0.96723276 0.45957088
vt 0.97805834 0.43953669
vt 0.97264558 0.44147348
vt 0.96723258 0.43953669
vt 0.97805852 0.42647481
vt 0.97264558 0.42661381
vt 0.96723276 0.42647481
vt 0.97805834 0.41341287
vt 0.97264558 0.41286588
vt 0.96723270 0.41341287
vt 0.97805858 0.39838177
vt 0.97264564 0.39832699
vt 0.97805858 0.38335055
vt 0.96723282 0.39838177
vt 0.97264570 0.38335055
vt 0.96723270 0.38335055
vt 0.96723282 0.36831939
vt 0.97264564 0.36837411
vt 0.97805858 0.38335055
vt 0.96723270 0.35328817
vt 0.97805864 0.36831939
vt 0.97264564 0.35383517
vt 0.96723282 0.34022623
vt 0.97805858 0.35328817
vt 0.97264564 0.34008729
vt 0.96723270 0.32716423
vt 0.97805864 0.34022623
vt 0.97264564 0.32522750
vt 0.96723282 0.30713010
vt 0.97805858 0.32716423
vt 0.97264564 0.30703044
vt 0.96723270 0.28709590
vt 0.97805864 0.30713010
vt 0.97264564 0.28803670
vt 0.96723282 0.27044845
vt 0.97805858 0.28709590
vt 0.97264564 0.27060753
vt 0.96723270 0.25380087
vt 0.97805864 0.27044845
vt 0.97264564 0.25445122
vt 0.96723282 0.23949456
vt 0.97805858 0.25380087
vt 0.97264564 0.23959243
vt 0.96723270 0.22518826
vt 0.97805864 0.23949456
vt 0.97264564 0.22551656
vt 0.96723282 0.21206385
vt 0.97805858 0.22518826
vt 0.97264564 0.21211964
vt 0.96723270 0.19893938
vt 0.97805864 0.21206385
vt 0.97264564 0.19916940
vt 0.96723282 0.18664289
vt 0.97805858 0.19893938
vt 0.97264564 0.18663329
vt 0.96723270 0.17434633
vt 0.97805864 0.18664289
vt 0.97264564 0.17402047
vt 0.96723282 0.16087663
vt 0.97805858 0.17434633
vt 0.97264564 0.16084409
vt 0.97805864 0.16087663
vt 0.96723282 0.14740694
vt 0.97264576 0.14740694
vt 0.97805870 0.14740694
vt 0.97805864 0.12462246
vt 0.97264576 0.12462246
vt 0.96723282 0.12462246
vt 0.97805858 0.10183799
vt 0.97264570 0.10307002
vt 0.96723270 0.10183799
vt 0.97805864 0.09851140
vt 0.97264564 0.09851140
vt 0.97805870 0.09518480
vt 0.96723282 0.09851140
vt 0.97264582 0.09518480
vt 0.96723282 0.09518480
vt 0.92435974 0.62039387
vt 0.92435980 0.64350057
vt 0.93445486 0.64350057
vt 0.93445492 0.61998463
vt 0.94455010 0.64350057
vt 0.94455016 0.62039387
vt 0.92435968 0.59728712
vt 0.93445486 0.59319514
vt 0.94455004 0.59728712
vt 0.94455022 0.55944926
vt 0.93445492 0.55953455
vt 0.92435974 0.55944926
vt 0.94455004 0.52161127
vt 0.93445486 0.52655590
vt 0.92435968 0.52161127
vt 0.94455022 0.50157380
vt 0.93445498 0.50208557
vt 0.92435986 0.50157380
vt 0.94455016 0.48153615
vt 0.93445498 0.48170936
vt 0.92435980 0.48153615
vt 0.94455028 0.46212190
vt 0.93445504 0.46233332
vt 0.94455022 0.44270754
vt 0.92435998 0.46212190
vt 0.93445504 0.44464874
vt 0.92435986 0.44270754
vt 0.93445498 0.43059289
vt 0.92435998 0.43028158
vt 0.93445498 0.44464874
vt 0.94455034 0.43028158
vt 0.94455022 0.44270754
vt 0.94455022 0.41785562
vt 0.93445510 0.41902775
vt 0.92435986 0.41785562
vt 0.94455034 0.40964943
vt 0.93445504 0.40968412
vt 0.92435998 0.40964943
vt 0.94455022 0.40144324
vt 0.93445504 0.40061831
vt 0.92435986 0.40144324
vt 0.94455034 0.39026701
vt 0.93445504 0.39022642
vt 0.92435998 0.39026701
vt 0.94455022 0.37909079
vt 0.93445504 0.37950945
vt 0.92435986 0.37909079
vt 0.94455034 0.36942160
vt 0.93445510 0.36955088
vt 0.92436004 0.36942160
vt 0.94455028 0.35975230
vt 0.93445516 0.36062717
vt 0.92435992 0.35975230
vt 0.94455034 0.35323262
vt 0.93445510 0.35316473
vt 0.92436004 0.35323262
vt 0.94455028 0.34671295
vt 0.93445522 0.34515929
vt 0.92435992 0.34671295
vt 0.94455034 0.33460033
vt 0.93445516 0.33427179
vt 0.92436004 0.33460033
vt 0.94455028 0.32248759
vt 0.93445516 0.32075632
vt 0.92435992 0.32248759
vt 0.94455034 0.30414224
vt 0.93445516 0.30399156
vt 0.92436004 0.30414224
vt 0.94455028 0.28579676
vt 0.93445522 0.28602207
vt 0.92435992 0.28579676
vt 0.94455040 0.26826251
vt 0.93445516 0.26828504
vt 0.92436004 0.26826251
vt 0.94455045 0.25072819
vt 0.93445528 0.25072819
vt 0.92436010 0.25072819
vt 0.94455045 0.24185514
vt 0.93445522 0.24185514
vt 0.92436010 0.24185514
vt 0.94455045 0.23298216
vt 0.93445528 0.23298216
vt 0.92436010 0.23298216
vt 0.94455045 0.22300965
vt 0.93445528 0.22300965
vt 0.92436010 0.22300965
vt 0.94455045 0.21303713
vt 0.93445528 0.21303713
vt 0.92436010 0.21303713
vt 0.92436010 0.19504333
vt 0.93445510 0.19505554
vt 0.94455040 0.19504333
vt 0.92435998 0.17704952
vt 0.93445522 0.17717183
vt 0.94455034 0.17704952
vt 0.92436010 0.15949583
vt 0.93445516 0.15948993
vt 0.94455040 0.15949583
vt 0.92435998 0.14194208
vt 0.93445522 0.14176095
vt 0.94455034 0.14194208
vt 0.92436010 0.12373620
vt 0.93445516 0.12371808
vt 0.92436010 0.10553026
vt 0.94455040 0.12373620
vt 0.93445528 0.10553026
vt 0.94455045 0.10553032
vt 0.22006615 0.87194490
vt 0.23181145 0.89016110
vt 0.23447077 0.88062555
vt 0.21773219 0.88262528
vt 0.20566149 0.86326420
vt 0.22981785 0.89999747
vt 0.20327267 0.87583220
vt 0.18928184 0.85859352
vt 0.21597840 0.89397991
vt 0.18805136 0.87053645
vt 0.17290214 0.85392284
vt 0.21518165 0.90666556
vt 0.22897625 0.91028559
vt 0.20181318 0.88857913
vt 0.20111993 0.90344489
vt 0.20126903 0.92005575
vt 0.21531756 0.92043567
vt 0.22905503 0.92057765
vt 0.17244981 0.86598337
vt 0.15069513 0.85224539
vt 0.18710500 0.88420618
vt 0.20111993 0.90344495
vt 0.21626608 0.93455929
vt 0.22975799 0.93033880
vt 0.20226851 0.93724978
vt 0.15097585 0.86470991
vt 0.12848809 0.85056794
vt 0.12961909 0.86492372
vt 0.17207110 0.88045013
vt 0.18661304 0.90088964
vt 0.20126902 0.92005587
vt 0.18670207 0.91927916
vt 0.21789852 0.94732541
vt 0.23124839 0.93928427
vt 0.15138927 0.87959343
vt 0.17183901 0.89873385
vt 0.20383498 0.95257759
vt 0.13081363 0.88008463
vt 0.15205875 0.89870387
vt 0.13234630 0.89953524
vt 0.17182402 0.91826457
vt 0.15295875 0.91998607
vt 0.13408338 0.92158014
vt 0.17208229 0.93600070
vt 0.15400746 0.94052488
vt 0.13580020 0.94336873
vt 0.15505445 0.95792806
vt 0.13725659 0.96185243
vt 0.17261532 0.95099622
vt 0.18742821 0.93739015
vt 0.18858199 0.95318139
vt 0.17339113 0.96316290
vt 0.18994287 0.96539843
vt 0.15598091 0.97084689
vt 0.15505444 0.95792806
vt 0.13831854 0.97533023
vt 0.13725659 0.96185237
vt 0.13940182 0.98907995
vt 0.15685005 0.98141408
vt 0.17429826 0.97374815
vt 0.19146781 0.97580475
vt 0.20574224 0.96449351
vt 0.20863736 0.97786123
vt 0.22008184 0.95747489
vt 0.22262999 0.96634489
vt 0.23124839 0.93928432
vt 0.23366913 0.94731581
vt 0.23662260 0.95482850
vt 0.24024741 0.94502944
vt 0.24343660 0.95118499
vt 0.23799711 0.93855369
vt 0.24593076 0.94132274
vt 0.25025055 0.94754142
vt 0.23743111 0.93101507
vt 0.22975799 0.93033874
vt 0.24287337 0.93759763
vt 0.24426080 0.93215406
vt 0.23750363 0.92245060
vt 0.22905502 0.92057765
vt 0.24993813 0.93452412
vt 0.24528825 0.92419523
vt 0.23748894 0.91352922
vt 0.22897623 0.91028559
vt 0.25529107 0.93769407
vt 0.25025055 0.94754142
vt 0.26033151 0.92784649
vt 0.25216228 0.92578590
vt 0.25831908 0.91584492
vt 0.25174859 0.91625494
vt 0.25630659 0.90384305
vt 0.24513140 0.91581440
vt 0.23825949 0.90529335
vt 0.22981785 0.89999747
vt 0.24845354 0.90698606
vt 0.24417458 0.90934306
vt 0.24114019 0.89846331
vt 0.23181145 0.89016116
vt 0.24538870 0.89223433
vt 0.23447077 0.88062555
vt 0.81274873 0.90301824
vt 0.81684482 0.89505559
vt 0.81274867 0.89505541
vt 0.81684482 0.90295577
vt 0.81274867 0.91098076
vt 0.81684482 0.91035575
vt 0.81274873 0.91669333
vt 0.81684482 0.91661203
vt 0.81274867 0.92240572
vt 0.81684482 0.92221737
vt 0.81274873 0.92744011
vt 0.81684482 0.92742121
vt 0.81274879 0.93247437
vt 0.81684476 0.93247432
vt 0.81274873 0.93711543
vt 0.81684470 0.93712944
vt 0.81274861 0.94175643
vt 0.81684476 0.94189686
vt 0.81274867 0.94690299
vt 0.81684470 0.94686079
vt 0.81274861 0.95204926
vt 0.81684476 0.95148873
vt 0.81274867 0.95517784
vt 0.81684470 0.95517772
vt 0.81274861 0.95830619
vt 0.81684476 0.95886683
vt 0.81274867 0.96345270
vt 0.81684470 0.96350867
vt 0.81274873 0.96859902
vt 0.81684476 0.96859902
vt 0.82094079 0.96345270
vt 0.82094079 0.96859902
vt 0.82094067 0.95830625
vt 0.82094079 0.95517790
vt 0.82094067 0.95204926
vt 0.82094079 0.94690299
vt 0.82094067 0.94175643
vt 0.82094085 0.93711543
vt 0.82094091 0.93247437
vt 0.82094085 0.92743999
vt 0.82094079 0.92240566
vt 0.82094085 0.91669333
vt 0.82094079 0.91098082
vt 0.82094085 0.90301824
vt 0.82094079 0.89505541
vt 0.81684488 0.88715553
vt 0.82094091 0.88709295
vt 0.81274879 0.88709295
vt 0.81274867 0.89505541
vt 0.81274879 0.87913030
vt 0.81684488 0.87975538
vt 0.82094091 0.87913030
vt 0.81274879 0.87341785
vt 0.81684488 0.87349921
vt 0.82094091 0.87341785
vt 0.81274867 0.86770523
vt 0.81684488 0.86789382
vt 0.82094085 0.86770523
vt 0.81274873 0.86267114
vt 0.81684488 0.86269003
vt 0.82094091 0.86267114
vt 0.81274879 0.85763699
vt 0.81684482 0.85763699
vt 0.82094097 0.85763699
vt 0.81274879 0.85299581
vt 0.81684482 0.85298187
vt 0.82094091 0.85299581
vt 0.81274873 0.84835458
vt 0.81684488 0.84821439
vt 0.82094091 0.84835458
vt 0.81274879 0.84320831
vt 0.81684494 0.84325027
vt 0.82094109 0.84320831
vt 0.81274873 0.83806181
vt 0.81684488 0.83862233
vt 0.82094091 0.83806181
vt 0.81274879 0.83493322
vt 0.81684488 0.83493322
vt 0.82094109 0.83493322
vt 0.81274873 0.83180451
vt 0.81684488 0.83124405
vt 0.82094091 0.83180451
vt 0.81274879 0.82665825
vt 0.81684488 0.82660222
vt 0.81274885 0.82151198
vt 0.82094109 0.82665825
vt 0.81684494 0.82151198
vt 0.82094103 0.82151198
vt 0.52978963 0.81347144
vt 0.52643949 0.81851751
vt 0.52978963 0.81851757
vt 0.52620107 0.81358367
vt 0.52978957 0.80842531
vt 0.52308923 0.81851733
vt 0.52615345 0.80941325
vt 0.52978963 0.80661225
vt 0.52099186 0.81360614
vt 0.51287502 0.81851733
vt 0.52615345 0.80672753
vt 0.52978957 0.80479908
vt 0.52080119 0.80950302
vt 0.51263666 0.81358367
vt 0.50266069 0.81851745
vt 0.50266069 0.81347144
vt 0.51258898 0.80941319
vt 0.50266063 0.80842531
vt 0.52615345 0.80482543
vt 0.52978963 0.80307186
vt 0.52080119 0.80675054
vt 0.51258892 0.80672747
vt 0.50266069 0.80661219
vt 0.52615345 0.80299699
vt 0.52978957 0.80134445
vt 0.52080119 0.80482781
vt 0.51258892 0.80482537
vt 0.50266063 0.80479896
vt 0.52615345 0.80065984
vt 0.52978963 0.79737639
vt 0.52080119 0.80298203
vt 0.51258892 0.80299705
vt 0.50266069 0.80307174
vt 0.52615345 0.79734439
vt 0.52978957 0.79340822
vt 0.52080119 0.80059761
vt 0.51258898 0.80065984
vt 0.50266063 0.80134445
vt 0.52615345 0.79381108
vt 0.52978963 0.79075849
vt 0.52080125 0.79733801
vt 0.51258898 0.79734433
vt 0.50266075 0.79737639
vt 0.52615345 0.79083633
vt 0.52978957 0.78810859
vt 0.52080125 0.79384774
vt 0.51258904 0.79381108
vt 0.50266075 0.79340822
vt 0.52615345 0.78839046
vt 0.52978963 0.78638124
vt 0.52080125 0.79085189
vt 0.51258898 0.79083627
vt 0.50266081 0.79075849
vt 0.52615345 0.78641570
vt 0.52978957 0.78465390
vt 0.52080119 0.78841615
vt 0.51258904 0.78839052
vt 0.50266075 0.78810859
vt 0.52615345 0.78467494
vt 0.52978963 0.78299534
vt 0.52080125 0.78642261
vt 0.51258898 0.78641576
vt 0.50266081 0.78638124
vt 0.52615345 0.78295547
vt 0.52978957 0.78133661
vt 0.52080125 0.78467685
vt 0.51258904 0.78467500
vt 0.50266075 0.78465390
vt 0.52615345 0.78096521
vt 0.52978963 0.77846223
vt 0.52080125 0.78294748
vt 0.51258898 0.78295547
vt 0.50266081 0.78299522
vt 0.52615345 0.77840662
vt 0.52978957 0.77558774
vt 0.52080119 0.78093147
vt 0.51258898 0.78096509
vt 0.50266075 0.78133649
vt 0.52615345 0.77546954
vt 0.52978963 0.77232635
vt 0.52080119 0.77839553
vt 0.51258898 0.77840656
vt 0.50266081 0.77846223
vt 0.52615345 0.77236849
vt 0.52978957 0.76906478
vt 0.52080119 0.77545881
vt 0.51258898 0.77546960
vt 0.50266075 0.77558774
vt 0.52615345 0.76955456
vt 0.52978963 0.76740611
vt 0.52080125 0.77237695
vt 0.51258898 0.77236855
vt 0.50266081 0.77232635
vt 0.52615345 0.76745933
vt 0.52978957 0.76574725
vt 0.52080125 0.76959908
vt 0.51258904 0.76955456
vt 0.50266075 0.76906466
vt 0.52615345 0.76572686
vt 0.52978963 0.76402169
vt 0.52080125 0.76747006
vt 0.51258898 0.76745927
vt 0.50266081 0.76740599
vt 0.52615345 0.76397014
vt 0.52978957 0.76229608
vt 0.52080119 0.76572502
vt 0.51258898 0.76572686
vt 0.50266075 0.76574713
vt 0.52615345 0.76186359
vt 0.52978963 0.75915492
vt 0.52080119 0.76395988
vt 0.51258898 0.76397020
vt 0.50266081 0.76402169
vt 0.52615345 0.75910515
vt 0.52978957 0.75601351
vt 0.52080119 0.76182419
vt 0.51258898 0.76186365
vt 0.50266075 0.76229608
vt 0.52615350 0.75600892
vt 0.52978969 0.75285721
vt 0.52080125 0.75909525
vt 0.51258898 0.75910515
vt 0.50266081 0.75915480
vt 0.52615350 0.75290638
vt 0.52978969 0.74970078
vt 0.52080125 0.75600851
vt 0.51258904 0.75600886
vt 0.50266075 0.75601339
vt 0.52615356 0.75013798
vt 0.52978975 0.74797511
vt 0.52080131 0.75291622
vt 0.51258898 0.75290632
vt 0.50266081 0.75285721
vt 0.52615356 0.74802166
vt 0.52978969 0.74624926
vt 0.52080137 0.75017774
vt 0.51258910 0.75013793
vt 0.50266081 0.74970078
vt 0.52615356 0.74622267
vt 0.52978975 0.74443644
vt 0.52080131 0.74803108
vt 0.51258904 0.74802178
vt 0.50266087 0.74797511
vt 0.52615356 0.74432105
vt 0.52978969 0.74262339
vt 0.52080137 0.74622029
vt 0.51258910 0.74622256
vt 0.50266081 0.74624926
vt 0.52615356 0.74163508
vt 0.52978975 0.73757619
vt 0.52080131 0.74429798
vt 0.51258910 0.74432099
vt 0.50266087 0.74443638
vt 0.52620125 0.73746389
vt 0.52978975 0.73252892
vt 0.52643961 0.73252892
vt 0.52080131 0.74154520
vt 0.51258910 0.74163514
vt 0.50266081 0.74262327
vt 0.52099198 0.73744142
vt 0.52308935 0.73252887
vt 0.51263672 0.73746377
vt 0.50266087 0.73757613
vt 0.51287514 0.73252892
vt 0.50266087 0.73252892
vt 0.04177361 0.02236956
vt 0.04655653 0.01869011
vt 0.04209932 0.01774609
vt 0.04633090 0.02304268
vt 0.05096073 0.02038646
vt 0.04138964 0.02781975
vt 0.05085859 0.02413619
vt 0.04611135 0.02817911
vt 0.03716697 0.02239704
vt 0.03755380 0.01805586
vt 0.04209932 0.01774609
vt 0.03295529 0.01911801
vt 0.04100114 0.03333414
vt 0.03666422 0.02751356
vt 0.04100114 0.03333414
vt 0.03253073 0.02284497
vt 0.04593052 0.03350103
vt 0.04065835 0.03819954
vt 0.03609708 0.03280824
vt 0.04065836 0.03819954
vt 0.02878852 0.02193207
vt 0.02908916 0.01798546
vt 0.03193656 0.02723920
vt 0.03555350 0.03755754
vt 0.04039121 0.04199195
vt 0.02829608 0.02643633
vt 0.03120821 0.03206694
vt 0.02511455 0.02141625
vt 0.02529600 0.01756883
vt 0.02472369 0.02570391
vt 0.02763579 0.03098583
vt 0.02472370 0.02570391
vt 0.02414424 0.02981591
vt 0.03047242 0.03657836
vt 0.02689515 0.03509200
vt 0.02342131 0.03346527
vt 0.03510350 0.04125232
vt 0.02984202 0.04014069
vt 0.02615401 0.03843629
vt 0.03471049 0.04434419
vt 0.02928269 0.04310548
vt 0.04013827 0.04558289
vt 0.02540671 0.04134309
vt 0.02258756 0.03656238
vt 0.02153073 0.03958076
vt 0.04573039 0.04200101
vt 0.04568608 0.04511744
vt 0.02011983 0.03160459
vt 0.02414424 0.02981591
vt 0.01926498 0.03434652
vt 0.01829174 0.03690028
vt 0.02078747 0.02849805
vt 0.01606396 0.03196126
vt 0.01505275 0.03421986
vt 0.01278433 0.03094488
vt 0.01692177 0.02960354
vt 0.01406576 0.02956265
vt 0.01051592 0.02766985
vt 0.02126480 0.02508879
vt 0.01751158 0.02709138
vt 0.01787400 0.02454400
vt 0.02155434 0.02156204
vt 0.01806237 0.02210480
vt 0.02162443 0.01834548
vt 0.01802581 0.01983798
vt 0.01503136 0.02798104
vt 0.01751158 0.02709138
vt 0.01257400 0.02718431
vt 0.01552747 0.02597362
vt 0.01787400 0.02454400
vt 0.01210334 0.02477062
vt 0.01046374 0.02462816
vt 0.01371932 0.02676040
vt 0.01372292 0.02512503
vt 0.01585488 0.02376747
vt 0.01806237 0.02210480
vt 0.01235470 0.02239907
vt 0.01041156 0.02158654
vt 0.01399511 0.02304733
vt 0.01619054 0.02165294
vt 0.01802581 0.01983798
vt 0.01322869 0.02032137
vt 0.01202290 0.01933903
vt 0.01454436 0.02111793
vt 0.01447158 0.01878929
vt 0.01363422 0.01709157
vt 0.01633026 0.01976824
vt 0.01508927 0.01982367
vt 0.01601416 0.01808381
vt 0.01772534 0.01776266
vt 0.01545408 0.01644367
vt 0.01363422 0.01709157
vt 0.01727393 0.01579577
vt 0.02116034 0.01346791
vt 0.02146122 0.01575530
vt 0.02162443 0.01834548
vt 0.02504675 0.01113999
vt 0.02526658 0.01455224
vt 0.02921513 0.01228547
vt 0.02920602 0.01491469
vt 0.02908917 0.01798546
vt 0.03338350 0.01343095
vt 0.03321494 0.01608145
vt 0.03295529 0.01911801
vt 0.03798132 0.01218319
vt 0.03780409 0.01482779
vt 0.04257913 0.01093543
vt 0.03755380 0.01805586
vt 0.04233683 0.01437473
vt 0.06528774 0.02543187
vt 0.06564172 0.02319258
vt 0.06228798 0.02121013
vt 0.06190641 0.02440476
vt 0.06513235 0.02787340
vt 0.05876160 0.01992637
vt 0.06169865 0.02793735
vt 0.06513406 0.03044635
vt 0.05840183 0.02376127
vt 0.05494749 0.01980710
vt 0.06169327 0.03137988
vt 0.06536582 0.03301638
vt 0.05469184 0.02375692
vt 0.05818767 0.02806145
vt 0.05818487 0.03221411
vt 0.05454789 0.02828580
vt 0.06191877 0.03454930
vt 0.05838900 0.03592873
vt 0.05083082 0.02857035
vt 0.05087510 0.03345251
vt 0.05456379 0.03288293
vt 0.05818767 0.02806145
vt 0.05818487 0.03221411
vt 0.04580283 0.03827959
vt 0.05097108 0.03802246
vt 0.05472140 0.03705233
vt 0.05109578 0.04163802
vt 0.05123389 0.04465199
vt 0.05498635 0.04046750
vt 0.05531874 0.04345042
vt 0.05878033 0.03911209
vt 0.05940359 0.04224879
vt 0.06238077 0.03738397
vt 0.06298640 0.04004896
vt 0.06588462 0.03547102
vt 0.06656922 0.03784913
vt 0.06927429 0.03492451
vt 0.06819930 0.03337628
vt 0.07197936 0.03199989
vt 0.06746499 0.03167492
vt 0.06513406 0.03044635
vt 0.07000975 0.03123063
vt 0.06725527 0.02961779
vt 0.06513234 0.02787340
vt 0.07081418 0.02890676
vt 0.07245749 0.02899563
vt 0.06893521 0.03065032
vt 0.06916097 0.02903062
vt 0.06724043 0.02738762
vt 0.06528775 0.02543187
vt 0.07089783 0.02652341
vt 0.07293561 0.02599138
vt 0.06918280 0.02693528
vt 0.06720448 0.02524680
vt 0.06564171 0.02319258
vt 0.07032373 0.02434367
vt 0.07165526 0.02354014
vt 0.06890941 0.02494788
vt 0.06733029 0.02336115
vt 0.06623022 0.02117997
vt 0.06930785 0.02265251
vt 0.07037488 0.02108890
vt 0.06866396 0.02019244
vt 0.06855126 0.02359003
vt 0.06787943 0.02173775
vt 0.06695303 0.01929599
vt 0.06623022 0.02117997
vt 0.06695303 0.01929599
vt 0.06343142 0.01644611
vt 0.06281275 0.01866853
vt 0.06564172 0.02319258
vt 0.05990979 0.01359624
vt 0.06228798 0.02121013
vt 0.05921370 0.01694375
vt 0.05562198 0.01414585
vt 0.05876160 0.01992637
vt 0.05526234 0.01675034
vt 0.05133417 0.01469553
vt 0.05494749 0.01980710
vt 0.05112941 0.01734346
vt 0.04695665 0.01281548
vt 0.04676132 0.01545882
vt 0.04257913 0.01093543
vt 0.04655652 0.01869011
vt 0.04233683 0.01437473
vt 0.04209932 0.01774609
vt 0.58101243 0.35871547
vt 0.53243142 0.35063136
vt 0.54843158 0.37734449
vt 0.56172740 0.33538294
vt 0.60736227 0.33713686
vt 0.63447803 0.35825992
vt 0.60738695 0.38588023
vt 0.54843163 0.37734449
vt 0.52157658 0.32973289
vt 0.58623910 0.31784546
vt 0.54835892 0.31702286
vt 0.65664667 0.33236206
vt 0.62954670 0.31521708
vt 0.66575897 0.37666702
vt 0.68614739 0.34781075
vt 0.70353591 0.32133853
vt 0.67538393 0.30775249
vt 0.71867073 0.29556501
vt 0.69150728 0.28330046
vt 0.73179317 0.26998234
vt 0.64854914 0.29308933
vt 0.60716701 0.29903054
vt 0.70524389 0.25861931
vt 0.74306506 0.24437118
vt 0.66498262 0.27034783
vt 0.57093841 0.30208981
vt 0.62529272 0.27908862
vt 0.59021890 0.28539073
vt 0.67906255 0.24690706
vt 0.64120740 0.25799441
vt 0.71672267 0.23351169
vt 0.60701740 0.26711798
vt 0.53922653 0.30324793
vt 0.56035435 0.29014659
vt 0.51426357 0.31412393
vt 0.50852573 0.30098349
vt 0.53178108 0.29128432
vt 0.50268859 0.28755999
vt 0.57837254 0.27489507
vt 0.55163479 0.27942574
vt 0.52380711 0.27845287
vt 0.49661016 0.27367342
vt 0.59410834 0.25780135
vt 0.56873858 0.26524383
vt 0.54215813 0.26734543
vt 0.51529342 0.26484174
vt 0.62203193 0.24741828
vt 0.65515620 0.23588085
vt 0.69091016 0.22275722
vt 0.58373994 0.24916101
vt 0.55848604 0.25409842
vt 0.60832131 0.23920137
vt 0.63557112 0.22652131
vt 0.53196949 0.25422311
vt 0.66724849 0.21290791
vt 0.72626704 0.20779288
vt 0.70066917 0.19787341
vt 0.75283444 0.21848822
vt 0.62139910 0.21931159
vt 0.64773846 0.20467329
vt 0.67739224 0.18918717
vt 0.59725422 0.23165023
vt 0.57297933 0.23916930
vt 0.54757518 0.24186325
vt 0.63347173 0.19835496
vt 0.60977352 0.21280003
vt 0.58580363 0.22301280
vt 0.65820760 0.18210530
vt 0.56167489 0.22820151
vt 0.52784592 0.24830925
vt 0.54274112 0.23672289
vt 0.51206249 0.25817204
vt 0.49440759 0.26632953
vt 0.49185458 0.25903797
vt 0.50854021 0.25143421
vt 0.52356803 0.24218529
vt 0.53790301 0.23126465
vt 0.55623984 0.22385430
vt 0.55093348 0.21912283
vt 0.57380378 0.21357715
vt 0.56781226 0.21003985
vt 0.56204093 0.20609218
vt 0.59759033 0.20547712
vt 0.58475238 0.19753569
vt 0.57833433 0.19473457
vt 0.57215530 0.19155425
vt 0.62152189 0.19271266
vt 0.60874748 0.18647093
vt 0.59516597 0.17975444
vt 0.58852184 0.17753983
vt 0.58205080 0.17504483
vt 0.64401066 0.17669952
vt 0.63177377 0.17192870
vt 0.61832696 0.16675055
vt 0.60385585 0.16123027
vt 0.59704500 0.15952295
vt 0.59032691 0.15766680
vt 0.60250437 0.14190370
vt 0.59551281 0.14069539
vt 0.60956228 0.14308739
vt 0.62521100 0.14713848
vt 0.63955724 0.15100008
vt 0.65220171 0.15468121
vt 0.60526675 0.12504601
vt 0.59803075 0.12452745
vt 0.61257744 0.12563920
vt 0.62896073 0.12787443
vt 0.64386326 0.13008559
vt 0.60571671 0.10874939
vt 0.59834367 0.10900050
vt 0.61318195 0.10864449
vt 0.62916934 0.10875201
vt 0.60254353 0.09141088
vt 0.59518576 0.09259361
vt 0.61005914 0.09045517
vt 0.62488186 0.08836430
vt 0.63863462 0.08653224
vt 0.64375663 0.10899478
vt 0.60223246 0.06967080
vt 0.61565214 0.06552666
vt 0.62488186 0.08836430
vt 0.62851775 0.06168789
vt 0.59473366 0.07163811
vt 0.59518582 0.09259355
vt 0.60362071 0.04116321
vt 0.61555749 0.03503728
vt 0.59168392 0.04728907
vt 0.62776649 0.03034133
vt 0.58418792 0.05031180
vt 0.64090407 0.05844879
vt 0.63997537 0.02564532
vt 0.58751583 0.07392865
vt 0.57669181 0.05333453
vt 0.65107679 0.08516097
vt 0.65569204 0.05547118
vt 0.66645086 0.01977950
vt 0.58095938 0.07691586
vt 0.57124633 0.05836928
vt 0.58833241 0.09426534
vt 0.57492489 0.08033687
vt 0.56580085 0.06340396
vt 0.58404893 0.09726971
vt 0.58448946 0.11022234
vt 0.59120619 0.10950959
vt 0.59834361 0.10900050
vt 0.58492988 0.12317491
vt 0.59100646 0.12407982
vt 0.59803069 0.12452745
vt 0.58222800 0.13804209
vt 0.58870041 0.13942432
vt 0.59551287 0.14069533
vt 0.57952595 0.15290934
vt 0.58394957 0.15552908
vt 0.59032696 0.15766680
vt 0.57012445 0.16897595
vt 0.57591259 0.17210507
vt 0.58205086 0.17504478
vt 0.56072289 0.18504250
vt 0.56636530 0.18786639
vt 0.57215530 0.19155425
vt 0.55165023 0.19663393
vt 0.55666924 0.20149648
vt 0.56204081 0.20609218
vt 0.54257745 0.20822537
vt 0.54598325 0.21377015
vt 0.55093354 0.21912283
vt 0.52840805 0.21912438
vt 0.53309101 0.22530228
vt 0.53790301 0.23126465
vt 0.51423854 0.23002326
vt 0.51902372 0.23579407
vt 0.52356797 0.24218529
vt 0.50038034 0.23793215
vt 0.50455648 0.24462742
vt 0.50854015 0.25143421
vt 0.48652196 0.24584091
vt 0.48882505 0.25193012
vt 0.46878695 0.25027120
vt 0.49185461 0.25903797
vt 0.47079983 0.25765467
vt 0.45105192 0.25470150
vt 0.45156726 0.26262820
vt 0.47264549 0.26523125
vt 0.49440759 0.26632953
vt 0.45208260 0.27055496
vt 0.47402379 0.27302074
vt 0.45204169 0.27891386
vt 0.47512719 0.28090668
vt 0.50268853 0.28755999
vt 0.45200074 0.28727281
vt 0.47836173 0.29505336
vt 0.50852573 0.30098343
vt 0.45217404 0.30170524
vt 0.48162735 0.30895054
vt 0.51426351 0.31412393
vt 0.45234728 0.31613761
vt 0.48522803 0.32284719
vt 0.45379716 0.33005047
vt 0.49015531 0.33959997
vt 0.45524690 0.34396327
vt 0.49776354 0.36276376
vt 0.46001995 0.37274724
vt 0.50844795 0.39087129
vt 0.46479291 0.40153110
vt 0.57103986 0.41027153
vt 0.52147555 0.42271614
vt 0.46736163 0.42951781
vt 0.60585070 0.45750439
vt 0.52965373 0.45750445
vt 0.64122295 0.41016418
vt 0.46993023 0.45750439
vt 0.46736163 0.48549116
vt 0.52147561 0.49229276
vt 0.46479291 0.51347780
vt 0.50844795 0.52413762
vt 0.46001998 0.54226184
vt 0.57103980 0.50473738
vt 0.49776357 0.55224532
vt 0.45524696 0.57104576
vt 0.54843163 0.53766447
vt 0.49015543 0.57540894
vt 0.45379719 0.58495873
vt 0.53243154 0.56437761
vt 0.60738701 0.52912861
vt 0.58101255 0.55629355
vt 0.54843158 0.53766447
vt 0.48522809 0.59216177
vt 0.45234728 0.59887153
vt 0.52157664 0.58527589
vt 0.48162740 0.60605842
vt 0.45217410 0.61330396
vt 0.51426369 0.60088509
vt 0.50852585 0.61402547
vt 0.47836179 0.61995560
vt 0.45200083 0.62773633
vt 0.50268865 0.62744898
vt 0.47512731 0.63410234
vt 0.45204180 0.63609529
vt 0.49661031 0.64133561
vt 0.47402397 0.64198834
vt 0.45208272 0.64445418
vt 0.47264567 0.64977789
vt 0.45156741 0.65238094
vt 0.49440771 0.64867949
vt 0.49185470 0.65597123
vt 0.47080001 0.65735441
vt 0.45105207 0.66030759
vt 0.46878713 0.66473794
vt 0.48882532 0.66307902
vt 0.50854033 0.66357493
vt 0.48652214 0.66916823
vt 0.50455666 0.67038167
vt 0.52356815 0.67282373
vt 0.50038052 0.67707700
vt 0.51902395 0.67921495
vt 0.53790319 0.68374425
vt 0.51423877 0.68498570
vt 0.53309125 0.68970674
vt 0.55093372 0.69588608
vt 0.52840823 0.69588470
vt 0.54598337 0.70123881
vt 0.56204104 0.70891678
vt 0.54257762 0.70678353
vt 0.55666947 0.71351248
vt 0.57215548 0.72345471
vt 0.55165040 0.71837503
vt 0.56636560 0.72714257
vt 0.58205110 0.73996419
vt 0.56072307 0.72996646
vt 0.57591283 0.74290389
vt 0.59032720 0.75734222
vt 0.57012475 0.74603307
vt 0.58394986 0.75947982
vt 0.59551316 0.77431345
vt 0.57952631 0.76209950
vt 0.58870083 0.77558458
vt 0.59803098 0.79048139
vt 0.58222836 0.77696669
vt 0.59100688 0.79092890
vt 0.59834391 0.80600828
vt 0.58493024 0.79183376
vt 0.59120649 0.80549914
vt 0.58448976 0.80478644
vt 0.59518605 0.82241517
vt 0.58833265 0.82074350
vt 0.58404922 0.81773895
vt 0.58095962 0.83809286
vt 0.57492518 0.83467197
vt 0.58751613 0.84108019
vt 0.57124662 0.85663950
vt 0.56580108 0.85160488
vt 0.57669204 0.86167407
vt 0.58418816 0.86469698
vt 0.59473395 0.84337062
vt 0.59168428 0.86771977
vt 0.60254383 0.82359809
vt 0.60223275 0.84533799
vt 0.60362101 0.87384564
vt 0.61565238 0.84948206
vt 0.61555767 0.87997139
vt 0.61005944 0.82455361
vt 0.62851793 0.85332084
vt 0.62776673 0.88466752
vt 0.62488210 0.82664442
vt 0.63863486 0.82847655
vt 0.64090419 0.85655993
vt 0.63997549 0.88936341
vt 0.65569240 0.85953766
vt 0.66645104 0.89522928
vt 0.65107703 0.82984787
vt 0.67645830 0.86243439
vt 0.69292641 0.90109491
vt 0.66528553 0.83078378
vt 0.70146328 0.86414367
vt 0.71802938 0.90264976
vt 0.68441969 0.83115232
vt 0.72906721 0.86345613
vt 0.74313223 0.90420455
vt 0.75844550 0.86126894
vt 0.70865214 0.82996505
vt 0.73765087 0.82607889
vt 0.77375853 0.81833333
vt 0.71261549 0.79868048
vt 0.74066108 0.79228431
vt 0.77246892 0.78099579
vt 0.81465179 0.79018098
vt 0.80675054 0.76250577
vt 0.85554498 0.76202857
vt 0.84197444 0.74067402
vt 0.79826349 0.73600572
vt 0.82840389 0.71931928
vt 0.76807278 0.75078881
vt 0.73913085 0.76190001
vt 0.71256155 0.76986426
vt 0.78919190 0.71053505
vt 0.81722206 0.69721341
vt 0.76132435 0.72301102
vt 0.77938104 0.68554240
vt 0.80603999 0.67510730
vt 0.73401028 0.73381341
vt 0.73913080 0.76189995
vt 0.75283450 0.69652069
vt 0.76875234 0.66033089
vt 0.79395533 0.65051049
vt 0.70824432 0.74286270
vt 0.72626710 0.70721602
vt 0.74306518 0.67063773
vt 0.75726408 0.63482887
vt 0.78187054 0.62591350
vt 0.73179317 0.64502662
vt 0.71867079 0.61944395
vt 0.74479711 0.60880715
vt 0.77018970 0.59921676
vt 0.70353597 0.59367037
vt 0.73108435 0.58243299
vt 0.75850862 0.57251990
vt 0.68614751 0.56719822
vt 0.71578866 0.55552751
vt 0.74518895 0.54629296
vt 0.69898701 0.52650845
vt 0.73186916 0.52006596
vt 0.66575903 0.53834188
vt 0.68196076 0.49356091
vt 0.72310340 0.48878515
vt 0.64122295 0.50484473
vt 0.67216665 0.45750439
vt 0.71433747 0.45750427
vt 0.72310328 0.42622358
vt 0.68196064 0.42144793
vt 0.73186898 0.39494276
vt 0.69898695 0.38850045
vt 0.74518883 0.36871588
vt 0.63447803 0.55674905
vt 0.71578848 0.35948145
vt 0.75850850 0.34248894
vt 0.73108423 0.33257592
vt 0.77018958 0.31579214
vt 0.70353591 0.32133853
vt 0.74479705 0.30620182
vt 0.78187054 0.28909528
vt 0.71867061 0.29556501
vt 0.75726408 0.28018010
vt 0.79395533 0.26449859
vt 0.73179317 0.26998234
vt 0.76875228 0.25467807
vt 0.80603999 0.23990190
vt 0.77938098 0.22946668
vt 0.81722200 0.21779567
vt 0.78919172 0.20447379
vt 0.82840377 0.19568938
vt 0.76132423 0.19199789
vt 0.79826343 0.17900300
vt 0.84197438 0.17433488
vt 0.73401022 0.18119538
vt 0.80675042 0.15250301
vt 0.85554498 0.15298033
vt 0.81465173 0.12482786
vt 0.76807255 0.16421998
vt 0.77246886 0.13401294
vt 0.77375841 0.09667534
vt 0.73913062 0.15310884
vt 0.73913068 0.15310884
vt 0.70824420 0.17214620
vt 0.71256137 0.14514452
vt 0.74066097 0.12272453
vt 0.68522173 0.16475081
vt 0.73765069 0.08892983
vt 0.75844526 0.05373973
vt 0.71261525 0.11632830
vt 0.68947572 0.13936245
vt 0.66636068 0.15898597
vt 0.72906703 0.05155253
vt 0.74313205 0.01080406
vt 0.71802926 0.01235884
vt 0.70865196 0.08504373
vt 0.70146310 0.05086505
vt 0.69292629 0.01391369
vt 0.68441951 0.08385646
vt 0.67645812 0.05257440
vt 0.66528529 0.08422500
vt 0.65645850 0.10953230
vt 0.67044693 0.11062115
vt 0.65674675 0.13236237
vt 0.67084324 0.13524950
vt 0.68905658 0.11263615
vt 0.70865184 0.08504373
vt 0.46677816 0.73124349
vt 0.46677816 0.73709106
vt 0.48195955 0.73707378
vt 0.45159677 0.73107034
vt 0.45159680 0.73707384
vt 0.45159680 0.72569019
vt 0.46677816 0.74307770
vt 0.48195949 0.74307716
vt 0.45159677 0.74307716
vt 0.46677816 0.72569662
vt 0.48195949 0.73107028
vt 0.45159677 0.72030991
vt 0.46677816 0.74906492
vt 0.48195955 0.74908233
vt 0.45159680 0.74908233
vt 0.46677816 0.72020167
vt 0.48195955 0.72569019
vt 0.45159680 0.71453983
vt 0.46677816 0.75491369
vt 0.48195949 0.75508720
vt 0.45159677 0.75508720
vt 0.46677816 0.71450198
vt 0.48195949 0.72030997
vt 0.45159677 0.70876956
vt 0.46677816 0.76045084
vt 0.48195955 0.76046741
vt 0.45159680 0.76046741
vt 0.46677816 0.70849985
vt 0.48195955 0.71453989
vt 0.45159689 0.70202810
vt 0.46677816 0.76585549
vt 0.48195949 0.76584738
vt 0.45159677 0.76584738
vt 0.46677819 0.70200104
vt 0.48195949 0.70876962
vt 0.45159689 0.69528657
vt 0.46677822 0.69528657
vt 0.48195955 0.70202816
vt 0.46677816 0.77132708
vt 0.48195955 0.77125651
vt 0.45159680 0.77125651
vt 0.46677816 0.77736336
vt 0.48195949 0.77666539
vt 0.45159671 0.77666539
vt 0.46677813 0.78465688
vt 0.48195955 0.78458709
vt 0.45159677 0.78458709
vt 0.46677816 0.79250872
vt 0.45159677 0.79250872
vt 0.48195955 0.79250872
vt 0.42992145 0.61183095
vt 0.42992148 0.57429379
vt 0.42736763 0.57429379
vt 0.42736760 0.61183119
vt 0.42481381 0.57429379
vt 0.42992142 0.64936805
vt 0.42736766 0.64937079
vt 0.42992148 0.68691403
vt 0.42736766 0.68691415
vt 0.42992151 0.72445989
vt 0.42736766 0.72445995
vt 0.42481384 0.72445989
vt 0.12320507 0.04433507
vt 0.11847205 0.05241781
vt 0.11721391 0.05753148
vt 0.11079113 0.05521613
vt 0.10910704 0.06378931
vt 0.10262962 0.05870456
vt 0.11134791 0.05824536
vt 0.10504496 0.06197774
vt 0.09767519 0.06985027
vt 0.09609745 0.06653363
vt 0.08637317 0.07426506
vt 0.07772981 0.07579595
vt 0.06693311 0.07639956
vt 0.08760123 0.07008940
vt 0.08178920 0.07197714
vt 0.07409232 0.07313752
vt 0.07269870 0.06904948
vt 0.08046088 0.06935209
vt 0.08760124 0.07008940
vt 0.07923517 0.06564927
vt 0.08700269 0.06598783
vt 0.08566718 0.06200582
vt 0.09271982 0.05838186
vt 0.89452273 0.31387955
vt 0.89530861 0.31387949
vt 0.89530867 0.30484176
vt 0.89452273 0.30464172
vt 0.89373684 0.31387949
vt 0.89530861 0.29580396
vt 0.89373678 0.30460167
vt 0.88746041 0.31387955
vt 0.89452279 0.29404330
vt 0.89530879 0.28100413
vt 0.88746047 0.30460167
vt 0.88118404 0.31387949
vt 0.89373678 0.29388332
vt 0.89452273 0.28104579
vt 0.89530867 0.26620424
vt 0.88118404 0.30460167
vt 0.88027138 0.31387955
vt 0.88746047 0.29388332
vt 0.89373684 0.28105414
vt 0.89373678 0.29388332
vt 0.89452279 0.26833177
vt 0.89530879 0.25836706
vt 0.88027143 0.30464166
vt 0.87935889 0.31387949
vt 0.87935895 0.30484176
vt 0.88118404 0.29388332
vt 0.88027143 0.29404330
vt 0.87935877 0.29580396
vt 0.88118404 0.28105414
vt 0.88027149 0.28104579
vt 0.87935895 0.28100413
vt 0.88118410 0.26852512
vt 0.88027149 0.26833177
vt 0.87935877 0.26620424
vt 0.88027149 0.25861722
vt 0.87935895 0.25836706
vt 0.88118410 0.25866729
vt 0.88027149 0.25060421
vt 0.87935877 0.25052977
vt 0.88118422 0.25061095
vt 0.88027149 0.24303949
vt 0.87935895 0.24293607
vt 0.88118410 0.24306011
vt 0.88027149 0.23617762
vt 0.87935877 0.23534232
vt 0.88118422 0.23625356
vt 0.88118422 0.23066485
vt 0.88027149 0.23063445
vt 0.87935895 0.23048222
vt 0.88118422 0.22617221
vt 0.88027149 0.22612637
vt 0.87935877 0.22562206
vt 0.88118422 0.22243261
vt 0.88027149 0.22242928
vt 0.87935895 0.22241229
vt 0.88118422 0.21881533
vt 0.88027149 0.21884757
vt 0.87935877 0.21920246
vt 0.88118422 0.21480733
vt 0.88027149 0.21481133
vt 0.87935895 0.21483117
vt 0.88118422 0.21065629
vt 0.88027149 0.21063989
vt 0.87935877 0.21045983
vt 0.88118422 0.20675373
vt 0.88027149 0.20674103
vt 0.87935895 0.20667779
vt 0.88118422 0.20330644
vt 0.88027149 0.20327222
vt 0.87935877 0.20289576
vt 0.88118422 0.20030588
vt 0.88027149 0.20031250
vt 0.87935895 0.20034570
vt 0.88118422 0.19706643
vt 0.88027149 0.19712716
vt 0.87935877 0.19779557
vt 0.88118422 0.19286525
vt 0.88027149 0.19289732
vt 0.87935895 0.19305795
vt 0.88118422 0.18750769
vt 0.88027149 0.18757534
vt 0.87935877 0.18832028
vt 0.88118422 0.18105644
vt 0.88027149 0.18107116
vt 0.87935895 0.18114483
vt 0.88118422 0.17407501
vt 0.88027149 0.17406619
vt 0.87935877 0.17396927
vt 0.88027149 0.16712201
vt 0.87935895 0.16711104
vt 0.88118422 0.16712427
vt 0.88027155 0.16025275
vt 0.87935889 0.16025275
vt 0.88746047 0.16712427
vt 0.88746047 0.17407501
vt 0.88118416 0.16025275
vt 0.88027149 0.15678215
vt 0.87935889 0.15678215
vt 0.88118416 0.15678215
vt 0.88118416 0.15331149
vt 0.88027155 0.15331149
vt 0.87935889 0.15331149
vt 0.88118416 0.14941090
vt 0.88027149 0.14941090
vt 0.87935889 0.14941090
vt 0.88118416 0.14551026
vt 0.88027155 0.14551026
vt 0.87935889 0.14551026
vt 0.88027149 0.13847828
vt 0.87935895 0.13847232
vt 0.88118422 0.13847947
vt 0.88027149 0.13148695
vt 0.87935877 0.13143432
vt 0.88118422 0.13149172
vt 0.88118422 0.12456506
vt 0.88746047 0.13149172
vt 0.88027149 0.12456560
vt 0.87935895 0.12456852
vt 0.88118422 0.11761767
vt 0.88027149 0.11762476
vt 0.87935877 0.11770266
vt 0.88746053 0.13847947
vt 0.88027149 0.11057299
vt 0.87935895 0.11058182
vt 0.88118410 0.11057121
vt 0.88027155 0.10346097
vt 0.87935889 0.10346097
vt 0.88118416 0.10346097
vt 0.88746065 0.10346097
vt 0.88746047 0.11057121
vt 0.89373696 0.10346097
vt 0.88746047 0.11761767
vt 0.89373702 0.11057121
vt 0.89482522 0.10346097
vt 0.89482528 0.11057299
vt 0.89591360 0.10346097
vt 0.89591360 0.11058182
vt 0.89373702 0.11761767
vt 0.89482522 0.11762476
vt 0.89591348 0.11770266
vt 0.89373702 0.12456506
vt 0.89482522 0.12456560
vt 0.89591360 0.12456852
vt 0.89373696 0.13149172
vt 0.89482510 0.13148695
vt 0.89591348 0.13143432
vt 0.89482516 0.13847828
vt 0.89591360 0.13847232
vt 0.89373690 0.13847947
vt 0.89482522 0.14551026
vt 0.89591360 0.14551026
vt 0.89373684 0.14551026
vt 0.88746041 0.14551026
vt 0.88118422 0.14941090
vt 0.88746041 0.14941084
vt 0.89373678 0.14941090
vt 0.88118416 0.15331149
vt 0.88746041 0.15331149
vt 0.89373684 0.15331149
vt 0.88118422 0.15678215
vt 0.88746047 0.15678215
vt 0.89373678 0.15678215
vt 0.88746041 0.16025275
vt 0.89373684 0.16025275
vt 0.89373678 0.16712427
vt 0.89452279 0.16025275
vt 0.89452279 0.16712201
vt 0.89530879 0.16025275
vt 0.89530879 0.16711104
vt 0.89373678 0.17407501
vt 0.89452273 0.17406619
vt 0.89530867 0.17396927
vt 0.89373678 0.18105644
vt 0.89452273 0.18107116
vt 0.89530879 0.18114483
vt 0.89373678 0.18750769
vt 0.89452279 0.18757534
vt 0.89530867 0.18832028
vt 0.89373678 0.19286525
vt 0.89452273 0.19289732
vt 0.89530879 0.19305795
vt 0.89373678 0.19706643
vt 0.89452273 0.19712716
vt 0.89530867 0.19779557
vt 0.89373678 0.20030588
vt 0.89452273 0.20031250
vt 0.89530879 0.20034570
vt 0.89373678 0.20330644
vt 0.89452273 0.20327222
vt 0.89530867 0.20289576
vt 0.89452273 0.20674103
vt 0.89530879 0.20667779
vt 0.89373678 0.20675373
vt 0.89373678 0.21065629
vt 0.89452279 0.21063989
vt 0.89530867 0.21045983
vt 0.89373678 0.21480733
vt 0.89452273 0.21481127
vt 0.89530879 0.21483117
vt 0.89373678 0.21881533
vt 0.89452273 0.21884757
vt 0.89530867 0.21920246
vt 0.89373678 0.22243261
vt 0.89452273 0.22242928
vt 0.89530879 0.22241229
vt 0.89373678 0.22617221
vt 0.89452279 0.22612631
vt 0.89530867 0.22562206
vt 0.89373678 0.23066485
vt 0.89452273 0.23063439
vt 0.89530879 0.23048222
vt 0.89452279 0.23617756
vt 0.89530867 0.23534232
vt 0.89373678 0.23625356
vt 0.89373678 0.24306011
vt 0.89452273 0.24303943
vt 0.89530879 0.24293607
vt 0.89373678 0.25061095
vt 0.89452273 0.25060421
vt 0.89530867 0.25052977
vt 0.89373678 0.25866729
vt 0.89452273 0.25861728
vt 0.89373678 0.26852512
vt 0.88746041 0.28105414
vt 0.88118410 0.29388332
vt 0.89373678 0.26852512
vt 0.88118404 0.28105414
vt 0.88746053 0.26852512
vt 0.89373684 0.25866729
vt 0.88746041 0.25866723
vt 0.89373678 0.25061095
vt 0.88746053 0.25061095
vt 0.89373684 0.24306011
vt 0.88746041 0.24306011
vt 0.89373678 0.23625356
vt 0.88746053 0.23625356
vt 0.88118422 0.23625356
vt 0.88746041 0.23066485
vt 0.89373678 0.22617221
vt 0.88118410 0.23066485
vt 0.88746053 0.22617221
vt 0.89373684 0.22243261
vt 0.88118422 0.22617221
vt 0.88746041 0.22243261
vt 0.89373678 0.21881533
vt 0.88118410 0.22243261
vt 0.88746053 0.21881533
vt 0.89373684 0.21480733
vt 0.88118422 0.21881533
vt 0.88746041 0.21480727
vt 0.89373678 0.21065629
vt 0.88118410 0.21480733
vt 0.88746053 0.21065629
vt 0.89373684 0.20675373
vt 0.88118422 0.21065629
vt 0.88746041 0.20675367
vt 0.88118410 0.20675373
vt 0.88746053 0.20330644
vt 0.89373684 0.20030588
vt 0.88118422 0.20330644
vt 0.88746041 0.20030582
vt 0.89373678 0.19706643
vt 0.88118410 0.20030588
vt 0.88746053 0.19706643
vt 0.89373684 0.19286525
vt 0.88118422 0.19706643
vt 0.88746041 0.19286519
vt 0.89373678 0.18750769
vt 0.88118410 0.19286525
vt 0.88746053 0.18750769
vt 0.89373684 0.18105644
vt 0.88118422 0.18750769
vt 0.88746041 0.18105644
vt 0.89373678 0.17407507
vt 0.88118410 0.18105644
vt 0.88118422 0.17407507
vt 0.52073359 0.94839543
vt 0.53129697 0.94839531
vt 0.53090131 0.93772131
vt 0.52077192 0.93772119
vt 0.51017010 0.94839531
vt 0.51094991 0.93772125
vt 0.50241393 0.94839543
vt 0.50238109 0.93772119
vt 0.49465764 0.94839531
vt 0.49354982 0.93772125
vt 0.48291308 0.94839543
vt 0.48261875 0.93772119
vt 0.47116837 0.94839531
vt 0.46933359 0.93772131
vt 0.52073359 0.92704719
vt 0.51017010 0.92704701
vt 0.53129697 0.92704701
vt 0.50241393 0.92704719
vt 0.49465764 0.92704701
vt 0.48291308 0.92704719
vt 0.47116837 0.92704701
vt 0.54043615 0.92704719
vt 0.54031384 0.93772119
vt 0.53129697 0.94839531
vt 0.54957515 0.92704701
vt 0.54043615 0.94839543
vt 0.54874831 0.93772125
vt 0.55573756 0.92704719
vt 0.54957515 0.94839531
vt 0.55580169 0.93772125
vt 0.56189978 0.92704701
vt 0.55573756 0.94839543
vt 0.56336820 0.93772125
vt 0.57334834 0.92704719
vt 0.56189978 0.94839531
vt 0.57365876 0.93772119
vt 0.58479673 0.92704701
vt 0.57334834 0.94839543
vt 0.58643317 0.93772125
vt 0.60213637 0.92704719
vt 0.58479673 0.94839531
vt 0.60227865 0.93772119
vt 0.61947578 0.92704701
vt 0.60213637 0.94839543
vt 0.61926293 0.93772131
vt 0.63604885 0.92704719
vt 0.61947578 0.94839531
vt 0.63602751 0.93772119
vt 0.65262181 0.92704719
vt 0.63604885 0.94839549
vt 0.65262181 0.93772137
vt 0.66100836 0.92704719
vt 0.65262181 0.94839549
vt 0.66100836 0.93772131
vt 0.66939491 0.92704719
vt 0.66100836 0.94839549
vt 0.66939491 0.93772137
vt 0.67882073 0.92704713
vt 0.66939491 0.94839549
vt 0.67882073 0.93772125
vt 0.68824661 0.92704713
vt 0.67882073 0.94839549
vt 0.68824661 0.93772125
vt 0.68824661 0.94839543
vt 0.43430501 0.93772125
vt 0.41552961 0.94839543
vt 0.43446857 0.94839531
vt 0.41504583 0.93772119
vt 0.39659050 0.94839531
vt 0.39191711 0.93772125
vt 0.41552961 0.92704719
vt 0.39659050 0.92704701
vt 0.43446857 0.92704701
vt 0.45281854 0.92704719
vt 0.43446857 0.92704701
vt 0.45261866 0.93772119
vt 0.43446857 0.94839531
vt 0.47116837 0.92704701
vt 0.45281854 0.94839543
vt 0.47116837 0.94839531
vt 0.58415192 0.97050160
vt 0.59175265 0.97165585
vt 0.59265703 0.97050148
vt 0.58409899 0.97165579
vt 0.57564664 0.97050148
vt 0.59167045 0.97329456
vt 0.57608593 0.97165585
vt 0.56857914 0.97050160
vt 0.58408850 0.97329462
vt 0.59167051 0.97565997
vt 0.56866348 0.97165579
vt 0.56151158 0.97050148
vt 0.58408844 0.97565997
vt 0.59167045 0.97802347
vt 0.57612592 0.97329456
vt 0.56181532 0.97165585
vt 0.55543810 0.97050160
vt 0.58408850 0.97802359
vt 0.59175265 0.97965735
vt 0.57612586 0.97565997
vt 0.56868041 0.97329473
vt 0.55549002 0.97165579
vt 0.54936445 0.97050148
vt 0.58409894 0.97965735
vt 0.59265703 0.98080456
vt 0.58415186 0.98080474
vt 0.56184298 0.97329456
vt 0.57612592 0.97802347
vt 0.57608598 0.97965735
vt 0.57564658 0.98080456
vt 0.56868047 0.97565997
vt 0.54951781 0.97165585
vt 0.54379267 0.97050160
vt 0.56866354 0.97965735
vt 0.56857914 0.98080474
vt 0.56868047 0.97802359
vt 0.55550039 0.97329462
vt 0.56184304 0.97565997
vt 0.54382223 0.97165579
vt 0.53822076 0.97050148
vt 0.56181526 0.97965735
vt 0.56151158 0.98080456
vt 0.56184298 0.97802347
vt 0.55550039 0.97565997
vt 0.54953170 0.97329456
vt 0.53832823 0.97165585
vt 0.53300053 0.97050160
vt 0.55549002 0.97965735
vt 0.55543810 0.98080474
vt 0.55550039 0.97802359
vt 0.54953170 0.97565997
vt 0.54382819 0.97329473
vt 0.53299540 0.97165579
vt 0.52778023 0.97050148
vt 0.54951781 0.97965735
vt 0.54936445 0.98080456
vt 0.54953170 0.97802347
vt 0.53833795 0.97329473
vt 0.54382819 0.97565997
vt 0.52762800 0.97165585
vt 0.52206182 0.97050160
vt 0.54382229 0.97965735
vt 0.54379267 0.98080474
vt 0.54382819 0.97802359
vt 0.53299439 0.97329473
vt 0.53833801 0.97565997
vt 0.52204448 0.97165579
vt 0.51634336 0.97050160
vt 0.53832823 0.97965735
vt 0.53822076 0.98080456
vt 0.53833801 0.97802359
vt 0.52761418 0.97329473
vt 0.53299445 0.97565997
vt 0.51634336 0.97165579
vt 0.50667048 0.97050160
vt 0.53299540 0.97965741
vt 0.53300053 0.98080474
vt 0.53299445 0.97802365
vt 0.52761424 0.97566003
vt 0.52204102 0.97329468
vt 0.50667048 0.97164232
vt 0.49699759 0.97050160
vt 0.49699759 0.97157502
vt 0.52762794 0.97965837
vt 0.52778023 0.98080456
vt 0.52761412 0.97802407
vt 0.52204102 0.97567362
vt 0.51634336 0.97329462
vt 0.50667042 0.97324091
vt 0.49699754 0.97264838
vt 0.52204460 0.97967452
vt 0.52206182 0.98081189
vt 0.52204114 0.97807866
vt 0.51634341 0.97574109
vt 0.50667048 0.97567374
vt 0.49699759 0.97566032
vt 0.51634330 0.97867197
vt 0.51634330 0.97974551
vt 0.51634330 0.98081899
vt 0.50667042 0.97813368
vt 0.49699754 0.97867197
vt 0.50667042 0.97969180
vt 0.50667048 0.98081911
vt 0.49699759 0.97974563
vt 0.49699759 0.98081911
vt 0.30322409 0.94839543
vt 0.28138432 0.93772125
vt 0.28138432 0.94839543
vt 0.30361077 0.93772125
vt 0.28138432 0.92704713
vt 0.30322409 0.92704719
vt 0.32506377 0.94839531
vt 0.32893142 0.93772131
vt 0.32506377 0.92704701
vt 0.36074656 0.93772119
vt 0.36082721 0.94839543
vt 0.36082721 0.92704719
vt 0.32506377 0.92704701
vt 0.39659050 0.92704701
vt 0.39191708 0.93772131
vt 0.39659050 0.94839531
vt 0.77265143 0.92704713
vt 0.78985906 0.93772125
vt 0.78985912 0.92704707
vt 0.77266854 0.93772119
vt 0.78985912 0.94839543
vt 0.75544375 0.92704701
vt 0.77265143 0.94839543
vt 0.75561506 0.93772119
vt 0.73885244 0.92704719
vt 0.75544375 0.94839531
vt 0.73885792 0.93772119
vt 0.72226089 0.92704701
vt 0.73885238 0.94839543
vt 0.72214556 0.93772119
vt 0.70525378 0.92704719
vt 0.72226083 0.94839531
vt 0.70524228 0.93772119
vt 0.68824661 0.92704713
vt 0.70525378 0.94839543
vt 0.68824667 0.93772131
vt 0.68824661 0.94839543
vt 0.04138834 0.88602388
vt 0.02852107 0.89685297
vt 0.03264088 0.90585458
vt 0.04536615 0.89620709
vt 0.05425560 0.87519455
vt 0.03615035 0.91525745
vt 0.05858325 0.88723332
vt 0.06970158 0.86801648
vt 0.04887657 0.90714675
vt 0.07278721 0.87961924
vt 0.08514755 0.86083841
vt 0.05165024 0.91955101
vt 0.03859291 0.92528689
vt 0.06202108 0.89959425
vt 0.06503393 0.91416782
vt 0.06748821 0.93059713
vt 0.05367268 0.93317264
vt 0.04012710 0.93546432
vt 0.08748300 0.87267900
vt 0.10681783 0.85570312
vt 0.07586272 0.89297187
vt 0.06503393 0.91416776
vt 0.05494791 0.94727039
vt 0.04096164 0.94521499
vt 0.06919394 0.94773543
vt 0.05533503 0.96013469
vt 0.04089069 0.95428348
vt 0.07004743 0.96311945
vt 0.10849245 0.86805779
vt 0.12848809 0.85056794
vt 0.08387296 0.94554996
vt 0.08175365 0.92754865
vt 0.08520663 0.96132702
vt 0.10063389 0.95666826
vt 0.09012265 0.88690770
vt 0.11041503 0.88282216
vt 0.13081363 0.88008457
vt 0.09881176 0.94177413
vt 0.07896148 0.90937221
vt 0.06748820 0.93059713
vt 0.09321538 0.90492916
vt 0.11274692 0.90180165
vt 0.13234629 0.89953524
vt 0.09628905 0.92421639
vt 0.11519126 0.92296195
vt 0.13408339 0.92158020
vt 0.11737220 0.94341171
vt 0.13580020 0.94336873
vt 0.11906374 0.96076411
vt 0.13725658 0.96185237
vt 0.11906373 0.96076405
vt 0.13831852 0.97533023
vt 0.12017200 0.97366846
vt 0.13940182 0.98907995
vt 0.10063388 0.95666826
vt 0.12096862 0.98424125
vt 0.10177331 0.96880615
vt 0.08520663 0.96132702
vt 0.10253543 0.97940248
vt 0.08577603 0.97360629
vt 0.08589979 0.98412299
vt 0.07002996 0.97518706
vt 0.05533503 0.96013463
vt 0.06926415 0.98884326
vt 0.05476817 0.97050077
vt 0.04089069 0.95428348
vt 0.05364059 0.97966039
vt 0.03975760 0.96259487
vt 0.03801702 0.97047734
vt 0.03290233 0.96136701
vt 0.03071645 0.96794599
vt 0.03411069 0.95461893
vt 0.04089069 0.95428348
vt 0.02670849 0.95859623
vt 0.02341587 0.96541452
vt 0.03348903 0.94708455
vt 0.04096165 0.94521505
vt 0.02914479 0.95443815
vt 0.02692190 0.94927919
vt 0.03207603 0.93863714
vt 0.04012711 0.93546432
vt 0.02168572 0.95250916
vt 0.02466059 0.94157946
vt 0.03069323 0.92982358
vt 0.03859290 0.92528689
vt 0.01689526 0.95647830
vt 0.02341587 0.96541452
vt 0.01037465 0.94754189
vt 0.01812045 0.94422704
vt 0.01048268 0.93537307
vt 0.01703635 0.93474883
vt 0.01059070 0.92320400
vt 0.02350295 0.93327749
vt 0.02864231 0.92180997
vt 0.03615035 0.91525745
vt 0.01883912 0.92507821
vt 0.02343446 0.92673612
vt 0.02472750 0.91551524
vt 0.03264089 0.90585458
vt 0.01955589 0.91002852
vt 0.02852107 0.89685297
vt 0.88118410 0.12456506
vt 0.88118422 0.11761767
vt 0.88746047 0.12456506
vt 0.88118422 0.13149172
vt 0.89373702 0.11761767
vt 0.89373696 0.12456506
vt 0.89373696 0.13149172
vt 0.82999885 0.32493031
vt 0.82999885 0.32983565
vt 0.83344585 0.32983565
vt 0.83369118 0.32503939
vt 0.82999873 0.32002497
vt 0.83689290 0.32983565
vt 0.83374023 0.32098532
vt 0.82999885 0.31826246
vt 0.83905125 0.32506132
vt 0.84740317 0.32983565
vt 0.83374023 0.31837451
vt 0.82999873 0.31649995
vt 0.83924752 0.32107264
vt 0.84764844 0.32503945
vt 0.85791343 0.32983565
vt 0.85791343 0.32493031
vt 0.84769762 0.32098532
vt 0.85791332 0.32002497
vt 0.83374023 0.31652546
vt 0.82999885 0.31482089
vt 0.83924752 0.31839693
vt 0.84769756 0.31837463
vt 0.85791343 0.31826264
vt 0.83374023 0.31474817
vt 0.82999873 0.31314170
vt 0.83924752 0.31652784
vt 0.84769756 0.31652558
vt 0.85791332 0.31650019
vt 0.83374023 0.31247616
vt 0.82999885 0.30928421
vt 0.83924752 0.31473362
vt 0.84769756 0.31474829
vt 0.85791343 0.31482100
vt 0.83374023 0.30925310
vt 0.82999873 0.30542672
vt 0.83924752 0.31241566
vt 0.84769762 0.31247622
vt 0.85791332 0.31314182
vt 0.83374023 0.30581832
vt 0.82999885 0.30285084
vt 0.83924752 0.30924690
vt 0.84769762 0.30925322
vt 0.85791349 0.30928433
vt 0.83374023 0.30292648
vt 0.82999873 0.30027491
vt 0.83924752 0.30585396
vt 0.84769773 0.30581838
vt 0.85791343 0.30542684
vt 0.83374023 0.30054897
vt 0.82999885 0.29859591
vt 0.83924752 0.30294156
vt 0.84769773 0.30292654
vt 0.85791349 0.30285090
vt 0.83374023 0.29862934
vt 0.82999873 0.29691672
vt 0.83924752 0.30057383
vt 0.84769773 0.30054903
vt 0.85791343 0.30027491
vt 0.83374023 0.29693711
vt 0.82999885 0.29530418
vt 0.83924752 0.29863608
vt 0.84769768 0.29862928
vt 0.85791349 0.29859591
vt 0.83374023 0.29526544
vt 0.82999873 0.29369152
vt 0.83924752 0.29693902
vt 0.84769773 0.29693711
vt 0.85791343 0.29691684
vt 0.83374023 0.29333049
vt 0.82999885 0.29089737
vt 0.83924752 0.29525769
vt 0.84769773 0.29526550
vt 0.85791349 0.29530424
vt 0.83374023 0.29084325
vt 0.82999873 0.28810322
vt 0.83924752 0.29329765
vt 0.84769773 0.29333055
vt 0.85791343 0.29369152
vt 0.83374023 0.28798825
vt 0.82999885 0.28493267
vt 0.83924752 0.29083252
vt 0.84769773 0.29084337
vt 0.85791349 0.29089749
vt 0.83374029 0.28497374
vt 0.82999873 0.28176212
vt 0.83924752 0.28797781
vt 0.84769773 0.28798831
vt 0.85791343 0.28810334
vt 0.83374035 0.28223819
vt 0.82999885 0.28014964
vt 0.83924752 0.28498197
vt 0.84769773 0.28497374
vt 0.85791349 0.28493273
vt 0.83374035 0.28020144
vt 0.82999873 0.27853715
vt 0.83924758 0.28228152
vt 0.84769779 0.28223825
vt 0.85791343 0.28176212
vt 0.83374035 0.27851725
vt 0.82999885 0.27685976
vt 0.83924764 0.28021181
vt 0.84769773 0.28020149
vt 0.85791349 0.28014964
vt 0.83374035 0.27680969
vt 0.82999873 0.27518231
vt 0.83924758 0.27851546
vt 0.84769773 0.27851737
vt 0.85791343 0.27853715
vt 0.83374035 0.27476180
vt 0.82999885 0.27212858
vt 0.83924764 0.27679968
vt 0.84769773 0.27680969
vt 0.85791349 0.27685976
vt 0.83374035 0.27208030
vt 0.82999873 0.26907480
vt 0.83924758 0.27472353
vt 0.84769773 0.27476180
vt 0.85791343 0.27518231
vt 0.83374035 0.26907039
vt 0.82999885 0.26600659
vt 0.83924764 0.27207065
vt 0.84769773 0.27208024
vt 0.85791349 0.27212858
vt 0.83374035 0.26605433
vt 0.82999873 0.26293826
vt 0.83924758 0.26906997
vt 0.84769779 0.26907039
vt 0.85791343 0.26907480
vt 0.83374035 0.26336324
vt 0.82999885 0.26126075
vt 0.83924764 0.26606393
vt 0.84769773 0.26605427
vt 0.85791349 0.26600659
vt 0.83374035 0.26130617
vt 0.82999873 0.25958329
vt 0.83924758 0.26340187
vt 0.84769779 0.26336324
vt 0.85791343 0.26293826
vt 0.83374035 0.25955737
vt 0.82999885 0.25782084
vt 0.83924764 0.26131523
vt 0.84769773 0.26130623
vt 0.85791349 0.26126087
vt 0.83374035 0.25770867
vt 0.82999873 0.25605822
vt 0.83924758 0.25955504
vt 0.84769773 0.25955737
vt 0.85791343 0.25958341
vt 0.83374035 0.25509763
vt 0.82999885 0.25115180
vt 0.83924764 0.25768626
vt 0.84769773 0.25770879
vt 0.85791349 0.25782084
vt 0.83369124 0.25104260
vt 0.82999885 0.24624538
vt 0.83344615 0.24624538
vt 0.83924758 0.25501025
vt 0.84769779 0.25509763
vt 0.85791343 0.25605822
vt 0.83905143 0.25102079
vt 0.83689326 0.24624532
vt 0.84764868 0.25104260
vt 0.85791349 0.25115180
vt 0.84740341 0.24624538
vt 0.85791355 0.24624538
vt 0.59834397 0.80600828
vt 0.59518611 0.82241517
vt 0.60571706 0.80625933
vt 0.59803104 0.79048139
vt 0.61318237 0.80636424
vt 0.62488222 0.82664448
vt 0.60526711 0.78996283
vt 0.59551311 0.77431351
vt 0.62916958 0.80625683
vt 0.61257780 0.78936964
vt 0.60250461 0.77310508
vt 0.59032720 0.75734228
vt 0.64375687 0.80601406
vt 0.62896097 0.78713441
vt 0.60956264 0.77192152
vt 0.59704524 0.75548607
vt 0.58205110 0.73996425
vt 0.65645874 0.80547655
vt 0.64386344 0.78492320
vt 0.62521130 0.76787037
vt 0.60385615 0.75377876
vt 0.58852208 0.73746926
vt 0.57215559 0.72345471
vt 0.67044711 0.80438775
vt 0.65674692 0.78264648
vt 0.63955736 0.76400888
vt 0.61832720 0.74825853
vt 0.59516621 0.73525470
vt 0.57833457 0.72027457
vt 0.56204110 0.70891678
vt 0.68905687 0.80237257
vt 0.70865214 0.82996505
vt 0.67084336 0.77975935
vt 0.68947589 0.77564645
vt 0.56781250 0.70496917
vt 0.55093360 0.69588614
vt 0.58475256 0.71747339
vt 0.65220183 0.76032764
vt 0.68522185 0.75025803
vt 0.66636080 0.75602287
vt 0.55624002 0.69115466
vt 0.53790307 0.68374425
vt 0.63177389 0.74308020
vt 0.64401078 0.73830938
vt 0.65820777 0.73290360
vt 0.67739236 0.72582179
vt 0.60874772 0.72853816
vt 0.62152201 0.72229636
vt 0.63347197 0.71665400
vt 0.59759051 0.70953196
vt 0.70066917 0.71713549
vt 0.64773858 0.71033567
vt 0.60977370 0.70220900
vt 0.57380402 0.70143205
vt 0.66724861 0.70210099
vt 0.69091028 0.69225174
vt 0.62139934 0.69569749
vt 0.58580387 0.69199628
vt 0.56167507 0.68680751
vt 0.63557124 0.68848765
vt 0.59725434 0.68335879
vt 0.71672279 0.68149722
vt 0.65515637 0.67912817
vt 0.60832149 0.67580771
vt 0.57297939 0.67583972
vt 0.70524395 0.65638965
vt 0.73179322 0.64502656
vt 0.67906266 0.66810185
vt 0.62203217 0.66759074
vt 0.58374006 0.66584802
vt 0.69150728 0.63170850
vt 0.71867073 0.61944401
vt 0.64120746 0.65701455
vt 0.66498280 0.64466101
vt 0.59410846 0.65720767
vt 0.67538399 0.60725647
vt 0.70353603 0.59367037
vt 0.64854920 0.62191969
vt 0.60701746 0.64789104
vt 0.62529278 0.63592041
vt 0.65664667 0.58264685
vt 0.62954670 0.59979188
vt 0.60736239 0.57787216
vt 0.60716707 0.61597848
vt 0.59021896 0.62961823
vt 0.57837260 0.64011395
vt 0.56172740 0.57962596
vt 0.58623928 0.59716350
vt 0.54835898 0.59798604
vt 0.51426369 0.60088503
vt 0.57093847 0.61291909
vt 0.53922665 0.61176103
vt 0.50852579 0.61402547
vt 0.56035447 0.62486243
vt 0.53178120 0.62372470
vt 0.50268865 0.62744910
vt 0.55163491 0.63558334
vt 0.52380723 0.63655621
vt 0.56873876 0.64976519
vt 0.54215831 0.64766365
vt 0.51529348 0.65016735
vt 0.49440777 0.64867955
vt 0.55848616 0.66091067
vt 0.51206261 0.65683699
vt 0.49185473 0.65597117
vt 0.50854033 0.66357487
vt 0.53196955 0.66078597
vt 0.54757529 0.67314583
vt 0.52784616 0.66669977
vt 0.52356815 0.67282367
vt 0.54274130 0.67828619
vt 0.24456553 0.02470076
vt 0.23823227 0.01034504
vt 0.23823178 0.02470076
vt 0.24458387 0.03905654
vt 0.25093544 0.03905648
vt 0.23823227 0.03905648
vt 0.25075230 0.02470076
vt 0.24458393 0.01034504
vt 0.25662765 0.03905654
vt 0.23189721 0.02470076
vt 0.23187891 0.01034504
vt 0.23187891 0.03905654
vt 0.25662082 0.02470082
vt 0.25093555 0.01034504
vt 0.26231980 0.03905654
vt 0.22570919 0.02470076
vt 0.22552547 0.01034504
vt 0.22552547 0.03905648
vt 0.26243448 0.02470076
vt 0.25662771 0.01034504
vt 0.26842478 0.03905654
vt 0.21985088 0.02470076
vt 0.21983334 0.01034498
vt 0.21983334 0.03905654
vt 0.26846480 0.02470082
vt 0.26231980 0.01034504
vt 0.27452973 0.03905654
vt 0.21413270 0.02470076
vt 0.21414119 0.01034492
vt 0.21414119 0.03905648
vt 0.27481517 0.02470082
vt 0.26842478 0.01034504
vt 0.28166223 0.03905654
vt 0.20834371 0.02470076
vt 0.20841841 0.01034498
vt 0.20841841 0.03905654
vt 0.28169072 0.02470082
vt 0.27452973 0.01034504
vt 0.28879464 0.03905654
vt 0.28879467 0.02470082
vt 0.28166223 0.01034504
vt 0.20195720 0.02470076
vt 0.20269559 0.01034498
vt 0.20269559 0.03905648
vt 0.19424069 0.02470076
vt 0.19431455 0.01034498
vt 0.19431455 0.03905654
vt 0.18593349 0.02470076
vt 0.18593347 0.03905654
vt 0.18593347 0.01034498
f 3/3/3 2/2/2 1/1/1
f 2/2/2 4/4/4 1/1/1
f 1/1/1 4/4/4 5/5/5
f 2/2/2 6/6/6 4/4/4
f 4/4/4 7/7/7 5/5/5
f 6/6/6 8/8/8 4/4/4
f 4/4/4 8/8/8 7/7/7
f 6/6/6 9/9/9 8/8/8
f 10/10/10 9/9/9 6/6/6
f 11/11/11 10/10/10 6/6/6
f 8/8/8 12/12/12 7/7/7
f 9/9/9 13/13/13 8/8/8
f 8/8/8 13/13/13 12/12/12
f 10/10/10 14/14/14 9/9/9
f 9/9/9 15/15/15 13/13/13
f 14/14/14 15/15/15 9/9/9
f 13/13/13 16/16/16 12/12/12
f 15/15/15 17/17/17 13/13/13
f 13/13/13 17/17/17 16/16/16
f 16/16/16 18/18/18 12/12/12
f 18/18/18 19/19/19 12/12/12
f 18/18/18 20/20/20 19/19/19
f 20/20/20 21/21/21 19/19/19
f 22/22/22 20/20/20 18/18/18
f 23/23/23 18/18/18 16/16/16
f 23/23/23 22/22/22 18/18/18
f 17/17/17 24/24/24 16/16/16
f 24/24/24 23/23/23 16/16/16
f 25/25/25 14/14/14 10/10/10
f 26/26/26 25/25/25 10/10/10
f 25/25/25 27/27/27 14/14/14
f 26/26/26 10/10/10 11/11/11
f 27/27/27 28/28/28 14/14/14
f 14/14/14 28/28/28 15/15/15
f 15/15/15 29/29/29 17/17/17
f 28/28/28 29/29/29 15/15/15
f 17/17/17 30/30/30 24/24/24
f 29/29/29 30/30/30 17/17/17
f 31/31/31 22/22/22 23/23/23
f 32/32/32 31/31/31 23/23/23
f 32/32/32 23/23/23 24/24/24
f 33/33/33 31/31/31 32/32/32
f 34/34/34 32/32/32 24/24/24
f 30/30/30 34/34/34 24/24/24
f 35/35/35 33/33/33 32/32/32
f 35/35/35 32/32/32 34/34/34
f 28/28/28 36/36/36 29/29/29
f 29/29/29 37/37/37 30/30/30
f 36/36/36 37/37/37 29/29/29
f 30/30/30 38/38/38 34/34/34
f 37/37/37 38/38/38 30/30/30
f 39/39/39 35/35/35 34/34/34
f 38/38/38 39/39/39 34/34/34
f 35/35/35 39/39/39 40/40/40
f 39/39/39 38/38/38 40/40/40
f 38/38/38 37/37/37 41/41/41
f 38/38/38 41/41/41 40/40/40
f 42/42/42 35/35/35 40/40/40
f 43/43/43 35/35/35 42/42/42
f 44/44/44 43/43/43 42/42/42
f 42/42/42 40/40/40 45/45/45
f 40/40/40 41/41/41 45/45/45
f 44/44/44 42/42/42 46/46/46
f 46/46/46 42/42/42 45/45/45
f 47/47/47 44/44/44 46/46/46
f 37/37/37 48/48/48 41/41/41
f 37/37/37 36/36/36 48/48/48
f 41/41/41 49/49/49 45/45/45
f 41/41/41 48/48/48 49/49/49
f 46/46/46 45/45/45 50/50/50
f 45/45/45 49/49/49 50/50/50
f 47/47/47 46/46/46 51/51/51
f 51/51/51 46/46/46 50/50/50
f 36/36/36 52/52/52 48/48/48
f 48/48/48 53/53/53 49/49/49
f 48/48/48 52/52/52 53/53/53
f 49/49/49 54/54/54 50/50/50
f 49/49/49 53/53/53 54/54/54
f 51/51/51 50/50/50 55/55/55
f 50/50/50 54/54/54 55/55/55
f 36/36/36 56/56/56 52/52/52
f 56/56/56 36/36/36 28/28/28
f 27/27/27 56/56/56 28/28/28
f 57/57/57 51/51/51 55/55/55
f 58/58/58 51/51/51 57/57/57
f 58/58/58 47/47/47 51/51/51
f 59/59/59 58/58/58 57/57/57
f 54/54/54 60/60/60 55/55/55
f 55/55/55 60/60/60 61/61/61
f 54/54/54 62/62/62 60/60/60
f 53/53/53 62/62/62 54/54/54
f 52/52/52 63/63/63 53/53/53
f 53/53/53 63/63/63 62/62/62
f 56/56/56 64/64/64 52/52/52
f 52/52/52 64/64/64 63/63/63
f 65/65/65 56/56/56 27/27/27
f 56/56/56 65/65/65 64/64/64
f 66/66/66 65/65/65 27/27/27
f 66/66/66 27/27/27 67/67/67
f 64/64/64 68/68/68 63/63/63
f 63/63/63 68/68/68 69/69/69
f 63/63/63 69/69/69 62/62/62
f 68/68/68 70/70/70 69/69/69
f 62/62/62 71/71/71 60/60/60
f 62/62/62 69/69/69 71/71/71
f 69/69/69 70/70/70 72/72/72
f 69/69/69 72/72/72 71/71/71
f 70/70/70 73/73/73 72/72/72
f 60/60/60 71/71/71 74/74/74
f 71/71/71 75/75/75 74/74/74
f 60/60/60 74/74/74 61/61/61
f 74/74/74 75/75/75 76/76/76
f 75/75/75 77/77/77 76/76/76
f 74/74/74 76/76/76 78/78/78
f 61/61/61 74/74/74 78/78/78
f 79/79/79 72/72/72 73/73/73
f 79/79/79 80/80/80 72/72/72
f 80/80/80 81/81/81 72/72/72
f 80/80/80 82/82/82 81/81/81
f 82/82/82 83/83/83 81/81/81
f 82/82/82 84/84/84 83/83/83
f 84/84/84 85/85/85 83/83/83
f 86/86/86 84/84/84 82/82/82
f 87/87/87 86/86/86 82/82/82
f 87/87/87 82/82/82 80/80/80
f 88/88/88 86/86/86 87/87/87
f 89/89/89 87/87/87 80/80/80
f 89/89/89 80/80/80 79/79/79
f 90/90/90 88/88/88 87/87/87
f 90/90/90 87/87/87 89/89/89
f 91/91/91 88/88/88 90/90/90
f 92/92/92 91/91/91 90/90/90
f 93/93/93 91/91/91 92/92/92
f 94/94/94 90/90/90 89/89/89
f 92/92/92 90/90/90 94/94/94
f 95/95/95 89/89/89 79/79/79
f 94/94/94 89/89/89 96/96/96
f 95/95/95 79/79/79 97/97/97
f 97/97/97 79/79/79 73/73/73
f 98/98/98 95/95/95 97/97/97
f 99/99/99 93/93/93 92/92/92
f 100/100/100 93/93/93 99/99/99
f 101/101/101 92/92/92 94/94/94
f 99/99/99 92/92/92 101/101/101
f 102/102/102 99/99/99 101/101/101
f 103/103/103 94/94/94 96/96/96
f 103/103/103 96/96/96 98/98/98
f 104/104/104 94/94/94 103/103/103
f 105/105/105 100/100/100 99/99/99
f 105/105/105 99/99/99 102/102/102
f 106/106/106 100/100/100 105/105/105
f 107/107/107 105/105/105 102/102/102
f 108/108/108 106/106/106 105/105/105
f 108/108/108 105/105/105 107/107/107
f 109/109/109 106/106/106 108/108/108
f 110/110/110 104/104/104 103/103/103
f 111/111/111 104/104/104 110/110/110
f 112/112/112 108/108/108 107/107/107
f 112/112/112 107/107/107 113/113/113
f 114/114/114 109/109/109 108/108/108
f 114/114/114 108/108/108 112/112/112
f 115/115/115 109/109/109 114/114/114
f 116/116/116 114/114/114 112/112/112
f 116/116/116 112/112/112 117/117/117
f 117/117/117 112/112/112 113/113/113
f 118/118/118 115/115/115 114/114/114
f 118/118/118 114/114/114 116/116/116
f 119/119/119 115/115/115 118/118/118
f 120/120/120 119/119/119 118/118/118
f 120/120/120 118/118/118 121/121/121
f 121/121/121 118/118/118 116/116/116
f 122/122/122 120/120/120 121/121/121
f 122/122/122 121/121/121 123/123/123
f 121/121/121 116/116/116 124/124/124
f 123/123/123 121/121/121 124/124/124
f 125/125/125 122/122/122 123/123/123
f 126/126/126 122/122/122 125/125/125
f 123/123/123 124/124/124 127/127/127
f 128/128/128 123/123/123 127/127/127
f 125/125/125 123/123/123 128/128/128
f 129/129/129 125/125/125 128/128/128
f 130/130/130 126/126/126 125/125/125
f 130/130/130 125/125/125 129/129/129
f 131/131/131 126/126/126 130/130/130
f 132/132/132 131/131/131 130/130/130
f 133/133/133 130/130/130 129/129/129
f 132/132/132 130/130/130 133/133/133
f 134/134/134 132/132/132 133/133/133
f 135/135/135 134/134/134 133/133/133
f 136/136/136 135/135/135 133/133/133
f 137/137/137 135/135/135 136/136/136
f 136/136/136 133/133/133 138/138/138
f 139/139/139 137/137/137 136/136/136
f 140/140/140 136/136/136 138/138/138
f 139/139/139 136/136/136 140/140/140
f 140/140/140 138/138/138 141/141/141
f 142/142/142 139/139/139 140/140/140
f 143/143/143 140/140/140 141/141/141
f 142/142/142 140/140/140 143/143/143
f 143/143/143 141/141/141 144/144/144
f 145/145/145 142/142/142 143/143/143
f 146/146/146 143/143/143 144/144/144
f 145/145/145 143/143/143 146/146/146
f 147/147/147 145/145/145 146/146/146
f 146/146/146 144/144/144 148/148/148
f 147/147/147 146/146/146 149/149/149
f 149/149/149 146/146/146 148/148/148
f 150/150/150 147/147/147 149/149/149
f 150/150/150 149/149/149 151/151/151
f 152/152/152 150/150/150 151/151/151
f 149/149/149 148/148/148 153/153/153
f 151/151/151 149/149/149 153/153/153
f 152/152/152 151/151/151 154/154/154
f 155/155/155 152/152/152 154/154/154
f 151/151/151 153/153/153 156/156/156
f 154/154/154 151/151/151 156/156/156
f 155/155/155 154/154/154 157/157/157
f 158/158/158 155/155/155 157/157/157
f 154/154/154 156/156/156 159/159/159
f 157/157/157 154/154/154 159/159/159
f 157/157/157 159/159/159 160/160/160
f 159/159/159 156/156/156 161/161/161
f 158/158/158 157/157/157 162/162/162
f 162/162/162 157/157/157 160/160/160
f 163/163/163 158/158/158 162/162/162
f 162/162/162 160/160/160 164/164/164
f 163/163/163 162/162/162 165/165/165
f 165/165/165 162/162/162 164/164/164
f 166/166/166 163/163/163 165/165/165
f 165/165/165 164/164/164 167/167/167
f 166/166/166 165/165/165 168/168/168
f 168/168/168 165/165/165 167/167/167
f 169/169/169 166/166/166 168/168/168
f 168/168/168 167/167/167 170/170/170
f 169/169/169 168/168/168 171/171/171
f 171/171/171 168/168/168 170/170/170
f 172/172/172 169/169/169 171/171/171
f 172/172/172 171/171/171 173/173/173
f 174/174/174 172/172/172 173/173/173
f 171/171/171 170/170/170 175/175/175
f 173/173/173 171/171/171 175/175/175
f 174/174/174 173/173/173 176/176/176
f 177/177/177 174/174/174 176/176/176
f 173/173/173 175/175/175 178/178/178
f 176/176/176 173/173/173 178/178/178
f 177/177/177 176/176/176 179/179/179
f 180/180/180 177/177/177 179/179/179
f 176/176/176 178/178/178 181/181/181
f 179/179/179 176/176/176 181/181/181
f 180/180/180 179/179/179 182/182/182
f 183/183/183 180/180/180 182/182/182
f 179/179/179 181/181/181 184/184/184
f 182/182/182 179/179/179 184/184/184
f 183/183/183 182/182/182 185/185/185
f 186/186/186 183/183/183 185/185/185
f 182/182/182 184/184/184 187/187/187
f 185/185/185 182/182/182 187/187/187
f 184/184/184 181/181/181 188/188/188
f 184/184/184 188/188/188 187/187/187
f 186/186/186 185/185/185 189/189/189
f 190/190/190 186/186/186 189/189/189
f 185/185/185 187/187/187 191/191/191
f 189/189/189 185/185/185 191/191/191
f 190/190/190 189/189/189 192/192/192
f 193/193/193 190/190/190 192/192/192
f 193/193/193 192/192/192 194/194/194
f 195/195/195 193/193/193 194/194/194
f 194/194/194 192/192/192 196/196/196
f 192/192/192 197/197/197 196/196/196
f 192/192/192 189/189/189 197/197/197
f 189/189/189 191/191/191 197/197/197
f 187/187/187 198/198/198 191/191/191
f 188/188/188 198/198/198 187/187/187
f 181/181/181 199/199/199 188/188/188
f 181/181/181 178/178/178 199/199/199
f 191/191/191 200/200/200 197/197/197
f 198/198/198 200/200/200 191/191/191
f 188/188/188 201/201/201 198/198/198
f 188/188/188 199/199/199 201/201/201
f 200/200/200 202/202/202 197/197/197
f 197/197/197 202/202/202 203/203/203
f 202/202/202 204/204/204 203/203/203
f 198/198/198 205/205/205 200/200/200
f 201/201/201 205/205/205 198/198/198
f 202/202/202 206/206/206 204/204/204
f 206/206/206 207/207/207 204/204/204
f 200/200/200 208/208/208 202/202/202
f 205/205/205 208/208/208 200/200/200
f 208/208/208 206/206/206 202/202/202
f 208/208/208 205/205/205 206/206/206
f 206/206/206 209/209/209 207/207/207
f 205/205/205 209/209/209 206/206/206
f 205/205/205 201/201/201 209/209/209
f 209/209/209 210/210/210 207/207/207
f 201/201/201 211/211/211 209/209/209
f 209/209/209 211/211/211 210/210/210
f 199/199/199 212/212/212 201/201/201
f 201/201/201 212/212/212 211/211/211
f 199/199/199 213/213/213 212/212/212
f 178/178/178 213/213/213 199/199/199
f 213/213/213 214/214/214 212/212/212
f 212/212/212 215/215/215 211/211/211
f 212/212/212 214/214/214 215/215/215
f 211/211/211 216/216/216 210/210/210
f 211/211/211 215/215/215 216/216/216
f 214/214/214 217/217/217 215/215/215
f 214/214/214 218/218/218 217/217/217
f 218/218/218 178/178/178 219/219/219
f 218/218/218 219/219/219 217/217/217
f 178/178/178 175/175/175 219/219/219
f 217/217/217 219/219/219 220/220/220
f 219/219/219 221/221/221 220/220/220
f 219/219/219 175/175/175 221/221/221
f 175/175/175 222/222/222 221/221/221
f 215/215/215 217/217/217 223/223/223
f 215/215/215 223/223/223 216/216/216
f 217/217/217 220/220/220 223/223/223
f 210/210/210 216/216/216 224/224/224
f 216/216/216 223/223/223 225/225/225
f 216/216/216 225/225/225 224/224/224
f 210/210/210 224/224/224 226/226/226
f 227/227/227 210/210/210 226/226/226
f 226/226/226 224/224/224 228/228/228
f 224/224/224 229/229/229 228/228/228
f 224/224/224 225/225/225 229/229/229
f 228/228/228 229/229/229 230/230/230
f 223/223/223 231/231/231 225/225/225
f 223/223/223 220/220/220 231/231/231
f 229/229/229 232/232/232 230/230/230
f 230/230/230 232/232/232 233/233/233
f 225/225/225 234/234/234 229/229/229
f 225/225/225 231/231/231 234/234/234
f 229/229/229 234/234/234 232/232/232
f 232/232/232 235/235/235 233/233/233
f 233/233/233 235/235/235 236/236/236
f 234/234/234 237/237/237 232/232/232
f 232/232/232 237/237/237 235/235/235
f 237/237/237 238/238/238 235/235/235
f 235/235/235 239/239/239 236/236/236
f 235/235/235 238/238/238 239/239/239
f 236/236/236 239/239/239 240/240/240
f 231/231/231 241/241/241 234/234/234
f 234/234/234 241/241/241 242/242/242
f 239/239/239 243/243/243 240/240/240
f 240/240/240 243/243/243 244/244/244
f 242/242/242 245/245/245 238/238/238
f 241/241/241 245/245/245 242/242/242
f 231/231/231 246/246/246 241/241/241
f 220/220/220 246/246/246 231/231/231
f 238/238/238 247/247/247 239/239/239
f 239/239/239 247/247/247 243/243/243
f 243/243/243 248/248/248 244/244/244
f 244/244/244 248/248/248 249/249/249
f 245/245/245 250/250/250 238/238/238
f 238/238/238 250/250/250 247/247/247
f 241/241/241 251/251/251 245/245/245
f 246/246/246 251/251/251 241/241/241
f 247/247/247 252/252/252 243/243/243
f 243/243/243 252/252/252 248/248/248
f 245/245/245 253/253/253 250/250/250
f 251/251/251 253/253/253 245/245/245
f 250/250/250 254/254/254 247/247/247
f 247/247/247 254/254/254 252/252/252
f 253/253/253 255/255/255 250/250/250
f 250/250/250 255/255/255 254/254/254
f 248/248/248 256/256/256 249/249/249
f 252/252/252 257/257/257 248/248/248
f 248/248/248 257/257/257 256/256/256
f 254/254/254 258/258/258 252/252/252
f 252/252/252 258/258/258 257/257/257
f 255/255/255 259/259/259 254/254/254
f 254/254/254 259/259/259 258/258/258
f 256/256/256 260/260/260 249/249/249
f 260/260/260 261/261/261 249/249/249
f 260/260/260 262/262/262 261/261/261
f 262/262/262 263/263/263 261/261/261
f 262/262/262 264/264/264 263/263/263
f 264/264/264 265/265/265 263/263/263
f 264/264/264 266/266/266 265/265/265
f 266/266/266 267/267/267 265/265/265
f 268/268/268 267/267/267 266/266/266
f 269/269/269 268/268/268 266/266/266
f 270/270/270 268/268/268 269/269/269
f 271/271/271 266/266/266 264/264/264
f 269/269/269 266/266/266 271/271/271
f 272/272/272 271/271/271 264/264/264
f 272/272/272 264/264/264 262/262/262
f 273/273/273 269/269/269 271/271/271
f 274/274/274 270/270/270 269/269/269
f 274/274/274 269/269/269 273/273/273
f 275/275/275 270/270/270 274/274/274
f 276/276/276 274/274/274 273/273/273
f 277/277/277 275/275/275 274/274/274
f 277/277/277 274/274/274 276/276/276
f 278/278/278 275/275/275 277/277/277
f 279/279/279 278/278/278 277/277/277
f 280/280/280 277/277/277 276/276/276
f 279/279/279 277/277/277 280/280/280
f 281/281/281 279/279/279 280/280/280
f 280/280/280 282/282/282 281/281/281
f 282/282/282 283/283/283 281/281/281
f 282/282/282 284/284/284 283/283/283
f 285/285/285 284/284/284 282/282/282
f 284/284/284 286/286/286 283/283/283
f 287/287/287 282/282/282 280/280/280
f 287/287/287 285/285/285 282/282/282
f 288/288/288 287/287/287 280/280/280
f 287/287/287 288/288/288 289/289/289
f 290/290/290 287/287/287 289/289/289
f 285/285/285 287/287/287 290/290/290
f 290/290/290 289/289/289 291/291/291
f 292/292/292 290/290/290 291/291/291
f 292/292/292 291/291/291 272/272/272
f 293/293/293 285/285/285 290/290/290
f 293/293/293 290/290/290 292/292/292
f 294/294/294 292/292/292 272/272/272
f 295/295/295 293/293/293 292/292/292
f 295/295/295 292/292/292 294/294/294
f 294/294/294 272/272/272 296/296/296
f 296/296/296 272/272/272 262/262/262
f 296/296/296 262/262/262 260/260/260
f 297/297/297 296/296/296 260/260/260
f 297/297/297 260/260/260 256/256/256
f 298/298/298 294/294/294 296/296/296
f 298/298/298 296/296/296 297/297/297
f 299/299/299 297/297/297 256/256/256
f 257/257/257 299/299/299 256/256/256
f 300/300/300 295/295/295 294/294/294
f 300/300/300 294/294/294 298/298/298
f 301/301/301 298/298/298 297/297/297
f 301/301/301 297/297/297 299/299/299
f 257/257/257 302/302/302 299/299/299
f 258/258/258 302/302/302 257/257/257
f 303/303/303 300/300/300 298/298/298
f 303/303/303 298/298/298 301/301/301
f 304/304/304 301/301/301 299/299/299
f 302/302/302 304/304/304 299/299/299
f 258/258/258 305/305/305 302/302/302
f 259/259/259 305/305/305 258/258/258
f 302/302/302 306/306/306 304/304/304
f 305/305/305 306/306/306 302/302/302
f 306/306/306 307/307/307 304/304/304
f 308/308/308 301/301/301 304/304/304
f 308/308/308 303/303/303 301/301/301
f 307/307/307 308/308/308 304/304/304
f 300/300/300 303/303/303 309/309/309
f 303/303/303 308/308/308 310/310/310
f 309/309/309 303/303/303 310/310/310
f 308/308/308 307/307/307 311/311/311
f 310/310/310 308/308/308 311/311/311
f 312/312/312 300/300/300 309/309/309
f 295/295/295 300/300/300 312/312/312
f 313/313/313 311/311/311 307/307/307
f 314/314/314 313/313/313 307/307/307
f 305/305/305 315/315/315 314/314/314
f 315/315/315 313/313/313 314/314/314
f 316/316/316 295/295/295 312/312/312
f 295/295/295 316/316/316 293/293/293
f 317/317/317 315/315/315 305/305/305
f 259/259/259 317/317/317 305/305/305
f 316/316/316 318/318/318 293/293/293
f 293/293/293 318/318/318 285/285/285
f 319/319/319 317/317/317 259/259/259
f 255/255/255 319/319/319 259/259/259
f 320/320/320 319/319/319 255/255/255
f 253/253/253 320/320/320 255/255/255
f 321/321/321 320/320/320 253/253/253
f 251/251/251 321/321/321 253/253/253
f 322/322/322 321/321/321 251/251/251
f 246/246/246 322/322/322 251/251/251
f 323/323/323 322/322/322 246/246/246
f 220/220/220 323/323/323 246/246/246
f 319/319/319 324/324/324 317/317/317
f 320/320/320 325/325/325 319/319/319
f 325/325/325 324/324/324 319/319/319
f 321/321/321 326/326/326 320/320/320
f 326/326/326 325/325/325 320/320/320
f 322/322/322 327/327/327 321/321/321
f 327/327/327 326/326/326 321/321/321
f 323/323/323 328/328/328 322/322/322
f 328/328/328 327/327/327 322/322/322
f 324/324/324 329/329/329 317/317/317
f 317/317/317 329/329/329 315/315/315
f 329/329/329 98/98/98 315/315/315
f 315/315/315 98/98/98 313/313/313
f 329/329/329 103/103/103 98/98/98
f 98/98/98 97/97/97 313/313/313
f 313/313/313 97/97/97 311/311/311
f 110/110/110 103/103/103 329/329/329
f 324/324/324 110/110/110 329/329/329
f 97/97/97 73/73/73 311/311/311
f 310/310/310 311/311/311 73/73/73
f 330/330/330 110/110/110 324/324/324
f 330/330/330 111/111/111 110/110/110
f 331/331/331 111/111/111 330/330/330
f 325/325/325 330/330/330 324/324/324
f 113/113/113 331/331/331 330/330/330
f 113/113/113 330/330/330 325/325/325
f 326/326/326 113/113/113 325/325/325
f 117/117/117 113/113/113 326/326/326
f 327/327/327 117/117/117 326/326/326
f 332/332/332 310/310/310 73/73/73
f 332/332/332 73/73/73 333/333/333
f 309/309/309 310/310/310 332/332/332
f 334/334/334 117/117/117 327/327/327
f 328/328/328 334/334/334 327/327/327
f 334/334/334 116/116/116 117/117/117
f 335/335/335 332/332/332 333/333/333
f 335/335/335 333/333/333 336/336/336
f 337/337/337 309/309/309 332/332/332
f 337/337/337 332/332/332 335/335/335
f 312/312/312 309/309/309 337/337/337
f 338/338/338 312/312/312 337/337/337
f 316/316/316 312/312/312 338/338/338
f 339/339/339 316/316/316 338/338/338
f 316/316/316 339/339/339 318/318/318
f 339/339/339 340/340/340 318/318/318
f 339/339/339 341/341/341 340/340/340
f 318/318/318 340/340/340 342/342/342
f 318/318/318 342/342/342 285/285/285
f 342/342/342 343/343/343 285/285/285
f 343/343/343 344/344/344 285/285/285
f 343/343/343 345/345/345 344/344/344
f 345/345/345 346/346/346 344/344/344
f 347/347/347 345/345/345 343/343/343
f 348/348/348 343/343/343 342/342/342
f 348/348/348 347/347/347 343/343/343
f 340/340/340 349/349/349 342/342/342
f 349/349/349 348/348/348 342/342/342
f 348/348/348 350/350/350 347/347/347
f 350/350/350 351/351/351 347/347/347
f 340/340/340 352/352/352 349/349/349
f 341/341/341 352/352/352 340/340/340
f 349/349/349 353/353/353 348/348/348
f 353/353/353 350/350/350 348/348/348
f 352/352/352 353/353/353 349/349/349
f 350/350/350 354/354/354 351/351/351
f 354/354/354 355/355/355 351/351/351
f 353/353/353 356/356/356 350/350/350
f 356/356/356 354/354/354 350/350/350
f 357/357/357 356/356/356 353/353/353
f 352/352/352 357/357/357 353/353/353
f 356/356/356 357/357/357 354/354/354
f 354/354/354 358/358/358 355/355/355
f 357/357/357 358/358/358 354/354/354
f 358/358/358 359/359/359 355/355/355
f 360/360/360 357/357/357 352/352/352
f 357/357/357 360/360/360 358/358/358
f 341/341/341 360/360/360 352/352/352
f 358/358/358 361/361/361 359/359/359
f 360/360/360 361/361/361 358/358/358
f 361/361/361 362/362/362 359/359/359
f 364/364/364 363/363/363 341/341/341
f 363/363/363 365/365/365 341/341/341
f 341/341/341 365/365/365 366/366/366
f 363/363/363 337/337/337 365/365/365
f 365/365/365 367/367/367 366/366/366
f 368/368/368 360/360/360 367/367/367
f 362/362/362 368/368/368 369/369/369
f 369/369/369 368/368/368 367/367/367
f 370/370/370 362/362/362 369/369/369
f 337/337/337 371/371/371 365/365/365
f 365/365/365 371/371/371 367/367/367
f 371/371/371 337/337/337 335/335/335
f 369/369/369 367/367/367 372/372/372
f 371/371/371 372/372/372 367/367/367
f 370/370/370 369/369/369 373/373/373
f 373/373/373 369/369/369 372/372/372
f 374/374/374 370/370/370 373/373/373
f 371/371/371 335/335/335 375/375/375
f 372/372/372 371/371/371 375/375/375
f 373/373/373 372/372/372 375/375/375
f 375/375/375 335/335/335 336/336/336
f 374/374/374 373/373/373 376/376/376
f 376/376/376 373/373/373 375/375/375
f 376/376/376 375/375/375 336/336/336
f 64/64/64 376/376/376 336/336/336
f 65/65/65 374/374/374 376/376/376
f 65/65/65 376/376/376 64/64/64
f 377/377/377 65/65/65 66/66/66
f 378/378/378 377/377/377 66/66/66
f 379/379/379 377/377/377 378/378/378
f 378/378/378 66/66/66 380/380/380
f 380/380/380 66/66/66 67/67/67
f 381/381/381 379/379/379 378/378/378
f 382/382/382 379/379/379 381/381/381
f 383/383/383 382/382/382 381/381/381
f 381/381/381 378/378/378 384/384/384
f 384/384/384 378/378/378 380/380/380
f 383/383/383 381/381/381 385/385/385
f 385/385/385 381/381/381 384/384/384
f 386/386/386 383/383/383 385/385/385
f 387/387/387 380/380/380 67/67/67
f 26/26/26 387/387/387 67/67/67
f 388/388/388 384/384/384 380/380/380
f 384/384/384 388/388/388 385/385/385
f 387/387/387 388/388/388 380/380/380
f 388/388/388 389/389/389 385/385/385
f 385/385/385 389/389/389 390/390/390
f 389/389/389 391/391/391 390/390/390
f 392/392/392 388/388/388 387/387/387
f 388/388/388 392/392/392 389/389/389
f 393/393/393 387/387/387 26/26/26
f 393/393/393 392/392/392 387/387/387
f 389/389/389 394/394/394 391/391/391
f 392/392/392 394/394/394 389/389/389
f 394/394/394 395/395/395 391/391/391
f 396/396/396 393/393/393 26/26/26
f 396/396/396 26/26/26 11/11/11
f 397/397/397 392/392/392 393/393/393
f 398/398/398 393/393/393 396/396/396
f 398/398/398 397/397/397 393/393/393
f 397/397/397 399/399/399 392/392/392
f 399/399/399 400/400/400 392/392/392
f 399/399/399 401/401/401 400/400/400
f 401/401/401 402/402/402 400/400/400
f 391/391/391 402/402/402 403/403/403
f 402/402/402 401/401/401 404/404/404
f 403/403/403 402/402/402 404/404/404
f 405/405/405 391/391/391 403/403/403
f 386/386/386 391/391/391 405/405/405
f 406/406/406 399/399/399 397/397/397
f 407/407/407 401/401/401 399/399/399
f 406/406/406 407/407/407 399/399/399
f 408/408/408 397/397/397 398/398/398
f 408/408/408 406/406/406 397/397/397
f 404/404/404 401/401/401 409/409/409
f 401/401/401 407/407/407 409/409/409
f 403/403/403 404/404/404 410/410/410
f 405/405/405 403/403/403 411/411/411
f 411/411/411 403/403/403 410/410/410
f 404/404/404 409/409/409 412/412/412
f 410/410/410 404/404/404 412/412/412
f 413/413/413 386/386/386 405/405/405
f 414/414/414 405/405/405 411/411/411
f 413/413/413 405/405/405 414/414/414
f 415/415/415 411/411/411 410/410/410
f 414/414/414 411/411/411 415/415/415
f 416/416/416 410/410/410 412/412/412
f 416/416/416 415/415/415 410/410/410
f 386/386/386 413/413/413 417/417/417
f 418/418/418 386/386/386 417/417/417
f 418/418/418 417/417/417 419/419/419
f 382/382/382 418/418/418 419/419/419
f 419/419/419 417/417/417 420/420/420
f 417/417/417 421/421/421 420/420/420
f 417/417/417 413/413/413 421/421/421
f 420/420/420 421/421/421 422/422/422
f 423/423/423 413/413/413 414/414/414
f 413/413/413 423/423/423 421/421/421
f 421/421/421 424/424/424 422/422/422
f 421/421/421 423/423/423 424/424/424
f 423/423/423 414/414/414 424/424/424
f 424/424/424 414/414/414 415/415/415
f 422/422/422 424/424/424 425/425/425
f 424/424/424 415/415/415 425/425/425
f 425/425/425 415/415/415 416/416/416
f 426/426/426 425/425/425 416/416/416
f 426/426/426 416/416/416 427/427/427
f 428/428/428 426/426/426 427/427/427
f 427/427/427 416/416/416 412/412/412
f 412/412/412 409/409/409 429/429/429
f 430/430/430 412/412/412 429/429/429
f 429/429/429 409/409/409 431/431/431
f 409/409/409 407/407/407 431/431/431
f 431/431/431 407/407/407 432/432/432
f 407/407/407 406/406/406 432/432/432
f 432/432/432 406/406/406 433/433/433
f 406/406/406 408/408/408 433/433/433
f 429/429/429 431/431/431 434/434/434
f 435/435/435 429/429/429 434/434/434
f 430/430/430 429/429/429 435/435/435
f 434/434/434 431/431/431 436/436/436
f 431/431/431 432/432/432 436/436/436
f 437/437/437 430/430/430 435/435/435
f 430/430/430 437/437/437 438/438/438
f 432/432/432 433/433/433 439/439/439
f 436/436/436 432/432/432 439/439/439
f 440/440/440 430/430/430 438/438/438
f 441/441/441 430/430/430 440/440/440
f 442/442/442 441/441/441 440/440/440
f 442/442/442 440/440/440 443/443/443
f 444/444/444 442/442/442 443/443/443
f 443/443/443 440/440/440 445/445/445
f 440/440/440 438/438/438 445/445/445
f 446/446/446 445/445/445 438/438/438
f 447/447/447 446/446/446 438/438/438
f 448/448/448 446/446/446 447/447/447
f 447/447/447 438/438/438 449/449/449
f 450/450/450 448/448/448 447/447/447
f 451/451/451 447/447/447 449/449/449
f 450/450/450 447/447/447 451/451/451
f 451/451/451 449/449/449 452/452/452
f 453/453/453 450/450/450 451/451/451
f 454/454/454 451/451/451 452/452/452
f 453/453/453 451/451/451 454/454/454
f 455/455/455 453/453/453 454/454/454
f 454/454/454 452/452/452 456/456/456
f 455/455/455 454/454/454 457/457/457
f 457/457/457 454/454/454 456/456/456
f 458/458/458 455/455/455 457/457/457
f 456/456/456 436/436/436 459/459/459
f 460/460/460 456/456/456 459/459/459
f 460/460/460 459/459/459 461/461/461
f 462/462/462 460/460/460 461/461/461
f 461/461/461 459/459/459 463/463/463
f 459/459/459 436/436/436 464/464/464
f 459/459/459 464/464/464 463/463/463
f 463/463/463 464/464/464 465/465/465
f 436/436/436 439/439/439 464/464/464
f 464/464/464 466/466/466 465/465/465
f 464/464/464 439/439/439 466/466/466
f 465/465/465 466/466/466 467/467/467
f 439/439/439 468/468/468 466/466/466
f 439/439/439 433/433/433 468/468/468
f 466/466/466 469/469/469 467/467/467
f 466/466/466 468/468/468 469/469/469
f 433/433/433 470/470/470 468/468/468
f 433/433/433 408/408/408 470/470/470
f 469/469/469 471/471/471 467/467/467
f 471/471/471 472/472/472 467/467/467
f 468/468/468 473/473/473 469/469/469
f 468/468/468 470/470/470 473/473/473
f 408/408/408 474/474/474 470/470/470
f 474/474/474 408/408/408 398/398/398
f 471/471/471 475/475/475 472/472/472
f 475/475/475 476/476/476 472/472/472
f 477/477/477 471/471/471 469/469/469
f 473/473/473 477/477/477 469/469/469
f 470/470/470 478/478/478 473/473/473
f 470/470/470 474/474/474 478/478/478
f 474/474/474 398/398/398 479/479/479
f 479/479/479 398/398/398 396/396/396
f 475/475/475 480/480/480 476/476/476
f 480/480/480 481/481/481 476/476/476
f 482/482/482 475/475/475 471/471/471
f 477/477/477 482/482/482 471/471/471
f 483/483/483 477/477/477 473/473/473
f 478/478/478 483/483/483 473/473/473
f 474/474/474 484/484/484 478/478/478
f 484/484/484 474/474/474 479/479/479
f 484/484/484 485/485/485 478/478/478
f 485/485/485 483/483/483 478/478/478
f 485/485/485 486/486/486 483/483/483
f 483/483/483 487/487/487 477/477/477
f 487/487/487 482/482/482 477/477/477
f 486/486/486 487/487/487 483/483/483
f 482/482/482 488/488/488 475/475/475
f 488/488/488 480/480/480 475/475/475
f 480/480/480 489/489/489 481/481/481
f 489/489/489 490/490/490 481/481/481
f 479/479/479 491/491/491 484/484/484
f 491/491/491 492/492/492 484/484/484
f 487/487/487 493/493/493 482/482/482
f 493/493/493 488/488/488 482/482/482
f 488/488/488 494/494/494 480/480/480
f 494/494/494 489/489/489 480/480/480
f 489/489/489 495/495/495 490/490/490
f 495/495/495 496/496/496 490/490/490
f 494/494/494 497/497/497 489/489/489
f 497/497/497 495/495/495 489/489/489
f 497/497/497 498/498/498 495/495/495
f 495/495/495 499/499/499 496/496/496
f 498/498/498 499/499/499 495/495/495
f 499/499/499 500/500/500 496/496/496
f 501/501/501 494/494/494 488/488/488
f 493/493/493 501/501/501 488/488/488
f 502/502/502 493/493/493 487/487/487
f 486/486/486 502/502/502 487/487/487
f 499/499/499 503/503/503 500/500/500
f 503/503/503 504/504/504 500/500/500
f 498/498/498 505/505/505 499/499/499
f 505/505/505 503/503/503 499/499/499
f 503/503/503 506/506/506 504/504/504
f 506/506/506 507/507/507 504/504/504
f 501/501/501 508/508/508 494/494/494
f 508/508/508 509/509/509 494/494/494
f 510/510/510 501/501/501 493/493/493
f 502/502/502 510/510/510 493/493/493
f 511/511/511 498/498/498 509/509/509
f 508/508/508 511/511/511 509/509/509
f 512/512/512 508/508/508 501/501/501
f 510/510/510 512/512/512 501/501/501
f 513/513/513 505/505/505 498/498/498
f 511/511/511 513/513/513 498/498/498
f 505/505/505 514/514/514 503/503/503
f 514/514/514 506/506/506 503/503/503
f 515/515/515 511/511/511 508/508/508
f 512/512/512 515/515/515 508/508/508
f 516/516/516 513/513/513 511/511/511
f 515/515/515 516/516/516 511/511/511
f 516/516/516 517/517/517 513/513/513
f 517/517/517 518/518/518 513/513/513
f 513/513/513 518/518/518 505/505/505
f 518/518/518 514/514/514 505/505/505
f 519/519/519 512/512/512 510/510/510
f 520/520/520 515/515/515 512/512/512
f 519/519/519 520/520/520 512/512/512
f 521/521/521 516/516/516 515/515/515
f 520/520/520 521/521/521 515/515/515
f 522/522/522 517/517/517 516/516/516
f 521/521/521 522/522/522 516/516/516
f 523/523/523 519/519/519 510/510/510
f 523/523/523 510/510/510 502/502/502
f 524/524/524 523/523/523 502/502/502
f 524/524/524 502/502/502 486/486/486
f 525/525/525 524/524/524 486/486/486
f 525/525/525 486/486/486 492/492/492
f 491/491/491 525/525/525 492/492/492
f 526/526/526 521/521/521 520/520/520
f 527/527/527 520/520/520 519/519/519
f 527/527/527 526/526/526 520/520/520
f 528/528/528 519/519/519 523/523/523
f 528/528/528 527/527/527 519/519/519
f 529/529/529 523/523/523 524/524/524
f 529/529/529 528/528/528 523/523/523
f 530/530/530 524/524/524 525/525/525
f 530/530/530 529/529/529 524/524/524
f 531/531/531 525/525/525 491/491/491
f 531/531/531 530/530/530 525/525/525
f 526/526/526 532/532/532 521/521/521
f 532/532/532 522/522/522 521/521/521
f 533/533/533 531/531/531 491/491/491
f 533/533/533 491/491/491 479/479/479
f 396/396/396 533/533/533 479/479/479
f 534/534/534 533/533/533 396/396/396
f 11/11/11 534/534/534 396/396/396
f 535/535/535 531/531/531 533/533/533
f 534/534/534 535/535/535 533/533/533
f 536/536/536 535/535/535 534/534/534
f 537/537/537 534/534/534 11/11/11
f 537/537/537 536/536/536 534/534/534
f 538/538/538 537/537/537 11/11/11
f 539/539/539 530/530/530 531/531/531
f 540/540/540 539/539/539 531/531/531
f 541/541/541 537/537/537 538/538/538
f 542/542/542 541/541/541 538/538/538
f 543/543/543 541/541/541 542/542/542
f 544/544/544 543/543/543 542/542/542
f 543/543/543 545/545/545 541/541/541
f 541/541/541 546/546/546 537/537/537
f 545/545/545 546/546/546 541/541/541
f 546/546/546 536/536/536 537/537/537
f 545/545/545 547/547/547 546/546/546
f 547/547/547 548/548/548 546/546/546
f 546/546/546 548/548/548 536/536/536
f 547/547/547 549/549/549 548/548/548
f 536/536/536 550/550/550 540/540/540
f 548/548/548 550/550/550 536/536/536
f 550/550/550 539/539/539 540/540/540
f 549/549/549 551/551/551 548/548/548
f 548/548/548 551/551/551 550/550/550
f 549/549/549 552/552/552 551/551/551
f 550/550/550 553/553/553 539/539/539
f 551/551/551 554/554/554 550/550/550
f 552/552/552 555/555/555 551/551/551
f 551/551/551 555/555/555 554/554/554
f 552/552/552 556/556/556 555/555/555
f 555/555/555 557/557/557 554/554/554
f 553/553/553 558/558/558 539/539/539
f 539/539/539 558/558/558 530/530/530
f 553/553/553 559/559/559 558/558/558
f 558/558/558 529/529/529 530/530/530
f 556/556/556 560/560/560 555/555/555
f 555/555/555 560/560/560 557/557/557
f 556/556/556 561/561/561 560/560/560
f 560/560/560 562/562/562 557/557/557
f 559/559/559 563/563/563 558/558/558
f 558/558/558 563/563/563 529/529/529
f 559/559/559 564/564/564 563/563/563
f 563/563/563 528/528/528 529/529/529
f 564/564/564 565/565/565 563/563/563
f 563/563/563 565/565/565 528/528/528
f 565/565/565 527/527/527 528/528/528
f 561/561/561 566/566/566 560/560/560
f 560/560/560 566/566/566 562/562/562
f 561/561/561 567/567/567 566/566/566
f 565/565/565 568/568/568 527/527/527
f 568/568/568 526/526/526 527/527/527
f 562/562/562 569/569/569 565/565/565
f 566/566/566 569/569/569 562/562/562
f 569/569/569 568/568/568 565/565/565
f 569/569/569 570/570/570 568/568/568
f 570/570/570 571/571/571 568/568/568
f 568/568/568 571/571/571 526/526/526
f 571/571/571 532/532/532 526/526/526
f 567/567/567 572/572/572 566/566/566
f 566/566/566 572/572/572 569/569/569
f 572/572/572 570/570/570 569/569/569
f 567/567/567 573/573/573 572/572/572
f 573/573/573 574/574/574 572/572/572
f 572/572/572 574/574/574 570/570/570
f 573/573/573 575/575/575 574/574/574
f 575/575/575 576/576/576 574/574/574
f 574/574/574 576/576/576 577/577/577
f 574/574/574 577/577/577 570/570/570
f 576/576/576 578/578/578 577/577/577
f 571/571/571 579/579/579 532/532/532
f 570/570/570 580/580/580 571/571/571
f 580/580/580 579/579/579 571/571/571
f 579/579/579 581/581/581 532/532/532
f 532/532/532 581/581/581 522/522/522
f 581/581/581 582/582/582 522/522/522
f 522/522/522 582/582/582 517/517/517
f 570/570/570 577/577/577 583/583/583
f 577/577/577 578/578/578 584/584/584
f 577/577/577 584/584/584 583/583/583
f 585/585/585 580/580/580 570/570/570
f 583/583/583 585/585/585 570/570/570
f 583/583/583 584/584/584 586/586/586
f 584/584/584 587/587/587 586/586/586
f 578/578/578 588/588/588 584/584/584
f 584/584/584 588/588/588 587/587/587
f 578/578/578 589/589/589 588/588/588
f 588/588/588 590/590/590 587/587/587
f 589/589/589 591/591/591 588/588/588
f 588/588/588 591/591/591 590/590/590
f 589/589/589 592/592/592 591/591/591
f 591/591/591 593/593/593 590/590/590
f 592/592/592 594/594/594 591/591/591
f 591/591/591 594/594/594 593/593/593
f 594/594/594 595/595/595 593/593/593
f 596/596/596 585/585/585 583/583/583
f 597/597/597 596/596/596 583/583/583
f 596/596/596 598/598/598 585/585/585
f 598/598/598 599/599/599 585/585/585
f 585/585/585 599/599/599 580/580/580
f 599/599/599 600/600/600 580/580/580
f 580/580/580 600/600/600 579/579/579
f 600/600/600 601/601/601 579/579/579
f 579/579/579 601/601/601 581/581/581
f 600/600/600 602/602/602 601/601/601
f 601/601/601 603/603/603 581/581/581
f 581/581/581 603/603/603 582/582/582
f 602/602/602 604/604/604 601/601/601
f 601/601/601 604/604/604 603/603/603
f 602/602/602 598/598/598 604/604/604
f 603/603/603 605/605/605 582/582/582
f 604/604/604 606/606/606 603/603/603
f 598/598/598 607/607/607 604/604/604
f 604/604/604 607/607/607 606/606/606
f 582/582/582 605/605/605 608/608/608
f 582/582/582 608/608/608 517/517/517
f 598/598/598 609/609/609 607/607/607
f 610/610/610 609/609/609 598/598/598
f 596/596/596 610/610/610 598/598/598
f 611/611/611 610/610/610 596/596/596
f 612/612/612 611/611/611 596/596/596
f 613/613/613 611/611/611 612/612/612
f 614/614/614 613/613/613 612/612/612
f 615/615/615 613/613/613 614/614/614
f 616/616/616 615/615/615 614/614/614
f 617/617/617 615/615/615 616/616/616
f 618/618/618 617/617/617 616/616/616
f 619/619/619 617/617/617 618/618/618
f 620/620/620 619/619/619 618/618/618
f 619/619/619 621/621/621 617/617/617
f 621/621/621 622/622/622 617/617/617
f 617/617/617 622/622/622 615/615/615
f 622/622/622 623/623/623 615/615/615
f 615/615/615 623/623/623 613/613/613
f 623/623/623 624/624/624 613/613/613
f 613/613/613 624/624/624 611/611/611
f 624/624/624 625/625/625 611/611/611
f 611/611/611 625/625/625 610/610/610
f 625/625/625 626/626/626 610/610/610
f 610/610/610 626/626/626 609/609/609
f 626/626/626 627/627/627 609/609/609
f 609/609/609 627/627/627 628/628/628
f 609/609/609 628/628/628 607/607/607
f 627/627/627 629/629/629 628/628/628
f 607/607/607 628/628/628 630/630/630
f 607/607/607 630/630/630 606/606/606
f 628/628/628 629/629/629 631/631/631
f 628/628/628 631/631/631 630/630/630
f 629/629/629 632/632/632 631/631/631
f 630/630/630 631/631/631 633/633/633
f 606/606/606 634/634/634 633/633/633
f 631/631/631 632/632/632 635/635/635
f 631/631/631 635/635/635 633/633/633
f 632/632/632 636/636/636 635/635/635
f 637/637/637 606/606/606 633/633/633
f 638/638/638 606/606/606 637/637/637
f 605/605/605 638/638/638 637/637/637
f 633/633/633 635/635/635 639/639/639
f 637/637/637 633/633/633 639/639/639
f 635/635/635 636/636/636 640/640/640
f 635/635/635 640/640/640 639/639/639
f 636/636/636 641/641/641 640/640/640
f 605/605/605 637/637/637 642/642/642
f 642/642/642 637/637/637 639/639/639
f 639/639/639 640/640/640 643/643/643
f 642/642/642 639/639/639 644/644/644
f 640/640/640 641/641/641 645/645/645
f 640/640/640 645/645/645 643/643/643
f 641/641/641 646/646/646 645/645/645
f 643/643/643 645/645/645 647/647/647
f 645/645/645 646/646/646 648/648/648
f 645/645/645 648/648/648 647/647/647
f 646/646/646 649/649/649 648/648/648
f 650/650/650 605/605/605 642/642/642
f 605/605/605 650/650/650 608/608/608
f 651/651/651 642/642/642 644/644/644
f 650/650/650 642/642/642 651/651/651
f 651/651/651 644/644/644 647/647/647
f 608/608/608 650/650/650 651/651/651
f 652/652/652 651/651/651 647/647/647
f 608/608/608 651/651/651 652/652/652
f 647/647/647 648/648/648 653/653/653
f 654/654/654 653/653/653 652/652/652
f 517/517/517 608/608/608 652/652/652
f 648/648/648 649/649/649 655/655/655
f 648/648/648 655/655/655 653/653/653
f 649/649/649 656/656/656 655/655/655
f 652/652/652 657/657/657 517/517/517
f 653/653/653 657/657/657 652/652/652
f 653/653/653 655/655/655 658/658/658
f 653/653/653 658/658/658 657/657/657
f 655/655/655 656/656/656 659/659/659
f 655/655/655 659/659/659 658/658/658
f 656/656/656 660/660/660 659/659/659
f 657/657/657 661/661/661 517/517/517
f 517/517/517 661/661/661 518/518/518
f 658/658/658 662/662/662 657/657/657
f 657/657/657 662/662/662 661/661/661
f 662/662/662 663/663/663 661/661/661
f 661/661/661 664/664/664 518/518/518
f 661/661/661 663/663/663 664/664/664
f 518/518/518 664/664/664 514/514/514
f 659/659/659 660/660/660 665/665/665
f 660/660/660 666/666/666 665/665/665
f 658/658/658 659/659/659 667/667/667
f 659/659/659 665/665/665 667/667/667
f 663/663/663 668/668/668 664/664/664
f 663/663/663 669/669/669 668/668/668
f 664/664/664 670/670/670 514/514/514
f 664/664/664 668/668/668 670/670/670
f 514/514/514 670/670/670 506/506/506
f 669/669/669 658/658/658 671/671/671
f 669/669/669 671/671/671 668/668/668
f 658/658/658 667/667/667 671/671/671
f 665/665/665 666/666/666 672/672/672
f 666/666/666 673/673/673 672/672/672
f 670/670/670 674/674/674 506/506/506
f 506/506/506 674/674/674 675/675/675
f 668/668/668 676/676/676 670/670/670
f 668/668/668 671/671/671 676/676/676
f 670/670/670 676/676/676 674/674/674
f 671/671/671 667/667/667 677/677/677
f 671/671/671 677/677/677 676/676/676
f 667/667/667 665/665/665 678/678/678
f 665/665/665 672/672/672 678/678/678
f 667/667/667 678/678/678 677/677/677
f 672/672/672 673/673/673 679/679/679
f 673/673/673 680/680/680 679/679/679
f 678/678/678 672/672/672 681/681/681
f 677/677/677 678/678/678 681/681/681
f 672/672/672 679/679/679 681/681/681
f 674/674/674 682/682/682 675/675/675
f 675/675/675 682/682/682 683/683/683
f 676/676/676 684/684/684 674/674/674
f 674/674/674 684/684/684 682/682/682
f 676/676/676 677/677/677 685/685/685
f 685/685/685 677/677/677 681/681/681
f 684/684/684 676/676/676 685/685/685
f 679/679/679 680/680/680 686/686/686
f 680/680/680 687/687/687 686/686/686
f 681/681/681 679/679/679 688/688/688
f 685/685/685 681/681/681 688/688/688
f 679/679/679 686/686/686 688/688/688
f 682/682/682 689/689/689 683/683/683
f 683/683/683 689/689/689 690/690/690
f 689/689/689 691/691/691 690/690/690
f 688/688/688 686/686/686 691/691/691
f 686/686/686 687/687/687 692/692/692
f 686/686/686 692/692/692 691/691/691
f 687/687/687 693/693/693 692/692/692
f 694/694/694 685/685/685 688/688/688
f 684/684/684 685/685/685 694/694/694
f 694/694/694 688/688/688 691/691/691
f 689/689/689 694/694/694 691/691/691
f 691/691/691 692/692/692 695/695/695
f 692/692/692 696/696/696 695/695/695
f 692/692/692 693/693/693 696/696/696
f 693/693/693 697/697/697 696/696/696
f 684/684/684 698/698/698 682/682/682
f 698/698/698 684/684/684 694/694/694
f 698/698/698 694/694/694 689/689/689
f 682/682/682 698/698/698 689/689/689
f 701/701/701 700/700/700 699/699/699
f 700/700/700 702/702/702 699/699/699
f 699/699/699 702/702/702 703/703/703
f 700/700/700 704/704/704 702/702/702
f 702/702/702 705/705/705 703/703/703
f 704/704/704 706/706/706 702/702/702
f 702/702/702 706/706/706 705/705/705
f 706/706/706 707/707/707 705/705/705
f 706/706/706 708/708/708 707/707/707
f 708/708/708 709/709/709 707/707/707
f 710/710/710 708/708/708 706/706/706
f 711/711/711 710/710/710 706/706/706
f 708/708/708 712/712/712 709/709/709
f 712/712/712 713/713/713 709/709/709
f 710/710/710 714/714/714 708/708/708
f 714/714/714 712/712/712 708/708/708
f 710/710/710 711/711/711 715/715/715
f 711/711/711 716/716/716 715/715/715
f 712/712/712 717/717/717 713/713/713
f 717/717/717 718/718/718 713/713/713
f 717/717/717 719/719/719 718/718/718
f 719/719/719 720/720/720 718/718/718
f 721/721/721 719/719/719 717/717/717
f 722/722/722 717/717/717 712/712/712
f 722/722/722 721/721/721 717/717/717
f 714/714/714 722/722/722 712/712/712
f 723/723/723 721/721/721 722/722/722
f 724/724/724 723/723/723 722/722/722
f 724/724/724 722/722/722 714/714/714
f 725/725/725 723/723/723 724/724/724
f 714/714/714 710/710/710 726/726/726
f 726/726/726 724/724/724 714/714/714
f 710/710/710 715/715/715 726/726/726
f 727/727/727 725/725/725 724/724/724
f 727/727/727 724/724/724 726/726/726
f 728/728/728 725/725/725 727/727/727
f 726/726/726 715/715/715 729/729/729
f 729/729/729 727/727/727 726/726/726
f 730/730/730 728/728/728 727/727/727
f 730/730/730 727/727/727 729/729/729
f 731/731/731 728/728/728 730/730/730
f 715/715/715 732/732/732 729/729/729
f 715/715/715 716/716/716 732/732/732
f 716/716/716 733/733/733 732/732/732
f 734/734/734 730/730/730 729/729/729
f 734/734/734 729/729/729 732/732/732
f 735/735/735 731/731/731 730/730/730
f 735/735/735 730/730/730 734/734/734
f 736/736/736 731/731/731 735/735/735
f 737/737/737 732/732/732 733/733/733
f 737/737/737 734/734/734 732/732/732
f 738/738/738 737/737/737 733/733/733
f 739/739/739 735/735/735 734/734/734
f 739/739/739 734/734/734 737/737/737
f 740/740/740 736/736/736 735/735/735
f 740/740/740 735/735/735 739/739/739
f 741/741/741 736/736/736 740/740/740
f 742/742/742 739/739/739 737/737/737
f 742/742/742 737/737/737 738/738/738
f 743/743/743 740/740/740 739/739/739
f 743/743/743 739/739/739 742/742/742
f 744/744/744 741/741/741 740/740/740
f 744/744/744 740/740/740 743/743/743
f 745/745/745 741/741/741 744/744/744
f 746/746/746 745/745/745 744/744/744
f 747/747/747 745/745/745 746/746/746
f 748/748/748 744/744/744 743/743/743
f 746/746/746 744/744/744 748/748/748
f 749/749/749 743/743/743 742/742/742
f 748/748/748 743/743/743 749/749/749
f 750/750/750 747/747/747 746/746/746
f 751/751/751 747/747/747 750/750/750
f 752/752/752 742/742/742 738/738/738
f 749/749/749 742/742/742 752/752/752
f 753/753/753 746/746/746 748/748/748
f 750/750/750 746/746/746 753/753/753
f 754/754/754 751/751/751 750/750/750
f 755/755/755 751/751/751 754/754/754
f 756/756/756 750/750/750 753/753/753
f 754/754/754 750/750/750 756/756/756
f 757/757/757 748/748/748 749/749/749
f 758/758/758 753/753/753 748/748/748
f 757/757/757 758/758/758 748/748/748
f 759/759/759 756/756/756 753/753/753
f 758/758/758 759/759/759 753/753/753
f 760/760/760 754/754/754 756/756/756
f 760/760/760 756/756/756 759/759/759
f 761/761/761 755/755/755 754/754/754
f 761/761/761 754/754/754 760/760/760
f 762/762/762 749/749/749 752/752/752
f 757/757/757 749/749/749 762/762/762
f 763/763/763 757/757/757 762/762/762
f 763/763/763 764/764/764 757/757/757
f 764/764/764 758/758/758 757/757/757
f 764/764/764 765/765/765 758/758/758
f 765/765/765 759/759/759 758/758/758
f 766/766/766 759/759/759 765/765/765
f 766/766/766 760/760/760 759/759/759
f 767/767/767 766/766/766 765/765/765
f 768/768/768 760/760/760 766/766/766
f 768/768/768 761/761/761 760/760/760
f 755/755/755 761/761/761 769/769/769
f 770/770/770 755/755/755 769/769/769
f 771/771/771 766/766/766 767/767/767
f 771/771/771 768/768/768 766/766/766
f 761/761/761 768/768/768 772/772/772
f 769/769/769 761/761/761 772/772/772
f 770/770/770 769/769/769 773/773/773
f 774/774/774 770/770/770 773/773/773
f 768/768/768 771/771/771 775/775/775
f 772/772/772 768/768/768 775/775/775
f 769/769/769 772/772/772 776/776/776
f 773/773/773 769/769/769 776/776/776
f 774/774/774 773/773/773 777/777/777
f 778/778/778 774/774/774 777/777/777
f 776/776/776 772/772/772 779/779/779
f 772/772/772 775/775/775 779/779/779
f 773/773/773 776/776/776 780/780/780
f 777/777/777 773/773/773 780/780/780
f 776/776/776 779/779/779 780/780/780
f 778/778/778 777/777/777 781/781/781
f 782/782/782 778/778/778 781/781/781
f 777/777/777 780/780/780 783/783/783
f 781/781/781 777/777/777 783/783/783
f 779/779/779 784/784/784 780/780/780
f 780/780/780 784/784/784 783/783/783
f 779/779/779 775/775/775 785/785/785
f 779/779/779 785/785/785 784/784/784
f 775/775/775 786/786/786 785/785/785
f 785/785/785 787/787/787 784/784/784
f 775/775/775 771/771/771 786/786/786
f 784/784/784 787/787/787 788/788/788
f 784/784/784 788/788/788 783/783/783
f 787/787/787 789/789/789 788/788/788
f 788/788/788 789/789/789 790/790/790
f 782/782/782 781/781/781 791/791/791
f 792/792/792 782/782/782 791/791/791
f 781/781/781 783/783/783 793/793/793
f 791/791/791 781/781/781 793/793/793
f 783/783/783 788/788/788 794/794/794
f 794/794/794 788/788/788 790/790/790
f 793/793/793 783/783/783 794/794/794
f 792/792/792 791/791/791 795/795/795
f 796/796/796 792/792/792 795/795/795
f 791/791/791 793/793/793 797/797/797
f 795/795/795 791/791/791 797/797/797
f 793/793/793 794/794/794 798/798/798
f 797/797/797 793/793/793 798/798/798
f 796/796/796 795/795/795 799/799/799
f 800/800/800 796/796/796 799/799/799
f 795/795/795 797/797/797 801/801/801
f 799/799/799 795/795/795 801/801/801
f 800/800/800 799/799/799 802/802/802
f 803/803/803 800/800/800 802/802/802
f 794/794/794 790/790/790 804/804/804
f 798/798/798 794/794/794 804/804/804
f 797/797/797 798/798/798 805/805/805
f 801/801/801 797/797/797 805/805/805
f 799/799/799 801/801/801 806/806/806
f 802/802/802 799/799/799 806/806/806
f 803/803/803 802/802/802 807/807/807
f 808/808/808 803/803/803 807/807/807
f 798/798/798 804/804/804 809/809/809
f 805/805/805 798/798/798 809/809/809
f 801/801/801 805/805/805 810/810/810
f 806/806/806 801/801/801 810/810/810
f 802/802/802 806/806/806 811/811/811
f 807/807/807 802/802/802 811/811/811
f 808/808/808 807/807/807 812/812/812
f 813/813/813 808/808/808 812/812/812
f 805/805/805 809/809/809 814/814/814
f 810/810/810 805/805/805 814/814/814
f 814/814/814 815/815/815 810/810/810
f 810/810/810 816/816/816 806/806/806
f 815/815/815 816/816/816 810/810/810
f 816/816/816 811/811/811 806/806/806
f 815/815/815 817/817/817 816/816/816
f 817/817/817 818/818/818 816/816/816
f 816/816/816 818/818/818 811/811/811
f 818/818/818 817/817/817 819/819/819
f 807/807/807 811/811/811 820/820/820
f 818/818/818 820/820/820 811/811/811
f 812/812/812 807/807/807 820/820/820
f 813/813/813 812/812/812 821/821/821
f 822/822/822 813/813/813 821/821/821
f 820/820/820 818/818/818 823/823/823
f 823/823/823 818/818/818 819/819/819
f 812/812/812 820/820/820 824/824/824
f 821/821/821 812/812/812 824/824/824
f 824/824/824 820/820/820 823/823/823
f 822/822/822 821/821/821 825/825/825
f 826/826/826 822/822/822 825/825/825
f 825/825/825 821/821/821 827/827/827
f 821/821/821 824/824/824 827/827/827
f 827/827/827 824/824/824 828/828/828
f 824/824/824 823/823/823 828/828/828
f 828/828/828 823/823/823 829/829/829
f 823/823/823 819/819/819 829/829/829
f 829/829/829 819/819/819 830/830/830
f 819/819/819 831/831/831 830/830/830
f 830/830/830 831/831/831 832/832/832
f 819/819/819 833/833/833 831/831/831
f 831/831/831 834/834/834 832/832/832
f 833/833/833 835/835/835 831/831/831
f 831/831/831 835/835/835 834/834/834
f 835/835/835 836/836/836 834/834/834
f 767/767/767 838/838/838 837/837/837
f 839/839/839 767/767/767 837/837/837
f 839/839/839 837/837/837 840/840/840
f 841/841/841 839/839/839 840/840/840
f 842/842/842 767/767/767 839/839/839
f 842/842/842 771/771/771 767/767/767
f 771/771/771 842/842/842 786/786/786
f 843/843/843 839/839/839 841/841/841
f 843/843/843 842/842/842 839/839/839
f 844/844/844 843/843/843 841/841/841
f 843/843/843 844/844/844 845/845/845
f 842/842/842 843/843/843 846/846/846
f 846/846/846 843/843/843 845/845/845
f 786/786/786 842/842/842 846/846/846
f 846/846/846 845/845/845 847/847/847
f 848/848/848 846/846/846 847/847/847
f 786/786/786 846/846/846 848/848/848
f 849/849/849 786/786/786 848/848/848
f 852/852/852 851/851/851 850/850/850
f 851/851/851 853/853/853 850/850/850
f 851/851/851 854/854/854 853/853/853
f 850/850/850 853/853/853 855/855/855
f 854/854/854 762/762/762 853/853/853
f 853/853/853 856/856/856 855/855/855
f 853/853/853 762/762/762 856/856/856
f 855/855/855 856/856/856 857/857/857
f 762/762/762 752/752/752 856/856/856
f 856/856/856 858/858/858 857/857/857
f 856/856/856 752/752/752 858/858/858
f 857/857/857 858/858/858 859/859/859
f 752/752/752 738/738/738 858/858/858
f 858/858/858 860/860/860 859/859/859
f 858/858/858 738/738/738 860/860/860
f 738/738/738 861/861/861 860/860/860
f 864/864/864 863/863/863 862/862/862
f 863/863/863 865/865/865 862/862/862
f 863/863/863 866/866/866 865/865/865
f 866/866/866 867/867/867 865/865/865
f 865/865/865 867/867/867 868/868/868
f 867/867/867 869/869/869 868/868/868
f 862/862/862 865/865/865 870/870/870
f 865/865/865 868/868/868 870/870/870
f 868/868/868 869/869/869 871/871/871
f 870/870/870 868/868/868 872/872/872
f 868/868/868 871/871/871 872/872/872
f 869/869/869 873/873/873 871/871/871
f 869/869/869 874/874/874 873/873/873
f 874/874/874 875/875/875 873/873/873
f 874/874/874 876/876/876 875/875/875
f 871/871/871 873/873/873 877/877/877
f 871/871/871 877/877/877 878/878/878
f 872/872/872 871/871/871 878/878/878
f 873/873/873 879/879/879 877/877/877
f 873/873/873 875/875/875 879/879/879
f 872/872/872 878/878/878 880/880/880
f 875/875/875 881/881/881 879/879/879
f 882/882/882 872/872/872 880/880/880
f 870/870/870 872/872/872 882/882/882
f 882/882/882 880/880/880 883/883/883
f 875/875/875 884/884/884 881/881/881
f 876/876/876 884/884/884 875/875/875
f 884/884/884 885/885/885 881/881/881
f 886/886/886 870/870/870 882/882/882
f 887/887/887 870/870/870 886/886/886
f 888/888/888 882/882/882 883/883/883
f 886/886/886 882/882/882 888/888/888
f 888/888/888 883/883/883 889/889/889
f 884/884/884 890/890/890 885/885/885
f 890/890/890 891/891/891 885/885/885
f 876/876/876 892/892/892 884/884/884
f 892/892/892 890/890/890 884/884/884
f 890/890/890 893/893/893 891/891/891
f 893/893/893 894/894/894 891/891/891
f 895/895/895 893/893/893 890/890/890
f 892/892/892 895/895/895 890/890/890
f 896/896/896 895/895/895 892/892/892
f 897/897/897 892/892/892 876/876/876
f 897/897/897 896/896/896 892/892/892
f 898/898/898 897/897/897 876/876/876
f 899/899/899 896/896/896 897/897/897
f 900/900/900 897/897/897 898/898/898
f 900/900/900 899/899/899 897/897/897
f 901/901/901 900/900/900 898/898/898
f 902/902/902 899/899/899 900/900/900
f 903/903/903 900/900/900 901/901/901
f 903/903/903 902/902/902 900/900/900
f 904/904/904 902/902/902 903/903/903
f 905/905/905 903/903/903 901/901/901
f 906/906/906 904/904/904 903/903/903
f 906/906/906 903/903/903 905/905/905
f 907/907/907 904/904/904 906/906/906
f 908/908/908 907/907/907 906/906/906
f 909/909/909 907/907/907 908/908/908
f 910/910/910 906/906/906 905/905/905
f 908/908/908 906/906/906 910/910/910
f 911/911/911 909/909/909 908/908/908
f 912/912/912 909/909/909 911/911/911
f 913/913/913 908/908/908 910/910/910
f 911/911/911 908/908/908 913/913/913
f 914/914/914 911/911/911 913/913/913
f 915/915/915 912/912/912 911/911/911
f 915/915/915 911/911/911 914/914/914
f 916/916/916 912/912/912 915/915/915
f 917/917/917 915/915/915 914/914/914
f 917/917/917 914/914/914 918/918/918
f 919/919/919 916/916/916 915/915/915
f 919/919/919 915/915/915 917/917/917
f 920/920/920 916/916/916 919/919/919
f 921/921/921 920/920/920 919/919/919
f 922/922/922 920/920/920 921/921/921
f 923/923/923 922/922/922 921/921/921
f 924/924/924 919/919/919 917/917/917
f 921/921/921 919/919/919 924/924/924
f 923/923/923 921/921/921 925/925/925
f 925/925/925 921/921/921 924/924/924
f 926/926/926 923/923/923 925/925/925
f 924/924/924 917/917/917 927/927/927
f 927/927/927 917/917/917 918/918/918
f 928/928/928 924/924/924 927/927/927
f 928/928/928 927/927/927 929/929/929
f 930/930/930 928/928/928 929/929/929
f 927/927/927 918/918/918 931/931/931
f 929/929/929 927/927/927 931/931/931
f 930/930/930 929/929/929 932/932/932
f 929/929/929 931/931/931 933/933/933
f 932/932/932 929/929/929 933/933/933
f 934/934/934 930/930/930 932/932/932
f 935/935/935 930/930/930 934/934/934
f 936/936/936 935/935/935 934/934/934
f 937/937/937 935/935/935 936/936/936
f 925/925/925 937/937/937 936/936/936
f 925/925/925 936/936/936 938/938/938
f 939/939/939 925/925/925 938/938/938
f 938/938/938 936/936/936 940/940/940
f 936/936/936 934/934/934 940/940/940
f 940/940/940 934/934/934 941/941/941
f 934/934/934 932/932/932 941/941/941
f 932/932/932 933/933/933 942/942/942
f 941/941/941 932/932/932 942/942/942
f 933/933/933 931/931/931 943/943/943
f 942/942/942 933/933/933 887/887/887
f 933/933/933 943/943/943 887/887/887
f 941/941/941 942/942/942 944/944/944
f 942/942/942 887/887/887 945/945/945
f 944/944/944 942/942/942 945/945/945
f 887/887/887 943/943/943 946/946/946
f 945/945/945 887/887/887 886/886/886
f 943/943/943 947/947/947 946/946/946
f 946/946/946 947/947/947 862/862/862
f 931/931/931 948/948/948 943/943/943
f 943/943/943 948/948/948 947/947/947
f 948/948/948 949/949/949 947/947/947
f 947/947/947 950/950/950 862/862/862
f 947/947/947 949/949/949 950/950/950
f 862/862/862 950/950/950 951/951/951
f 950/950/950 905/905/905 951/951/951
f 949/949/949 952/952/952 950/950/950
f 950/950/950 952/952/952 905/905/905
f 949/949/949 953/953/953 952/952/952
f 952/952/952 910/910/910 905/905/905
f 953/953/953 931/931/931 954/954/954
f 953/953/953 954/954/954 952/952/952
f 952/952/952 954/954/954 910/910/910
f 931/931/931 918/918/918 954/954/954
f 954/954/954 955/955/955 910/910/910
f 954/954/954 918/918/918 955/955/955
f 918/918/918 956/956/956 955/955/955
f 959/959/959 958/958/958 957/957/957
f 960/960/960 959/959/959 957/957/957
f 961/961/961 959/959/959 960/960/960
f 962/962/962 961/961/961 960/960/960
f 960/960/960 957/957/957 963/963/963
f 962/962/962 960/960/960 964/964/964
f 964/964/964 960/960/960 963/963/963
f 965/965/965 962/962/962 964/964/964
f 964/964/964 963/963/963 966/966/966
f 963/963/963 967/967/967 966/966/966
f 965/965/965 964/964/964 968/968/968
f 968/968/968 964/964/964 966/966/966
f 967/967/967 969/969/969 966/966/966
f 968/968/968 966/966/966 970/970/970
f 966/966/966 969/969/969 970/970/970
f 971/971/971 965/965/965 968/968/968
f 972/972/972 968/968/968 970/970/970
f 971/971/971 968/968/968 972/972/972
f 972/972/972 970/970/970 973/973/973
f 974/974/974 972/972/972 973/973/973
f 974/974/974 973/973/973 975/975/975
f 969/969/969 976/976/976 970/970/970
f 970/970/970 976/976/976 977/977/977
f 978/978/978 971/971/971 972/972/972
f 978/978/978 972/972/972 974/974/974
f 977/977/977 979/979/979 975/975/975
f 976/976/976 979/979/979 977/977/977
f 969/969/969 980/980/980 976/976/976
f 967/967/967 981/981/981 969/969/969
f 981/981/981 980/980/980 969/969/969
f 976/976/976 982/982/982 979/979/979
f 980/980/980 982/982/982 976/976/976
f 983/983/983 971/971/971 978/978/978
f 983/983/983 984/984/984 971/971/971
f 985/985/985 984/984/984 983/983/983
f 984/984/984 965/965/965 971/971/971
f 986/986/986 983/983/983 978/978/978
f 987/987/987 985/985/985 983/983/983
f 987/987/987 983/983/983 986/986/986
f 986/986/986 978/978/978 988/988/988
f 988/988/988 978/978/978 974/974/974
f 988/988/988 974/974/974 989/989/989
f 989/989/989 974/974/974 975/975/975
f 984/984/984 990/990/990 965/965/965
f 985/985/985 991/991/991 984/984/984
f 991/991/991 990/990/990 984/984/984
f 990/990/990 992/992/992 965/965/965
f 965/965/965 992/992/992 993/993/993
f 992/992/992 994/994/994 993/993/993
f 993/993/993 994/994/994 995/995/995
f 994/994/994 996/996/996 995/995/995
f 994/994/994 997/997/997 996/996/996
f 997/997/997 998/998/998 996/996/996
f 992/992/992 999/999/999 994/994/994
f 999/999/999 997/997/997 994/994/994
f 990/990/990 1000/1000/1000 992/992/992
f 1000/1000/1000 999/999/999 992/992/992
f 997/997/997 1001/1001/1001 998/998/998
f 1001/1001/1001 1002/1002/1002 998/998/998
f 999/999/999 1003/1003/1003 997/997/997
f 1003/1003/1003 1001/1001/1001 997/997/997
f 1003/1003/1003 1004/1004/1004 1001/1001/1001
f 1001/1001/1001 1005/1005/1005 1002/1002/1002
f 1004/1004/1004 1005/1005/1005 1001/1001/1001
f 1005/1005/1005 1006/1006/1006 1002/1002/1002
f 1004/1004/1004 1007/1007/1007 1005/1005/1005
f 1005/1005/1005 1008/1008/1008 1006/1006/1006
f 1007/1007/1007 1008/1008/1008 1005/1005/1005
f 1008/1008/1008 889/889/889 1006/1006/1006
f 1008/1008/1008 888/888/888 889/889/889
f 1007/1007/1007 1009/1009/1009 1008/1008/1008
f 1009/1009/1009 888/888/888 1008/1008/1008
f 1009/1009/1009 886/886/886 888/888/888
f 945/945/945 886/886/886 1009/1009/1009
f 1010/1010/1010 945/945/945 1009/1009/1009
f 1010/1010/1010 1009/1009/1009 1011/1011/1011
f 944/944/944 945/945/945 1010/1010/1010
f 1012/1012/1012 1010/1010/1010 1011/1011/1011
f 1012/1012/1012 1011/1011/1011 1013/1013/1013
f 1014/1014/1014 944/944/944 1010/1010/1010
f 1014/1014/1014 1010/1010/1010 1012/1012/1012
f 1015/1015/1015 1012/1012/1012 1013/1013/1013
f 1015/1015/1015 1013/1013/1013 1016/1016/1016
f 1017/1017/1017 1014/1014/1014 1012/1012/1012
f 1017/1017/1017 1012/1012/1012 1015/1015/1015
f 1018/1018/1018 1017/1017/1017 1015/1015/1015
f 1019/1019/1019 1015/1015/1015 1016/1016/1016
f 1018/1018/1018 1015/1015/1015 1019/1019/1019
f 1019/1019/1019 1016/1016/1016 999/999/999
f 1020/1020/1020 1018/1018/1018 1019/1019/1019
f 1000/1000/1000 1019/1019/1019 999/999/999
f 1020/1020/1020 1019/1019/1019 1000/1000/1000
f 1021/1021/1021 1020/1020/1020 1000/1000/1000
f 1022/1022/1022 944/944/944 1014/1014/1014
f 1022/1022/1022 941/941/941 944/944/944
f 1023/1023/1023 941/941/941 1022/1022/1022
f 1024/1024/1024 1023/1023/1023 1022/1022/1022
f 1025/1025/1025 1022/1022/1022 1014/1014/1014
f 1024/1024/1024 1022/1022/1022 1025/1025/1025
f 1025/1025/1025 1014/1014/1014 1026/1026/1026
f 1027/1027/1027 1024/1024/1024 1025/1025/1025
f 1028/1028/1028 1025/1025/1025 1026/1026/1026
f 1027/1027/1027 1025/1025/1025 1028/1028/1028
f 1028/1028/1028 1026/1026/1026 1029/1029/1029
f 1030/1030/1030 1027/1027/1027 1028/1028/1028
f 1031/1031/1031 1028/1028/1028 1029/1029/1029
f 1030/1030/1030 1028/1028/1028 1031/1031/1031
f 1031/1031/1031 1029/1029/1029 1020/1020/1020
f 1032/1032/1032 1030/1030/1030 1031/1031/1031
f 1033/1033/1033 1031/1031/1031 1020/1020/1020
f 1032/1032/1032 1031/1031/1031 1033/1033/1033
f 1034/1034/1034 1032/1032/1032 1033/1033/1033
f 1033/1033/1033 1020/1020/1020 1035/1035/1035
f 1034/1034/1034 1033/1033/1033 1036/1036/1036
f 1036/1036/1036 1033/1033/1033 1035/1035/1035
f 1037/1037/1037 1034/1034/1034 1036/1036/1036
f 1037/1037/1037 1036/1036/1036 1038/1038/1038
f 1039/1039/1039 1037/1037/1037 1038/1038/1038
f 1036/1036/1036 1035/1035/1035 991/991/991
f 1038/1038/1038 1036/1036/1036 991/991/991
f 991/991/991 1035/1035/1035 990/990/990
f 1035/1035/1035 1000/1000/1000 990/990/990
f 1038/1038/1038 991/991/991 985/985/985
f 1039/1039/1039 1038/1038/1038 1040/1040/1040
f 1040/1040/1040 1038/1038/1038 985/985/985
f 1041/1041/1041 1039/1039/1039 1040/1040/1040
f 1042/1042/1042 1041/1041/1041 1040/1040/1040
f 1043/1043/1043 1042/1042/1042 1040/1040/1040
f 1043/1043/1043 1040/1040/1040 985/985/985
f 1044/1044/1044 1042/1042/1042 1043/1043/1043
f 1045/1045/1045 1043/1043/1043 985/985/985
f 1045/1045/1045 985/985/985 987/987/987
f 1046/1046/1046 1044/1044/1044 1043/1043/1043
f 1046/1046/1046 1043/1043/1043 1045/1045/1045
f 1046/1046/1046 1047/1047/1047 1044/1044/1044
f 1047/1047/1047 1048/1048/1048 1044/1044/1044
f 1047/1047/1047 1049/1049/1049 1048/1048/1048
f 1049/1049/1049 1050/1050/1050 1048/1048/1048
f 1050/1050/1050 1049/1049/1049 1051/1051/1051
f 1052/1052/1052 1050/1050/1050 1051/1051/1051
f 1053/1053/1053 1047/1047/1047 1046/1046/1046
f 1053/1053/1053 1054/1054/1054 1047/1047/1047
f 1054/1054/1054 1049/1049/1049 1047/1047/1047
f 1049/1049/1049 1054/1054/1054 1055/1055/1055
f 1051/1051/1051 1049/1049/1049 1055/1055/1055
f 1056/1056/1056 1053/1053/1053 1046/1046/1046
f 1056/1056/1056 1046/1046/1046 1045/1045/1045
f 1051/1051/1051 1055/1055/1055 1057/1057/1057
f 1056/1056/1056 1045/1045/1045 1058/1058/1058
f 1059/1059/1059 1056/1056/1056 1058/1058/1058
f 1058/1058/1058 1045/1045/1045 987/987/987
f 1059/1059/1059 1058/1058/1058 1060/1060/1060
f 1061/1061/1061 1059/1059/1059 1060/1060/1060
f 1058/1058/1058 987/987/987 1062/1062/1062
f 1060/1060/1060 1058/1058/1058 1062/1062/1062
f 1062/1062/1062 987/987/987 986/986/986
f 1061/1061/1061 1060/1060/1060 1063/1063/1063
f 1064/1064/1064 1061/1061/1061 1063/1063/1063
f 1062/1062/1062 986/986/986 1065/1065/1065
f 1065/1065/1065 986/986/986 988/988/988
f 1060/1060/1060 1062/1062/1062 1066/1066/1066
f 1063/1063/1063 1060/1060/1060 1066/1066/1066
f 1066/1066/1066 1062/1062/1062 1065/1065/1065
f 1064/1064/1064 1063/1063/1063 1067/1067/1067
f 1057/1057/1057 1064/1064/1064 1067/1067/1067
f 1063/1063/1063 1066/1066/1066 1068/1068/1068
f 1067/1067/1067 1063/1063/1063 1068/1068/1068
f 1068/1068/1068 1066/1066/1066 1069/1069/1069
f 1066/1066/1066 1065/1065/1065 1069/1069/1069
f 1065/1065/1065 988/988/988 1070/1070/1070
f 1069/1069/1069 1065/1065/1065 1070/1070/1070
f 1070/1070/1070 988/988/988 989/989/989
f 1071/1071/1071 1069/1069/1069 1070/1070/1070
f 1072/1072/1072 1070/1070/1070 989/989/989
f 1072/1072/1072 1071/1071/1071 1070/1070/1070
f 1071/1071/1071 1073/1073/1073 1069/1069/1069
f 1073/1073/1073 1074/1074/1074 1069/1069/1069
f 1075/1075/1075 1067/1067/1067 1074/1074/1074
f 1073/1073/1073 1075/1075/1075 1074/1074/1074
f 1076/1076/1076 1057/1057/1057 1067/1067/1067
f 1075/1075/1075 1076/1076/1076 1067/1067/1067
f 1077/1077/1077 1072/1072/1072 989/989/989
f 1077/1077/1077 989/989/989 975/975/975
f 1078/1078/1078 1071/1071/1071 1072/1072/1072
f 1079/1079/1079 1073/1073/1073 1071/1071/1071
f 1078/1078/1078 1079/1079/1079 1071/1071/1071
f 1080/1080/1080 1075/1075/1075 1073/1073/1073
f 1079/1079/1079 1080/1080/1080 1073/1073/1073
f 1081/1081/1081 1076/1076/1076 1075/1075/1075
f 1080/1080/1080 1081/1081/1081 1075/1075/1075
f 1081/1081/1081 1082/1082/1082 1076/1076/1076
f 1076/1076/1076 1083/1083/1083 1057/1057/1057
f 1082/1082/1082 1083/1083/1083 1076/1076/1076
f 1084/1084/1084 1072/1072/1072 1077/1077/1077
f 1084/1084/1084 1078/1078/1078 1072/1072/1072
f 1083/1083/1083 1085/1085/1085 1057/1057/1057
f 1085/1085/1085 1051/1051/1051 1057/1057/1057
f 1052/1052/1052 1051/1051/1051 1085/1085/1085
f 1086/1086/1086 1079/1079/1079 1078/1078/1078
f 1087/1087/1087 1080/1080/1080 1079/1079/1079
f 1086/1086/1086 1087/1087/1087 1079/1079/1079
f 1087/1087/1087 1088/1088/1088 1080/1080/1080
f 1088/1088/1088 1089/1089/1089 1080/1080/1080
f 1090/1090/1090 1088/1088/1088 1087/1087/1087
f 1091/1091/1091 1090/1090/1090 1087/1087/1087
f 1091/1091/1091 1087/1087/1087 1086/1086/1086
f 1092/1092/1092 1091/1091/1091 1086/1086/1086
f 1093/1093/1093 1086/1086/1086 1078/1078/1078
f 1092/1092/1092 1086/1086/1086 1093/1093/1093
f 1093/1093/1093 1078/1078/1078 1084/1084/1084
f 1094/1094/1094 1090/1090/1090 1091/1091/1091
f 1095/1095/1095 1090/1090/1090 1094/1094/1094
f 1096/1096/1096 1091/1091/1091 1092/1092/1092
f 1096/1096/1096 1094/1094/1094 1091/1091/1091
f 1097/1097/1097 1095/1095/1095 1094/1094/1094
f 1098/1098/1098 1095/1095/1095 1097/1097/1097
f 1082/1082/1082 1098/1098/1098 1097/1097/1097
f 1097/1097/1097 1094/1094/1094 1099/1099/1099
f 1099/1099/1099 1094/1094/1094 1096/1096/1096
f 1100/1100/1100 1097/1097/1097 1099/1099/1099
f 1082/1082/1082 1097/1097/1097 1100/1100/1100
f 1101/1101/1101 1082/1082/1082 1100/1100/1100
f 1082/1082/1082 1101/1101/1101 1083/1083/1083
f 1101/1101/1101 1102/1102/1102 1083/1083/1083
f 1103/1103/1103 1099/1099/1099 1096/1096/1096
f 1083/1083/1083 1102/1102/1102 1085/1085/1085
f 1103/1103/1103 1096/1096/1096 1104/1104/1104
f 1104/1104/1104 1096/1096/1096 1092/1092/1092
f 1105/1105/1105 1103/1103/1103 1104/1104/1104
f 1102/1102/1102 1106/1106/1106 1085/1085/1085
f 1106/1106/1106 1052/1052/1052 1085/1085/1085
f 1107/1107/1107 1106/1106/1106 1102/1102/1102
f 1106/1106/1106 1108/1108/1108 1052/1052/1052
f 1109/1109/1109 1107/1107/1107 1102/1102/1102
f 1109/1109/1109 1102/1102/1102 1110/1110/1110
f 1111/1111/1111 1109/1109/1109 1110/1110/1110
f 1112/1112/1112 1107/1107/1107 1109/1109/1109
f 1108/1108/1108 1113/1113/1113 1052/1052/1052
f 1108/1108/1108 1112/1112/1112 1113/1113/1113
f 1052/1052/1052 1113/1113/1113 1114/1114/1114
f 1113/1113/1113 1115/1115/1115 1114/1114/1114
f 1116/1116/1116 1109/1109/1109 1111/1111/1111
f 1116/1116/1116 1112/1112/1112 1109/1109/1109
f 1117/1117/1117 1116/1116/1116 1111/1111/1111
f 1113/1113/1113 1118/1118/1118 1115/1115/1115
f 1112/1112/1112 1118/1118/1118 1113/1113/1113
f 1118/1118/1118 1119/1119/1119 1115/1115/1115
f 1120/1120/1120 1116/1116/1116 1117/1117/1117
f 1121/1121/1121 1120/1120/1120 1117/1117/1117
f 1122/1122/1122 1112/1112/1112 1116/1116/1116
f 1112/1112/1112 1122/1122/1122 1118/1118/1118
f 1120/1120/1120 1122/1122/1122 1116/1116/1116
f 1118/1118/1118 1123/1123/1123 1119/1119/1119
f 1122/1122/1122 1123/1123/1123 1118/1118/1118
f 1123/1123/1123 1124/1124/1124 1119/1119/1119
f 1125/1125/1125 1120/1120/1120 1121/1121/1121
f 1126/1126/1126 1125/1125/1125 1121/1121/1121
f 1125/1125/1125 1127/1127/1127 1120/1120/1120
f 1127/1127/1127 1122/1122/1122 1120/1120/1120
f 1122/1122/1122 1127/1127/1127 1123/1123/1123
f 1127/1127/1127 1128/1128/1128 1123/1123/1123
f 1123/1123/1123 1128/1128/1128 1124/1124/1124
f 1128/1128/1128 1129/1129/1129 1124/1124/1124
f 1132/1132/1132 1131/1131/1131 1130/1130/1130
f 1133/1133/1133 1132/1132/1132 1130/1130/1130
f 1133/1133/1133 1130/1130/1130 1134/1134/1134
f 1135/1135/1135 1132/1132/1132 1133/1133/1133
f 1136/1136/1136 1133/1133/1133 1134/1134/1134
f 1136/1136/1136 1134/1134/1134 1137/1137/1137
f 1138/1138/1138 1135/1135/1135 1133/1133/1133
f 1138/1138/1138 1133/1133/1133 1136/1136/1136
f 1139/1139/1139 1135/1135/1135 1138/1138/1138
f 1140/1140/1140 1136/1136/1136 1137/1137/1137
f 1140/1140/1140 1137/1137/1137 1141/1141/1141
f 7/7/7 1140/1140/1140 1141/1141/1141
f 1142/1142/1142 1140/1140/1140 7/7/7
f 1143/1143/1143 1142/1142/1142 7/7/7
f 1142/1142/1142 1144/1144/1144 1140/1140/1140
f 1144/1144/1144 1136/1136/1136 1140/1140/1140
f 1144/1144/1144 1138/1138/1138 1136/1136/1136
f 1145/1145/1145 1139/1139/1139 1138/1138/1138
f 1145/1145/1145 1138/1138/1138 1144/1144/1144
f 1146/1146/1146 1139/1139/1139 1145/1145/1145
f 1147/1147/1147 1145/1145/1145 1144/1144/1144
f 1148/1148/1148 1146/1146/1146 1145/1145/1145
f 1148/1148/1148 1145/1145/1145 1147/1147/1147
f 1149/1149/1149 1146/1146/1146 1148/1148/1148
f 22/22/22 1148/1148/1148 1147/1147/1147
f 1150/1150/1150 1149/1149/1149 1148/1148/1148
f 1150/1150/1150 1148/1148/1148 22/22/22
f 1151/1151/1151 1150/1150/1150 22/22/22
f 1152/1152/1152 1149/1149/1149 1150/1150/1150
f 1153/1153/1153 1150/1150/1150 1151/1151/1151
f 1153/1153/1153 1152/1152/1152 1150/1150/1150
f 33/33/33 1153/1153/1153 1151/1151/1151
f 1152/1152/1152 1153/1153/1153 1154/1154/1154
f 1155/1155/1155 1152/1152/1152 1154/1154/1154
f 1154/1154/1154 1153/1153/1153 1156/1156/1156
f 1153/1153/1153 43/43/43 1156/1156/1156
f 1154/1154/1154 1156/1156/1156 47/47/47
f 1155/1155/1155 1154/1154/1154 1157/1157/1157
f 1157/1157/1157 1154/1154/1154 47/47/47
f 1158/1158/1158 1155/1155/1155 1157/1157/1157
f 1157/1157/1157 47/47/47 1159/1159/1159
f 1158/1158/1158 1157/1157/1157 1160/1160/1160
f 1160/1160/1160 1157/1157/1157 1159/1159/1159
f 1161/1161/1161 1158/1158/1158 1160/1160/1160
f 1160/1160/1160 1159/1159/1159 1162/1162/1162
f 1161/1161/1161 1160/1160/1160 1163/1163/1163
f 1163/1163/1163 1160/1160/1160 1162/1162/1162
f 1164/1164/1164 1161/1161/1161 1163/1163/1163
f 1164/1164/1164 1163/1163/1163 1165/1165/1165
f 1166/1166/1166 1164/1164/1164 1165/1165/1165
f 1163/1163/1163 1162/1162/1162 1167/1167/1167
f 1165/1165/1165 1163/1163/1163 1167/1167/1167
f 1166/1166/1166 1165/1165/1165 1168/1168/1168
f 1169/1169/1169 1166/1166/1166 1168/1168/1168
f 1168/1168/1168 1165/1165/1165 1170/1170/1170
f 1165/1165/1165 1167/1167/1167 1170/1170/1170
f 1170/1170/1170 1167/1167/1167 1171/1171/1171
f 1167/1167/1167 1162/1162/1162 1172/1172/1172
f 1167/1167/1167 1172/1172/1172 1171/1171/1171
f 1171/1171/1171 1172/1172/1172 1173/1173/1173
f 1162/1162/1162 1174/1174/1174 1172/1172/1172
f 1172/1172/1172 61/61/61 1173/1173/1173
f 1172/1172/1172 1174/1174/1174 61/61/61
f 1174/1174/1174 1175/1175/1175 61/61/61
f 1178/1178/1178 1177/1177/1177 1176/1176/1176
f 1177/1177/1177 1179/1179/1179 1176/1176/1176
f 1176/1176/1176 1179/1179/1179 1180/1180/1180
f 1177/1177/1177 1181/1181/1181 1179/1179/1179
f 1179/1179/1179 1182/1182/1182 1180/1180/1180
f 1180/1180/1180 1182/1182/1182 1183/1183/1183
f 1181/1181/1181 1184/1184/1184 1179/1179/1179
f 1179/1179/1179 1184/1184/1184 1182/1182/1182
f 1181/1181/1181 1185/1185/1185 1184/1184/1184
f 1182/1182/1182 1186/1186/1186 1183/1183/1183
f 1183/1183/1183 1186/1186/1186 1187/1187/1187
f 1184/1184/1184 1188/1188/1188 1182/1182/1182
f 1182/1182/1182 1188/1188/1188 1186/1186/1186
f 1185/1185/1185 1189/1189/1189 1184/1184/1184
f 1184/1184/1184 1189/1189/1189 1188/1188/1188
f 1185/1185/1185 1190/1190/1190 1189/1189/1189
f 1186/1186/1186 1191/1191/1191 1187/1187/1187
f 1187/1187/1187 1191/1191/1191 1192/1192/1192
f 1188/1188/1188 1193/1193/1193 1186/1186/1186
f 1186/1186/1186 1193/1193/1193 1191/1191/1191
f 1189/1189/1189 1194/1194/1194 1188/1188/1188
f 1195/1195/1195 1194/1194/1194 1193/1193/1193
f 1190/1190/1190 1196/1196/1196 1189/1189/1189
f 1189/1189/1189 1196/1196/1196 1194/1194/1194
f 1190/1190/1190 1197/1197/1197 1196/1196/1196
f 1191/1191/1191 1198/1198/1198 1192/1192/1192
f 1192/1192/1192 1198/1198/1198 1199/1199/1199
f 1198/1198/1198 1200/1200/1200 1199/1199/1199
f 1193/1193/1193 1201/1201/1201 1191/1191/1191
f 1191/1191/1191 1201/1201/1201 1198/1198/1198
f 1198/1198/1198 1202/1202/1202 1200/1200/1200
f 1201/1201/1201 1202/1202/1202 1198/1198/1198
f 1202/1202/1202 1203/1203/1203 1200/1200/1200
f 1194/1194/1194 1204/1204/1204 1193/1193/1193
f 1193/1193/1193 1204/1204/1204 1201/1201/1201
f 1196/1196/1196 1205/1205/1205 1194/1194/1194
f 1194/1194/1194 1206/1206/1206 1204/1204/1204
f 1197/1197/1197 1207/1207/1207 1196/1196/1196
f 1196/1196/1196 1207/1207/1207 1205/1205/1205
f 1197/1197/1197 1208/1208/1208 1207/1207/1207
f 1207/1207/1207 1209/1209/1209 1205/1205/1205
f 1208/1208/1208 1210/1210/1210 1207/1207/1207
f 1207/1207/1207 1210/1210/1210 1209/1209/1209
f 1208/1208/1208 1211/1211/1211 1210/1210/1210
f 1202/1202/1202 1212/1212/1212 1203/1203/1203
f 1212/1212/1212 1213/1213/1213 1203/1203/1203
f 1206/1206/1206 1214/1214/1214 1204/1204/1204
f 1206/1206/1206 1209/1209/1209 1214/1214/1214
f 1211/1211/1211 1215/1215/1215 1210/1210/1210
f 1211/1211/1211 1216/1216/1216 1215/1215/1215
f 1210/1210/1210 1217/1217/1217 1209/1209/1209
f 1210/1210/1210 1215/1215/1215 1217/1217/1217
f 1215/1215/1215 1218/1218/1218 1217/1217/1217
f 1216/1216/1216 1219/1219/1219 1215/1215/1215
f 1215/1215/1215 1219/1219/1219 1218/1218/1218
f 1216/1216/1216 1220/1220/1220 1219/1219/1219
f 1220/1220/1220 1221/1221/1221 1219/1219/1219
f 1220/1220/1220 1222/1222/1222 1221/1221/1221
f 1219/1219/1219 1223/1223/1223 1218/1218/1218
f 1219/1219/1219 1221/1221/1221 1223/1223/1223
f 1221/1221/1221 1224/1224/1224 1223/1223/1223
f 1222/1222/1222 1225/1225/1225 1221/1221/1221
f 1221/1221/1221 1225/1225/1225 1224/1224/1224
f 1222/1222/1222 1226/1226/1226 1225/1225/1225
f 1226/1226/1226 1227/1227/1227 1225/1225/1225
f 1226/1226/1226 1228/1228/1228 1227/1227/1227
f 1225/1225/1225 1229/1229/1229 1224/1224/1224
f 1225/1225/1225 1227/1227/1227 1229/1229/1229
f 1228/1228/1228 1230/1230/1230 1227/1227/1227
f 1228/1228/1228 1231/1231/1231 1230/1230/1230
f 1227/1227/1227 1232/1232/1232 1229/1229/1229
f 1227/1227/1227 1230/1230/1230 1232/1232/1232
f 1231/1231/1231 1233/1233/1233 1230/1230/1230
f 1231/1231/1231 1234/1234/1234 1233/1233/1233
f 1230/1230/1230 1235/1235/1235 1232/1232/1232
f 1230/1230/1230 1233/1233/1233 1235/1235/1235
f 1234/1234/1234 1236/1236/1236 1233/1233/1233
f 1234/1234/1234 1237/1237/1237 1236/1236/1236
f 1233/1233/1233 1238/1238/1238 1235/1235/1235
f 1233/1233/1233 1236/1236/1236 1238/1238/1238
f 1237/1237/1237 1239/1239/1239 1236/1236/1236
f 1237/1237/1237 1240/1240/1240 1239/1239/1239
f 1236/1236/1236 1241/1241/1241 1238/1238/1238
f 1236/1236/1236 1239/1239/1239 1241/1241/1241
f 1240/1240/1240 1242/1242/1242 1239/1239/1239
f 1240/1240/1240 1243/1243/1243 1242/1242/1242
f 1239/1239/1239 1244/1244/1244 1241/1241/1241
f 1239/1239/1239 1242/1242/1242 1244/1244/1244
f 1243/1243/1243 1245/1245/1245 1242/1242/1242
f 1243/1243/1243 1246/1246/1246 1245/1245/1245
f 1242/1242/1242 1247/1247/1247 1244/1244/1244
f 1242/1242/1242 1245/1245/1245 1247/1247/1247
f 1246/1246/1246 1248/1248/1248 1245/1245/1245
f 1246/1246/1246 1249/1249/1249 1248/1248/1248
f 1245/1245/1245 1250/1250/1250 1247/1247/1247
f 1245/1245/1245 1248/1248/1248 1250/1250/1250
f 1249/1249/1249 1251/1251/1251 1248/1248/1248
f 1249/1249/1249 1252/1252/1252 1251/1251/1251
f 1248/1248/1248 1253/1253/1253 1250/1250/1250
f 1248/1248/1248 1251/1251/1251 1253/1253/1253
f 1252/1252/1252 1254/1254/1254 1251/1251/1251
f 1252/1252/1252 1255/1255/1255 1254/1254/1254
f 1251/1251/1251 1256/1256/1256 1253/1253/1253
f 1251/1251/1251 1254/1254/1254 1256/1256/1256
f 1255/1255/1255 1257/1257/1257 1254/1254/1254
f 1255/1255/1255 1258/1258/1258 1257/1257/1257
f 1254/1254/1254 1259/1259/1259 1256/1256/1256
f 1254/1254/1254 1257/1257/1257 1259/1259/1259
f 1258/1258/1258 1260/1260/1260 1257/1257/1257
f 1258/1258/1258 1261/1261/1261 1260/1260/1260
f 1257/1257/1257 1262/1262/1262 1259/1259/1259
f 1257/1257/1257 1260/1260/1260 1262/1262/1262
f 1261/1261/1261 1263/1263/1263 1260/1260/1260
f 1261/1261/1261 1264/1264/1264 1263/1263/1263
f 1264/1264/1264 1265/1265/1265 1263/1263/1263
f 1260/1260/1260 1263/1263/1263 1266/1266/1266
f 1260/1260/1260 1266/1266/1266 1262/1262/1262
f 1263/1263/1263 1265/1265/1265 1267/1267/1267
f 1263/1263/1263 1267/1267/1267 1266/1266/1266
f 1265/1265/1265 1268/1268/1268 1267/1267/1267
f 1256/1256/1256 1259/1259/1259 1269/1269/1269
f 1259/1259/1259 1262/1262/1262 1270/1270/1270
f 1259/1259/1259 1270/1270/1270 1269/1269/1269
f 1262/1262/1262 1266/1266/1266 1271/1271/1271
f 1262/1262/1262 1271/1271/1271 1270/1270/1270
f 1266/1266/1266 1267/1267/1267 1272/1272/1272
f 1266/1266/1266 1272/1272/1272 1271/1271/1271
f 1267/1267/1267 1268/1268/1268 1273/1273/1273
f 1267/1267/1267 1273/1273/1273 1272/1272/1272
f 1256/1256/1256 1269/1269/1269 1274/1274/1274
f 1253/1253/1253 1256/1256/1256 1274/1274/1274
f 1268/1268/1268 1275/1275/1275 1273/1273/1273
f 1268/1268/1268 1276/1276/1276 1275/1275/1275
f 1253/1253/1253 1274/1274/1274 1277/1277/1277
f 1250/1250/1250 1253/1253/1253 1277/1277/1277
f 1276/1276/1276 1278/1278/1278 1275/1275/1275
f 1276/1276/1276 1279/1279/1279 1278/1278/1278
f 1250/1250/1250 1277/1277/1277 1280/1280/1280
f 1247/1247/1247 1250/1250/1250 1280/1280/1280
f 1279/1279/1279 1281/1281/1281 1278/1278/1278
f 1279/1279/1279 1282/1282/1282 1281/1281/1281
f 1247/1247/1247 1280/1280/1280 1283/1283/1283
f 1244/1244/1244 1247/1247/1247 1283/1283/1283
f 1282/1282/1282 1284/1284/1284 1281/1281/1281
f 1282/1282/1282 1285/1285/1285 1284/1284/1284
f 1244/1244/1244 1283/1283/1283 1286/1286/1286
f 1241/1241/1241 1244/1244/1244 1286/1286/1286
f 1241/1241/1241 1286/1286/1286 1287/1287/1287
f 1238/1238/1238 1241/1241/1241 1287/1287/1287
f 1238/1238/1238 1287/1287/1287 1288/1288/1288
f 1235/1235/1235 1238/1238/1238 1288/1288/1288
f 1235/1235/1235 1288/1288/1288 1289/1289/1289
f 1232/1232/1232 1235/1235/1235 1289/1289/1289
f 1232/1232/1232 1289/1289/1289 1290/1290/1290
f 1229/1229/1229 1232/1232/1232 1290/1290/1290
f 1229/1229/1229 1290/1290/1290 1291/1291/1291
f 1224/1224/1224 1229/1229/1229 1291/1291/1291
f 1224/1224/1224 1291/1291/1291 1292/1292/1292
f 1293/1293/1293 1224/1224/1224 1292/1292/1292
f 1293/1293/1293 1292/1292/1292 1294/1294/1294
f 1218/1218/1218 1293/1293/1293 1294/1294/1294
f 1218/1218/1218 1294/1294/1294 1295/1295/1295
f 1296/1296/1296 1218/1218/1218 1295/1295/1295
f 1296/1296/1296 1295/1295/1295 1297/1297/1297
f 1209/1209/1209 1296/1296/1296 1297/1297/1297
f 1209/1209/1209 1297/1297/1297 1214/1214/1214
f 1290/1290/1290 1289/1289/1289 1298/1298/1298
f 1291/1291/1291 1290/1290/1290 1299/1299/1299
f 1290/1290/1290 1298/1298/1298 1299/1299/1299
f 1292/1292/1292 1291/1291/1291 1300/1300/1300
f 1291/1291/1291 1299/1299/1299 1300/1300/1300
f 1294/1294/1294 1292/1292/1292 1301/1301/1301
f 1292/1292/1292 1300/1300/1300 1301/1301/1301
f 1295/1295/1295 1294/1294/1294 1302/1302/1302
f 1294/1294/1294 1301/1301/1301 1302/1302/1302
f 1297/1297/1297 1295/1295/1295 1303/1303/1303
f 1295/1295/1295 1302/1302/1302 1303/1303/1303
f 1214/1214/1214 1297/1297/1297 1304/1304/1304
f 1297/1297/1297 1303/1303/1303 1304/1304/1304
f 1289/1289/1289 1305/1305/1305 1298/1298/1298
f 1289/1289/1289 1288/1288/1288 1305/1305/1305
f 1214/1214/1214 1304/1304/1304 1306/1306/1306
f 1204/1204/1204 1214/1214/1214 1306/1306/1306
f 1204/1204/1204 1306/1306/1306 1201/1201/1201
f 1201/1201/1201 1306/1306/1306 1202/1202/1202
f 1306/1306/1306 1212/1212/1212 1202/1202/1202
f 1306/1306/1306 1304/1304/1304 1212/1212/1212
f 1304/1304/1304 1307/1307/1307 1212/1212/1212
f 1304/1304/1304 1303/1303/1303 1307/1307/1307
f 1212/1212/1212 1307/1307/1307 1213/1213/1213
f 1307/1307/1307 1308/1308/1308 1213/1213/1213
f 1303/1303/1303 1309/1309/1309 1307/1307/1307
f 1307/1307/1307 1309/1309/1309 1308/1308/1308
f 1303/1303/1303 1302/1302/1302 1309/1309/1309
f 1309/1309/1309 1310/1310/1310 1308/1308/1308
f 1302/1302/1302 1311/1311/1311 1309/1309/1309
f 1309/1309/1309 1311/1311/1311 1310/1310/1310
f 1302/1302/1302 1301/1301/1301 1311/1311/1311
f 1311/1311/1311 1312/1312/1312 1310/1310/1310
f 1301/1301/1301 1313/1313/1313 1311/1311/1311
f 1311/1311/1311 1313/1313/1313 1312/1312/1312
f 1301/1301/1301 1300/1300/1300 1313/1313/1313
f 1313/1313/1313 1314/1314/1314 1312/1312/1312
f 1300/1300/1300 1315/1315/1315 1313/1313/1313
f 1313/1313/1313 1315/1315/1315 1314/1314/1314
f 1300/1300/1300 1299/1299/1299 1315/1315/1315
f 1315/1315/1315 1316/1316/1316 1314/1314/1314
f 1299/1299/1299 1317/1317/1317 1315/1315/1315
f 1315/1315/1315 1317/1317/1317 1316/1316/1316
f 1299/1299/1299 1298/1298/1298 1317/1317/1317
f 1317/1317/1317 1318/1318/1318 1316/1316/1316
f 1298/1298/1298 1319/1319/1319 1317/1317/1317
f 1317/1317/1317 1319/1319/1319 1318/1318/1318
f 1319/1319/1319 1320/1320/1320 1318/1318/1318
f 1298/1298/1298 1305/1305/1305 1319/1319/1319
f 1319/1319/1319 1321/1321/1321 1320/1320/1320
f 1305/1305/1305 1321/1321/1321 1319/1319/1319
f 1321/1321/1321 1322/1322/1322 1320/1320/1320
f 1305/1305/1305 1323/1323/1323 1321/1321/1321
f 1288/1288/1288 1323/1323/1323 1305/1305/1305
f 1288/1288/1288 1287/1287/1287 1323/1323/1323
f 1321/1321/1321 1324/1324/1324 1322/1322/1322
f 1323/1323/1323 1324/1324/1324 1321/1321/1321
f 1324/1324/1324 1325/1325/1325 1322/1322/1322
f 1287/1287/1287 1326/1326/1326 1323/1323/1323
f 1323/1323/1323 1326/1326/1326 1324/1324/1324
f 1287/1287/1287 1286/1286/1286 1326/1326/1326
f 1324/1324/1324 1327/1327/1327 1325/1325/1325
f 1326/1326/1326 1327/1327/1327 1324/1324/1324
f 1327/1327/1327 1328/1328/1328 1325/1325/1325
f 1286/1286/1286 1329/1329/1329 1326/1326/1326
f 1326/1326/1326 1329/1329/1329 1327/1327/1327
f 1286/1286/1286 1283/1283/1283 1329/1329/1329
f 1327/1327/1327 1330/1330/1330 1328/1328/1328
f 1329/1329/1329 1330/1330/1330 1327/1327/1327
f 1330/1330/1330 1331/1331/1331 1328/1328/1328
f 1283/1283/1283 1332/1332/1332 1329/1329/1329
f 1329/1329/1329 1332/1332/1332 1330/1330/1330
f 1283/1283/1283 1280/1280/1280 1332/1332/1332
f 1330/1330/1330 1333/1333/1333 1331/1331/1331
f 1332/1332/1332 1333/1333/1333 1330/1330/1330
f 1333/1333/1333 1334/1334/1334 1331/1331/1331
f 1280/1280/1280 1335/1335/1335 1332/1332/1332
f 1332/1332/1332 1335/1335/1335 1333/1333/1333
f 1280/1280/1280 1277/1277/1277 1335/1335/1335
f 1333/1333/1333 1336/1336/1336 1334/1334/1334
f 1335/1335/1335 1336/1336/1336 1333/1333/1333
f 1336/1336/1336 1337/1337/1337 1334/1334/1334
f 1277/1277/1277 1338/1338/1338 1335/1335/1335
f 1335/1335/1335 1338/1338/1338 1336/1336/1336
f 1277/1277/1277 1274/1274/1274 1338/1338/1338
f 1336/1336/1336 1339/1339/1339 1337/1337/1337
f 1338/1338/1338 1339/1339/1339 1336/1336/1336
f 1339/1339/1339 1340/1340/1340 1337/1337/1337
f 1274/1274/1274 1341/1341/1341 1338/1338/1338
f 1338/1338/1338 1341/1341/1341 1339/1339/1339
f 1274/1274/1274 1269/1269/1269 1341/1341/1341
f 1339/1339/1339 1342/1342/1342 1340/1340/1340
f 1341/1341/1341 1342/1342/1342 1339/1339/1339
f 1342/1342/1342 1343/1343/1343 1340/1340/1340
f 1269/1269/1269 1344/1344/1344 1341/1341/1341
f 1269/1269/1269 1270/1270/1270 1344/1344/1344
f 1270/1270/1270 1345/1345/1345 1344/1344/1344
f 1341/1341/1341 1346/1346/1346 1342/1342/1342
f 1270/1270/1270 1271/1271/1271 1345/1345/1345
f 1342/1342/1342 1347/1347/1347 1343/1343/1343
f 1346/1346/1346 1347/1347/1347 1342/1342/1342
f 1346/1346/1346 1345/1345/1345 1347/1347/1347
f 1347/1347/1347 1348/1348/1348 1343/1343/1343
f 1347/1347/1347 1349/1349/1349 1348/1348/1348
f 1345/1345/1345 1349/1349/1349 1347/1347/1347
f 1349/1349/1349 1350/1350/1350 1348/1348/1348
f 1271/1271/1271 1351/1351/1351 1345/1345/1345
f 1345/1345/1345 1351/1351/1351 1349/1349/1349
f 1271/1271/1271 1272/1272/1272 1351/1351/1351
f 1349/1349/1349 1352/1352/1352 1350/1350/1350
f 1351/1351/1351 1352/1352/1352 1349/1349/1349
f 1352/1352/1352 1353/1353/1353 1350/1350/1350
f 1272/1272/1272 1354/1354/1354 1351/1351/1351
f 1351/1351/1351 1354/1354/1354 1352/1352/1352
f 1272/1272/1272 1273/1273/1273 1354/1354/1354
f 1352/1352/1352 1355/1355/1355 1353/1353/1353
f 1354/1354/1354 1355/1355/1355 1352/1352/1352
f 1355/1355/1355 1356/1356/1356 1353/1353/1353
f 1273/1273/1273 1357/1357/1357 1354/1354/1354
f 1354/1354/1354 1357/1357/1357 1355/1355/1355
f 1273/1273/1273 1275/1275/1275 1357/1357/1357
f 1355/1355/1355 1358/1358/1358 1356/1356/1356
f 1357/1357/1357 1358/1358/1358 1355/1355/1355
f 1358/1358/1358 1359/1359/1359 1356/1356/1356
f 1275/1275/1275 1360/1360/1360 1357/1357/1357
f 1357/1357/1357 1360/1360/1360 1358/1358/1358
f 1275/1275/1275 1278/1278/1278 1360/1360/1360
f 1358/1358/1358 1361/1361/1361 1359/1359/1359
f 1360/1360/1360 1361/1361/1361 1358/1358/1358
f 1361/1361/1361 1362/1362/1362 1359/1359/1359
f 1278/1278/1278 1363/1363/1363 1360/1360/1360
f 1360/1360/1360 1363/1363/1363 1361/1361/1361
f 1278/1278/1278 1281/1281/1281 1363/1363/1363
f 1361/1361/1361 1364/1364/1364 1362/1362/1362
f 1363/1363/1363 1364/1364/1364 1361/1361/1361
f 1364/1364/1364 1365/1365/1365 1362/1362/1362
f 1281/1281/1281 1366/1366/1366 1363/1363/1363
f 1281/1281/1281 1284/1284/1284 1366/1366/1366
f 1363/1363/1363 1367/1367/1367 1364/1364/1364
f 1284/1284/1284 1368/1368/1368 1366/1366/1366
f 1364/1364/1364 1369/1369/1369 1365/1365/1365
f 1367/1367/1367 1369/1369/1369 1364/1364/1364
f 1367/1367/1367 1368/1368/1368 1369/1369/1369
f 1369/1369/1369 1370/1370/1370 1365/1365/1365
f 1369/1369/1369 1371/1371/1371 1370/1370/1370
f 1368/1368/1368 1371/1371/1371 1369/1369/1369
f 1371/1371/1371 1372/1372/1372 1370/1370/1370
f 1284/1284/1284 1373/1373/1373 1368/1368/1368
f 1285/1285/1285 1373/1373/1373 1284/1284/1284
f 1371/1371/1371 1374/1374/1374 1372/1372/1372
f 1374/1374/1374 1375/1375/1375 1372/1372/1372
f 1368/1368/1368 1376/1376/1376 1371/1371/1371
f 1373/1373/1373 1376/1376/1376 1368/1368/1368
f 1376/1376/1376 1374/1374/1374 1371/1371/1371
f 1374/1374/1374 1377/1377/1377 1375/1375/1375
f 1377/1377/1377 1378/1378/1378 1375/1375/1375
f 1376/1376/1376 1379/1379/1379 1374/1374/1374
f 1379/1379/1379 1377/1377/1377 1374/1374/1374
f 1373/1373/1373 1380/1380/1380 1376/1376/1376
f 1380/1380/1380 1379/1379/1379 1376/1376/1376
f 1285/1285/1285 1381/1381/1381 1373/1373/1373
f 1381/1381/1381 1380/1380/1380 1373/1373/1373
f 1377/1377/1377 1382/1382/1382 1378/1378/1378
f 1382/1382/1382 1383/1383/1383 1378/1378/1378
f 1379/1379/1379 1384/1384/1384 1377/1377/1377
f 1384/1384/1384 1382/1382/1382 1377/1377/1377
f 1380/1380/1380 1385/1385/1385 1379/1379/1379
f 1385/1385/1385 1384/1384/1384 1379/1379/1379
f 1382/1382/1382 1386/1386/1386 1383/1383/1383
f 1386/1386/1386 1387/1387/1387 1383/1383/1383
f 1384/1384/1384 1388/1388/1388 1382/1382/1382
f 1388/1388/1388 1386/1386/1386 1382/1382/1382
f 1386/1386/1386 1389/1389/1389 1387/1387/1387
f 1389/1389/1389 1390/1390/1390 1387/1387/1387
f 1391/1391/1391 1381/1381/1381 1285/1285/1285
f 1392/1392/1392 1391/1391/1391 1285/1285/1285
f 1381/1381/1381 1393/1393/1393 1380/1380/1380
f 1393/1393/1393 1385/1385/1385 1380/1380/1380
f 1385/1385/1385 1394/1394/1394 1384/1384/1384
f 1394/1394/1394 1388/1388/1388 1384/1384/1384
f 1388/1388/1388 1395/1395/1395 1386/1386/1386
f 1395/1395/1395 1389/1389/1389 1386/1386/1386
f 1389/1389/1389 1396/1396/1396 1390/1390/1390
f 1396/1396/1396 1397/1397/1397 1390/1390/1390
f 1398/1398/1398 1391/1391/1391 1392/1392/1392
f 1399/1399/1399 1398/1398/1398 1392/1392/1392
f 1398/1398/1398 1400/1400/1400 1391/1391/1391
f 1400/1400/1400 1401/1401/1401 1391/1391/1391
f 1391/1391/1391 1401/1401/1401 1381/1381/1381
f 1400/1400/1400 1402/1402/1402 1401/1401/1401
f 1401/1401/1401 1393/1393/1393 1381/1381/1381
f 1402/1402/1402 1403/1403/1403 1401/1401/1401
f 1401/1401/1401 1403/1403/1403 1393/1393/1393
f 1402/1402/1402 1404/1404/1404 1403/1403/1403
f 1396/1396/1396 1405/1405/1405 1397/1397/1397
f 1405/1405/1405 1406/1406/1406 1397/1397/1397
f 1407/1407/1407 1405/1405/1405 1396/1396/1396
f 1408/1408/1408 1407/1407/1407 1396/1396/1396
f 1408/1408/1408 1396/1396/1396 1389/1389/1389
f 1409/1409/1409 1407/1407/1407 1408/1408/1408
f 1395/1395/1395 1408/1408/1408 1389/1389/1389
f 1410/1410/1410 1409/1409/1409 1408/1408/1408
f 1410/1410/1410 1408/1408/1408 1395/1395/1395
f 1411/1411/1411 1409/1409/1409 1410/1410/1410
f 1403/1403/1403 1412/1412/1412 1393/1393/1393
f 1393/1393/1393 1412/1412/1412 1385/1385/1385
f 1412/1412/1412 1394/1394/1394 1385/1385/1385
f 1413/1413/1413 1410/1410/1410 1395/1395/1395
f 1413/1413/1413 1395/1395/1395 1388/1388/1388
f 1394/1394/1394 1413/1413/1413 1388/1388/1388
f 1414/1414/1414 1411/1411/1411 1410/1410/1410
f 1414/1414/1414 1410/1410/1410 1413/1413/1413
f 1415/1415/1415 1411/1411/1411 1414/1414/1414
f 1416/1416/1416 1413/1413/1413 1394/1394/1394
f 1412/1412/1412 1416/1416/1416 1394/1394/1394
f 1416/1416/1416 1414/1414/1414 1413/1413/1413
f 1403/1403/1403 1417/1417/1417 1412/1412/1412
f 1417/1417/1417 1416/1416/1416 1412/1412/1412
f 1404/1404/1404 1417/1417/1417 1403/1403/1403
f 1404/1404/1404 1418/1418/1418 1417/1417/1417
f 1419/1419/1419 1415/1415/1415 1414/1414/1414
f 1419/1419/1419 1414/1414/1414 1416/1416/1416
f 1417/1417/1417 1419/1419/1419 1416/1416/1416
f 1418/1418/1418 1419/1419/1419 1417/1417/1417
f 1420/1420/1420 1415/1415/1415 1419/1419/1419
f 1418/1418/1418 1420/1420/1420 1419/1419/1419
f 1423/1423/1423 1422/1422/1422 1421/1421/1421
f 979/979/979 1423/1423/1423 1421/1421/1421
f 979/979/979 1421/1421/1421 975/975/975
f 982/982/982 1423/1423/1423 979/979/979
f 1421/1421/1421 1424/1424/1424 975/975/975
f 1424/1424/1424 1425/1425/1425 975/975/975
f 1426/1426/1426 1424/1424/1424 1421/1421/1421
f 1427/1427/1427 1426/1426/1426 1421/1421/1421
f 1424/1424/1424 1428/1428/1428 1425/1425/1425
f 1428/1428/1428 1429/1429/1429 1425/1425/1425
f 1426/1426/1426 1430/1430/1430 1424/1424/1424
f 1430/1430/1430 1428/1428/1428 1424/1424/1424
f 982/982/982 1431/1431/1431 1423/1423/1423
f 1431/1431/1431 1432/1432/1432 1423/1423/1423
f 1423/1423/1423 1432/1432/1432 1433/1433/1433
f 1434/1434/1434 1431/1431/1431 982/982/982
f 980/980/980 1434/1434/1434 982/982/982
f 1435/1435/1435 1434/1434/1434 980/980/980
f 981/981/981 1435/1435/1435 980/980/980
f 1434/1434/1434 1436/1436/1436 1431/1431/1431
f 1436/1436/1436 1437/1437/1437 1431/1431/1431
f 1431/1431/1431 1437/1437/1437 1432/1432/1432
f 1438/1438/1438 1436/1436/1436 1434/1434/1434
f 1435/1435/1435 1438/1438/1438 1434/1434/1434
f 1437/1437/1437 1439/1439/1439 1432/1432/1432
f 1440/1440/1440 1438/1438/1438 1435/1435/1435
f 1432/1432/1432 1439/1439/1439 1441/1441/1441
f 1432/1432/1432 1441/1441/1441 1433/1433/1433
f 1439/1439/1439 1442/1442/1442 1441/1441/1441
f 1442/1442/1442 1443/1443/1443 1441/1441/1441
f 1444/1444/1444 1440/1440/1440 1435/1435/1435
f 1444/1444/1444 1435/1435/1435 981/981/981
f 1445/1445/1445 1440/1440/1440 1444/1444/1444
f 1446/1446/1446 1445/1445/1445 1444/1444/1444
f 1441/1441/1441 1447/1447/1447 1433/1433/1433
f 1443/1443/1443 1447/1447/1447 1441/1441/1441
f 1447/1447/1447 1426/1426/1426 1433/1433/1433
f 1443/1443/1443 1448/1448/1448 1447/1447/1447
f 1449/1449/1449 1444/1444/1444 981/981/981
f 1446/1446/1446 1444/1444/1444 1449/1449/1449
f 1449/1449/1449 981/981/981 967/967/967
f 1450/1450/1450 1446/1446/1446 1449/1449/1449
f 1447/1447/1447 1451/1451/1451 1426/1426/1426
f 1448/1448/1448 1451/1451/1451 1447/1447/1447
f 1448/1448/1448 1452/1452/1452 1451/1451/1451
f 1451/1451/1451 1430/1430/1430 1426/1426/1426
f 1453/1453/1453 1449/1449/1449 967/967/967
f 1450/1450/1450 1449/1449/1449 1453/1453/1453
f 1453/1453/1453 967/967/967 1454/1454/1454
f 1455/1455/1455 1450/1450/1450 1453/1453/1453
f 1456/1456/1456 1453/1453/1453 1454/1454/1454
f 1455/1455/1455 1453/1453/1453 1456/1456/1456
f 1457/1457/1457 1455/1455/1455 1456/1456/1456
f 1452/1452/1452 1458/1458/1458 1451/1451/1451
f 1451/1451/1451 1458/1458/1458 1430/1430/1430
f 1452/1452/1452 1459/1459/1459 1458/1458/1458
f 1458/1458/1458 1460/1460/1460 1430/1430/1430
f 1430/1430/1430 1460/1460/1460 1428/1428/1428
f 1459/1459/1459 1461/1461/1461 1458/1458/1458
f 1458/1458/1458 1461/1461/1461 1460/1460/1460
f 1459/1459/1459 1462/1462/1462 1461/1461/1461
f 1460/1460/1460 1463/1463/1463 1428/1428/1428
f 1428/1428/1428 1463/1463/1463 1429/1429/1429
f 1462/1462/1462 1464/1464/1464 1461/1461/1461
f 1462/1462/1462 1465/1465/1465 1464/1464/1464
f 1465/1465/1465 1466/1466/1466 1464/1464/1464
f 1461/1461/1461 1467/1467/1467 1460/1460/1460
f 1461/1461/1461 1464/1464/1464 1467/1467/1467
f 1460/1460/1460 1467/1467/1467 1463/1463/1463
f 1464/1464/1464 1466/1466/1466 1468/1468/1468
f 1464/1464/1464 1468/1468/1468 1467/1467/1467
f 1466/1466/1466 1469/1469/1469 1468/1468/1468
f 1467/1467/1467 1470/1470/1470 1463/1463/1463
f 1467/1467/1467 1468/1468/1468 1470/1470/1470
f 1468/1468/1468 1469/1469/1469 1471/1471/1471
f 1468/1468/1468 1471/1471/1471 1470/1470/1470
f 1469/1469/1469 1472/1472/1472 1471/1471/1471
f 1470/1470/1470 1471/1471/1471 1473/1473/1473
f 1471/1471/1471 1474/1474/1474 1473/1473/1473
f 1471/1471/1471 1472/1472/1472 1474/1474/1474
f 1472/1472/1472 1475/1475/1475 1474/1474/1474
f 1463/1463/1463 1470/1470/1470 1476/1476/1476
f 1463/1463/1463 1476/1476/1476 1429/1429/1429
f 1470/1470/1470 1477/1477/1477 1476/1476/1476
f 1476/1476/1476 1478/1478/1478 1429/1429/1429
f 1477/1477/1477 1479/1479/1479 1476/1476/1476
f 1479/1479/1479 1478/1478/1478 1476/1476/1476
f 1478/1478/1478 1480/1480/1480 1429/1429/1429
f 1429/1429/1429 1480/1480/1480 1481/1481/1481
f 1480/1480/1480 1077/1077/1077 1481/1481/1481
f 1481/1481/1481 1077/1077/1077 975/975/975
f 1480/1480/1480 1084/1084/1084 1077/1077/1077
f 1482/1482/1482 1084/1084/1084 1480/1480/1480
f 1478/1478/1478 1482/1482/1482 1480/1480/1480
f 1482/1482/1482 1093/1093/1093 1084/1084/1084
f 1483/1483/1483 1482/1482/1482 1478/1478/1478
f 1479/1479/1479 1483/1483/1483 1478/1478/1478
f 1484/1484/1484 1093/1093/1093 1482/1482/1482
f 1483/1483/1483 1484/1484/1484 1482/1482/1482
f 1484/1484/1484 1092/1092/1092 1093/1093/1093
f 1485/1485/1485 1479/1479/1479 1477/1477/1477
f 1486/1486/1486 1485/1485/1485 1477/1477/1477
f 1487/1487/1487 1483/1483/1483 1479/1479/1479
f 1485/1485/1485 1487/1487/1487 1479/1479/1479
f 1488/1488/1488 1487/1487/1487 1485/1485/1485
f 1489/1489/1489 1488/1488/1488 1485/1485/1485
f 1489/1489/1489 1485/1485/1485 1486/1486/1486
f 1490/1490/1490 1489/1489/1489 1486/1486/1486
f 1491/1491/1491 1092/1092/1092 1484/1484/1484
f 1492/1492/1492 1484/1484/1484 1483/1483/1483
f 1492/1492/1492 1491/1491/1491 1484/1484/1484
f 1491/1491/1491 1493/1493/1493 1092/1092/1092
f 1493/1493/1493 1104/1104/1104 1092/1092/1092
f 1493/1493/1493 1494/1494/1494 1104/1104/1104
f 1494/1494/1494 1495/1495/1495 1104/1104/1104
f 1496/1496/1496 1494/1494/1494 1493/1493/1493
f 1497/1497/1497 1496/1496/1496 1493/1493/1493
f 1497/1497/1497 1493/1493/1493 1491/1491/1491
f 1498/1498/1498 1496/1496/1496 1497/1497/1497
f 1499/1499/1499 1497/1497/1497 1491/1491/1491
f 1499/1499/1499 1491/1491/1491 1492/1492/1492
f 1500/1500/1500 1498/1498/1498 1497/1497/1497
f 1500/1500/1500 1497/1497/1497 1499/1499/1499
f 1501/1501/1501 1498/1498/1498 1500/1500/1500
f 1502/1502/1502 1492/1492/1492 1483/1483/1483
f 1502/1502/1502 1483/1483/1483 1503/1503/1503
f 1504/1504/1504 1499/1499/1499 1492/1492/1492
f 1504/1504/1504 1492/1492/1492 1502/1502/1502
f 1505/1505/1505 1500/1500/1500 1499/1499/1499
f 1505/1505/1505 1506/1506/1506 1504/1504/1504
f 1507/1507/1507 1501/1501/1501 1500/1500/1500
f 1507/1507/1507 1500/1500/1500 1505/1505/1505
f 1508/1508/1508 1501/1501/1501 1507/1507/1507
f 1509/1509/1509 1502/1502/1502 1503/1503/1503
f 1509/1509/1509 1503/1503/1503 1510/1510/1510
f 1511/1511/1511 1509/1509/1509 1510/1510/1510
f 1512/1512/1512 1504/1504/1504 1502/1502/1502
f 1512/1512/1512 1502/1502/1502 1509/1509/1509
f 1513/1513/1513 1509/1509/1509 1511/1511/1511
f 1513/1513/1513 1512/1512/1512 1509/1509/1509
f 1514/1514/1514 1513/1513/1513 1511/1511/1511
f 1515/1515/1515 1505/1505/1505 1504/1504/1504
f 1515/1515/1515 1504/1504/1504 1512/1512/1512
f 1516/1516/1516 1507/1507/1507 1505/1505/1505
f 1517/1517/1517 1505/1505/1505 1515/1515/1515
f 1518/1518/1518 1508/1508/1508 1507/1507/1507
f 1518/1518/1518 1507/1507/1507 1516/1516/1516
f 1519/1519/1519 1508/1508/1508 1518/1518/1518
f 1520/1520/1520 1518/1518/1518 1516/1516/1516
f 1521/1521/1521 1519/1519/1519 1518/1518/1518
f 1521/1521/1521 1518/1518/1518 1520/1520/1520
f 1522/1522/1522 1519/1519/1519 1521/1521/1521
f 1523/1523/1523 1521/1521/1521 1520/1520/1520
f 1524/1524/1524 1522/1522/1522 1521/1521/1521
f 1524/1524/1524 1521/1521/1521 1523/1523/1523
f 1525/1525/1525 1522/1522/1522 1524/1524/1524
f 1526/1526/1526 1525/1525/1525 1524/1524/1524
f 1527/1527/1527 1517/1517/1517 1515/1515/1515
f 1528/1528/1528 1517/1517/1517 1527/1527/1527
f 1527/1527/1527 1515/1515/1515 1529/1529/1529
f 1529/1529/1529 1515/1515/1515 1512/1512/1512
f 1530/1530/1530 1527/1527/1527 1529/1529/1529
f 1531/1531/1531 1528/1528/1528 1527/1527/1527
f 1531/1531/1531 1527/1527/1527 1530/1530/1530
f 1523/1523/1523 1528/1528/1528 1531/1531/1531
f 1532/1532/1532 1531/1531/1531 1530/1530/1530
f 1533/1533/1533 1531/1531/1531 1532/1532/1532
f 1533/1533/1533 1523/1523/1523 1531/1531/1531
f 1534/1534/1534 1533/1533/1533 1532/1532/1532
f 1535/1535/1535 1524/1524/1524 1523/1523/1523
f 1535/1535/1535 1523/1523/1523 1533/1533/1533
f 1526/1526/1526 1524/1524/1524 1535/1535/1535
f 1536/1536/1536 1535/1535/1535 1533/1533/1533
f 1536/1536/1536 1533/1533/1533 1534/1534/1534
f 1537/1537/1537 1526/1526/1526 1535/1535/1535
f 1537/1537/1537 1535/1535/1535 1536/1536/1536
f 1538/1538/1538 1536/1536/1536 1534/1534/1534
f 1539/1539/1539 1537/1537/1537 1536/1536/1536
f 1539/1539/1539 1536/1536/1536 1538/1538/1538
f 1540/1540/1540 1526/1526/1526 1537/1537/1537
f 1541/1541/1541 1537/1537/1537 1539/1539/1539
f 1541/1541/1541 1540/1540/1540 1537/1537/1537
f 1540/1540/1540 1542/1542/1542 1526/1526/1526
f 1542/1542/1542 1543/1543/1543 1526/1526/1526
f 1542/1542/1542 1544/1544/1544 1543/1543/1543
f 1544/1544/1544 1545/1545/1545 1543/1543/1543
f 1544/1544/1544 1546/1546/1546 1545/1545/1545
f 1546/1546/1546 1547/1547/1547 1545/1545/1545
f 1548/1548/1548 1546/1546/1546 1544/1544/1544
f 1549/1549/1549 1548/1548/1548 1544/1544/1544
f 1549/1549/1549 1544/1544/1544 1542/1542/1542
f 1550/1550/1550 1549/1549/1549 1542/1542/1542
f 1550/1550/1550 1542/1542/1542 1540/1540/1540
f 1551/1551/1551 1550/1550/1550 1540/1540/1540
f 1551/1551/1551 1540/1540/1540 1541/1541/1541
f 1552/1552/1552 1550/1550/1550 1551/1551/1551
f 1553/1553/1553 1552/1552/1552 1551/1551/1551
f 1554/1554/1554 1552/1552/1552 1553/1553/1553
f 1555/1555/1555 1551/1551/1551 1541/1541/1541
f 1553/1553/1553 1551/1551/1551 1555/1555/1555
f 1555/1555/1555 1541/1541/1541 1556/1556/1556
f 1556/1556/1556 1541/1541/1541 1539/1539/1539
f 1557/1557/1557 1553/1553/1553 1555/1555/1555
f 1558/1558/1558 1555/1555/1555 1556/1556/1556
f 1556/1556/1556 1539/1539/1539 1559/1559/1559
f 1558/1558/1558 1556/1556/1556 1560/1560/1560
f 1560/1560/1560 1556/1556/1556 1559/1559/1559
f 1561/1561/1561 1558/1558/1558 1560/1560/1560
f 1560/1560/1560 1559/1559/1559 1562/1562/1562
f 1561/1561/1561 1560/1560/1560 1563/1563/1563
f 1563/1563/1563 1560/1560/1560 1562/1562/1562
f 1564/1564/1564 1554/1554/1554 1553/1553/1553
f 1564/1564/1564 1553/1553/1553 1557/1557/1557
f 1565/1565/1565 1561/1561/1561 1563/1563/1563
f 1566/1566/1566 1561/1561/1561 1565/1565/1565
f 1563/1563/1563 1562/1562/1562 1567/1567/1567
f 1568/1568/1568 1563/1563/1563 1567/1567/1567
f 1565/1565/1565 1563/1563/1563 1568/1568/1568
f 1569/1569/1569 1566/1566/1566 1565/1565/1565
f 1570/1570/1570 1566/1566/1566 1569/1569/1569
f 1557/1557/1557 1570/1570/1570 1569/1569/1569
f 1569/1569/1569 1565/1565/1565 1571/1571/1571
f 1571/1571/1571 1565/1565/1565 1568/1568/1568
f 1557/1557/1557 1569/1569/1569 1572/1572/1572
f 1572/1572/1572 1569/1569/1569 1571/1571/1571
f 1573/1573/1573 1557/1557/1557 1572/1572/1572
f 1574/1574/1574 1564/1564/1564 1557/1557/1557
f 1575/1575/1575 1571/1571/1571 1568/1568/1568
f 1576/1576/1576 1575/1575/1575 1568/1568/1568
f 1576/1576/1576 1568/1568/1568 1577/1577/1577
f 1575/1575/1575 1578/1578/1578 1571/1571/1571
f 1578/1578/1578 1579/1579/1579 1571/1571/1571
f 1580/1580/1580 1574/1574/1574 1579/1579/1579
f 1578/1578/1578 1580/1580/1580 1579/1579/1579
f 1581/1581/1581 1564/1564/1564 1574/1574/1574
f 1580/1580/1580 1581/1581/1581 1574/1574/1574
f 1582/1582/1582 1576/1576/1576 1577/1577/1577
f 1582/1582/1582 1577/1577/1577 1583/1583/1583
f 1581/1581/1581 1584/1584/1584 1564/1564/1564
f 1584/1584/1584 1554/1554/1554 1564/1564/1564
f 1585/1585/1585 1582/1582/1582 1583/1583/1583
f 1585/1585/1585 1583/1583/1583 1586/1586/1586
f 1584/1584/1584 1587/1587/1587 1554/1554/1554
f 1587/1587/1587 1546/1546/1546 1554/1554/1554
f 1587/1587/1587 1588/1588/1588 1546/1546/1546
f 1588/1588/1588 1589/1589/1589 1546/1546/1546
f 1590/1590/1590 1588/1588/1588 1587/1587/1587
f 1591/1591/1591 1590/1590/1590 1587/1587/1587
f 1591/1591/1591 1587/1587/1587 1584/1584/1584
f 1592/1592/1592 1591/1591/1591 1584/1584/1584
f 1592/1592/1592 1584/1584/1584 1581/1581/1581
f 1593/1593/1593 1592/1592/1592 1581/1581/1581
f 1593/1593/1593 1581/1581/1581 1580/1580/1580
f 1594/1594/1594 1593/1593/1593 1580/1580/1580
f 1594/1594/1594 1580/1580/1580 1578/1578/1578
f 1595/1595/1595 1594/1594/1594 1578/1578/1578
f 1595/1595/1595 1578/1578/1578 1575/1575/1575
f 1596/1596/1596 1595/1595/1595 1575/1575/1575
f 1596/1596/1596 1575/1575/1575 1576/1576/1576
f 1597/1597/1597 1596/1596/1596 1576/1576/1576
f 1597/1597/1597 1576/1576/1576 1582/1582/1582
f 1598/1598/1598 1597/1597/1597 1582/1582/1582
f 1598/1598/1598 1582/1582/1582 1585/1585/1585
f 1599/1599/1599 1598/1598/1598 1585/1585/1585
f 1599/1599/1599 1585/1585/1585 1600/1600/1600
f 1601/1601/1601 1599/1599/1599 1600/1600/1600
f 1600/1600/1600 1585/1585/1585 1586/1586/1586
f 1601/1601/1601 1600/1600/1600 1602/1602/1602
f 1603/1603/1603 1601/1601/1601 1602/1602/1602
f 1600/1600/1600 1586/1586/1586 1604/1604/1604
f 1602/1602/1602 1600/1600/1600 1604/1604/1604
f 1603/1603/1603 1602/1602/1602 1605/1605/1605
f 1606/1606/1606 1603/1603/1603 1605/1605/1605
f 1605/1605/1605 1602/1602/1602 1607/1607/1607
f 1602/1602/1602 1604/1604/1604 1607/1607/1607
f 1607/1607/1607 1604/1604/1604 1608/1608/1608
f 1604/1604/1604 1586/1586/1586 1609/1609/1609
f 1604/1604/1604 1609/1609/1609 1608/1608/1608
f 1586/1586/1586 1610/1610/1610 1609/1609/1609
f 1608/1608/1608 1609/1609/1609 1611/1611/1611
f 1609/1609/1609 1610/1610/1610 1612/1612/1612
f 1609/1609/1609 1612/1612/1612 1611/1611/1611
f 1611/1611/1611 1612/1612/1612 1613/1613/1613
f 1610/1610/1610 1614/1614/1614 1612/1612/1612
f 1612/1612/1612 1615/1615/1615 1613/1613/1613
f 1612/1612/1612 1614/1614/1614 1615/1615/1615
f 1613/1613/1613 1615/1615/1615 1616/1616/1616
f 1614/1614/1614 1617/1617/1617 1615/1615/1615
f 1614/1614/1614 1618/1618/1618 1617/1617/1617
f 1615/1615/1615 1619/1619/1619 1616/1616/1616
f 1615/1615/1615 1617/1617/1617 1619/1619/1619
f 1616/1616/1616 1619/1619/1619 1620/1620/1620
f 1618/1618/1618 1621/1621/1621 1617/1617/1617
f 1618/1618/1618 1622/1622/1622 1621/1621/1621
f 1622/1622/1622 1623/1623/1623 1621/1621/1621
f 1621/1621/1621 1623/1623/1623 1562/1562/1562
f 1623/1623/1623 1624/1624/1624 1562/1562/1562
f 1621/1621/1621 1562/1562/1562 1625/1625/1625
f 1617/1617/1617 1621/1621/1621 1625/1625/1625
f 1617/1617/1617 1625/1625/1625 1619/1619/1619
f 1619/1619/1619 1626/1626/1626 1620/1620/1620
f 1619/1619/1619 1625/1625/1625 1626/1626/1626
f 1620/1620/1620 1626/1626/1626 1627/1627/1627
f 1625/1625/1625 1538/1538/1538 1626/1626/1626
f 1625/1625/1625 1539/1539/1539 1538/1538/1538
f 1626/1626/1626 1628/1628/1628 1627/1627/1627
f 1626/1626/1626 1538/1538/1538 1628/1628/1628
f 1627/1627/1627 1628/1628/1628 1629/1629/1629
f 1538/1538/1538 1534/1534/1534 1628/1628/1628
f 1628/1628/1628 1630/1630/1630 1629/1629/1629
f 1628/1628/1628 1534/1534/1534 1630/1630/1630
f 1629/1629/1629 1630/1630/1630 1631/1631/1631
f 1534/1534/1534 1632/1632/1632 1630/1630/1630
f 1630/1630/1630 1633/1633/1633 1631/1631/1631
f 1630/1630/1630 1632/1632/1632 1633/1633/1633
f 1631/1631/1631 1633/1633/1633 1634/1634/1634
f 1632/1632/1632 1635/1635/1635 1633/1633/1633
f 1633/1633/1633 1636/1636/1636 1634/1634/1634
f 1633/1633/1633 1635/1635/1635 1636/1636/1636
f 1634/1634/1634 1636/1636/1636 1514/1514/1514
f 1635/1635/1635 1637/1637/1637 1636/1636/1636
f 1636/1636/1636 1513/1513/1513 1514/1514/1514
f 1636/1636/1636 1637/1637/1637 1513/1513/1513
f 1637/1637/1637 1512/1512/1512 1513/1513/1513
f 1640/1640/1640 1639/1639/1639 1638/1638/1638
f 1639/1639/1639 1641/1641/1641 1638/1638/1638
f 1638/1638/1638 1641/1641/1641 1642/1642/1642
f 1639/1639/1639 1643/1643/1643 1641/1641/1641
f 1641/1641/1641 1644/1644/1644 1642/1642/1642
f 1642/1642/1642 1644/1644/1644 1645/1645/1645
f 1643/1643/1643 1646/1646/1646 1641/1641/1641
f 1641/1641/1641 1646/1646/1646 1644/1644/1644
f 1644/1644/1644 1647/1647/1647 1645/1645/1645
f 1645/1645/1645 1647/1647/1647 1648/1648/1648
f 1647/1647/1647 1649/1649/1649 1648/1648/1648
f 1644/1644/1644 1650/1650/1650 1647/1647/1647
f 1646/1646/1646 1650/1650/1650 1644/1644/1644
f 1647/1647/1647 1651/1651/1651 1649/1649/1649
f 1650/1650/1650 1651/1651/1651 1647/1647/1647
f 1651/1651/1651 1652/1652/1652 1649/1649/1649
f 1651/1651/1651 1653/1653/1653 1652/1652/1652
f 1653/1653/1653 1654/1654/1654 1652/1652/1652
f 1650/1650/1650 1655/1655/1655 1651/1651/1651
f 1655/1655/1655 1653/1653/1653 1651/1651/1651
f 1646/1646/1646 1656/1656/1656 1650/1650/1650
f 1656/1656/1656 1655/1655/1655 1650/1650/1650
f 1653/1653/1653 1657/1657/1657 1654/1654/1654
f 1657/1657/1657 1658/1658/1658 1654/1654/1654
f 1655/1655/1655 1659/1659/1659 1653/1653/1653
f 1659/1659/1659 1657/1657/1657 1653/1653/1653
f 1657/1657/1657 1660/1660/1660 1658/1658/1658
f 1660/1660/1660 1661/1661/1661 1658/1658/1658
f 1660/1660/1660 1662/1662/1662 1661/1661/1661
f 1662/1662/1662 1663/1663/1663 1661/1661/1661
f 1664/1664/1664 1662/1662/1662 1660/1660/1660
f 1665/1665/1665 1660/1660/1660 1657/1657/1657
f 1665/1665/1665 1664/1664/1664 1660/1660/1660
f 1659/1659/1659 1665/1665/1665 1657/1657/1657
f 1666/1666/1666 1664/1664/1664 1665/1665/1665
f 1667/1667/1667 1666/1666/1666 1665/1665/1665
f 1667/1667/1667 1665/1665/1665 1659/1659/1659
f 1668/1668/1668 1666/1666/1666 1667/1667/1667
f 1669/1669/1669 1659/1659/1659 1655/1655/1655
f 1669/1669/1669 1667/1667/1667 1659/1659/1659
f 1656/1656/1656 1669/1669/1669 1655/1655/1655
f 1670/1670/1670 1668/1668/1668 1667/1667/1667
f 1670/1670/1670 1667/1667/1667 1669/1669/1669
f 1671/1671/1671 1669/1669/1669 1656/1656/1656
f 1671/1671/1671 1670/1670/1670 1669/1669/1669
f 1672/1672/1672 1671/1671/1671 1656/1656/1656
f 1672/1672/1672 1656/1656/1656 1646/1646/1646
f 1643/1643/1643 1672/1672/1672 1646/1646/1646
f 1668/1668/1668 1670/1670/1670 1673/1673/1673
f 1674/1674/1674 1668/1668/1668 1673/1673/1673
f 1673/1673/1673 1670/1670/1670 1675/1675/1675
f 1670/1670/1670 1676/1676/1676 1675/1675/1675
f 1676/1676/1676 1672/1672/1672 1677/1677/1677
f 1675/1675/1675 1676/1676/1676 1677/1677/1677
f 1672/1672/1672 1643/1643/1643 1678/1678/1678
f 1677/1677/1677 1672/1672/1672 1678/1678/1678
f 1674/1674/1674 1673/1673/1673 1679/1679/1679
f 1680/1680/1680 1674/1674/1674 1679/1679/1679
f 1673/1673/1673 1675/1675/1675 1681/1681/1681
f 1679/1679/1679 1673/1673/1673 1681/1681/1681
f 1675/1675/1675 1677/1677/1677 1682/1682/1682
f 1681/1681/1681 1675/1675/1675 1682/1682/1682
f 1680/1680/1680 1679/1679/1679 1683/1683/1683
f 1684/1684/1684 1680/1680/1680 1683/1683/1683
f 1679/1679/1679 1681/1681/1681 1685/1685/1685
f 1683/1683/1683 1679/1679/1679 1685/1685/1685
f 1684/1684/1684 1683/1683/1683 1686/1686/1686
f 1687/1687/1687 1684/1684/1684 1686/1686/1686
f 1686/1686/1686 1683/1683/1683 1688/1688/1688
f 1683/1683/1683 1685/1685/1685 1688/1688/1688
f 1688/1688/1688 1685/1685/1685 1689/1689/1689
f 1685/1685/1685 1681/1681/1681 1690/1690/1690
f 1685/1685/1685 1690/1690/1690 1689/1689/1689
f 1681/1681/1681 1682/1682/1682 1690/1690/1690
f 1689/1689/1689 1690/1690/1690 1691/1691/1691
f 1690/1690/1690 1692/1692/1692 1691/1691/1691
f 1690/1690/1690 1682/1682/1682 1692/1692/1692
f 1691/1691/1691 1692/1692/1692 1693/1693/1693
f 1682/1682/1682 1694/1694/1694 1692/1692/1692
f 1682/1682/1682 1677/1677/1677 1694/1694/1694
f 1677/1677/1677 1678/1678/1678 1694/1694/1694
f 1692/1692/1692 1695/1695/1695 1693/1693/1693
f 1692/1692/1692 1694/1694/1694 1695/1695/1695
f 1693/1693/1693 1695/1695/1695 1696/1696/1696
f 1695/1695/1695 1697/1697/1697 1696/1696/1696
f 1694/1694/1694 1698/1698/1698 1695/1695/1695
f 1695/1695/1695 1698/1698/1698 1697/1697/1697
f 1694/1694/1694 1678/1678/1678 1698/1698/1698
f 1698/1698/1698 1699/1699/1699 1697/1697/1697
f 1678/1678/1678 1700/1700/1700 1698/1698/1698
f 1698/1698/1698 1700/1700/1700 1699/1699/1699
f 1678/1678/1678 1643/1643/1643 1700/1700/1700
f 1700/1700/1700 1701/1701/1701 1699/1699/1699
f 1643/1643/1643 1702/1702/1702 1700/1700/1700
f 1700/1700/1700 1702/1702/1702 1701/1701/1701
f 1702/1702/1702 1703/1703/1703 1701/1701/1701
f 1706/1706/1706 1705/1705/1705 1704/1704/1704
f 1707/1707/1707 1706/1706/1706 1704/1704/1704
f 1707/1707/1707 1704/1704/1704 1708/1708/1708
f 1709/1709/1709 1706/1706/1706 1707/1707/1707
f 1710/1710/1710 1707/1707/1707 1708/1708/1708
f 1710/1710/1710 1708/1708/1708 1711/1711/1711
f 1712/1712/1712 1709/1709/1709 1707/1707/1707
f 1712/1712/1712 1707/1707/1707 1710/1710/1710
f 1713/1713/1713 1709/1709/1709 1712/1712/1712
f 1714/1714/1714 1710/1710/1710 1711/1711/1711
f 1714/1714/1714 1711/1711/1711 1715/1715/1715
f 1716/1716/1716 1713/1713/1713 1712/1712/1712
f 1717/1717/1717 1713/1713/1713 1716/1716/1716
f 1718/1718/1718 1712/1712/1712 1710/1710/1710
f 1718/1718/1718 1710/1710/1710 1714/1714/1714
f 1716/1716/1716 1712/1712/1712 1718/1718/1718
f 1719/1719/1719 1714/1714/1714 1715/1715/1715
f 1719/1719/1719 1715/1715/1715 1720/1720/1720
f 1721/1721/1721 1717/1717/1717 1716/1716/1716
f 1717/1717/1717 1721/1721/1721 1722/1722/1722
f 1723/1723/1723 1716/1716/1716 1718/1718/1718
f 1721/1721/1721 1716/1716/1716 1723/1723/1723
f 1724/1724/1724 1718/1718/1718 1714/1714/1714
f 1724/1724/1724 1714/1714/1714 1719/1719/1719
f 1723/1723/1723 1718/1718/1718 1724/1724/1724
f 1725/1725/1725 1719/1719/1719 1720/1720/1720
f 1725/1725/1725 1720/1720/1720 1726/1726/1726
f 1721/1721/1721 1727/1727/1727 1722/1722/1722
f 1722/1722/1722 1727/1727/1727 1728/1728/1728
f 1727/1727/1727 1729/1729/1729 1728/1728/1728
f 1730/1730/1730 1724/1724/1724 1719/1719/1719
f 1730/1730/1730 1719/1719/1719 1725/1725/1725
f 1731/1731/1731 1721/1721/1721 1723/1723/1723
f 1721/1721/1721 1731/1731/1731 1727/1727/1727
f 1727/1727/1727 1732/1732/1732 1729/1729/1729
f 1731/1731/1731 1732/1732/1732 1727/1727/1727
f 1732/1732/1732 1733/1733/1733 1729/1729/1729
f 1734/1734/1734 1723/1723/1723 1724/1724/1724
f 1731/1731/1731 1723/1723/1723 1734/1734/1734
f 1734/1734/1734 1724/1724/1724 1730/1730/1730
f 1735/1735/1735 1725/1725/1725 1726/1726/1726
f 1735/1735/1735 1726/1726/1726 1736/1736/1736
f 1732/1732/1732 1737/1737/1737 1733/1733/1733
f 1737/1737/1737 1738/1738/1738 1733/1733/1733
f 1731/1731/1731 1739/1739/1739 1732/1732/1732
f 1739/1739/1739 1731/1731/1731 1734/1734/1734
f 1739/1739/1739 1737/1737/1737 1732/1732/1732
f 1740/1740/1740 1730/1730/1730 1725/1725/1725
f 1740/1740/1740 1725/1725/1725 1735/1735/1735
f 1741/1741/1741 1734/1734/1734 1730/1730/1730
f 1739/1739/1739 1734/1734/1734 1741/1741/1741
f 1741/1741/1741 1730/1730/1730 1740/1740/1740
f 1742/1742/1742 1735/1735/1735 1736/1736/1736
f 1742/1742/1742 1736/1736/1736 1743/1743/1743
f 1737/1737/1737 1744/1744/1744 1738/1738/1738
f 1744/1744/1744 1745/1745/1745 1738/1738/1738
f 1739/1739/1739 1746/1746/1746 1737/1737/1737
f 1746/1746/1746 1739/1739/1739 1741/1741/1741
f 1746/1746/1746 1744/1744/1744 1737/1737/1737
f 1747/1747/1747 1741/1741/1741 1740/1740/1740
f 1746/1746/1746 1741/1741/1741 1747/1747/1747
f 1748/1748/1748 1740/1740/1740 1735/1735/1735
f 1748/1748/1748 1735/1735/1735 1742/1742/1742
f 1747/1747/1747 1740/1740/1740 1748/1748/1748
f 1749/1749/1749 1742/1742/1742 1743/1743/1743
f 1749/1749/1749 1743/1743/1743 1750/1750/1750
f 1744/1744/1744 1751/1751/1751 1745/1745/1745
f 1751/1751/1751 1752/1752/1752 1745/1745/1745
f 1746/1746/1746 1753/1753/1753 1744/1744/1744
f 1753/1753/1753 1746/1746/1746 1747/1747/1747
f 1753/1753/1753 1751/1751/1751 1744/1744/1744
f 1754/1754/1754 1747/1747/1747 1748/1748/1748
f 1753/1753/1753 1747/1747/1747 1754/1754/1754
f 1755/1755/1755 1748/1748/1748 1742/1742/1742
f 1755/1755/1755 1742/1742/1742 1749/1749/1749
f 1754/1754/1754 1748/1748/1748 1755/1755/1755
f 1756/1756/1756 1749/1749/1749 1750/1750/1750
f 1756/1756/1756 1750/1750/1750 1757/1757/1757
f 1751/1751/1751 1758/1758/1758 1752/1752/1752
f 1758/1758/1758 1759/1759/1759 1752/1752/1752
f 1753/1753/1753 1760/1760/1760 1751/1751/1751
f 1760/1760/1760 1753/1753/1753 1754/1754/1754
f 1760/1760/1760 1758/1758/1758 1751/1751/1751
f 1761/1761/1761 1755/1755/1755 1749/1749/1749
f 1761/1761/1761 1749/1749/1749 1756/1756/1756
f 1762/1762/1762 1754/1754/1754 1755/1755/1755
f 1760/1760/1760 1754/1754/1754 1762/1762/1762
f 1762/1762/1762 1755/1755/1755 1761/1761/1761
f 1763/1763/1763 1756/1756/1756 1757/1757/1757
f 1763/1763/1763 1757/1757/1757 1764/1764/1764
f 1758/1758/1758 1765/1765/1765 1759/1759/1759
f 1765/1765/1765 1766/1766/1766 1759/1759/1759
f 1760/1760/1760 1767/1767/1767 1758/1758/1758
f 1767/1767/1767 1760/1760/1760 1762/1762/1762
f 1767/1767/1767 1765/1765/1765 1758/1758/1758
f 1768/1768/1768 1761/1761/1761 1756/1756/1756
f 1768/1768/1768 1756/1756/1756 1763/1763/1763
f 1769/1769/1769 1762/1762/1762 1761/1761/1761
f 1767/1767/1767 1762/1762/1762 1769/1769/1769
f 1769/1769/1769 1761/1761/1761 1768/1768/1768
f 1770/1770/1770 1763/1763/1763 1764/1764/1764
f 1770/1770/1770 1764/1764/1764 1771/1771/1771
f 1765/1765/1765 1772/1772/1772 1766/1766/1766
f 1772/1772/1772 1773/1773/1773 1766/1766/1766
f 1767/1767/1767 1774/1774/1774 1765/1765/1765
f 1774/1774/1774 1767/1767/1767 1769/1769/1769
f 1774/1774/1774 1772/1772/1772 1765/1765/1765
f 1775/1775/1775 1768/1768/1768 1763/1763/1763
f 1775/1775/1775 1763/1763/1763 1770/1770/1770
f 1776/1776/1776 1769/1769/1769 1768/1768/1768
f 1774/1774/1774 1769/1769/1769 1776/1776/1776
f 1776/1776/1776 1768/1768/1768 1775/1775/1775
f 1777/1777/1777 1770/1770/1770 1771/1771/1771
f 1777/1777/1777 1771/1771/1771 1778/1778/1778
f 1772/1772/1772 1779/1779/1779 1773/1773/1773
f 1779/1779/1779 1780/1780/1780 1773/1773/1773
f 1774/1774/1774 1781/1781/1781 1772/1772/1772
f 1781/1781/1781 1774/1774/1774 1776/1776/1776
f 1781/1781/1781 1779/1779/1779 1772/1772/1772
f 1782/1782/1782 1776/1776/1776 1775/1775/1775
f 1781/1781/1781 1776/1776/1776 1782/1782/1782
f 1783/1783/1783 1775/1775/1775 1770/1770/1770
f 1783/1783/1783 1770/1770/1770 1777/1777/1777
f 1782/1782/1782 1775/1775/1775 1783/1783/1783
f 1784/1784/1784 1777/1777/1777 1778/1778/1778
f 1784/1784/1784 1778/1778/1778 1785/1785/1785
f 1786/1786/1786 1784/1784/1784 1785/1785/1785
f 1779/1779/1779 1787/1787/1787 1780/1780/1780
f 1787/1787/1787 1788/1788/1788 1780/1780/1780
f 1781/1781/1781 1789/1789/1789 1779/1779/1779
f 1789/1789/1789 1781/1781/1781 1782/1782/1782
f 1789/1789/1789 1787/1787/1787 1779/1779/1779
f 1790/1790/1790 1782/1782/1782 1783/1783/1783
f 1789/1789/1789 1782/1782/1782 1790/1790/1790
f 1791/1791/1791 1783/1783/1783 1777/1777/1777
f 1791/1791/1791 1777/1777/1777 1784/1784/1784
f 1790/1790/1790 1783/1783/1783 1791/1791/1791
f 1792/1792/1792 1784/1784/1784 1786/1786/1786
f 1792/1792/1792 1791/1791/1791 1784/1784/1784
f 1793/1793/1793 1792/1792/1792 1786/1786/1786
f 1787/1787/1787 1794/1794/1794 1788/1788/1788
f 1794/1794/1794 1795/1795/1795 1788/1788/1788
f 1789/1789/1789 1796/1796/1796 1787/1787/1787
f 1796/1796/1796 1789/1789/1789 1790/1790/1790
f 1796/1796/1796 1794/1794/1794 1787/1787/1787
f 1797/1797/1797 1790/1790/1790 1791/1791/1791
f 1797/1797/1797 1791/1791/1791 1792/1792/1792
f 1796/1796/1796 1790/1790/1790 1797/1797/1797
f 1798/1798/1798 1792/1792/1792 1793/1793/1793
f 1798/1798/1798 1797/1797/1797 1792/1792/1792
f 1799/1799/1799 1798/1798/1798 1793/1793/1793
f 1800/1800/1800 1796/1796/1796 1797/1797/1797
f 1796/1796/1796 1800/1800/1800 1794/1794/1794
f 1800/1800/1800 1797/1797/1797 1798/1798/1798
f 1794/1794/1794 1801/1801/1801 1795/1795/1795
f 1800/1800/1800 1801/1801/1801 1794/1794/1794
f 1801/1801/1801 1802/1802/1802 1795/1795/1795
f 1803/1803/1803 1798/1798/1798 1799/1799/1799
f 1803/1803/1803 1800/1800/1800 1798/1798/1798
f 1801/1801/1801 1800/1800/1800 1803/1803/1803
f 1804/1804/1804 1803/1803/1803 1799/1799/1799
f 1802/1802/1802 1801/1801/1801 1805/1805/1805
f 1805/1805/1805 1801/1801/1801 1803/1803/1803
f 1805/1805/1805 1803/1803/1803 1804/1804/1804
f 1806/1806/1806 1802/1802/1802 1805/1805/1805
f 1807/1807/1807 1805/1805/1805 1804/1804/1804
f 1806/1806/1806 1805/1805/1805 1807/1807/1807
f 1808/1808/1808 1806/1806/1806 1807/1807/1807
f 1811/1811/1811 1810/1810/1810 1809/1809/1809
f 1810/1810/1810 1812/1812/1812 1809/1809/1809
f 1809/1809/1809 1812/1812/1812 1813/1813/1813
f 1810/1810/1810 1814/1814/1814 1812/1812/1812
f 1812/1812/1812 1815/1815/1815 1813/1813/1813
f 1814/1814/1814 1816/1816/1816 1812/1812/1812
f 1812/1812/1812 1816/1816/1816 1815/1815/1815
f 1814/1814/1814 1817/1817/1817 1816/1816/1816
f 1816/1816/1816 1818/1818/1818 1815/1815/1815
f 1817/1817/1817 1819/1819/1819 1816/1816/1816
f 1816/1816/1816 1819/1819/1819 1818/1818/1818
f 1819/1819/1819 1820/1820/1820 1818/1818/1818
f 1817/1817/1817 1821/1821/1821 1819/1819/1819
f 1819/1819/1819 1822/1822/1822 1820/1820/1820
f 1821/1821/1821 1822/1822/1822 1819/1819/1819
f 1822/1822/1822 1823/1823/1823 1820/1820/1820
f 1824/1824/1824 1823/1823/1823 1822/1822/1822
f 1825/1825/1825 1822/1822/1822 1821/1821/1821
f 1825/1825/1825 1824/1824/1824 1822/1822/1822
f 1826/1826/1826 1825/1825/1825 1821/1821/1821
f 1827/1827/1827 1824/1824/1824 1825/1825/1825
f 1828/1828/1828 1825/1825/1825 1826/1826/1826
f 1828/1828/1828 1827/1827/1827 1825/1825/1825
f 1829/1829/1829 1828/1828/1828 1826/1826/1826
f 1830/1830/1830 1827/1827/1827 1828/1828/1828
f 1831/1831/1831 1828/1828/1828 1829/1829/1829
f 1831/1831/1831 1830/1830/1830 1828/1828/1828
f 1832/1832/1832 1831/1831/1831 1829/1829/1829
f 1833/1833/1833 1830/1830/1830 1831/1831/1831
f 1834/1834/1834 1831/1831/1831 1832/1832/1832
f 1834/1834/1834 1833/1833/1833 1831/1831/1831
f 1835/1835/1835 1834/1834/1834 1832/1832/1832
f 1836/1836/1836 1833/1833/1833 1834/1834/1834
f 1837/1837/1837 1834/1834/1834 1835/1835/1835
f 1837/1837/1837 1836/1836/1836 1834/1834/1834
f 1838/1838/1838 1837/1837/1837 1835/1835/1835
f 1839/1839/1839 1836/1836/1836 1837/1837/1837
f 1840/1840/1840 1837/1837/1837 1838/1838/1838
f 1840/1840/1840 1839/1839/1839 1837/1837/1837
f 1841/1841/1841 1840/1840/1840 1838/1838/1838
f 1842/1842/1842 1839/1839/1839 1840/1840/1840
f 1843/1843/1843 1840/1840/1840 1841/1841/1841
f 1843/1843/1843 1842/1842/1842 1840/1840/1840
f 1844/1844/1844 1843/1843/1843 1841/1841/1841
f 1845/1845/1845 1842/1842/1842 1843/1843/1843
f 1846/1846/1846 1843/1843/1843 1844/1844/1844
f 1846/1846/1846 1845/1845/1845 1843/1843/1843
f 1847/1847/1847 1846/1846/1846 1844/1844/1844
f 1848/1848/1848 1845/1845/1845 1846/1846/1846
f 1849/1849/1849 1846/1846/1846 1847/1847/1847
f 1849/1849/1849 1848/1848/1848 1846/1846/1846
f 1850/1850/1850 1849/1849/1849 1847/1847/1847
f 1851/1851/1851 1848/1848/1848 1849/1849/1849
f 1852/1852/1852 1849/1849/1849 1850/1850/1850
f 1852/1852/1852 1851/1851/1851 1849/1849/1849
f 1853/1853/1853 1852/1852/1852 1850/1850/1850
f 1854/1854/1854 1851/1851/1851 1852/1852/1852
f 1855/1855/1855 1852/1852/1852 1853/1853/1853
f 1855/1855/1855 1854/1854/1854 1852/1852/1852
f 1856/1856/1856 1855/1855/1855 1853/1853/1853
f 1857/1857/1857 1854/1854/1854 1855/1855/1855
f 1858/1858/1858 1855/1855/1855 1856/1856/1856
f 1858/1858/1858 1857/1857/1857 1855/1855/1855
f 1859/1859/1859 1858/1858/1858 1856/1856/1856
f 1860/1860/1860 1857/1857/1857 1858/1858/1858
f 1861/1861/1861 1858/1858/1858 1859/1859/1859
f 1861/1861/1861 1860/1860/1860 1858/1858/1858
f 1862/1862/1862 1861/1861/1861 1859/1859/1859
f 1863/1863/1863 1860/1860/1860 1861/1861/1861
f 1864/1864/1864 1861/1861/1861 1862/1862/1862
f 1864/1864/1864 1863/1863/1863 1861/1861/1861
f 1865/1865/1865 1864/1864/1864 1862/1862/1862
f 1866/1866/1866 1863/1863/1863 1864/1864/1864
f 1867/1867/1867 1864/1864/1864 1865/1865/1865
f 1867/1867/1867 1866/1866/1866 1864/1864/1864
f 1868/1868/1868 1866/1866/1866 1867/1867/1867
f 1869/1869/1869 1867/1867/1867 1865/1865/1865
f 1870/1870/1870 1868/1868/1868 1867/1867/1867
f 1870/1870/1870 1867/1867/1867 1869/1869/1869
f 1871/1871/1871 1870/1870/1870 1869/1869/1869
f 1870/1870/1870 1871/1871/1871 1872/1872/1872
f 1873/1873/1873 1870/1870/1870 1872/1872/1872
f 1874/1874/1874 1870/1870/1870 1873/1873/1873
f 1873/1873/1873 1872/1872/1872 1875/1875/1875
f 1876/1876/1876 1874/1874/1874 1873/1873/1873
f 1877/1877/1877 1873/1873/1873 1875/1875/1875
f 1876/1876/1876 1873/1873/1873 1877/1877/1877
f 1877/1877/1877 1875/1875/1875 1878/1878/1878
f 1879/1879/1879 1876/1876/1876 1877/1877/1877
f 1880/1880/1880 1877/1877/1877 1878/1878/1878
f 1879/1879/1879 1877/1877/1877 1880/1880/1880
f 1880/1880/1880 1878/1878/1878 1881/1881/1881
f 1882/1882/1882 1879/1879/1879 1880/1880/1880
f 1883/1883/1883 1880/1880/1880 1881/1881/1881
f 1882/1882/1882 1880/1880/1880 1883/1883/1883
f 1883/1883/1883 1881/1881/1881 1884/1884/1884
f 1885/1885/1885 1882/1882/1882 1883/1883/1883
f 1886/1886/1886 1883/1883/1883 1884/1884/1884
f 1885/1885/1885 1883/1883/1883 1886/1886/1886
f 1886/1886/1886 1884/1884/1884 1887/1887/1887
f 1888/1888/1888 1885/1885/1885 1886/1886/1886
f 1889/1889/1889 1886/1886/1886 1887/1887/1887
f 1888/1888/1888 1886/1886/1886 1889/1889/1889
f 1889/1889/1889 1887/1887/1887 1890/1890/1890
f 1891/1891/1891 1888/1888/1888 1889/1889/1889
f 1892/1892/1892 1889/1889/1889 1890/1890/1890
f 1891/1891/1891 1889/1889/1889 1892/1892/1892
f 1892/1892/1892 1890/1890/1890 1893/1893/1893
f 1894/1894/1894 1891/1891/1891 1892/1892/1892
f 1895/1895/1895 1892/1892/1892 1893/1893/1893
f 1894/1894/1894 1892/1892/1892 1895/1895/1895
f 1895/1895/1895 1893/1893/1893 1896/1896/1896
f 1897/1897/1897 1894/1894/1894 1895/1895/1895
f 1898/1898/1898 1895/1895/1895 1896/1896/1896
f 1897/1897/1897 1895/1895/1895 1898/1898/1898
f 1898/1898/1898 1896/1896/1896 1899/1899/1899
f 1900/1900/1900 1897/1897/1897 1898/1898/1898
f 1901/1901/1901 1898/1898/1898 1899/1899/1899
f 1900/1900/1900 1898/1898/1898 1901/1901/1901
f 1901/1901/1901 1899/1899/1899 1902/1902/1902
f 1903/1903/1903 1900/1900/1900 1901/1901/1901
f 1904/1904/1904 1901/1901/1901 1902/1902/1902
f 1903/1903/1903 1901/1901/1901 1904/1904/1904
f 1904/1904/1904 1902/1902/1902 1905/1905/1905
f 1906/1906/1906 1903/1903/1903 1904/1904/1904
f 1907/1907/1907 1904/1904/1904 1905/1905/1905
f 1906/1906/1906 1904/1904/1904 1907/1907/1907
f 1907/1907/1907 1905/1905/1905 1908/1908/1908
f 1909/1909/1909 1906/1906/1906 1907/1907/1907
f 1910/1910/1910 1907/1907/1907 1908/1908/1908
f 1909/1909/1909 1907/1907/1907 1910/1910/1910
f 1910/1910/1910 1908/1908/1908 1911/1911/1911
f 1912/1912/1912 1909/1909/1909 1910/1910/1910
f 1913/1913/1913 1910/1910/1910 1911/1911/1911
f 1912/1912/1912 1910/1910/1910 1913/1913/1913
f 1913/1913/1913 1911/1911/1911 1914/1914/1914
f 1915/1915/1915 1912/1912/1912 1913/1913/1913
f 1916/1916/1916 1913/1913/1913 1914/1914/1914
f 1915/1915/1915 1913/1913/1913 1916/1916/1916
f 1917/1917/1917 1915/1915/1915 1916/1916/1916
f 1916/1916/1916 1914/1914/1914 1918/1918/1918
f 1917/1917/1917 1916/1916/1916 1919/1919/1919
f 1919/1919/1919 1916/1916/1916 1918/1918/1918
f 1920/1920/1920 1917/1917/1917 1919/1919/1919
f 1920/1920/1920 1919/1919/1919 1921/1921/1921
f 1919/1919/1919 1918/1918/1918 1922/1922/1922
f 1919/1919/1919 1922/1922/1922 1921/1921/1921
f 1918/1918/1918 1923/1923/1923 1922/1922/1922
f 1921/1921/1921 1922/1922/1922 1924/1924/1924
f 1922/1922/1922 1923/1923/1923 1925/1925/1925
f 1922/1922/1922 1925/1925/1925 1924/1924/1924
f 1923/1923/1923 1926/1926/1926 1925/1925/1925
f 1924/1924/1924 1925/1925/1925 1927/1927/1927
f 1925/1925/1925 1926/1926/1926 1928/1928/1928
f 1925/1925/1925 1928/1928/1928 1927/1927/1927
f 1927/1927/1927 1928/1928/1928 1929/1929/1929
f 1926/1926/1926 1930/1930/1930 1928/1928/1928
f 1928/1928/1928 1931/1931/1931 1929/1929/1929
f 1928/1928/1928 1930/1930/1930 1931/1931/1931
f 1930/1930/1930 1932/1932/1932 1931/1931/1931
f 1935/1935/1935 1934/1934/1934 1933/1933/1933
f 1936/1936/1936 1935/1935/1935 1933/1933/1933
f 1937/1937/1937 1935/1935/1935 1936/1936/1936
f 1938/1938/1938 1937/1937/1937 1936/1936/1936
f 1936/1936/1936 1933/1933/1933 1939/1939/1939
f 1938/1938/1938 1936/1936/1936 1940/1940/1940
f 1940/1940/1940 1936/1936/1936 1939/1939/1939
f 1941/1941/1941 1938/1938/1938 1940/1940/1940
f 1942/1942/1942 1941/1941/1941 1940/1940/1940
f 1943/1943/1943 1940/1940/1940 1939/1939/1939
f 1943/1943/1943 1942/1942/1942 1940/1940/1940
f 1944/1944/1944 1943/1943/1943 1939/1939/1939
f 1945/1945/1945 1942/1942/1942 1943/1943/1943
f 1946/1946/1946 1943/1943/1943 1944/1944/1944
f 1946/1946/1946 1945/1945/1945 1943/1943/1943
f 1947/1947/1947 1946/1946/1946 1944/1944/1944
f 1945/1945/1945 1946/1946/1946 1948/1948/1948
f 1946/1946/1946 1947/1947/1947 1949/1949/1949
f 1946/1946/1946 1949/1949/1949 1948/1948/1948
f 1947/1947/1947 1950/1950/1950 1949/1949/1949
f 1948/1948/1948 1949/1949/1949 1951/1951/1951
f 1949/1949/1949 1950/1950/1950 1952/1952/1952
f 1949/1949/1949 1952/1952/1952 1951/1951/1951
f 1950/1950/1950 1953/1953/1953 1952/1952/1952
f 1954/1954/1954 1951/1951/1951 1952/1952/1952
f 1955/1955/1955 1952/1952/1952 1953/1953/1953
f 1955/1955/1955 1954/1954/1954 1952/1952/1952
f 1956/1956/1956 1954/1954/1954 1955/1955/1955
f 1957/1957/1957 1955/1955/1955 1953/1953/1953
f 1958/1958/1958 1956/1956/1956 1955/1955/1955
f 1958/1958/1958 1955/1955/1955 1957/1957/1957
f 1959/1959/1959 1958/1958/1958 1957/1957/1957
f 1959/1959/1959 1961/1961/1961 1960/1960/1960
f 1962/1962/1962 1959/1959/1959 1960/1960/1960
f 1962/1962/1962 1960/1960/1960 1963/1963/1963
f 1964/1964/1964 1962/1962/1962 1963/1963/1963
f 1963/1963/1963 1960/1960/1960 1965/1965/1965
f 1960/1960/1960 1961/1961/1961 1966/1966/1966
f 1960/1960/1960 1966/1966/1966 1965/1965/1965
f 1961/1961/1961 1967/1967/1967 1966/1966/1966
f 1968/1968/1968 1965/1965/1965 1966/1966/1966
f 1969/1969/1969 1966/1966/1966 1967/1967/1967
f 1969/1969/1969 1968/1968/1968 1966/1966/1966
f 1970/1970/1970 1969/1969/1969 1967/1967/1967
f 1971/1971/1971 1968/1968/1968 1969/1969/1969
f 1972/1972/1972 1969/1969/1969 1970/1970/1970
f 1972/1972/1972 1971/1971/1971 1969/1969/1969
f 1973/1973/1973 1972/1972/1972 1970/1970/1970
f 1974/1974/1974 1971/1971/1971 1972/1972/1972
f 1975/1975/1975 1972/1972/1972 1973/1973/1973
f 1975/1975/1975 1974/1974/1974 1972/1972/1972
f 1976/1976/1976 1975/1975/1975 1973/1973/1973
f 1977/1977/1977 1974/1974/1974 1975/1975/1975
f 1978/1978/1978 1975/1975/1975 1976/1976/1976
f 1978/1978/1978 1977/1977/1977 1975/1975/1975
f 1979/1979/1979 1978/1978/1978 1976/1976/1976
f 1977/1977/1977 1978/1978/1978 1980/1980/1980
f 1978/1978/1978 1979/1979/1979 1981/1981/1981
f 1978/1978/1978 1981/1981/1981 1980/1980/1980
f 1979/1979/1979 1982/1982/1982 1981/1981/1981
f 1980/1980/1980 1981/1981/1981 1983/1983/1983
f 1981/1981/1981 1982/1982/1982 1984/1984/1984
f 1981/1981/1981 1984/1984/1984 1983/1983/1983
f 1982/1982/1982 1985/1985/1985 1984/1984/1984
f 1983/1983/1983 1984/1984/1984 1986/1986/1986
f 1984/1984/1984 1985/1985/1985 1987/1987/1987
f 1984/1984/1984 1987/1987/1987 1986/1986/1986
f 1985/1985/1985 1988/1988/1988 1987/1987/1987
f 1986/1986/1986 1987/1987/1987 1989/1989/1989
f 1987/1987/1987 1988/1988/1988 1990/1990/1990
f 1987/1987/1987 1990/1990/1990 1989/1989/1989
f 1988/1988/1988 1991/1991/1991 1990/1990/1990
f 1992/1992/1992 1989/1989/1989 1990/1990/1990
f 1993/1993/1993 1990/1990/1990 1991/1991/1991
f 1993/1993/1993 1992/1992/1992 1990/1990/1990
f 1994/1994/1994 1993/1993/1993 1991/1991/1991
f 1995/1995/1995 1992/1992/1992 1993/1993/1993
f 1996/1996/1996 1993/1993/1993 1994/1994/1994
f 1996/1996/1996 1995/1995/1995 1993/1993/1993
f 1997/1997/1997 1996/1996/1996 1994/1994/1994
f 1998/1998/1998 1995/1995/1995 1996/1996/1996
f 1999/1999/1999 1996/1996/1996 1997/1997/1997
f 1999/1999/1999 1998/1998/1998 1996/1996/1996
f 2000/2000/2000 1999/1999/1999 1997/1997/1997
f 2001/2001/2001 1998/1998/1998 1999/1999/1999
f 2002/2002/2002 1999/1999/1999 2000/2000/2000
f 2002/2002/2002 2001/2001/2001 1999/1999/1999
f 2003/2003/2003 2002/2002/2002 2000/2000/2000
f 2004/2004/2004 2001/2001/2001 2002/2002/2002
f 2005/2005/2005 2002/2002/2002 2003/2003/2003
f 2005/2005/2005 2004/2004/2004 2002/2002/2002
f 2006/2006/2006 2005/2005/2005 2003/2003/2003
f 2007/2007/2007 2004/2004/2004 2005/2005/2005
f 2008/2008/2008 2005/2005/2005 2006/2006/2006
f 2008/2008/2008 2007/2007/2007 2005/2005/2005
f 2009/2009/2009 2008/2008/2008 2006/2006/2006
f 2007/2007/2007 2008/2008/2008 2010/2010/2010
f 2008/2008/2008 2009/2009/2009 2011/2011/2011
f 2008/2008/2008 2011/2011/2011 2010/2010/2010
f 2009/2009/2009 2012/2012/2012 2011/2011/2011
f 2010/2010/2010 2011/2011/2011 2013/2013/2013
f 2011/2011/2011 2012/2012/2012 2014/2014/2014
f 2011/2011/2011 2014/2014/2014 2013/2013/2013
f 2012/2012/2012 2015/2015/2015 2014/2014/2014
f 2016/2016/2016 2013/2013/2013 2014/2014/2014
f 2017/2017/2017 2014/2014/2014 2015/2015/2015
f 2017/2017/2017 2016/2016/2016 2014/2014/2014
f 2018/2018/2018 2017/2017/2017 2015/2015/2015
f 2019/2019/2019 2016/2016/2016 2017/2017/2017
f 2020/2020/2020 2017/2017/2017 2018/2018/2018
f 2020/2020/2020 2019/2019/2019 2017/2017/2017
f 2021/2021/2021 2020/2020/2020 2018/2018/2018
f 2021/2021/2021 2022/2022/2022 2020/2020/2020
f 2020/2020/2020 2023/2023/2023 2019/2019/2019
f 2022/2022/2022 2023/2023/2023 2020/2020/2020
f 2023/2023/2023 2024/2024/2024 2019/2019/2019
f 2022/2022/2022 2025/2025/2025 2023/2023/2023
f 2023/2023/2023 2026/2026/2026 2024/2024/2024
f 2025/2025/2025 2026/2026/2026 2023/2023/2023
f 2026/2026/2026 2027/2027/2027 2024/2024/2024
f 2025/2025/2025 2028/2028/2028 2026/2026/2026
f 2026/2026/2026 2029/2029/2029 2027/2027/2027
f 2028/2028/2028 2029/2029/2029 2026/2026/2026
f 2029/2029/2029 2030/2030/2030 2027/2027/2027
f 2028/2028/2028 2031/2031/2031 2029/2029/2029
f 2029/2029/2029 2032/2032/2032 2030/2030/2030
f 2031/2031/2031 2032/2032/2032 2029/2029/2029
f 2032/2032/2032 2033/2033/2033 2030/2030/2030
f 2031/2031/2031 2034/2034/2034 2032/2032/2032
f 2032/2032/2032 2035/2035/2035 2033/2033/2033
f 2034/2034/2034 2035/2035/2035 2032/2032/2032
f 2034/2034/2034 2036/2036/2036 2035/2035/2035
f 2035/2035/2035 2037/2037/2037 2033/2033/2033
f 2036/2036/2036 2038/2038/2038 2035/2035/2035
f 2035/2035/2035 2038/2038/2038 2037/2037/2037
f 2038/2038/2038 2039/2039/2039 2037/2037/2037
f 2042/2042/2042 2041/2041/2041 2040/2040/2040
f 2041/2041/2041 2043/2043/2043 2040/2040/2040
f 2040/2040/2040 2043/2043/2043 2044/2044/2044
f 2041/2041/2041 2045/2045/2045 2043/2043/2043
f 2043/2043/2043 2046/2046/2046 2044/2044/2044
f 2044/2044/2044 2046/2046/2046 2047/2047/2047
f 2045/2045/2045 2048/2048/2048 2043/2043/2043
f 2043/2043/2043 2048/2048/2048 2046/2046/2046
f 2046/2046/2046 2049/2049/2049 2047/2047/2047
f 2047/2047/2047 2049/2049/2049 2050/2050/2050
f 2051/2051/2051 2048/2048/2048 2045/2045/2045
f 2052/2052/2052 2051/2051/2051 2045/2045/2045
f 2048/2048/2048 2053/2053/2053 2046/2046/2046
f 2046/2046/2046 2053/2053/2053 2049/2049/2049
f 2054/2054/2054 2053/2053/2053 2048/2048/2048
f 2051/2051/2051 2054/2054/2054 2048/2048/2048
f 2055/2055/2055 2054/2054/2054 2051/2051/2051
f 2056/2056/2056 2051/2051/2051 2052/2052/2052
f 2056/2056/2056 2055/2055/2055 2051/2051/2051
f 2057/2057/2057 2056/2056/2056 2052/2052/2052
f 2049/2049/2049 2058/2058/2058 2050/2050/2050
f 2050/2050/2050 2058/2058/2058 2059/2059/2059
f 2053/2053/2053 2060/2060/2060 2049/2049/2049
f 2049/2049/2049 2060/2060/2060 2058/2058/2058
f 2053/2053/2053 2061/2061/2061 2060/2060/2060
f 2062/2062/2062 2056/2056/2056 2057/2057/2057
f 2063/2063/2063 2062/2062/2062 2057/2057/2057
f 2064/2064/2064 2055/2055/2055 2056/2056/2056
f 2062/2062/2062 2064/2064/2064 2056/2056/2056
f 2058/2058/2058 2065/2065/2065 2059/2059/2059
f 2059/2059/2059 2065/2065/2065 2066/2066/2066
f 2065/2065/2065 2067/2067/2067 2066/2066/2066
f 2060/2060/2060 2068/2068/2068 2058/2058/2058
f 2058/2058/2058 2068/2068/2068 2065/2065/2065
f 2061/2061/2061 2069/2069/2069 2060/2060/2060
f 2060/2060/2060 2069/2069/2069 2068/2068/2068
f 2061/2061/2061 2070/2070/2070 2069/2069/2069
f 2070/2070/2070 2071/2071/2071 2069/2069/2069
f 2072/2072/2072 2062/2062/2062 2063/2063/2063
f 2073/2073/2073 2072/2072/2072 2063/2063/2063
f 2068/2068/2068 2074/2074/2074 2065/2065/2065
f 2065/2065/2065 2074/2074/2074 2067/2067/2067
f 2069/2069/2069 2075/2075/2075 2068/2068/2068
f 2069/2069/2069 2071/2071/2071 2075/2075/2075
f 2068/2068/2068 2075/2075/2075 2074/2074/2074
f 2072/2072/2072 2076/2076/2076 2062/2062/2062
f 2076/2076/2076 2064/2064/2064 2062/2062/2062
f 2074/2074/2074 2077/2077/2077 2067/2067/2067
f 2074/2074/2074 2078/2078/2078 2077/2077/2077
f 2075/2075/2075 2078/2078/2078 2074/2074/2074
f 2078/2078/2078 2079/2079/2079 2077/2077/2077
f 2075/2075/2075 2080/2080/2080 2078/2078/2078
f 2071/2071/2071 2080/2080/2080 2075/2075/2075
f 2078/2078/2078 2081/2081/2081 2079/2079/2079
f 2080/2080/2080 2081/2081/2081 2078/2078/2078
f 2081/2081/2081 2082/2082/2082 2079/2079/2079
f 2083/2083/2083 2080/2080/2080 2071/2071/2071
f 2080/2080/2080 2083/2083/2083 2081/2081/2081
f 2081/2081/2081 2084/2084/2084 2082/2082/2082
f 2083/2083/2083 2084/2084/2084 2081/2081/2081
f 2084/2084/2084 2085/2085/2085 2082/2082/2082
f 2084/2084/2084 2086/2086/2086 2085/2085/2085
f 2086/2086/2086 2087/2087/2087 2085/2085/2085
f 2088/2088/2088 2086/2086/2086 2084/2084/2084
f 2083/2083/2083 2088/2088/2088 2084/2084/2084
f 2089/2089/2089 2083/2083/2083 2071/2071/2071
f 2088/2088/2088 2083/2083/2083 2089/2089/2089
f 2089/2089/2089 2071/2071/2071 2055/2055/2055
f 2064/2064/2064 2089/2089/2089 2055/2055/2055
f 2090/2090/2090 2089/2089/2089 2064/2064/2064
f 2090/2090/2090 2088/2088/2088 2089/2089/2089
f 2076/2076/2076 2090/2090/2090 2064/2064/2064
f 2091/2091/2091 2088/2088/2088 2090/2090/2090
f 2092/2092/2092 2090/2090/2090 2076/2076/2076
f 2092/2092/2092 2091/2091/2091 2090/2090/2090
f 2091/2091/2091 2093/2093/2093 2088/2088/2088
f 2093/2093/2093 2094/2094/2094 2088/2088/2088
f 2093/2093/2093 2095/2095/2095 2094/2094/2094
f 2095/2095/2095 2096/2096/2096 2094/2094/2094
f 2097/2097/2097 2095/2095/2095 2093/2093/2093
f 2098/2098/2098 2097/2097/2097 2093/2093/2093
f 2098/2098/2098 2093/2093/2093 2091/2091/2091
f 2099/2099/2099 2098/2098/2098 2091/2091/2091
f 2099/2099/2099 2091/2091/2091 2092/2092/2092
f 2100/2100/2100 2099/2099/2099 2092/2092/2092
f 2101/2101/2101 2092/2092/2092 2076/2076/2076
f 2100/2100/2100 2092/2092/2092 2101/2101/2101
f 2101/2101/2101 2076/2076/2076 2072/2072/2072
f 2102/2102/2102 2100/2100/2100 2101/2101/2101
f 2103/2103/2103 2101/2101/2101 2072/2072/2072
f 2102/2102/2102 2101/2101/2101 2103/2103/2103
f 2104/2104/2104 2102/2102/2102 2103/2103/2103
f 2103/2103/2103 2072/2072/2072 2105/2105/2105
f 2104/2104/2104 2103/2103/2103 2106/2106/2106
f 2106/2106/2106 2103/2103/2103 2105/2105/2105
f 2107/2107/2107 2104/2104/2104 2106/2106/2106
f 2106/2106/2106 2108/2108/2108 2107/2107/2107
f 2108/2108/2108 2109/2109/2109 2107/2107/2107
f 2105/2105/2105 2110/2110/2110 2106/2106/2106
f 2110/2110/2110 2108/2108/2108 2106/2106/2106
f 2108/2108/2108 2111/2111/2111 2109/2109/2109
f 2111/2111/2111 2112/2112/2112 2109/2109/2109
f 2113/2113/2113 2110/2110/2110 2105/2105/2105
f 2114/2114/2114 2113/2113/2113 2105/2105/2105
f 2110/2110/2110 2115/2115/2115 2108/2108/2108
f 2115/2115/2115 2111/2111/2111 2108/2108/2108
f 2116/2116/2116 2115/2115/2115 2110/2110/2110
f 2113/2113/2113 2116/2116/2116 2110/2110/2110
f 2117/2117/2117 2113/2113/2113 2114/2114/2114
f 2118/2118/2118 2117/2117/2117 2114/2114/2114
f 2119/2119/2119 2111/2111/2111 2115/2115/2115
f 2116/2116/2116 2119/2119/2119 2115/2115/2115
f 2120/2120/2120 2116/2116/2116 2113/2113/2113
f 2117/2117/2117 2120/2120/2120 2113/2113/2113
f 2121/2121/2121 2117/2117/2117 2118/2118/2118
f 2122/2122/2122 2121/2121/2121 2118/2118/2118
f 2119/2119/2119 2123/2123/2123 2111/2111/2111
f 2123/2123/2123 2124/2124/2124 2111/2111/2111
f 2125/2125/2125 2123/2123/2123 2119/2119/2119
f 2126/2126/2126 2119/2119/2119 2116/2116/2116
f 2126/2126/2126 2125/2125/2125 2119/2119/2119
f 2120/2120/2120 2126/2126/2126 2116/2116/2116
f 2127/2127/2127 2125/2125/2125 2126/2126/2126
f 2128/2128/2128 2127/2127/2127 2126/2126/2126
f 2128/2128/2128 2126/2126/2126 2120/2120/2120
f 2129/2129/2129 2127/2127/2127 2128/2128/2128
f 2130/2130/2130 2120/2120/2120 2117/2117/2117
f 2130/2130/2130 2128/2128/2128 2120/2120/2120
f 2121/2121/2121 2130/2130/2130 2117/2117/2117
f 2131/2131/2131 2121/2121/2121 2122/2122/2122
f 2132/2132/2132 2131/2131/2131 2122/2122/2122
f 2133/2133/2133 2129/2129/2129 2128/2128/2128
f 2133/2133/2133 2128/2128/2128 2130/2130/2130
f 2134/2134/2134 2130/2130/2130 2121/2121/2121
f 2131/2131/2131 2134/2134/2134 2121/2121/2121
f 2134/2134/2134 2133/2133/2133 2130/2130/2130
f 2133/2133/2133 2134/2134/2134 2131/2131/2131
f 2135/2135/2135 2131/2131/2131 2132/2132/2132
f 2135/2135/2135 2133/2133/2133 2131/2131/2131
f 2129/2129/2129 2133/2133/2133 2135/2135/2135
f 2136/2136/2136 2135/2135/2135 2132/2132/2132
f 2137/2137/2137 2129/2129/2129 2135/2135/2135
f 2137/2137/2137 2135/2135/2135 2136/2136/2136
f 2138/2138/2138 2137/2137/2137 2136/2136/2136
f 2141/2141/2141 2140/2140/2140 2139/2139/2139
f 2140/2140/2140 2142/2142/2142 2139/2139/2139
f 2139/2139/2139 2142/2142/2142 2143/2143/2143
f 2142/2142/2142 2144/2144/2144 2143/2143/2143
f 2143/2143/2143 2144/2144/2144 2145/2145/2145
f 2144/2144/2144 2146/2146/2146 2145/2145/2145
f 2145/2145/2145 2146/2146/2146 2147/2147/2147
f 2146/2146/2146 2148/2148/2148 2147/2147/2147
f 2149/2149/2149 2147/2147/2147 2148/2148/2148
f 2150/2150/2150 2149/2149/2149 2148/2148/2148
f 2151/2151/2151 2149/2149/2149 2150/2150/2150
f 2152/2152/2152 2151/2151/2151 2150/2150/2150
f 2151/2151/2151 2152/2152/2152 2153/2153/2153
f 2152/2152/2152 2154/2154/2154 2153/2153/2153
f 2153/2153/2153 2154/2154/2154 2155/2155/2155
f 2154/2154/2154 2156/2156/2156 2155/2155/2155
f 2155/2155/2155 2156/2156/2156 2157/2157/2157
f 2156/2156/2156 2158/2158/2158 2157/2157/2157
f 2157/2157/2157 2158/2158/2158 2159/2159/2159
f 2158/2158/2158 2160/2160/2160 2159/2159/2159
f 2159/2159/2159 2160/2160/2160 2161/2161/2161
f 2160/2160/2160 2162/2162/2162 2161/2161/2161
f 2161/2161/2161 2162/2162/2162 2163/2163/2163
f 2162/2162/2162 2164/2164/2164 2163/2163/2163
f 2163/2163/2163 2164/2164/2164 2165/2165/2165
f 2164/2164/2164 2166/2166/2166 2165/2165/2165
f 2165/2165/2165 2166/2166/2166 2167/2167/2167
f 2166/2166/2166 2168/2168/2168 2167/2167/2167
f 2166/2166/2166 2169/2169/2169 2168/2168/2168
f 2169/2169/2169 2170/2170/2170 2168/2168/2168
f 2171/2171/2171 2169/2169/2169 2166/2166/2166
f 2164/2164/2164 2171/2171/2171 2166/2166/2166
f 2172/2172/2172 2171/2171/2171 2164/2164/2164
f 2162/2162/2162 2172/2172/2172 2164/2164/2164
f 2173/2173/2173 2172/2172/2172 2162/2162/2162
f 2160/2160/2160 2173/2173/2173 2162/2162/2162
f 2174/2174/2174 2173/2173/2173 2160/2160/2160
f 2158/2158/2158 2174/2174/2174 2160/2160/2160
f 2175/2175/2175 2174/2174/2174 2158/2158/2158
f 2156/2156/2156 2175/2175/2175 2158/2158/2158
f 2176/2176/2176 2175/2175/2175 2156/2156/2156
f 2154/2154/2154 2176/2176/2176 2156/2156/2156
f 2177/2177/2177 2176/2176/2176 2154/2154/2154
f 2152/2152/2152 2177/2177/2177 2154/2154/2154
f 2177/2177/2177 2152/2152/2152 2178/2178/2178
f 2152/2152/2152 2150/2150/2150 2178/2178/2178
f 2178/2178/2178 2150/2150/2150 2179/2179/2179
f 2150/2150/2150 2148/2148/2148 2179/2179/2179
f 2180/2180/2180 2179/2179/2179 2148/2148/2148
f 2146/2146/2146 2180/2180/2180 2148/2148/2148
f 2181/2181/2181 2180/2180/2180 2146/2146/2146
f 2144/2144/2144 2181/2181/2181 2146/2146/2146
f 2182/2182/2182 2181/2181/2181 2144/2144/2144
f 2142/2142/2142 2182/2182/2182 2144/2144/2144
f 2183/2183/2183 2182/2182/2182 2142/2142/2142
f 2140/2140/2140 2183/2183/2183 2142/2142/2142
f 2183/2183/2183 2140/2140/2140 2184/2184/2184
f 2185/2185/2185 2183/2183/2183 2184/2184/2184
f 2184/2184/2184 2140/2140/2140 2186/2186/2186
f 2140/2140/2140 2187/2187/2187 2186/2186/2186
f 2184/2184/2184 2186/2186/2186 2188/2188/2188
f 2185/2185/2185 2184/2184/2184 2189/2189/2189
f 2189/2189/2189 2184/2184/2184 2188/2188/2188
f 2190/2190/2190 2185/2185/2185 2189/2189/2189
f 2189/2189/2189 2188/2188/2188 2191/2191/2191
f 2190/2190/2190 2189/2189/2189 2192/2192/2192
f 2192/2192/2192 2189/2189/2189 2191/2191/2191
f 2193/2193/2193 2190/2190/2190 2192/2192/2192
f 2192/2192/2192 2191/2191/2191 2194/2194/2194
f 2193/2193/2193 2192/2192/2192 2195/2195/2195
f 2195/2195/2195 2192/2192/2192 2194/2194/2194
f 2196/2196/2196 2193/2193/2193 2195/2195/2195
f 2194/2194/2194 2197/2197/2197 2195/2195/2195
f 2195/2195/2195 2198/2198/2198 2196/2196/2196
f 2197/2197/2197 2198/2198/2198 2195/2195/2195
f 2198/2198/2198 2199/2199/2199 2196/2196/2196
f 2197/2197/2197 2200/2200/2200 2198/2198/2198
f 2198/2198/2198 2201/2201/2201 2199/2199/2199
f 2200/2200/2200 2201/2201/2201 2198/2198/2198
f 2201/2201/2201 2202/2202/2202 2199/2199/2199
f 2201/2201/2201 2200/2200/2200 2203/2203/2203
f 2202/2202/2202 2201/2201/2201 2204/2204/2204
f 2204/2204/2204 2201/2201/2201 2203/2203/2203
f 2205/2205/2205 2202/2202/2202 2204/2204/2204
f 2204/2204/2204 2203/2203/2203 2206/2206/2206
f 2205/2205/2205 2204/2204/2204 2207/2207/2207
f 2207/2207/2207 2204/2204/2204 2206/2206/2206
f 2208/2208/2208 2205/2205/2205 2207/2207/2207
f 2207/2207/2207 2206/2206/2206 2209/2209/2209
f 2208/2208/2208 2207/2207/2207 2210/2210/2210
f 2210/2210/2210 2207/2207/2207 2209/2209/2209
f 2211/2211/2211 2208/2208/2208 2210/2210/2210
f 2210/2210/2210 2209/2209/2209 2212/2212/2212
f 2211/2211/2211 2210/2210/2210 2213/2213/2213
f 2213/2213/2213 2210/2210/2210 2212/2212/2212
f 2214/2214/2214 2211/2211/2211 2213/2213/2213
f 2213/2213/2213 2212/2212/2212 2215/2215/2215
f 2214/2214/2214 2213/2213/2213 2216/2216/2216
f 2216/2216/2216 2213/2213/2213 2215/2215/2215
f 2217/2217/2217 2214/2214/2214 2216/2216/2216
f 2216/2216/2216 2215/2215/2215 2218/2218/2218
f 2217/2217/2217 2216/2216/2216 2219/2219/2219
f 2219/2219/2219 2216/2216/2216 2218/2218/2218
f 2220/2220/2220 2217/2217/2217 2219/2219/2219
f 2219/2219/2219 2218/2218/2218 2221/2221/2221
f 2220/2220/2220 2219/2219/2219 2222/2222/2222
f 2222/2222/2222 2219/2219/2219 2221/2221/2221
f 2222/2222/2222 2221/2221/2221 2223/2223/2223
f 2224/2224/2224 2220/2220/2220 2222/2222/2222
f 2225/2225/2225 2222/2222/2222 2223/2223/2223
f 2224/2224/2224 2222/2222/2222 2225/2225/2225
f 2226/2226/2226 2224/2224/2224 2225/2225/2225
f 2229/2229/2229 2228/2228/2228 2227/2227/2227
f 2228/2228/2228 2230/2230/2230 2227/2227/2227
f 2227/2227/2227 2230/2230/2230 2231/2231/2231
f 2228/2228/2228 2232/2232/2232 2230/2230/2230
f 2230/2230/2230 2233/2233/2233 2231/2231/2231
f 2231/2231/2231 2233/2233/2233 2234/2234/2234
f 2232/2232/2232 2235/2235/2235 2230/2230/2230
f 2230/2230/2230 2235/2235/2235 2233/2233/2233
f 2232/2232/2232 2236/2236/2236 2235/2235/2235
f 2233/2233/2233 2237/2237/2237 2234/2234/2234
f 2234/2234/2234 2237/2237/2237 2238/2238/2238
f 2235/2235/2235 2239/2239/2239 2233/2233/2233
f 2233/2233/2233 2239/2239/2239 2237/2237/2237
f 2236/2236/2236 2240/2240/2240 2235/2235/2235
f 2235/2235/2235 2240/2240/2240 2239/2239/2239
f 2236/2236/2236 2241/2241/2241 2240/2240/2240
f 2241/2241/2241 2242/2242/2242 2240/2240/2240
f 2240/2240/2240 2242/2242/2242 2243/2243/2243
f 2240/2240/2240 2243/2243/2243 2239/2239/2239
f 2242/2242/2242 2244/2244/2244 2243/2243/2243
f 2237/2237/2237 2245/2245/2245 2238/2238/2238
f 2238/2238/2238 2245/2245/2245 2246/2246/2246
f 2239/2239/2239 2247/2247/2247 2237/2237/2237
f 2239/2239/2239 2243/2243/2243 2247/2247/2247
f 2237/2237/2237 2247/2247/2247 2245/2245/2245
f 2243/2243/2243 2244/2244/2244 2248/2248/2248
f 2243/2243/2243 2248/2248/2248 2247/2247/2247
f 2244/2244/2244 2249/2249/2249 2248/2248/2248
f 2245/2245/2245 2250/2250/2250 2246/2246/2246
f 2246/2246/2246 2250/2250/2250 2251/2251/2251
f 2247/2247/2247 2252/2252/2252 2245/2245/2245
f 2247/2247/2247 2248/2248/2248 2252/2252/2252
f 2245/2245/2245 2252/2252/2252 2250/2250/2250
f 2248/2248/2248 2249/2249/2249 2253/2253/2253
f 2248/2248/2248 2253/2253/2253 2252/2252/2252
f 2249/2249/2249 2254/2254/2254 2253/2253/2253
f 2250/2250/2250 2255/2255/2255 2251/2251/2251
f 2251/2251/2251 2255/2255/2255 2256/2256/2256
f 2252/2252/2252 2257/2257/2257 2250/2250/2250
f 2252/2252/2252 2253/2253/2253 2257/2257/2257
f 2250/2250/2250 2257/2257/2257 2255/2255/2255
f 2253/2253/2253 2254/2254/2254 2258/2258/2258
f 2253/2253/2253 2258/2258/2258 2257/2257/2257
f 2254/2254/2254 2259/2259/2259 2258/2258/2258
f 2255/2255/2255 2260/2260/2260 2256/2256/2256
f 2256/2256/2256 2260/2260/2260 2261/2261/2261
f 2257/2257/2257 2262/2262/2262 2255/2255/2255
f 2257/2257/2257 2258/2258/2258 2262/2262/2262
f 2255/2255/2255 2262/2262/2262 2260/2260/2260
f 2258/2258/2258 2259/2259/2259 2263/2263/2263
f 2258/2258/2258 2263/2263/2263 2262/2262/2262
f 2259/2259/2259 2264/2264/2264 2263/2263/2263
f 2260/2260/2260 2265/2265/2265 2261/2261/2261
f 2261/2261/2261 2265/2265/2265 2266/2266/2266
f 2262/2262/2262 2267/2267/2267 2260/2260/2260
f 2262/2262/2262 2263/2263/2263 2267/2267/2267
f 2260/2260/2260 2267/2267/2267 2265/2265/2265
f 2263/2263/2263 2264/2264/2264 2268/2268/2268
f 2263/2263/2263 2268/2268/2268 2267/2267/2267
f 2264/2264/2264 2269/2269/2269 2268/2268/2268
f 2265/2265/2265 2270/2270/2270 2266/2266/2266
f 2266/2266/2266 2270/2270/2270 2271/2271/2271
f 2267/2267/2267 2272/2272/2272 2265/2265/2265
f 2267/2267/2267 2268/2268/2268 2272/2272/2272
f 2265/2265/2265 2272/2272/2272 2270/2270/2270
f 2268/2268/2268 2269/2269/2269 2273/2273/2273
f 2268/2268/2268 2273/2273/2273 2272/2272/2272
f 2269/2269/2269 2274/2274/2274 2273/2273/2273
f 2270/2270/2270 2275/2275/2275 2271/2271/2271
f 2271/2271/2271 2275/2275/2275 2276/2276/2276
f 2272/2272/2272 2277/2277/2277 2270/2270/2270
f 2272/2272/2272 2273/2273/2273 2277/2277/2277
f 2270/2270/2270 2277/2277/2277 2275/2275/2275
f 2273/2273/2273 2274/2274/2274 2278/2278/2278
f 2273/2273/2273 2278/2278/2278 2277/2277/2277
f 2274/2274/2274 2279/2279/2279 2278/2278/2278
f 2275/2275/2275 2280/2280/2280 2276/2276/2276
f 2276/2276/2276 2280/2280/2280 2281/2281/2281
f 2277/2277/2277 2282/2282/2282 2275/2275/2275
f 2277/2277/2277 2278/2278/2278 2282/2282/2282
f 2275/2275/2275 2282/2282/2282 2280/2280/2280
f 2278/2278/2278 2279/2279/2279 2283/2283/2283
f 2278/2278/2278 2283/2283/2283 2282/2282/2282
f 2279/2279/2279 2284/2284/2284 2283/2283/2283
f 2280/2280/2280 2285/2285/2285 2281/2281/2281
f 2281/2281/2281 2285/2285/2285 2286/2286/2286
f 2282/2282/2282 2287/2287/2287 2280/2280/2280
f 2282/2282/2282 2283/2283/2283 2287/2287/2287
f 2280/2280/2280 2287/2287/2287 2285/2285/2285
f 2283/2283/2283 2284/2284/2284 2288/2288/2288
f 2283/2283/2283 2288/2288/2288 2287/2287/2287
f 2284/2284/2284 2289/2289/2289 2288/2288/2288
f 2285/2285/2285 2290/2290/2290 2286/2286/2286
f 2286/2286/2286 2290/2290/2290 2291/2291/2291
f 2287/2287/2287 2292/2292/2292 2285/2285/2285
f 2287/2287/2287 2288/2288/2288 2292/2292/2292
f 2285/2285/2285 2292/2292/2292 2290/2290/2290
f 2288/2288/2288 2289/2289/2289 2293/2293/2293
f 2288/2288/2288 2293/2293/2293 2292/2292/2292
f 2289/2289/2289 2294/2294/2294 2293/2293/2293
f 2290/2290/2290 2295/2295/2295 2291/2291/2291
f 2291/2291/2291 2295/2295/2295 2296/2296/2296
f 2292/2292/2292 2297/2297/2297 2290/2290/2290
f 2292/2292/2292 2293/2293/2293 2297/2297/2297
f 2290/2290/2290 2297/2297/2297 2295/2295/2295
f 2293/2293/2293 2294/2294/2294 2298/2298/2298
f 2293/2293/2293 2298/2298/2298 2297/2297/2297
f 2294/2294/2294 2299/2299/2299 2298/2298/2298
f 2295/2295/2295 2300/2300/2300 2296/2296/2296
f 2296/2296/2296 2300/2300/2300 2301/2301/2301
f 2297/2297/2297 2302/2302/2302 2295/2295/2295
f 2297/2297/2297 2298/2298/2298 2302/2302/2302
f 2295/2295/2295 2302/2302/2302 2300/2300/2300
f 2298/2298/2298 2299/2299/2299 2303/2303/2303
f 2298/2298/2298 2303/2303/2303 2302/2302/2302
f 2299/2299/2299 2304/2304/2304 2303/2303/2303
f 2300/2300/2300 2305/2305/2305 2301/2301/2301
f 2301/2301/2301 2305/2305/2305 2306/2306/2306
f 2302/2302/2302 2307/2307/2307 2300/2300/2300
f 2302/2302/2302 2303/2303/2303 2307/2307/2307
f 2300/2300/2300 2307/2307/2307 2305/2305/2305
f 2303/2303/2303 2304/2304/2304 2308/2308/2308
f 2303/2303/2303 2308/2308/2308 2307/2307/2307
f 2304/2304/2304 2309/2309/2309 2308/2308/2308
f 2305/2305/2305 2310/2310/2310 2306/2306/2306
f 2306/2306/2306 2310/2310/2310 2311/2311/2311
f 2307/2307/2307 2312/2312/2312 2305/2305/2305
f 2307/2307/2307 2308/2308/2308 2312/2312/2312
f 2305/2305/2305 2312/2312/2312 2310/2310/2310
f 2308/2308/2308 2309/2309/2309 2313/2313/2313
f 2308/2308/2308 2313/2313/2313 2312/2312/2312
f 2309/2309/2309 2314/2314/2314 2313/2313/2313
f 2310/2310/2310 2315/2315/2315 2311/2311/2311
f 2311/2311/2311 2315/2315/2315 2316/2316/2316
f 2312/2312/2312 2317/2317/2317 2310/2310/2310
f 2312/2312/2312 2313/2313/2313 2317/2317/2317
f 2310/2310/2310 2317/2317/2317 2315/2315/2315
f 2313/2313/2313 2314/2314/2314 2318/2318/2318
f 2313/2313/2313 2318/2318/2318 2317/2317/2317
f 2314/2314/2314 2319/2319/2319 2318/2318/2318
f 2315/2315/2315 2320/2320/2320 2316/2316/2316
f 2316/2316/2316 2320/2320/2320 2321/2321/2321
f 2317/2317/2317 2322/2322/2322 2315/2315/2315
f 2317/2317/2317 2318/2318/2318 2322/2322/2322
f 2315/2315/2315 2322/2322/2322 2320/2320/2320
f 2318/2318/2318 2319/2319/2319 2323/2323/2323
f 2318/2318/2318 2323/2323/2323 2322/2322/2322
f 2319/2319/2319 2324/2324/2324 2323/2323/2323
f 2320/2320/2320 2325/2325/2325 2321/2321/2321
f 2321/2321/2321 2325/2325/2325 2326/2326/2326
f 2322/2322/2322 2327/2327/2327 2320/2320/2320
f 2322/2322/2322 2323/2323/2323 2327/2327/2327
f 2320/2320/2320 2327/2327/2327 2325/2325/2325
f 2323/2323/2323 2324/2324/2324 2328/2328/2328
f 2323/2323/2323 2328/2328/2328 2327/2327/2327
f 2324/2324/2324 2329/2329/2329 2328/2328/2328
f 2325/2325/2325 2330/2330/2330 2326/2326/2326
f 2326/2326/2326 2330/2330/2330 2331/2331/2331
f 2327/2327/2327 2332/2332/2332 2325/2325/2325
f 2327/2327/2327 2328/2328/2328 2332/2332/2332
f 2325/2325/2325 2332/2332/2332 2330/2330/2330
f 2328/2328/2328 2329/2329/2329 2333/2333/2333
f 2328/2328/2328 2333/2333/2333 2332/2332/2332
f 2329/2329/2329 2334/2334/2334 2333/2333/2333
f 2330/2330/2330 2335/2335/2335 2331/2331/2331
f 2331/2331/2331 2335/2335/2335 2336/2336/2336
f 2332/2332/2332 2337/2337/2337 2330/2330/2330
f 2332/2332/2332 2333/2333/2333 2337/2337/2337
f 2330/2330/2330 2337/2337/2337 2335/2335/2335
f 2333/2333/2333 2334/2334/2334 2338/2338/2338
f 2333/2333/2333 2338/2338/2338 2337/2337/2337
f 2334/2334/2334 2339/2339/2339 2338/2338/2338
f 2335/2335/2335 2340/2340/2340 2336/2336/2336
f 2336/2336/2336 2340/2340/2340 2341/2341/2341
f 2337/2337/2337 2342/2342/2342 2335/2335/2335
f 2337/2337/2337 2338/2338/2338 2342/2342/2342
f 2335/2335/2335 2342/2342/2342 2340/2340/2340
f 2338/2338/2338 2339/2339/2339 2343/2343/2343
f 2338/2338/2338 2343/2343/2343 2342/2342/2342
f 2339/2339/2339 2344/2344/2344 2343/2343/2343
f 2340/2340/2340 2345/2345/2345 2341/2341/2341
f 2341/2341/2341 2345/2345/2345 2346/2346/2346
f 2342/2342/2342 2347/2347/2347 2340/2340/2340
f 2342/2342/2342 2343/2343/2343 2347/2347/2347
f 2340/2340/2340 2347/2347/2347 2345/2345/2345
f 2343/2343/2343 2344/2344/2344 2348/2348/2348
f 2343/2343/2343 2348/2348/2348 2347/2347/2347
f 2344/2344/2344 2349/2349/2349 2348/2348/2348
f 2345/2345/2345 2350/2350/2350 2346/2346/2346
f 2346/2346/2346 2350/2350/2350 2351/2351/2351
f 2347/2347/2347 2352/2352/2352 2345/2345/2345
f 2347/2347/2347 2348/2348/2348 2352/2352/2352
f 2345/2345/2345 2352/2352/2352 2350/2350/2350
f 2348/2348/2348 2349/2349/2349 2353/2353/2353
f 2348/2348/2348 2353/2353/2353 2352/2352/2352
f 2349/2349/2349 2354/2354/2354 2353/2353/2353
f 2350/2350/2350 2355/2355/2355 2351/2351/2351
f 2351/2351/2351 2355/2355/2355 2356/2356/2356
f 2352/2352/2352 2357/2357/2357 2350/2350/2350
f 2352/2352/2352 2353/2353/2353 2357/2357/2357
f 2350/2350/2350 2357/2357/2357 2355/2355/2355
f 2353/2353/2353 2354/2354/2354 2358/2358/2358
f 2353/2353/2353 2358/2358/2358 2357/2357/2357
f 2354/2354/2354 2359/2359/2359 2358/2358/2358
f 2355/2355/2355 2360/2360/2360 2356/2356/2356
f 2356/2356/2356 2360/2360/2360 2361/2361/2361
f 2357/2357/2357 2362/2362/2362 2355/2355/2355
f 2357/2357/2357 2358/2358/2358 2362/2362/2362
f 2355/2355/2355 2362/2362/2362 2360/2360/2360
f 2358/2358/2358 2359/2359/2359 2363/2363/2363
f 2358/2358/2358 2363/2363/2363 2362/2362/2362
f 2359/2359/2359 2364/2364/2364 2363/2363/2363
f 2360/2360/2360 2365/2365/2365 2361/2361/2361
f 2361/2361/2361 2365/2365/2365 2366/2366/2366
f 2362/2362/2362 2367/2367/2367 2360/2360/2360
f 2362/2362/2362 2363/2363/2363 2367/2367/2367
f 2360/2360/2360 2367/2367/2367 2365/2365/2365
f 2363/2363/2363 2364/2364/2364 2368/2368/2368
f 2363/2363/2363 2368/2368/2368 2367/2367/2367
f 2364/2364/2364 2369/2369/2369 2368/2368/2368
f 2365/2365/2365 2370/2370/2370 2366/2366/2366
f 2366/2366/2366 2370/2370/2370 2371/2371/2371
f 2367/2367/2367 2372/2372/2372 2365/2365/2365
f 2367/2367/2367 2368/2368/2368 2372/2372/2372
f 2365/2365/2365 2372/2372/2372 2370/2370/2370
f 2368/2368/2368 2369/2369/2369 2373/2373/2373
f 2368/2368/2368 2373/2373/2373 2372/2372/2372
f 2369/2369/2369 2374/2374/2374 2373/2373/2373
f 2370/2370/2370 2375/2375/2375 2371/2371/2371
f 2371/2371/2371 2375/2375/2375 2376/2376/2376
f 2372/2372/2372 2377/2377/2377 2370/2370/2370
f 2372/2372/2372 2373/2373/2373 2377/2377/2377
f 2370/2370/2370 2377/2377/2377 2375/2375/2375
f 2373/2373/2373 2374/2374/2374 2378/2378/2378
f 2373/2373/2373 2378/2378/2378 2377/2377/2377
f 2374/2374/2374 2379/2379/2379 2378/2378/2378
f 2375/2375/2375 2380/2380/2380 2376/2376/2376
f 2376/2376/2376 2380/2380/2380 2381/2381/2381
f 2380/2380/2380 2382/2382/2382 2381/2381/2381
f 2377/2377/2377 2383/2383/2383 2375/2375/2375
f 2377/2377/2377 2378/2378/2378 2383/2383/2383
f 2375/2375/2375 2383/2383/2383 2380/2380/2380
f 2378/2378/2378 2379/2379/2379 2384/2384/2384
f 2378/2378/2378 2384/2384/2384 2383/2383/2383
f 2379/2379/2379 2385/2385/2385 2384/2384/2384
f 2380/2380/2380 2386/2386/2386 2382/2382/2382
f 2383/2383/2383 2386/2386/2386 2380/2380/2380
f 2383/2383/2383 2384/2384/2384 2386/2386/2386
f 2386/2386/2386 2387/2387/2387 2382/2382/2382
f 2384/2384/2384 2385/2385/2385 2388/2388/2388
f 2384/2384/2384 2388/2388/2388 2386/2386/2386
f 2386/2386/2386 2388/2388/2388 2387/2387/2387
f 2385/2385/2385 2389/2389/2389 2388/2388/2388
f 2388/2388/2388 2390/2390/2390 2387/2387/2387
f 2388/2388/2388 2389/2389/2389 2390/2390/2390
f 2389/2389/2389 2391/2391/2391 2390/2390/2390
f 2394/2394/2394 2393/2393/2393 2392/2392/2392
f 2393/2393/2393 2395/2395/2395 2392/2392/2392
f 2393/2393/2393 2396/2396/2396 2395/2395/2395
f 2392/2392/2392 2395/2395/2395 2397/2397/2397
f 2396/2396/2396 2398/2398/2398 2395/2395/2395
f 2395/2395/2395 2399/2399/2399 2397/2397/2397
f 2395/2395/2395 2398/2398/2398 2399/2399/2399
f 2400/2400/2400 2392/2392/2392 2397/2397/2397
f 2400/2400/2400 2401/2401/2401 2392/2392/2392
f 2401/2401/2401 2402/2402/2402 2392/2392/2392
f 2403/2403/2403 2401/2401/2401 2400/2400/2400
f 2397/2397/2397 2399/2399/2399 2404/2404/2404
f 2405/2405/2405 2400/2400/2400 2397/2397/2397
f 2405/2405/2405 2397/2397/2397 2406/2406/2406
f 2407/2407/2407 2403/2403/2403 2400/2400/2400
f 2407/2407/2407 2400/2400/2400 2405/2405/2405
f 2399/2399/2399 2408/2408/2408 2404/2404/2404
f 2404/2404/2404 2408/2408/2408 2409/2409/2409
f 2410/2410/2410 2405/2405/2405 2406/2406/2406
f 2410/2410/2410 2406/2406/2406 2411/2411/2411
f 2403/2403/2403 2407/2407/2407 2412/2412/2412
f 2413/2413/2413 2403/2403/2403 2412/2412/2412
f 2414/2414/2414 2407/2407/2407 2405/2405/2405
f 2414/2414/2414 2405/2405/2405 2410/2410/2410
f 2415/2415/2415 2410/2410/2410 2411/2411/2411
f 2415/2415/2415 2411/2411/2411 2416/2416/2416
f 2407/2407/2407 2414/2414/2414 2417/2417/2417
f 2412/2412/2412 2407/2407/2407 2417/2417/2417
f 2418/2418/2418 2414/2414/2414 2410/2410/2410
f 2418/2418/2418 2410/2410/2410 2415/2415/2415
f 2417/2417/2417 2414/2414/2414 2418/2418/2418
f 2413/2413/2413 2412/2412/2412 2419/2419/2419
f 2420/2420/2420 2413/2413/2413 2419/2419/2419
f 2412/2412/2412 2417/2417/2417 2421/2421/2421
f 2419/2419/2419 2412/2412/2412 2421/2421/2421
f 2422/2422/2422 2417/2417/2417 2418/2418/2418
f 2423/2423/2423 2417/2417/2417 2422/2422/2422
f 2424/2424/2424 2423/2423/2423 2422/2422/2422
f 2425/2425/2425 2418/2418/2418 2415/2415/2415
f 2422/2422/2422 2418/2418/2418 2425/2425/2425
f 2424/2424/2424 2422/2422/2422 2426/2426/2426
f 2426/2426/2426 2422/2422/2422 2425/2425/2425
f 2427/2427/2427 2424/2424/2424 2426/2426/2426
f 2425/2425/2425 2415/2415/2415 2428/2428/2428
f 2428/2428/2428 2415/2415/2415 2416/2416/2416
f 2426/2426/2426 2425/2425/2425 2429/2429/2429
f 2429/2429/2429 2425/2425/2425 2428/2428/2428
f 2427/2427/2427 2426/2426/2426 2430/2430/2430
f 2430/2430/2430 2426/2426/2426 2429/2429/2429
f 2429/2429/2429 2428/2428/2428 2431/2431/2431
f 2432/2432/2432 2429/2429/2429 2431/2431/2431
f 2430/2430/2430 2429/2429/2429 2432/2432/2432
f 2431/2431/2431 2428/2428/2428 2433/2433/2433
f 2428/2428/2428 2416/2416/2416 2433/2433/2433
f 2434/2434/2434 2430/2430/2430 2432/2432/2432
f 2435/2435/2435 2430/2430/2430 2434/2434/2434
f 2435/2435/2435 2427/2427/2427 2430/2430/2430
f 2436/2436/2436 2435/2435/2435 2434/2434/2434
f 2416/2416/2416 2437/2437/2437 2433/2433/2433
f 2437/2437/2437 2438/2438/2438 2433/2433/2433
f 2439/2439/2439 2427/2427/2427 2435/2435/2435
f 2440/2440/2440 2427/2427/2427 2439/2439/2439
f 2441/2441/2441 2435/2435/2435 2436/2436/2436
f 2441/2441/2441 2439/2439/2439 2435/2435/2435
f 2442/2442/2442 2441/2441/2441 2436/2436/2436
f 2443/2443/2443 2440/2440/2440 2439/2439/2439
f 2421/2421/2421 2440/2440/2440 2443/2443/2443
f 2444/2444/2444 2441/2441/2441 2442/2442/2442
f 2445/2445/2445 2444/2444/2444 2442/2442/2442
f 2445/2445/2445 2446/2446/2446 2444/2444/2444
f 2447/2447/2447 2439/2439/2439 2441/2441/2441
f 2444/2444/2444 2447/2447/2447 2441/2441/2441
f 2443/2443/2443 2439/2439/2439 2447/2447/2447
f 2446/2446/2446 2448/2448/2448 2444/2444/2444
f 2444/2444/2444 2448/2448/2448 2447/2447/2447
f 2446/2446/2446 2449/2449/2449 2448/2448/2448
f 2450/2450/2450 2421/2421/2421 2443/2443/2443
f 2419/2419/2419 2421/2421/2421 2450/2450/2450
f 2451/2451/2451 2443/2443/2443 2447/2447/2447
f 2450/2450/2450 2443/2443/2443 2451/2451/2451
f 2452/2452/2452 2450/2450/2450 2451/2451/2451
f 2453/2453/2453 2419/2419/2419 2450/2450/2450
f 2453/2453/2453 2450/2450/2450 2452/2452/2452
f 2454/2454/2454 2453/2453/2453 2452/2452/2452
f 2420/2420/2420 2419/2419/2419 2453/2453/2453
f 2455/2455/2455 2453/2453/2453 2454/2454/2454
f 2455/2455/2455 2420/2420/2420 2453/2453/2453
f 2456/2456/2456 2455/2455/2455 2454/2454/2454
f 2448/2448/2448 2457/2457/2457 2447/2447/2447
f 2447/2447/2447 2457/2457/2457 2458/2458/2458
f 2448/2448/2448 2459/2459/2459 2457/2457/2457
f 2449/2449/2449 2459/2459/2459 2448/2448/2448
f 2457/2457/2457 2460/2460/2460 2458/2458/2458
f 2458/2458/2458 2460/2460/2460 2461/2461/2461
f 2459/2459/2459 2449/2449/2449 2462/2462/2462
f 2449/2449/2449 2463/2463/2463 2462/2462/2462
f 2459/2459/2459 2464/2464/2464 2457/2457/2457
f 2457/2457/2457 2464/2464/2464 2460/2460/2460
f 2464/2464/2464 2459/2459/2459 2465/2465/2465
f 2464/2464/2464 2465/2465/2465 2460/2460/2460
f 2459/2459/2459 2462/2462/2462 2465/2465/2465
f 2460/2460/2460 2466/2466/2466 2461/2461/2461
f 2460/2460/2460 2465/2465/2465 2466/2466/2466
f 2461/2461/2461 2466/2466/2466 2467/2467/2467
f 2462/2462/2462 2463/2463/2463 2468/2468/2468
f 2463/2463/2463 2469/2469/2469 2468/2468/2468
f 2465/2465/2465 2462/2462/2462 2470/2470/2470
f 2465/2465/2465 2470/2470/2470 2466/2466/2466
f 2462/2462/2462 2468/2468/2468 2470/2470/2470
f 2466/2466/2466 2471/2471/2471 2467/2467/2467
f 2466/2466/2466 2470/2470/2470 2471/2471/2471
f 2467/2467/2467 2471/2471/2471 2472/2472/2472
f 2468/2468/2468 2469/2469/2469 2473/2473/2473
f 2469/2469/2469 2474/2474/2474 2473/2473/2473
f 2470/2470/2470 2468/2468/2468 2475/2475/2475
f 2470/2470/2470 2475/2475/2475 2471/2471/2471
f 2468/2468/2468 2473/2473/2473 2475/2475/2475
f 2473/2473/2473 2474/2474/2474 2476/2476/2476
f 2474/2474/2474 2477/2477/2477 2476/2476/2476
f 2471/2471/2471 2475/2475/2475 2478/2478/2478
f 2471/2471/2471 2478/2478/2478 2472/2472/2472
f 2475/2475/2475 2473/2473/2473 2479/2479/2479
f 2473/2473/2473 2476/2476/2476 2479/2479/2479
f 2475/2475/2475 2479/2479/2479 2478/2478/2478
f 2479/2479/2479 2476/2476/2476 2480/2480/2480
f 2478/2478/2478 2479/2479/2479 2480/2480/2480
f 2472/2472/2472 2478/2478/2478 2481/2481/2481
f 2478/2478/2478 2480/2480/2480 2481/2481/2481
f 2480/2480/2480 2476/2476/2476 2482/2482/2482
f 2476/2476/2476 2483/2483/2483 2482/2482/2482
f 2480/2480/2480 2482/2482/2482 2484/2484/2484
f 2481/2481/2481 2480/2480/2480 2484/2484/2484
f 2484/2484/2484 2485/2485/2485 2481/2481/2481
f 2481/2481/2481 2486/2486/2486 2472/2472/2472
f 2485/2485/2485 2486/2486/2486 2481/2481/2481
f 2486/2486/2486 2487/2487/2487 2472/2472/2472
f 2485/2485/2485 2488/2488/2488 2486/2486/2486
f 2486/2486/2486 2489/2489/2489 2487/2487/2487
f 2488/2488/2488 2489/2489/2489 2486/2486/2486
f 2489/2489/2489 2420/2420/2420 2487/2487/2487
f 2488/2488/2488 2490/2490/2490 2489/2489/2489
f 2489/2489/2489 2491/2491/2491 2420/2420/2420
f 2490/2490/2490 2491/2491/2491 2489/2489/2489
f 2491/2491/2491 2492/2492/2492 2420/2420/2420
f 2490/2490/2490 2493/2493/2493 2491/2491/2491
f 2491/2491/2491 2494/2494/2494 2492/2492/2492
f 2493/2493/2493 2494/2494/2494 2491/2491/2491
f 2494/2494/2494 2495/2495/2495 2492/2492/2492
f 2493/2493/2493 2496/2496/2496 2494/2494/2494
f 2494/2494/2494 2497/2497/2497 2495/2495/2495
f 2496/2496/2496 2497/2497/2497 2494/2494/2494
f 2496/2496/2496 2498/2498/2498 2497/2497/2497
f 2497/2497/2497 2499/2499/2499 2495/2495/2495
f 2498/2498/2498 2500/2500/2500 2497/2497/2497
f 2497/2497/2497 2500/2500/2500 2499/2499/2499
f 2500/2500/2500 2402/2402/2402 2499/2499/2499
f 2503/2503/2503 2502/2502/2502 2501/2501/2501
f 2504/2504/2504 2503/2503/2503 2501/2501/2501
f 2504/2504/2504 2501/2501/2501 2505/2505/2505
f 2506/2506/2506 2503/2503/2503 2504/2504/2504
f 2507/2507/2507 2504/2504/2504 2505/2505/2505
f 2507/2507/2507 2505/2505/2505 2508/2508/2508
f 2509/2509/2509 2506/2506/2506 2504/2504/2504
f 2509/2509/2509 2504/2504/2504 2507/2507/2507
f 2510/2510/2510 2506/2506/2506 2509/2509/2509
f 2511/2511/2511 2507/2507/2507 2508/2508/2508
f 2511/2511/2511 2508/2508/2508 2512/2512/2512
f 2513/2513/2513 2510/2510/2510 2509/2509/2509
f 2396/2396/2396 2510/2510/2510 2513/2513/2513
f 2514/2514/2514 2509/2509/2509 2507/2507/2507
f 2514/2514/2514 2507/2507/2507 2511/2511/2511
f 2513/2513/2513 2509/2509/2509 2514/2514/2514
f 2515/2515/2515 2514/2514/2514 2511/2511/2511
f 2516/2516/2516 2513/2513/2513 2514/2514/2514
f 2515/2515/2515 2511/2511/2511 2517/2517/2517
f 2517/2517/2517 2511/2511/2511 2512/2512/2512
f 2518/2518/2518 2515/2515/2515 2517/2517/2517
f 2398/2398/2398 2396/2396/2396 2513/2513/2513
f 2398/2398/2398 2513/2513/2513 2516/2516/2516
f 2519/2519/2519 2398/2398/2398 2516/2516/2516
f 2398/2398/2398 2519/2519/2519 2399/2399/2399
f 2399/2399/2399 2519/2519/2519 2408/2408/2408
f 2519/2519/2519 2516/2516/2516 2520/2520/2520
f 2519/2519/2519 2520/2520/2520 2408/2408/2408
f 2516/2516/2516 2521/2521/2521 2520/2520/2520
f 2516/2516/2516 2522/2522/2522 2521/2521/2521
f 2522/2522/2522 2523/2523/2523 2521/2521/2521
f 2408/2408/2408 2520/2520/2520 2524/2524/2524
f 2408/2408/2408 2524/2524/2524 2409/2409/2409
f 2409/2409/2409 2524/2524/2524 2416/2416/2416
f 2524/2524/2524 2437/2437/2437 2416/2416/2416
f 2520/2520/2520 2525/2525/2525 2524/2524/2524
f 2520/2520/2520 2521/2521/2521 2525/2525/2525
f 2524/2524/2524 2525/2525/2525 2437/2437/2437
f 2521/2521/2521 2523/2523/2523 2526/2526/2526
f 2521/2521/2521 2526/2526/2526 2525/2525/2525
f 2523/2523/2523 2518/2518/2518 2526/2526/2526
f 2525/2525/2525 2527/2527/2527 2437/2437/2437
f 2525/2525/2525 2526/2526/2526 2527/2527/2527
f 2437/2437/2437 2527/2527/2527 2438/2438/2438
f 2527/2527/2527 2528/2528/2528 2438/2438/2438
f 2526/2526/2526 2529/2529/2529 2527/2527/2527
f 2527/2527/2527 2529/2529/2529 2528/2528/2528
f 2526/2526/2526 2518/2518/2518 2529/2529/2529
f 2529/2529/2529 2530/2530/2530 2528/2528/2528
f 2518/2518/2518 2531/2531/2531 2529/2529/2529
f 2529/2529/2529 2531/2531/2531 2530/2530/2530
f 2518/2518/2518 2517/2517/2517 2531/2531/2531
f 2531/2531/2531 2532/2532/2532 2530/2530/2530
f 2517/2517/2517 2533/2533/2533 2531/2531/2531
f 2531/2531/2531 2533/2533/2533 2532/2532/2532
f 2533/2533/2533 2534/2534/2534 2532/2532/2532
f 2517/2517/2517 2512/2512/2512 2533/2533/2533
f 2533/2533/2533 2535/2535/2535 2534/2534/2534
f 2512/2512/2512 2535/2535/2535 2533/2533/2533
f 2535/2535/2535 2536/2536/2536 2534/2534/2534
f 2537/2537/2537 2536/2536/2536 2535/2535/2535
f 2538/2538/2538 2537/2537/2537 2535/2535/2535
f 2538/2538/2538 2535/2535/2535 2512/2512/2512
f 2539/2539/2539 2537/2537/2537 2538/2538/2538
f 2540/2540/2540 2538/2538/2538 2512/2512/2512
f 2540/2540/2540 2512/2512/2512 2541/2541/2541
f 2542/2542/2542 2539/2539/2539 2538/2538/2538
f 2542/2542/2542 2538/2538/2538 2540/2540/2540
f 2543/2543/2543 2540/2540/2540 2541/2541/2541
f 2543/2543/2543 2541/2541/2541 2544/2544/2544
f 2539/2539/2539 2542/2542/2542 2545/2545/2545
f 2546/2546/2546 2539/2539/2539 2545/2545/2545
f 2547/2547/2547 2542/2542/2542 2540/2540/2540
f 2547/2547/2547 2540/2540/2540 2543/2543/2543
f 2542/2542/2542 2547/2547/2547 2548/2548/2548
f 2548/2548/2548 2547/2547/2547 2543/2543/2543
f 2545/2545/2545 2542/2542/2542 2548/2548/2548
f 2549/2549/2549 2543/2543/2543 2544/2544/2544
f 2548/2548/2548 2543/2543/2543 2549/2549/2549
f 2549/2549/2549 2544/2544/2544 2550/2550/2550
f 2546/2546/2546 2545/2545/2545 2551/2551/2551
f 2552/2552/2552 2546/2546/2546 2551/2551/2551
f 2545/2545/2545 2548/2548/2548 2553/2553/2553
f 2553/2553/2553 2548/2548/2548 2549/2549/2549
f 2551/2551/2551 2545/2545/2545 2553/2553/2553
f 2554/2554/2554 2549/2549/2549 2550/2550/2550
f 2553/2553/2553 2549/2549/2549 2554/2554/2554
f 2554/2554/2554 2550/2550/2550 2555/2555/2555
f 2552/2552/2552 2551/2551/2551 2556/2556/2556
f 2557/2557/2557 2552/2552/2552 2556/2556/2556
f 2551/2551/2551 2553/2553/2553 2558/2558/2558
f 2558/2558/2558 2553/2553/2553 2554/2554/2554
f 2556/2556/2556 2551/2551/2551 2558/2558/2558
f 2559/2559/2559 2554/2554/2554 2555/2555/2555
f 2558/2558/2558 2554/2554/2554 2559/2559/2559
f 2559/2559/2559 2555/2555/2555 2560/2560/2560
f 2557/2557/2557 2556/2556/2556 2561/2561/2561
f 2562/2562/2562 2557/2557/2557 2561/2561/2561
f 2562/2562/2562 2561/2561/2561 2563/2563/2563
f 2556/2556/2556 2558/2558/2558 2564/2564/2564
f 2564/2564/2564 2558/2558/2558 2559/2559/2559
f 2561/2561/2561 2556/2556/2556 2564/2564/2564
f 2565/2565/2565 2559/2559/2559 2560/2560/2560
f 2564/2564/2564 2559/2559/2559 2565/2565/2565
f 2561/2561/2561 2564/2564/2564 2565/2565/2565
f 2561/2561/2561 2565/2565/2565 2563/2563/2563
f 2565/2565/2565 2560/2560/2560 2566/2566/2566
f 2563/2563/2563 2565/2565/2565 2566/2566/2566
f 2569/2569/2569 2568/2568/2568 2567/2567/2567
f 2570/2570/2570 2569/2569/2569 2567/2567/2567
f 2570/2570/2570 2567/2567/2567 2571/2571/2571
f 2572/2572/2572 2569/2569/2569 2570/2570/2570
f 2573/2573/2573 2570/2570/2570 2571/2571/2571
f 2574/2574/2574 2572/2572/2572 2570/2570/2570
f 2574/2574/2574 2570/2570/2570 2573/2573/2573
f 2575/2575/2575 2572/2572/2572 2574/2574/2574
f 2576/2576/2576 2574/2574/2574 2573/2573/2573
f 2577/2577/2577 2575/2575/2575 2574/2574/2574
f 2577/2577/2577 2574/2574/2574 2576/2576/2576
f 2578/2578/2578 2575/2575/2575 2577/2577/2577
f 2579/2579/2579 2577/2577/2577 2576/2576/2576
f 2580/2580/2580 2578/2578/2578 2577/2577/2577
f 2580/2580/2580 2577/2577/2577 2579/2579/2579
f 2581/2581/2581 2578/2578/2578 2580/2580/2580
f 2396/2396/2396 2580/2580/2580 2579/2579/2579
f 2582/2582/2582 2581/2581/2581 2580/2580/2580
f 2582/2582/2582 2580/2580/2580 2396/2396/2396
f 2583/2583/2583 2581/2581/2581 2582/2582/2582
f 2584/2584/2584 2582/2582/2582 2396/2396/2396
f 2585/2585/2585 2583/2583/2583 2582/2582/2582
f 2585/2585/2585 2582/2582/2582 2584/2584/2584
f 2586/2586/2586 2585/2585/2585 2584/2584/2584
f 2589/2589/2589 2588/2588/2588 2587/2587/2587
f 2588/2588/2588 2590/2590/2590 2587/2587/2587
f 2587/2587/2587 2590/2590/2590 2591/2591/2591
f 2587/2587/2587 2591/2591/2591 2592/2592/2592
f 2593/2593/2593 2587/2587/2587 2592/2592/2592
f 2594/2594/2594 2587/2587/2587 2593/2593/2593
f 2588/2588/2588 2595/2595/2595 2590/2590/2590
f 2590/2590/2590 2596/2596/2596 2591/2591/2591
f 2595/2595/2595 2597/2597/2597 2590/2590/2590
f 2590/2590/2590 2597/2597/2597 2596/2596/2596
f 2592/2592/2592 2591/2591/2591 2598/2598/2598
f 2591/2591/2591 2596/2596/2596 2599/2599/2599
f 2591/2591/2591 2599/2599/2599 2598/2598/2598
f 2593/2593/2593 2592/2592/2592 2600/2600/2600
f 2592/2592/2592 2598/2598/2598 2601/2601/2601
f 2600/2600/2600 2592/2592/2592 2601/2601/2601
f 2601/2601/2601 2598/2598/2598 2602/2602/2602
f 2598/2598/2598 2603/2603/2603 2602/2602/2602
f 2598/2598/2598 2599/2599/2599 2603/2603/2603
f 2602/2602/2602 2603/2603/2603 2604/2604/2604
f 2603/2603/2603 2605/2605/2605 2604/2604/2604
f 2604/2604/2604 2605/2605/2605 2606/2606/2606
f 2599/2599/2599 2607/2607/2607 2603/2603/2603
f 2603/2603/2603 2607/2607/2607 2605/2605/2605
f 2596/2596/2596 2608/2608/2608 2599/2599/2599
f 2599/2599/2599 2608/2608/2608 2607/2607/2607
f 2605/2605/2605 2609/2609/2609 2606/2606/2606
f 2606/2606/2606 2609/2609/2609 2610/2610/2610
f 2607/2607/2607 2611/2611/2611 2605/2605/2605
f 2605/2605/2605 2611/2611/2611 2609/2609/2609
f 2596/2596/2596 2612/2612/2612 2608/2608/2608
f 2597/2597/2597 2612/2612/2612 2596/2596/2596
f 2608/2608/2608 2613/2613/2613 2607/2607/2607
f 2607/2607/2607 2613/2613/2613 2611/2611/2611
f 2612/2612/2612 2614/2614/2614 2608/2608/2608
f 2608/2608/2608 2614/2614/2614 2613/2613/2613
f 2611/2611/2611 2615/2615/2615 2609/2609/2609
f 2613/2613/2613 2616/2616/2616 2611/2611/2611
f 2611/2611/2611 2616/2616/2616 2615/2615/2615
f 2609/2609/2609 2617/2617/2617 2610/2610/2610
f 2609/2609/2609 2615/2615/2615 2617/2617/2617
f 2614/2614/2614 2618/2618/2618 2613/2613/2613
f 2613/2613/2613 2618/2618/2618 2616/2616/2616
f 2597/2597/2597 2619/2619/2619 2612/2612/2612
f 2612/2612/2612 2620/2620/2620 2614/2614/2614
f 2619/2619/2619 2620/2620/2620 2612/2612/2612
f 2621/2621/2621 2619/2619/2619 2597/2597/2597
f 2595/2595/2595 2621/2621/2621 2597/2597/2597
f 2621/2621/2621 2622/2622/2622 2619/2619/2619
f 2622/2622/2622 2623/2623/2623 2619/2619/2619
f 2619/2619/2619 2623/2623/2623 2620/2620/2620
f 2622/2622/2622 2624/2624/2624 2623/2623/2623
f 2620/2620/2620 2625/2625/2625 2614/2614/2614
f 2614/2614/2614 2625/2625/2625 2618/2618/2618
f 2623/2623/2623 2626/2626/2626 2620/2620/2620
f 2620/2620/2620 2626/2626/2626 2625/2625/2625
f 2624/2624/2624 2627/2627/2627 2623/2623/2623
f 2623/2623/2623 2627/2627/2627 2626/2626/2626
f 2624/2624/2624 2628/2628/2628 2627/2627/2627
f 2625/2625/2625 2629/2629/2629 2618/2618/2618
f 2626/2626/2626 2630/2630/2630 2625/2625/2625
f 2625/2625/2625 2630/2630/2630 2629/2629/2629
f 2627/2627/2627 2631/2631/2631 2626/2626/2626
f 2626/2626/2626 2631/2631/2631 2630/2630/2630
f 2628/2628/2628 2632/2632/2632 2627/2627/2627
f 2627/2627/2627 2632/2632/2632 2631/2631/2631
f 2618/2618/2618 2629/2629/2629 2633/2633/2633
f 2618/2618/2618 2633/2633/2633 2616/2616/2616
f 2616/2616/2616 2633/2633/2633 2634/2634/2634
f 2616/2616/2616 2634/2634/2634 2615/2615/2615
f 2615/2615/2615 2634/2634/2634 2635/2635/2635
f 2615/2615/2615 2635/2635/2635 2617/2617/2617
f 2630/2630/2630 2636/2636/2636 2629/2629/2629
f 2631/2631/2631 2637/2637/2637 2630/2630/2630
f 2630/2630/2630 2637/2637/2637 2636/2636/2636
f 2629/2629/2629 2638/2638/2638 2633/2633/2633
f 2629/2629/2629 2636/2636/2636 2638/2638/2638
f 2633/2633/2633 2639/2639/2639 2634/2634/2634
f 2633/2633/2633 2638/2638/2638 2639/2639/2639
f 2632/2632/2632 2640/2640/2640 2631/2631/2631
f 2631/2631/2631 2640/2640/2640 2637/2637/2637
f 2634/2634/2634 2641/2641/2641 2635/2635/2635
f 2634/2634/2634 2639/2639/2639 2641/2641/2641
f 2617/2617/2617 2635/2635/2635 2642/2642/2642
f 2635/2635/2635 2641/2641/2641 2643/2643/2643
f 2635/2635/2635 2643/2643/2643 2642/2642/2642
f 2617/2617/2617 2642/2642/2642 2644/2644/2644
f 2610/2610/2610 2617/2617/2617 2644/2644/2644
f 2638/2638/2638 2645/2645/2645 2639/2639/2639
f 2639/2639/2639 2646/2646/2646 2641/2641/2641
f 2639/2639/2639 2645/2645/2645 2646/2646/2646
f 2641/2641/2641 2647/2647/2647 2643/2643/2643
f 2641/2641/2641 2646/2646/2646 2647/2647/2647
f 2638/2638/2638 2648/2648/2648 2645/2645/2645
f 2636/2636/2636 2648/2648/2648 2638/2638/2638
f 2636/2636/2636 2649/2649/2649 2648/2648/2648
f 2637/2637/2637 2649/2649/2649 2636/2636/2636
f 2637/2637/2637 2650/2650/2650 2649/2649/2649
f 2640/2640/2640 2650/2650/2650 2637/2637/2637
f 2645/2645/2645 2651/2651/2651 2646/2646/2646
f 2648/2648/2648 2652/2652/2652 2645/2645/2645
f 2645/2645/2645 2652/2652/2652 2651/2651/2651
f 2649/2649/2649 2653/2653/2653 2648/2648/2648
f 2648/2648/2648 2653/2653/2653 2652/2652/2652
f 2646/2646/2646 2654/2654/2654 2647/2647/2647
f 2646/2646/2646 2651/2651/2651 2654/2654/2654
f 2650/2650/2650 2655/2655/2655 2649/2649/2649
f 2649/2649/2649 2655/2655/2655 2653/2653/2653
f 2640/2640/2640 2656/2656/2656 2650/2650/2650
f 2650/2650/2650 2657/2657/2657 2655/2655/2655
f 2656/2656/2656 2657/2657/2657 2650/2650/2650
f 2658/2658/2658 2656/2656/2656 2640/2640/2640
f 2632/2632/2632 2658/2658/2658 2640/2640/2640
f 2659/2659/2659 2658/2658/2658 2632/2632/2632
f 2628/2628/2628 2659/2659/2659 2632/2632/2632
f 2659/2659/2659 2660/2660/2660 2658/2658/2658
f 2660/2660/2660 2661/2661/2661 2658/2658/2658
f 2658/2658/2658 2661/2661/2661 2656/2656/2656
f 2661/2661/2661 2662/2662/2662 2656/2656/2656
f 2656/2656/2656 2662/2662/2662 2657/2657/2657
f 2662/2662/2662 2663/2663/2663 2657/2657/2657
f 2657/2657/2657 2663/2663/2663 2664/2664/2664
f 2657/2657/2657 2664/2664/2664 2655/2655/2655
f 2663/2663/2663 2665/2665/2665 2664/2664/2664
f 2655/2655/2655 2664/2664/2664 2666/2666/2666
f 2655/2655/2655 2666/2666/2666 2653/2653/2653
f 2664/2664/2664 2665/2665/2665 2667/2667/2667
f 2664/2664/2664 2667/2667/2667 2666/2666/2666
f 2665/2665/2665 2668/2668/2668 2667/2667/2667
f 2653/2653/2653 2666/2666/2666 2669/2669/2669
f 2653/2653/2653 2669/2669/2669 2652/2652/2652
f 2666/2666/2666 2667/2667/2667 2670/2670/2670
f 2666/2666/2666 2670/2670/2670 2669/2669/2669
f 2667/2667/2667 2668/2668/2668 2671/2671/2671
f 2667/2667/2667 2671/2671/2671 2670/2670/2670
f 2668/2668/2668 2672/2672/2672 2671/2671/2671
f 2652/2652/2652 2669/2669/2669 2673/2673/2673
f 2652/2652/2652 2673/2673/2673 2651/2651/2651
f 2669/2669/2669 2670/2670/2670 2674/2674/2674
f 2669/2669/2669 2674/2674/2674 2673/2673/2673
f 2670/2670/2670 2671/2671/2671 2675/2675/2675
f 2670/2670/2670 2675/2675/2675 2674/2674/2674
f 2671/2671/2671 2672/2672/2672 2676/2676/2676
f 2671/2671/2671 2676/2676/2676 2675/2675/2675
f 2672/2672/2672 2677/2677/2677 2676/2676/2676
f 2651/2651/2651 2673/2673/2673 2678/2678/2678
f 2651/2651/2651 2678/2678/2678 2654/2654/2654
f 2673/2673/2673 2674/2674/2674 2679/2679/2679
f 2673/2673/2673 2679/2679/2679 2678/2678/2678
f 2674/2674/2674 2675/2675/2675 2680/2680/2680
f 2674/2674/2674 2680/2680/2680 2679/2679/2679
f 2675/2675/2675 2676/2676/2676 2681/2681/2681
f 2675/2675/2675 2681/2681/2681 2680/2680/2680
f 2676/2676/2676 2677/2677/2677 2682/2682/2682
f 2676/2676/2676 2682/2682/2682 2681/2681/2681
f 2677/2677/2677 2683/2683/2683 2682/2682/2682
f 2682/2682/2682 2683/2683/2683 2684/2684/2684
f 2683/2683/2683 2685/2685/2685 2684/2684/2684
f 2681/2681/2681 2682/2682/2682 2686/2686/2686
f 2682/2682/2682 2684/2684/2684 2686/2686/2686
f 2680/2680/2680 2681/2681/2681 2687/2687/2687
f 2681/2681/2681 2686/2686/2686 2687/2687/2687
f 2679/2679/2679 2680/2680/2680 2688/2688/2688
f 2680/2680/2680 2687/2687/2687 2688/2688/2688
f 2678/2678/2678 2679/2679/2679 2689/2689/2689
f 2679/2679/2679 2688/2688/2688 2689/2689/2689
f 2684/2684/2684 2685/2685/2685 2690/2690/2690
f 2685/2685/2685 2691/2691/2691 2690/2690/2690
f 2686/2686/2686 2684/2684/2684 2692/2692/2692
f 2684/2684/2684 2690/2690/2690 2692/2692/2692
f 2687/2687/2687 2686/2686/2686 2693/2693/2693
f 2686/2686/2686 2692/2692/2692 2693/2693/2693
f 2688/2688/2688 2687/2687/2687 2694/2694/2694
f 2687/2687/2687 2693/2693/2693 2694/2694/2694
f 2690/2690/2690 2691/2691/2691 2695/2695/2695
f 2691/2691/2691 2696/2696/2696 2695/2695/2695
f 2692/2692/2692 2690/2690/2690 2697/2697/2697
f 2690/2690/2690 2695/2695/2695 2697/2697/2697
f 2693/2693/2693 2692/2692/2692 2698/2698/2698
f 2692/2692/2692 2697/2697/2697 2698/2698/2698
f 2695/2695/2695 2696/2696/2696 2699/2699/2699
f 2696/2696/2696 2700/2700/2700 2699/2699/2699
f 2697/2697/2697 2695/2695/2695 2701/2701/2701
f 2695/2695/2695 2699/2699/2699 2701/2701/2701
f 2698/2698/2698 2697/2697/2697 2702/2702/2702
f 2697/2697/2697 2701/2701/2701 2702/2702/2702
f 2698/2698/2698 2702/2702/2702 2703/2703/2703
f 2693/2693/2693 2698/2698/2698 2704/2704/2704
f 2694/2694/2694 2693/2693/2693 2704/2704/2704
f 2704/2704/2704 2698/2698/2698 2703/2703/2703
f 2701/2701/2701 2699/2699/2699 2705/2705/2705
f 2701/2701/2701 2705/2705/2705 2706/2706/2706
f 2707/2707/2707 2701/2701/2701 2706/2706/2706
f 2703/2703/2703 2707/2707/2707 2708/2708/2708
f 2707/2707/2707 2706/2706/2706 2708/2708/2708
f 2699/2699/2699 2709/2709/2709 2705/2705/2705
f 2699/2699/2699 2710/2710/2710 2709/2709/2709
f 2706/2706/2706 2705/2705/2705 2711/2711/2711
f 2706/2706/2706 2711/2711/2711 2712/2712/2712
f 2708/2708/2708 2706/2706/2706 2712/2712/2712
f 2705/2705/2705 2713/2713/2713 2711/2711/2711
f 2705/2705/2705 2709/2709/2709 2713/2713/2713
f 2708/2708/2708 2712/2712/2712 2714/2714/2714
f 2709/2709/2709 2715/2715/2715 2713/2713/2713
f 2716/2716/2716 2708/2708/2708 2714/2714/2714
f 2703/2703/2703 2708/2708/2708 2716/2716/2716
f 2716/2716/2716 2714/2714/2714 2717/2717/2717
f 2709/2709/2709 2718/2718/2718 2715/2715/2715
f 2710/2710/2710 2718/2718/2718 2709/2709/2709
f 2718/2718/2718 2719/2719/2719 2715/2715/2715
f 2720/2720/2720 2703/2703/2703 2716/2716/2716
f 2704/2704/2704 2703/2703/2703 2720/2720/2720
f 2721/2721/2721 2716/2716/2716 2717/2717/2717
f 2720/2720/2720 2716/2716/2716 2721/2721/2721
f 2721/2721/2721 2717/2717/2717 2722/2722/2722
f 2718/2718/2718 2723/2723/2723 2719/2719/2719
f 2723/2723/2723 2724/2724/2724 2719/2719/2719
f 2710/2710/2710 2725/2725/2725 2718/2718/2718
f 2725/2725/2725 2723/2723/2723 2718/2718/2718
f 2723/2723/2723 2726/2726/2726 2724/2724/2724
f 2726/2726/2726 2727/2727/2727 2724/2724/2724
f 2728/2728/2728 2726/2726/2726 2723/2723/2723
f 2725/2725/2725 2728/2728/2728 2723/2723/2723
f 2729/2729/2729 2728/2728/2728 2725/2725/2725
f 2730/2730/2730 2725/2725/2725 2710/2710/2710
f 2730/2730/2730 2729/2729/2729 2725/2725/2725
f 2731/2731/2731 2730/2730/2730 2710/2710/2710
f 2732/2732/2732 2729/2729/2729 2730/2730/2730
f 2733/2733/2733 2730/2730/2730 2731/2731/2731
f 2733/2733/2733 2732/2732/2732 2730/2730/2730
f 2734/2734/2734 2733/2733/2733 2731/2731/2731
f 2735/2735/2735 2732/2732/2732 2733/2733/2733
f 2736/2736/2736 2733/2733/2733 2734/2734/2734
f 2736/2736/2736 2735/2735/2735 2733/2733/2733
f 2737/2737/2737 2736/2736/2736 2734/2734/2734
f 2738/2738/2738 2735/2735/2735 2736/2736/2736
f 2739/2739/2739 2736/2736/2736 2737/2737/2737
f 2739/2739/2739 2738/2738/2738 2736/2736/2736
f 2740/2740/2740 2739/2739/2739 2737/2737/2737
f 2741/2741/2741 2738/2738/2738 2739/2739/2739
f 2742/2742/2742 2739/2739/2739 2740/2740/2740
f 2742/2742/2742 2741/2741/2741 2739/2739/2739
f 2743/2743/2743 2742/2742/2742 2740/2740/2740
f 2744/2744/2744 2741/2741/2741 2742/2742/2742
f 2745/2745/2745 2742/2742/2742 2743/2743/2743
f 2745/2745/2745 2744/2744/2744 2742/2742/2742
f 2746/2746/2746 2745/2745/2745 2743/2743/2743
f 2747/2747/2747 2744/2744/2744 2745/2745/2745
f 2748/2748/2748 2745/2745/2745 2746/2746/2746
f 2748/2748/2748 2747/2747/2747 2745/2745/2745
f 2749/2749/2749 2748/2748/2748 2746/2746/2746
f 2750/2750/2750 2747/2747/2747 2748/2748/2748
f 2751/2751/2751 2748/2748/2748 2749/2749/2749
f 2751/2751/2751 2750/2750/2750 2748/2748/2748
f 2752/2752/2752 2751/2751/2751 2749/2749/2749
f 2753/2753/2753 2750/2750/2750 2751/2751/2751
f 2754/2754/2754 2751/2751/2751 2752/2752/2752
f 2754/2754/2754 2753/2753/2753 2751/2751/2751
f 2755/2755/2755 2754/2754/2754 2752/2752/2752
f 2756/2756/2756 2753/2753/2753 2754/2754/2754
f 2757/2757/2757 2754/2754/2754 2755/2755/2755
f 2757/2757/2757 2756/2756/2756 2754/2754/2754
f 2758/2758/2758 2757/2757/2757 2755/2755/2755
f 2759/2759/2759 2756/2756/2756 2757/2757/2757
f 2760/2760/2760 2757/2757/2757 2758/2758/2758
f 2760/2760/2760 2759/2759/2759 2757/2757/2757
f 2761/2761/2761 2760/2760/2760 2758/2758/2758
f 2762/2762/2762 2759/2759/2759 2760/2760/2760
f 2763/2763/2763 2760/2760/2760 2761/2761/2761
f 2763/2763/2763 2762/2762/2762 2760/2760/2760
f 2764/2764/2764 2762/2762/2762 2763/2763/2763
f 2765/2765/2765 2763/2763/2763 2761/2761/2761
f 2766/2766/2766 2764/2764/2764 2763/2763/2763
f 2766/2766/2766 2763/2763/2763 2765/2765/2765
f 2767/2767/2767 2764/2764/2764 2766/2766/2766
f 2768/2768/2768 2767/2767/2767 2766/2766/2766
f 2769/2769/2769 2766/2766/2766 2765/2765/2765
f 2768/2768/2768 2766/2766/2766 2769/2769/2769
f 2769/2769/2769 2765/2765/2765 2770/2770/2770
f 2771/2771/2771 2768/2768/2768 2769/2769/2769
f 2772/2772/2772 2769/2769/2769 2770/2770/2770
f 2771/2771/2771 2769/2769/2769 2772/2772/2772
f 2772/2772/2772 2770/2770/2770 2628/2628/2628
f 2773/2773/2773 2771/2771/2771 2772/2772/2772
f 2774/2774/2774 2772/2772/2772 2628/2628/2628
f 2773/2773/2773 2772/2772/2772 2774/2774/2774
f 2774/2774/2774 2628/2628/2628 2775/2775/2775
f 2776/2776/2776 2773/2773/2773 2774/2774/2774
f 2777/2777/2777 2774/2774/2774 2775/2775/2775
f 2776/2776/2776 2774/2774/2774 2777/2777/2777
f 2777/2777/2777 2775/2775/2775 2778/2778/2778
f 2779/2779/2779 2776/2776/2776 2777/2777/2777
f 2780/2780/2780 2777/2777/2777 2778/2778/2778
f 2779/2779/2779 2777/2777/2777 2780/2780/2780
f 2780/2780/2780 2778/2778/2778 2781/2781/2781
f 2782/2782/2782 2779/2779/2779 2780/2780/2780
f 2783/2783/2783 2780/2780/2780 2781/2781/2781
f 2782/2782/2782 2780/2780/2780 2783/2783/2783
f 2783/2783/2783 2781/2781/2781 2595/2595/2595
f 2784/2784/2784 2782/2782/2782 2783/2783/2783
f 2785/2785/2785 2783/2783/2783 2595/2595/2595
f 2784/2784/2784 2783/2783/2783 2785/2785/2785
f 2785/2785/2785 2595/2595/2595 2588/2588/2588
f 2786/2786/2786 2784/2784/2784 2785/2785/2785
f 2787/2787/2787 2785/2785/2785 2588/2588/2588
f 2786/2786/2786 2785/2785/2785 2787/2787/2787
f 2788/2788/2788 2786/2786/2786 2787/2787/2787
f 2787/2787/2787 2588/2588/2588 2594/2594/2594
f 2788/2788/2788 2787/2787/2787 2789/2789/2789
f 2789/2789/2789 2787/2787/2787 2594/2594/2594
f 2790/2790/2790 2788/2788/2788 2789/2789/2789
f 2789/2789/2789 2594/2594/2594 2791/2791/2791
f 2791/2791/2791 2594/2594/2594 2593/2593/2593
f 2790/2790/2790 2789/2789/2789 2792/2792/2792
f 2792/2792/2792 2789/2789/2789 2791/2791/2791
f 2793/2793/2793 2790/2790/2790 2792/2792/2792
f 2792/2792/2792 2791/2791/2791 2794/2794/2794
f 2795/2795/2795 2792/2792/2792 2794/2794/2794
f 2793/2793/2793 2792/2792/2792 2795/2795/2795
f 2794/2794/2794 2791/2791/2791 2796/2796/2796
f 2791/2791/2791 2593/2593/2593 2796/2796/2796
f 2797/2797/2797 2793/2793/2793 2795/2795/2795
f 2798/2798/2798 2797/2797/2797 2795/2795/2795
f 2796/2796/2796 2593/2593/2593 2600/2600/2600
f 2799/2799/2799 2798/2798/2798 2795/2795/2795
f 2799/2799/2799 2795/2795/2795 2794/2794/2794
f 2800/2800/2800 2798/2798/2798 2799/2799/2799
f 2801/2801/2801 2800/2800/2800 2799/2799/2799
f 2802/2802/2802 2800/2800/2800 2801/2801/2801
f 2803/2803/2803 2799/2799/2799 2794/2794/2794
f 2801/2801/2801 2799/2799/2799 2803/2803/2803
f 2804/2804/2804 2802/2802/2802 2801/2801/2801
f 2805/2805/2805 2802/2802/2802 2804/2804/2804
f 2806/2806/2806 2801/2801/2801 2803/2803/2803
f 2804/2804/2804 2801/2801/2801 2806/2806/2806
f 2807/2807/2807 2805/2805/2805 2804/2804/2804
f 2808/2808/2808 2805/2805/2805 2807/2807/2807
f 2809/2809/2809 2804/2804/2804 2806/2806/2806
f 2807/2807/2807 2804/2804/2804 2809/2809/2809
f 2806/2806/2806 2803/2803/2803 2810/2810/2810
f 2811/2811/2811 2806/2806/2806 2810/2810/2810
f 2809/2809/2809 2812/2812/2812 2811/2811/2811
f 2813/2813/2813 2808/2808/2808 2807/2807/2807
f 2814/2814/2814 2808/2808/2808 2813/2813/2813
f 2815/2815/2815 2807/2807/2807 2809/2809/2809
f 2813/2813/2813 2807/2807/2807 2815/2815/2815
f 2816/2816/2816 2814/2814/2814 2813/2813/2813
f 2817/2817/2817 2814/2814/2814 2816/2816/2816
f 2818/2818/2818 2813/2813/2813 2815/2815/2815
f 2816/2816/2816 2813/2813/2813 2818/2818/2818
f 2819/2819/2819 2816/2816/2816 2818/2818/2818
f 2820/2820/2820 2817/2817/2817 2816/2816/2816
f 2820/2820/2820 2816/2816/2816 2819/2819/2819
f 2821/2821/2821 2817/2817/2817 2820/2820/2820
f 2822/2822/2822 2820/2820/2820 2819/2819/2819
f 2823/2823/2823 2821/2821/2821 2820/2820/2820
f 2823/2823/2823 2820/2820/2820 2822/2822/2822
f 2824/2824/2824 2821/2821/2821 2823/2823/2823
f 2825/2825/2825 2823/2823/2823 2822/2822/2822
f 2826/2826/2826 2824/2824/2824 2823/2823/2823
f 2826/2826/2826 2823/2823/2823 2825/2825/2825
f 2827/2827/2827 2824/2824/2824 2826/2826/2826
f 2828/2828/2828 2827/2827/2827 2826/2826/2826
f 2829/2829/2829 2827/2827/2827 2828/2828/2828
f 2830/2830/2830 2826/2826/2826 2825/2825/2825
f 2828/2828/2828 2826/2826/2826 2830/2830/2830
f 2831/2831/2831 2828/2828/2828 2830/2830/2830
f 2832/2832/2832 2829/2829/2829 2828/2828/2828
f 2832/2832/2832 2828/2828/2828 2831/2831/2831
f 2833/2833/2833 2829/2829/2829 2832/2832/2832
f 2834/2834/2834 2833/2833/2833 2832/2832/2832
f 2835/2835/2835 2832/2832/2832 2831/2831/2831
f 2834/2834/2834 2832/2832/2832 2835/2835/2835
f 2835/2835/2835 2831/2831/2831 2836/2836/2836
f 2837/2837/2837 2834/2834/2834 2835/2835/2835
f 2838/2838/2838 2835/2835/2835 2836/2836/2836
f 2837/2837/2837 2835/2835/2835 2838/2838/2838
f 2838/2838/2838 2836/2836/2836 2839/2839/2839
f 2840/2840/2840 2837/2837/2837 2838/2838/2838
f 2841/2841/2841 2838/2838/2838 2839/2839/2839
f 2840/2840/2840 2838/2838/2838 2841/2841/2841
f 2841/2841/2841 2839/2839/2839 2842/2842/2842
f 2843/2843/2843 2840/2840/2840 2841/2841/2841
f 2844/2844/2844 2841/2841/2841 2842/2842/2842
f 2843/2843/2843 2841/2841/2841 2844/2844/2844
f 2844/2844/2844 2842/2842/2842 2845/2845/2845
f 2846/2846/2846 2843/2843/2843 2844/2844/2844
f 2847/2847/2847 2844/2844/2844 2845/2845/2845
f 2846/2846/2846 2844/2844/2844 2847/2847/2847
f 2847/2847/2847 2845/2845/2845 2848/2848/2848
f 2849/2849/2849 2846/2846/2846 2847/2847/2847
f 2850/2850/2850 2847/2847/2847 2848/2848/2848
f 2849/2849/2849 2847/2847/2847 2850/2850/2850
f 2850/2850/2850 2848/2848/2848 2851/2851/2851
f 2852/2852/2852 2849/2849/2849 2850/2850/2850
f 2853/2853/2853 2850/2850/2850 2851/2851/2851
f 2852/2852/2852 2850/2850/2850 2853/2853/2853
f 2853/2853/2853 2851/2851/2851 2854/2854/2854
f 2855/2855/2855 2852/2852/2852 2853/2853/2853
f 2856/2856/2856 2853/2853/2853 2854/2854/2854
f 2855/2855/2855 2853/2853/2853 2856/2856/2856
f 2856/2856/2856 2854/2854/2854 2857/2857/2857
f 2858/2858/2858 2855/2855/2855 2856/2856/2856
f 2859/2859/2859 2856/2856/2856 2857/2857/2857
f 2858/2858/2858 2856/2856/2856 2859/2859/2859
f 2859/2859/2859 2857/2857/2857 2860/2860/2860
f 2861/2861/2861 2858/2858/2858 2859/2859/2859
f 2862/2862/2862 2859/2859/2859 2860/2860/2860
f 2861/2861/2861 2859/2859/2859 2862/2862/2862
f 2862/2862/2862 2860/2860/2860 2863/2863/2863
f 2864/2864/2864 2861/2861/2861 2862/2862/2862
f 2865/2865/2865 2862/2862/2862 2863/2863/2863
f 2864/2864/2864 2862/2862/2862 2865/2865/2865
f 2865/2865/2865 2863/2863/2863 2866/2866/2866
f 2867/2867/2867 2864/2864/2864 2865/2865/2865
f 2868/2868/2868 2865/2865/2865 2866/2866/2866
f 2867/2867/2867 2865/2865/2865 2868/2868/2868
f 2869/2869/2869 2867/2867/2867 2868/2868/2868
f 2868/2868/2868 2866/2866/2866 2870/2870/2870
f 2869/2869/2869 2868/2868/2868 2871/2871/2871
f 2871/2871/2871 2868/2868/2868 2870/2870/2870
f 2872/2872/2872 2869/2869/2869 2871/2871/2871
f 2872/2872/2872 2871/2871/2871 2873/2873/2873
f 2874/2874/2874 2872/2872/2872 2873/2873/2873
f 2871/2871/2871 2870/2870/2870 2875/2875/2875
f 2873/2873/2873 2871/2871/2871 2875/2875/2875
f 2874/2874/2874 2873/2873/2873 2876/2876/2876
f 2877/2877/2877 2874/2874/2874 2876/2876/2876
f 2876/2876/2876 2873/2873/2873 2878/2878/2878
f 2873/2873/2873 2875/2875/2875 2878/2878/2878
f 2878/2878/2878 2875/2875/2875 2879/2879/2879
f 2875/2875/2875 2870/2870/2870 2880/2880/2880
f 2875/2875/2875 2880/2880/2880 2879/2879/2879
f 2879/2879/2879 2880/2880/2880 2881/2881/2881
f 2870/2870/2870 2882/2882/2882 2880/2880/2880
f 2880/2880/2880 2883/2883/2883 2881/2881/2881
f 2880/2880/2880 2882/2882/2882 2883/2883/2883
f 2881/2881/2881 2883/2883/2883 2884/2884/2884
f 2883/2883/2883 2885/2885/2885 2884/2884/2884
f 2884/2884/2884 2885/2885/2885 2886/2886/2886
f 2882/2882/2882 2887/2887/2887 2883/2883/2883
f 2883/2883/2883 2887/2887/2887 2885/2885/2885
f 2885/2885/2885 2888/2888/2888 2886/2886/2886
f 2886/2886/2886 2888/2888/2888 2889/2889/2889
f 2887/2887/2887 2890/2890/2890 2885/2885/2885
f 2885/2885/2885 2890/2890/2890 2888/2888/2888
f 2890/2890/2890 2891/2891/2891 2888/2888/2888
f 2888/2888/2888 2892/2892/2892 2889/2889/2889
f 2888/2888/2888 2891/2891/2891 2892/2892/2892
f 2889/2889/2889 2892/2892/2892 2893/2893/2893
f 2892/2892/2892 2894/2894/2894 2893/2893/2893
f 2893/2893/2893 2894/2894/2894 2895/2895/2895
f 2891/2891/2891 2896/2896/2896 2892/2892/2892
f 2892/2892/2892 2896/2896/2896 2894/2894/2894
f 2894/2894/2894 2897/2897/2897 2895/2895/2895
f 2895/2895/2895 2897/2897/2897 2898/2898/2898
f 2896/2896/2896 2899/2899/2899 2894/2894/2894
f 2894/2894/2894 2899/2899/2899 2897/2897/2897
f 2897/2897/2897 2900/2900/2900 2898/2898/2898
f 2898/2898/2898 2900/2900/2900 2901/2901/2901
f 2899/2899/2899 2902/2902/2902 2897/2897/2897
f 2897/2897/2897 2902/2902/2902 2900/2900/2900
f 2900/2900/2900 2903/2903/2903 2901/2901/2901
f 2901/2901/2901 2903/2903/2903 2904/2904/2904
f 2903/2903/2903 2905/2905/2905 2904/2904/2904
f 2900/2900/2900 2906/2906/2906 2903/2903/2903
f 2902/2902/2902 2906/2906/2906 2900/2900/2900
f 2903/2903/2903 2907/2907/2907 2905/2905/2905
f 2906/2906/2906 2907/2907/2907 2903/2903/2903
f 2907/2907/2907 2908/2908/2908 2905/2905/2905
f 2906/2906/2906 2909/2909/2909 2907/2907/2907
f 2907/2907/2907 2910/2910/2910 2908/2908/2908
f 2909/2909/2909 2910/2910/2910 2907/2907/2907
f 2910/2910/2910 2911/2911/2911 2908/2908/2908
f 2908/2908/2908 2911/2911/2911 2912/2912/2912
f 2911/2911/2911 2913/2913/2913 2912/2912/2912
f 2912/2912/2912 2913/2913/2913 2914/2914/2914
f 2913/2913/2913 2915/2915/2915 2914/2914/2914
f 2913/2913/2913 2916/2916/2916 2915/2915/2915
f 2916/2916/2916 2917/2917/2917 2915/2915/2915
f 2911/2911/2911 2918/2918/2918 2913/2913/2913
f 2918/2918/2918 2916/2916/2916 2913/2913/2913
f 2910/2910/2910 2919/2919/2919 2911/2911/2911
f 2919/2919/2919 2918/2918/2918 2911/2911/2911
f 2920/2920/2920 2919/2919/2919 2910/2910/2910
f 2909/2909/2909 2920/2920/2920 2910/2910/2910
f 2916/2916/2916 2921/2921/2921 2917/2917/2917
f 2921/2921/2921 2922/2922/2922 2917/2917/2917
f 2918/2918/2918 2923/2923/2923 2916/2916/2916
f 2923/2923/2923 2921/2921/2921 2916/2916/2916
f 2921/2921/2921 2924/2924/2924 2922/2922/2922
f 2924/2924/2924 2925/2925/2925 2922/2922/2922
f 2926/2926/2926 2923/2923/2923 2918/2918/2918
f 2927/2927/2927 2926/2926/2926 2918/2918/2918
f 2923/2923/2923 2928/2928/2928 2921/2921/2921
f 2928/2928/2928 2924/2924/2924 2921/2921/2921
f 2924/2924/2924 2929/2929/2929 2925/2925/2925
f 2929/2929/2929 2930/2930/2930 2925/2925/2925
f 2920/2920/2920 2931/2931/2931 2927/2927/2927
f 2931/2931/2931 2926/2926/2926 2927/2927/2927
f 2926/2926/2926 2932/2932/2932 2923/2923/2923
f 2932/2932/2932 2928/2928/2928 2923/2923/2923
f 2928/2928/2928 2933/2933/2933 2924/2924/2924
f 2933/2933/2933 2929/2929/2929 2924/2924/2924
f 2929/2929/2929 2934/2934/2934 2930/2930/2930
f 2934/2934/2934 2935/2935/2935 2930/2930/2930
f 2933/2933/2933 2936/2936/2936 2929/2929/2929
f 2936/2936/2936 2934/2934/2934 2929/2929/2929
f 2936/2936/2936 2937/2937/2937 2934/2934/2934
f 2934/2934/2934 2938/2938/2938 2935/2935/2935
f 2937/2937/2937 2938/2938/2938 2934/2934/2934
f 2938/2938/2938 2939/2939/2939 2935/2935/2935
f 2937/2937/2937 2940/2940/2940 2938/2938/2938
f 2938/2938/2938 2941/2941/2941 2939/2939/2939
f 2940/2940/2940 2941/2941/2941 2938/2938/2938
f 2941/2941/2941 2942/2942/2942 2939/2939/2939
f 2940/2940/2940 2943/2943/2943 2941/2941/2941
f 2941/2941/2941 2944/2944/2944 2942/2942/2942
f 2943/2943/2943 2944/2944/2944 2941/2941/2941
f 2944/2944/2944 2945/2945/2945 2942/2942/2942
f 2944/2944/2944 2946/2946/2946 2945/2945/2945
f 2946/2946/2946 2947/2947/2947 2945/2945/2945
f 2943/2943/2943 2948/2948/2948 2944/2944/2944
f 2948/2948/2948 2946/2946/2946 2944/2944/2944
f 2946/2946/2946 2949/2949/2949 2947/2947/2947
f 2949/2949/2949 2950/2950/2950 2947/2947/2947
f 2948/2948/2948 2951/2951/2951 2946/2946/2946
f 2951/2951/2951 2949/2949/2949 2946/2946/2946
f 2949/2949/2949 2952/2952/2952 2950/2950/2950
f 2952/2952/2952 2953/2953/2953 2950/2950/2950
f 2953/2953/2953 2952/2952/2952 2954/2954/2954
f 2794/2794/2794 2952/2952/2952 2949/2949/2949
f 2951/2951/2951 2794/2794/2794 2949/2949/2949
f 2952/2952/2952 2955/2955/2955 2954/2954/2954
f 2952/2952/2952 2794/2794/2794 2955/2955/2955
f 2954/2954/2954 2955/2955/2955 2956/2956/2956
f 2803/2803/2803 2794/2794/2794 2951/2951/2951
f 2810/2810/2810 2803/2803/2803 2951/2951/2951
f 2810/2810/2810 2951/2951/2951 2948/2948/2948
f 2794/2794/2794 2796/2796/2796 2955/2955/2955
f 2955/2955/2955 2957/2957/2957 2956/2956/2956
f 2955/2955/2955 2796/2796/2796 2957/2957/2957
f 2956/2956/2956 2957/2957/2957 2958/2958/2958
f 2796/2796/2796 2600/2600/2600 2957/2957/2957
f 2959/2959/2959 2810/2810/2810 2948/2948/2948
f 2959/2959/2959 2948/2948/2948 2943/2943/2943
f 2811/2811/2811 2810/2810/2810 2959/2959/2959
f 2957/2957/2957 2960/2960/2960 2958/2958/2958
f 2957/2957/2957 2600/2600/2600 2960/2960/2960
f 2958/2958/2958 2960/2960/2960 2961/2961/2961
f 2600/2600/2600 2601/2601/2601 2960/2960/2960
f 2960/2960/2960 2962/2962/2962 2961/2961/2961
f 2960/2960/2960 2601/2601/2601 2962/2962/2962
f 2961/2961/2961 2962/2962/2962 2963/2963/2963
f 2601/2601/2601 2964/2964/2964 2962/2962/2962
f 2962/2962/2962 2965/2965/2965 2963/2963/2963
f 2962/2962/2962 2964/2964/2964 2965/2965/2965
f 2963/2963/2963 2965/2965/2965 2966/2966/2966
f 2964/2964/2964 2967/2967/2967 2965/2965/2965
f 2965/2965/2965 2968/2968/2968 2966/2966/2966
f 2965/2965/2965 2967/2967/2967 2968/2968/2968
f 2966/2966/2966 2968/2968/2968 2969/2969/2969
f 2967/2967/2967 2970/2970/2970 2968/2968/2968
f 2968/2968/2968 2971/2971/2971 2969/2969/2969
f 2968/2968/2968 2970/2970/2970 2971/2971/2971
f 2969/2969/2969 2971/2971/2971 2972/2972/2972
f 2970/2970/2970 2610/2610/2610 2971/2971/2971
f 2971/2971/2971 2973/2973/2973 2972/2972/2972
f 2971/2971/2971 2610/2610/2610 2973/2973/2973
f 2972/2972/2972 2973/2973/2973 2974/2974/2974
f 2610/2610/2610 2644/2644/2644 2973/2973/2973
f 2973/2973/2973 2975/2975/2975 2974/2974/2974
f 2973/2973/2973 2644/2644/2644 2975/2975/2975
f 2974/2974/2974 2975/2975/2975 2976/2976/2976
f 2644/2644/2644 2977/2977/2977 2975/2975/2975
f 2644/2644/2644 2642/2642/2642 2977/2977/2977
f 2975/2975/2975 2978/2978/2978 2976/2976/2976
f 2975/2975/2975 2977/2977/2977 2978/2978/2978
f 2976/2976/2976 2978/2978/2978 2979/2979/2979
f 2642/2642/2642 2980/2980/2980 2977/2977/2977
f 2642/2642/2642 2643/2643/2643 2980/2980/2980
f 2978/2978/2978 2981/2981/2981 2979/2979/2979
f 2979/2979/2979 2981/2981/2981 2982/2982/2982
f 2981/2981/2981 2983/2983/2983 2982/2982/2982
f 2977/2977/2977 2984/2984/2984 2978/2978/2978
f 2978/2978/2978 2984/2984/2984 2981/2981/2981
f 2977/2977/2977 2980/2980/2980 2984/2984/2984
f 2981/2981/2981 2985/2985/2985 2983/2983/2983
f 2984/2984/2984 2985/2985/2985 2981/2981/2981
f 2985/2985/2985 2986/2986/2986 2983/2983/2983
f 2980/2980/2980 2987/2987/2987 2984/2984/2984
f 2984/2984/2984 2988/2988/2988 2985/2985/2985
f 2643/2643/2643 2989/2989/2989 2980/2980/2980
f 2980/2980/2980 2989/2989/2989 2987/2987/2987
f 2643/2643/2643 2647/2647/2647 2989/2989/2989
f 2989/2989/2989 2990/2990/2990 2987/2987/2987
f 2988/2988/2988 2991/2991/2991 2985/2985/2985
f 2985/2985/2985 2991/2991/2991 2986/2986/2986
f 2988/2988/2988 2990/2990/2990 2991/2991/2991
f 2647/2647/2647 2992/2992/2992 2989/2989/2989
f 2989/2989/2989 2992/2992/2992 2990/2990/2990
f 2647/2647/2647 2654/2654/2654 2992/2992/2992
f 2991/2991/2991 2993/2993/2993 2986/2986/2986
f 2986/2986/2986 2993/2993/2993 2994/2994/2994
f 2990/2990/2990 2995/2995/2995 2991/2991/2991
f 2991/2991/2991 2995/2995/2995 2993/2993/2993
f 2992/2992/2992 2996/2996/2996 2990/2990/2990
f 2990/2990/2990 2996/2996/2996 2995/2995/2995
f 2654/2654/2654 2997/2997/2997 2992/2992/2992
f 2992/2992/2992 2997/2997/2997 2996/2996/2996
f 2654/2654/2654 2678/2678/2678 2997/2997/2997
f 2678/2678/2678 2689/2689/2689 2997/2997/2997
f 2993/2993/2993 2998/2998/2998 2994/2994/2994
f 2994/2994/2994 2998/2998/2998 2999/2999/2999
f 2998/2998/2998 3000/3000/3000 2999/2999/2999
f 2995/2995/2995 3001/3001/3001 2993/2993/2993
f 2993/2993/2993 3001/3001/3001 2998/2998/2998
f 2998/2998/2998 3002/3002/3002 3000/3000/3000
f 3001/3001/3001 3002/3002/3002 2998/2998/2998
f 3002/3002/3002 3003/3003/3003 3000/3000/3000
f 3001/3001/3001 3004/3004/3004 3002/3002/3002
f 3002/3002/3002 3005/3005/3005 3003/3003/3003
f 3004/3004/3004 3005/3005/3005 3002/3002/3002
f 3005/3005/3005 2722/2722/2722 3003/3003/3003
f 3005/3005/3005 2721/2721/2721 2722/2722/2722
f 3006/3006/3006 2721/2721/2721 3005/3005/3005
f 3004/3004/3004 3006/3006/3006 3005/3005/3005
f 3006/3006/3006 2720/2720/2720 2721/2721/2721
f 3007/3007/3007 2720/2720/2720 3006/3006/3006
f 3007/3007/3007 2704/2704/2704 2720/2720/2720
f 2694/2694/2694 2704/2704/2704 3007/3007/3007
f 3008/3008/3008 3006/3006/3006 3004/3004/3004
f 3008/3008/3008 3007/3007/3007 3006/3006/3006
f 3009/3009/3009 2694/2694/2694 3007/3007/3007
f 3009/3009/3009 3007/3007/3007 3008/3008/3008
f 2688/2688/2688 2694/2694/2694 3009/3009/3009
f 2689/2689/2689 2688/2688/2688 3009/3009/3009
f 2689/2689/2689 3009/3009/3009 3010/3010/3010
f 3010/3010/3010 3009/3009/3009 3008/3008/3008
f 2997/2997/2997 2689/2689/2689 3010/3010/3010
f 2997/2997/2997 3010/3010/3010 2996/2996/2996
f 3011/3011/3011 3008/3008/3008 3004/3004/3004
f 3010/3010/3010 3008/3008/3008 3011/3011/3011
f 2996/2996/2996 3010/3010/3010 3011/3011/3011
f 3011/3011/3011 3004/3004/3004 3012/3012/3012
f 2996/2996/2996 3011/3011/3011 2995/2995/2995
f 2995/2995/2995 3011/3011/3011 3012/3012/3012
f 3015/3015/3015 3014/3014/3014 3013/3013/3013
f 3013/3013/3013 3014/3014/3014 3016/3016/3016
f 3014/3014/3014 3017/3017/3017 3016/3016/3016
f 3013/3013/3013 3016/3016/3016 3018/3018/3018
f 3014/3014/3014 3019/3019/3019 3017/3017/3017
f 3020/3020/3020 3019/3019/3019 3014/3014/3014
f 3019/3019/3019 3021/3021/3021 3017/3017/3017
f 3022/3022/3022 3013/3013/3013 3018/3018/3018
f 3023/3023/3023 3013/3013/3013 3022/3022/3022
f 3022/3022/3022 3018/3018/3018 3024/3024/3024
f 3019/3019/3019 3025/3025/3025 3021/3021/3021
f 3026/3026/3026 3025/3025/3025 3019/3019/3019
f 3025/3025/3025 3027/3027/3027 3021/3021/3021
f 3028/3028/3028 3022/3022/3022 3024/3024/3024
f 3029/3029/3029 3022/3022/3022 3028/3028/3028
f 3028/3028/3028 3024/3024/3024 3030/3030/3030
f 3025/3025/3025 3031/3031/3031 3027/3027/3027
f 3032/3032/3032 3031/3031/3031 3025/3025/3025
f 3031/3031/3031 3033/3033/3033 3027/3027/3027
f 3034/3034/3034 3028/3028/3028 3030/3030/3030
f 3035/3035/3035 3028/3028/3028 3034/3034/3034
f 3034/3034/3034 3030/3030/3030 3036/3036/3036
f 3031/3031/3031 3037/3037/3037 3033/3033/3033
f 3038/3038/3038 3037/3037/3037 3031/3031/3031
f 3037/3037/3037 3039/3039/3039 3033/3033/3033
f 3040/3040/3040 3034/3034/3034 3036/3036/3036
f 3041/3041/3041 3034/3034/3034 3040/3040/3040
f 3040/3040/3040 3036/3036/3036 3042/3042/3042
f 3037/3037/3037 3043/3043/3043 3039/3039/3039
f 3044/3044/3044 3043/3043/3043 3037/3037/3037
f 3043/3043/3043 3045/3045/3045 3039/3039/3039
f 3046/3046/3046 3040/3040/3040 3042/3042/3042
f 3047/3047/3047 3040/3040/3040 3046/3046/3046
f 3046/3046/3046 3042/3042/3042 3048/3048/3048
f 3049/3049/3049 3046/3046/3046 3048/3048/3048
f 3050/3050/3050 3046/3046/3046 3049/3049/3049
f 3043/3043/3043 3051/3051/3051 3045/3045/3045
f 3052/3052/3052 3051/3051/3051 3043/3043/3043
f 3051/3051/3051 3053/3053/3053 3045/3045/3045
f 3051/3051/3051 3054/3054/3054 3053/3053/3053
f 3055/3055/3055 3054/3054/3054 3051/3051/3051
f 3054/3054/3054 3056/3056/3056 3053/3053/3053
f 3054/3054/3054 3057/3057/3057 3056/3056/3056
f 3058/3058/3058 3057/3057/3057 3054/3054/3054
f 3057/3057/3057 3059/3059/3059 3056/3056/3056
f 3057/3057/3057 3060/3060/3060 3059/3059/3059
f 3060/3060/3060 3061/3061/3061 3059/3059/3059
f 3062/3062/3062 3060/3060/3060 3057/3057/3057
f 3065/3065/3065 3064/3064/3064 3063/3063/3063
f 3066/3066/3066 3065/3065/3065 3063/3063/3063
f 3067/3067/3067 3065/3065/3065 3066/3066/3066
f 3066/3066/3066 3063/3063/3063 3068/3068/3068
f 790/790/790 3067/3067/3067 3066/3066/3066
f 3069/3069/3069 3066/3066/3066 3068/3068/3068
f 790/790/790 3066/3066/3066 3069/3069/3069
f 3069/3069/3069 3068/3068/3068 3070/3070/3070
f 804/804/804 790/790/790 3069/3069/3069
f 3071/3071/3071 3069/3069/3069 3070/3070/3070
f 804/804/804 3069/3069/3069 3071/3071/3071
f 3071/3071/3071 3070/3070/3070 3072/3072/3072
f 809/809/809 804/804/804 3071/3071/3071
f 3073/3073/3073 3071/3071/3071 3072/3072/3072
f 809/809/809 3071/3071/3071 3073/3073/3073
f 3074/3074/3074 809/809/809 3073/3073/3073
f 148/148/148 3075/3075/3075 124/124/124
f 3076/3076/3076 148/148/148 124/124/124
f 3076/3076/3076 124/124/124 116/116/116
f 153/153/153 148/148/148 3076/3076/3076
f 3077/3077/3077 3076/3076/3076 116/116/116
f 3077/3077/3077 116/116/116 334/334/334
f 3078/3078/3078 153/153/153 3076/3076/3076
f 3078/3078/3078 3076/3076/3076 3077/3077/3077
f 3079/3079/3079 3077/3077/3077 334/334/334
f 3079/3079/3079 334/334/334 328/328/328
f 153/153/153 3078/3078/3078 3080/3080/3080
f 156/156/156 153/153/153 3080/3080/3080
f 156/156/156 3080/3080/3080 161/161/161
f 3081/3081/3081 3078/3078/3078 3077/3077/3077
f 3081/3081/3081 3077/3077/3077 3079/3079/3079
f 3078/3078/3078 3081/3081/3081 3082/3082/3082
f 3080/3080/3080 3078/3078/3078 3082/3082/3082
f 3082/3082/3082 3081/3081/3081 3079/3079/3079
f 3083/3083/3083 3079/3079/3079 328/328/328
f 3082/3082/3082 3079/3079/3079 3083/3083/3083
f 3083/3083/3083 328/328/328 323/323/323
f 3080/3080/3080 3082/3082/3082 3084/3084/3084
f 3084/3084/3084 3082/3082/3082 3083/3083/3083
f 161/161/161 3080/3080/3080 3084/3084/3084
f 3085/3085/3085 3083/3083/3083 323/323/323
f 3084/3084/3084 3083/3083/3083 3085/3085/3085
f 3085/3085/3085 323/323/323 220/220/220
f 3086/3086/3086 3085/3085/3085 220/220/220
f 3086/3086/3086 220/220/220 3087/3087/3087
f 3088/3088/3088 3084/3084/3084 3085/3085/3085
f 3088/3088/3088 3085/3085/3085 3086/3086/3086
f 3089/3089/3089 3088/3088/3088 3086/3086/3086
f 3090/3090/3090 3086/3086/3086 3087/3087/3087
f 3089/3089/3089 3086/3086/3086 3090/3090/3090
f 3090/3090/3090 3087/3087/3087 170/170/170
f 3091/3091/3091 3090/3090/3090 170/170/170
f 3092/3092/3092 3089/3089/3089 3090/3090/3090
f 3092/3092/3092 3090/3090/3090 3091/3091/3091
f 3093/3093/3093 3089/3089/3089 3092/3092/3092
f 3094/3094/3094 3092/3092/3092 3091/3091/3091
f 3084/3084/3084 3093/3093/3093 3095/3095/3095
f 3095/3095/3095 3093/3093/3093 3092/3092/3092
f 3095/3095/3095 3092/3092/3092 3094/3094/3094
f 161/161/161 3084/3084/3084 3095/3095/3095
f 3096/3096/3096 3095/3095/3095 3094/3094/3094
f 161/161/161 3095/3095/3095 3096/3096/3096
f 3097/3097/3097 161/161/161 3096/3096/3096
f 3100/3100/3100 3099/3099/3099 3098/3098/3098
f 3101/3101/3101 3100/3100/3100 3098/3098/3098
f 3101/3101/3101 3098/3098/3098 3102/3102/3102
f 3103/3103/3103 3100/3100/3100 3101/3101/3101
f 3104/3104/3104 3101/3101/3101 3102/3102/3102
f 3104/3104/3104 3102/3102/3102 3105/3105/3105
f 3106/3106/3106 3103/3103/3103 3101/3101/3101
f 3106/3106/3106 3101/3101/3101 3104/3104/3104
f 3107/3107/3107 3103/3103/3103 3106/3106/3106
f 3108/3108/3108 3104/3104/3104 3105/3105/3105
f 3108/3108/3108 3105/3105/3105 3109/3109/3109
f 3110/3110/3110 3106/3106/3106 3104/3104/3104
f 3110/3110/3110 3104/3104/3104 3108/3108/3108
f 3111/3111/3111 3107/3107/3107 3106/3106/3106
f 3111/3111/3111 3106/3106/3106 3110/3110/3110
f 3112/3112/3112 3107/3107/3107 3111/3111/3111
f 3113/3113/3113 3108/3108/3108 3109/3109/3109
f 3113/3113/3113 3109/3109/3109 3114/3114/3114
f 3115/3115/3115 3110/3110/3110 3108/3108/3108
f 3115/3115/3115 3108/3108/3108 3113/3113/3113
f 3116/3116/3116 3111/3111/3111 3110/3110/3110
f 3116/3116/3116 3117/3117/3117 3115/3115/3115
f 3118/3118/3118 3112/3112/3112 3111/3111/3111
f 3118/3118/3118 3111/3111/3111 3116/3116/3116
f 3119/3119/3119 3112/3112/3112 3118/3118/3118
f 3120/3120/3120 3113/3113/3113 3114/3114/3114
f 3120/3120/3120 3114/3114/3114 3121/3121/3121
f 3122/3122/3122 3120/3120/3120 3121/3121/3121
f 3123/3123/3123 3115/3115/3115 3113/3113/3113
f 3123/3123/3123 3113/3113/3113 3120/3120/3120
f 3124/3124/3124 3120/3120/3120 3122/3122/3122
f 3124/3124/3124 3123/3123/3123 3120/3120/3120
f 3125/3125/3125 3124/3124/3124 3122/3122/3122
f 3126/3126/3126 3123/3123/3123 3124/3124/3124
f 3127/3127/3127 3124/3124/3124 3125/3125/3125
f 3127/3127/3127 3126/3126/3126 3124/3124/3124
f 3128/3128/3128 3127/3127/3127 3125/3125/3125
f 3129/3129/3129 3126/3126/3126 3127/3127/3127
f 3130/3130/3130 3127/3127/3127 3128/3128/3128
f 3130/3130/3130 3129/3129/3129 3127/3127/3127
f 3131/3131/3131 3130/3130/3130 3128/3128/3128
f 3132/3132/3132 3130/3130/3130 3131/3131/3131
f 3133/3133/3133 3132/3132/3132 3131/3131/3131
f 3134/3134/3134 3129/3129/3129 3130/3130/3130
f 3132/3132/3132 3134/3134/3134 3130/3130/3130
f 3135/3135/3135 3132/3132/3132 3133/3133/3133
f 3136/3136/3136 3135/3135/3135 3133/3133/3133
f 3137/3137/3137 3134/3134/3134 3132/3132/3132
f 3135/3135/3135 3137/3137/3137 3132/3132/3132
f 3138/3138/3138 3135/3135/3135 3136/3136/3136
f 3139/3139/3139 3138/3138/3138 3136/3136/3136
f 3140/3140/3140 3137/3137/3137 3135/3135/3135
f 3138/3138/3138 3140/3140/3140 3135/3135/3135
f 3141/3141/3141 3138/3138/3138 3139/3139/3139
f 3142/3142/3142 3141/3141/3141 3139/3139/3139
f 3143/3143/3143 3140/3140/3140 3138/3138/3138
f 3141/3141/3141 3143/3143/3143 3138/3138/3138
f 3144/3144/3144 3143/3143/3143 3141/3141/3141
f 3145/3145/3145 3141/3141/3141 3142/3142/3142
f 3145/3145/3145 3144/3144/3144 3141/3141/3141
f 3146/3146/3146 3145/3145/3145 3142/3142/3142
f 3147/3147/3147 3144/3144/3144 3145/3145/3145
f 3148/3148/3148 3145/3145/3145 3146/3146/3146
f 3148/3148/3148 3147/3147/3147 3145/3145/3145
f 3149/3149/3149 3148/3148/3148 3146/3146/3146
f 3150/3150/3150 3147/3147/3147 3148/3148/3148
f 3151/3151/3151 3148/3148/3148 3149/3149/3149
f 3151/3151/3151 3150/3150/3150 3148/3148/3148
f 3152/3152/3152 3151/3151/3151 3149/3149/3149
f 3153/3153/3153 3150/3150/3150 3151/3151/3151
f 3154/3154/3154 3151/3151/3151 3152/3152/3152
f 3154/3154/3154 3153/3153/3153 3151/3151/3151
f 3155/3155/3155 3154/3154/3154 3152/3152/3152
f 3156/3156/3156 3153/3153/3153 3154/3154/3154
f 3157/3157/3157 3154/3154/3154 3155/3155/3155
f 3157/3157/3157 3156/3156/3156 3154/3154/3154
f 3158/3158/3158 3157/3157/3157 3155/3155/3155
f 3159/3159/3159 3156/3156/3156 3157/3157/3157
f 3160/3160/3160 3157/3157/3157 3158/3158/3158
f 3160/3160/3160 3159/3159/3159 3157/3157/3157
f 3161/3161/3161 3160/3160/3160 3158/3158/3158
f 3162/3162/3162 3159/3159/3159 3160/3160/3160
f 3163/3163/3163 3160/3160/3160 3161/3161/3161
f 3163/3163/3163 3162/3162/3162 3160/3160/3160
f 3164/3164/3164 3163/3163/3163 3161/3161/3161
f 3165/3165/3165 3162/3162/3162 3163/3163/3163
f 3166/3166/3166 3163/3163/3163 3164/3164/3164
f 3166/3166/3166 3165/3165/3165 3163/3163/3163
f 3167/3167/3167 3166/3166/3166 3164/3164/3164
f 3168/3168/3168 3165/3165/3165 3166/3166/3166
f 3169/3169/3169 3166/3166/3166 3167/3167/3167
f 3169/3169/3169 3168/3168/3168 3166/3166/3166
f 3170/3170/3170 3169/3169/3169 3167/3167/3167
f 3171/3171/3171 3168/3168/3168 3169/3169/3169
f 3172/3172/3172 3169/3169/3169 3170/3170/3170
f 3172/3172/3172 3171/3171/3171 3169/3169/3169
f 3173/3173/3173 3172/3172/3172 3170/3170/3170
f 3174/3174/3174 3171/3171/3171 3172/3172/3172
f 3175/3175/3175 3172/3172/3172 3173/3173/3173
f 3175/3175/3175 3174/3174/3174 3172/3172/3172
f 3176/3176/3176 3175/3175/3175 3173/3173/3173
f 3177/3177/3177 3174/3174/3174 3175/3175/3175
f 3178/3178/3178 3175/3175/3175 3176/3176/3176
f 3178/3178/3178 3177/3177/3177 3175/3175/3175
f 3179/3179/3179 3178/3178/3178 3176/3176/3176
f 3180/3180/3180 3177/3177/3177 3178/3178/3178
f 3181/3181/3181 3178/3178/3178 3179/3179/3179
f 3181/3181/3181 3180/3180/3180 3178/3178/3178
f 3182/3182/3182 3181/3181/3181 3179/3179/3179
f 3183/3183/3183 3180/3180/3180 3181/3181/3181
f 3184/3184/3184 3181/3181/3181 3182/3182/3182
f 3184/3184/3184 3183/3183/3183 3181/3181/3181
f 3185/3185/3185 3184/3184/3184 3182/3182/3182
f 3186/3186/3186 3184/3184/3184 3185/3185/3185
f 3187/3187/3187 3186/3186/3186 3185/3185/3185
f 3188/3188/3188 3183/3183/3183 3184/3184/3184
f 3186/3186/3186 3188/3188/3188 3184/3184/3184
f 3189/3189/3189 3186/3186/3186 3187/3187/3187
f 3190/3190/3190 3189/3189/3189 3187/3187/3187
f 3188/3188/3188 3191/3191/3191 3183/3183/3183
f 3191/3191/3191 3192/3192/3192 3183/3183/3183
f 3193/3193/3193 3188/3188/3188 3186/3186/3186
f 3189/3189/3189 3193/3193/3193 3186/3186/3186
f 3194/3194/3194 3189/3189/3189 3190/3190/3190
f 3195/3195/3195 3194/3194/3194 3190/3190/3190
f 3196/3196/3196 3193/3193/3193 3189/3189/3189
f 3194/3194/3194 3196/3196/3196 3189/3189/3189
f 3197/3197/3197 3196/3196/3196 3194/3194/3194
f 3198/3198/3198 3194/3194/3194 3195/3195/3195
f 3198/3198/3198 3197/3197/3197 3194/3194/3194
f 3199/3199/3199 3198/3198/3198 3195/3195/3195
f 3200/3200/3200 3197/3197/3197 3198/3198/3198
f 3201/3201/3201 3198/3198/3198 3199/3199/3199
f 3201/3201/3201 3200/3200/3200 3198/3198/3198
f 3202/3202/3202 3201/3201/3201 3199/3199/3199
f 3203/3203/3203 3200/3200/3200 3201/3201/3201
f 3204/3204/3204 3201/3201/3201 3202/3202/3202
f 3204/3204/3204 3203/3203/3203 3201/3201/3201
f 3205/3205/3205 3204/3204/3204 3202/3202/3202
f 3206/3206/3206 3204/3204/3204 3205/3205/3205
f 3207/3207/3207 3206/3206/3206 3205/3205/3205
f 3208/3208/3208 3203/3203/3203 3204/3204/3204
f 3206/3206/3206 3208/3208/3208 3204/3204/3204
f 3209/3209/3209 3206/3206/3206 3207/3207/3207
f 3210/3210/3210 3209/3209/3209 3207/3207/3207
f 3211/3211/3211 3208/3208/3208 3206/3206/3206
f 3209/3209/3209 3211/3211/3211 3206/3206/3206
f 3212/3212/3212 3211/3211/3211 3209/3209/3209
f 3211/3211/3211 3213/3213/3213 3208/3208/3208
f 3214/3214/3214 3209/3209/3209 3210/3210/3210
f 3214/3214/3214 3212/3212/3212 3209/3209/3209
f 3215/3215/3215 3214/3214/3214 3210/3210/3210
f 3216/3216/3216 3212/3212/3212 3214/3214/3214
f 3217/3217/3217 3214/3214/3214 3215/3215/3215
f 3217/3217/3217 3216/3216/3216 3214/3214/3214
f 3218/3218/3218 3217/3217/3217 3215/3215/3215
f 3208/3208/3208 3219/3219/3219 3203/3203/3203
f 3213/3213/3213 3219/3219/3219 3208/3208/3208
f 3220/3220/3220 3217/3217/3217 3218/3218/3218
f 3221/3221/3221 3220/3220/3220 3218/3218/3218
f 3222/3222/3222 3216/3216/3216 3217/3217/3217
f 3220/3220/3220 3222/3222/3222 3217/3217/3217
f 3223/3223/3223 3220/3220/3220 3221/3221/3221
f 3224/3224/3224 3223/3223/3223 3221/3221/3221
f 3223/3223/3223 3225/3225/3225 3220/3220/3220
f 3225/3225/3225 3222/3222/3222 3220/3220/3220
f 3225/3225/3225 3226/3226/3226 3222/3222/3222
f 3222/3222/3222 3227/3227/3227 3216/3216/3216
f 3226/3226/3226 3227/3227/3227 3222/3222/3222
f 3226/3226/3226 3228/3228/3228 3227/3227/3227
f 3227/3227/3227 3229/3229/3229 3216/3216/3216
f 3228/3228/3228 3230/3230/3230 3227/3227/3227
f 3227/3227/3227 3230/3230/3230 3229/3229/3229
f 3228/3228/3228 3231/3231/3231 3230/3230/3230
f 3231/3231/3231 3232/3232/3232 3230/3230/3230
f 3231/3231/3231 3233/3233/3233 3232/3232/3232
f 3233/3233/3233 3234/3234/3234 3232/3232/3232
f 3230/3230/3230 3232/3232/3232 3235/3235/3235
f 3230/3230/3230 3235/3235/3235 3229/3229/3229
f 3232/3232/3232 3234/3234/3234 3236/3236/3236
f 3232/3232/3232 3236/3236/3236 3235/3235/3235
f 3234/3234/3234 3237/3237/3237 3236/3236/3236
f 3235/3235/3235 3236/3236/3236 3238/3238/3238
f 3236/3236/3236 3237/3237/3237 3239/3239/3239
f 3236/3236/3236 3239/3239/3239 3238/3238/3238
f 3237/3237/3237 3240/3240/3240 3239/3239/3239
f 3238/3238/3238 3239/3239/3239 3241/3241/3241
f 3239/3239/3239 3240/3240/3240 3242/3242/3242
f 3239/3239/3239 3242/3242/3242 3241/3241/3241
f 3240/3240/3240 3243/3243/3243 3242/3242/3242
f 3242/3242/3242 3243/3243/3243 3244/3244/3244
f 3243/3243/3243 3245/3245/3245 3244/3244/3244
f 3241/3241/3241 3242/3242/3242 3246/3246/3246
f 3242/3242/3242 3244/3244/3244 3246/3246/3246
f 3244/3244/3244 3245/3245/3245 3247/3247/3247
f 3245/3245/3245 3248/3248/3248 3247/3247/3247
f 3244/3244/3244 3247/3247/3247 3249/3249/3249
f 3246/3246/3246 3244/3244/3244 3249/3249/3249
f 3241/3241/3241 3246/3246/3246 3219/3219/3219
f 3213/3213/3213 3241/3241/3241 3219/3219/3219
f 3219/3219/3219 3246/3246/3246 3250/3250/3250
f 3246/3246/3246 3249/3249/3249 3250/3250/3250
f 3219/3219/3219 3250/3250/3250 3203/3203/3203
f 3203/3203/3203 3250/3250/3250 3251/3251/3251
f 3250/3250/3250 3249/3249/3249 3252/3252/3252
f 3250/3250/3250 3252/3252/3252 3251/3251/3251
f 3249/3249/3249 3253/3253/3253 3252/3252/3252
f 3251/3251/3251 3252/3252/3252 3254/3254/3254
f 3252/3252/3252 3253/3253/3253 3255/3255/3255
f 3252/3252/3252 3255/3255/3255 3254/3254/3254
f 3253/3253/3253 3256/3256/3256 3255/3255/3255
f 3254/3254/3254 3255/3255/3255 3257/3257/3257
f 3255/3255/3255 3256/3256/3256 3258/3258/3258
f 3255/3255/3255 3258/3258/3258 3257/3257/3257
f 3256/3256/3256 3259/3259/3259 3258/3258/3258
f 3257/3257/3257 3258/3258/3258 3193/3193/3193
f 3258/3258/3258 3259/3259/3259 3260/3260/3260
f 3258/3258/3258 3260/3260/3260 3193/3193/3193
f 3193/3193/3193 3260/3260/3260 3188/3188/3188
f 3259/3259/3259 3261/3261/3261 3260/3260/3260
f 3260/3260/3260 3191/3191/3191 3188/3188/3188
f 3260/3260/3260 3261/3261/3261 3191/3191/3191
f 3261/3261/3261 3262/3262/3262 3191/3191/3191
f 3261/3261/3261 3263/3263/3263 3262/3262/3262
f 3191/3191/3191 3262/3262/3262 3192/3192/3192
f 3263/3263/3263 3264/3264/3264 3262/3262/3262
f 3263/3263/3263 3265/3265/3265 3264/3264/3264
f 3265/3265/3265 3266/3266/3266 3264/3264/3264
f 3262/3262/3262 3264/3264/3264 3267/3267/3267
f 3262/3262/3262 3267/3267/3267 3192/3192/3192
f 3264/3264/3264 3266/3266/3266 3268/3268/3268
f 3264/3264/3264 3268/3268/3268 3267/3267/3267
f 3266/3266/3266 3269/3269/3269 3268/3268/3268
f 3267/3267/3267 3268/3268/3268 3270/3270/3270
f 3268/3268/3268 3269/3269/3269 3271/3271/3271
f 3268/3268/3268 3271/3271/3271 3270/3270/3270
f 3269/3269/3269 3272/3272/3272 3271/3271/3271
f 3270/3270/3270 3271/3271/3271 3273/3273/3273
f 3271/3271/3271 3272/3272/3272 3274/3274/3274
f 3271/3271/3271 3274/3274/3274 3273/3273/3273
f 3272/3272/3272 3275/3275/3275 3274/3274/3274
f 3273/3273/3273 3274/3274/3274 3276/3276/3276
f 3274/3274/3274 3275/3275/3275 3277/3277/3277
f 3274/3274/3274 3277/3277/3277 3276/3276/3276
f 3275/3275/3275 3278/3278/3278 3277/3277/3277
f 3276/3276/3276 3277/3277/3277 3279/3279/3279
f 3277/3277/3277 3278/3278/3278 3280/3280/3280
f 3277/3277/3277 3280/3280/3280 3279/3279/3279
f 3278/3278/3278 3281/3281/3281 3280/3280/3280
f 3279/3279/3279 3280/3280/3280 3282/3282/3282
f 3280/3280/3280 3281/3281/3281 3283/3283/3283
f 3280/3280/3280 3283/3283/3283 3282/3282/3282
f 3281/3281/3281 3284/3284/3284 3283/3283/3283
f 3282/3282/3282 3283/3283/3283 3285/3285/3285
f 3283/3283/3283 3284/3284/3284 3286/3286/3286
f 3283/3283/3283 3286/3286/3286 3285/3285/3285
f 3284/3284/3284 3287/3287/3287 3286/3286/3286
f 3286/3286/3286 3287/3287/3287 3288/3288/3288
f 3287/3287/3287 3289/3289/3289 3288/3288/3288
f 3285/3285/3285 3286/3286/3286 3290/3290/3290
f 3286/3286/3286 3288/3288/3288 3290/3290/3290
f 3290/3290/3290 3288/3288/3288 3291/3291/3291
f 3288/3288/3288 3289/3289/3289 3292/3292/3292
f 3288/3288/3288 3292/3292/3292 3291/3291/3291
f 3289/3289/3289 3293/3293/3293 3292/3292/3292
f 3291/3291/3291 3292/3292/3292 3294/3294/3294
f 3292/3292/3292 3293/3293/3293 3295/3295/3295
f 3292/3292/3292 3295/3295/3295 3294/3294/3294
f 3293/3293/3293 3296/3296/3296 3295/3295/3295
f 3294/3294/3294 3295/3295/3295 3297/3297/3297
f 3295/3295/3295 3296/3296/3296 3298/3298/3298
f 3295/3295/3295 3298/3298/3298 3297/3297/3297
f 3296/3296/3296 3299/3299/3299 3298/3298/3298
f 3297/3297/3297 3298/3298/3298 3300/3300/3300
f 3298/3298/3298 3299/3299/3299 3301/3301/3301
f 3298/3298/3298 3301/3301/3301 3300/3300/3300
f 3299/3299/3299 3302/3302/3302 3301/3301/3301
f 3300/3300/3300 3301/3301/3301 3303/3303/3303
f 3301/3301/3301 3302/3302/3302 3304/3304/3304
f 3301/3301/3301 3304/3304/3304 3303/3303/3303
f 3302/3302/3302 3305/3305/3305 3304/3304/3304
f 3303/3303/3303 3304/3304/3304 3306/3306/3306
f 3304/3304/3304 3305/3305/3305 3307/3307/3307
f 3304/3304/3304 3307/3307/3307 3306/3306/3306
f 3305/3305/3305 3308/3308/3308 3307/3307/3307
f 3307/3307/3307 3308/3308/3308 3309/3309/3309
f 3308/3308/3308 3310/3310/3310 3309/3309/3309
f 3306/3306/3306 3307/3307/3307 3311/3311/3311
f 3307/3307/3307 3309/3309/3309 3311/3311/3311
f 3311/3311/3311 3309/3309/3309 3312/3312/3312
f 3309/3309/3309 3310/3310/3310 3313/3313/3313
f 3309/3309/3309 3313/3313/3313 3312/3312/3312
f 3310/3310/3310 3314/3314/3314 3313/3313/3313
f 3312/3312/3312 3313/3313/3313 3315/3315/3315
f 3313/3313/3313 3314/3314/3314 3316/3316/3316
f 3313/3313/3313 3316/3316/3316 3315/3315/3315
f 3314/3314/3314 3317/3317/3317 3316/3316/3316
f 3315/3315/3315 3316/3316/3316 3318/3318/3318
f 3316/3316/3316 3317/3317/3317 3319/3319/3319
f 3316/3316/3316 3319/3319/3319 3318/3318/3318
f 3317/3317/3317 3119/3119/3119 3319/3319/3319
f 3318/3318/3318 3319/3319/3319 3320/3320/3320
f 3319/3319/3319 3119/3119/3119 3118/3118/3118
f 3319/3319/3319 3118/3118/3118 3320/3320/3320
f 3320/3320/3320 3118/3118/3118 3116/3116/3116
f 3321/3321/3321 3116/3116/3116 3115/3115/3115
f 3321/3321/3321 3115/3115/3115 3322/3322/3322
f 3323/3323/3323 3116/3116/3116 3321/3321/3321
f 3324/3324/3324 3321/3321/3321 3322/3322/3322
f 3325/3325/3325 3323/3323/3323 3321/3321/3321
f 3325/3325/3325 3321/3321/3321 3324/3324/3324
f 3326/3326/3326 3323/3323/3323 3325/3325/3325
f 3129/3129/3129 3325/3325/3325 3324/3324/3324
f 3327/3327/3327 3326/3326/3326 3325/3325/3325
f 3327/3327/3327 3325/3325/3325 3129/3129/3129
f 3328/3328/3328 3326/3326/3326 3327/3327/3327
f 3134/3134/3134 3327/3327/3327 3129/3129/3129
f 3329/3329/3329 3328/3328/3328 3327/3327/3327
f 3329/3329/3329 3327/3327/3327 3134/3134/3134
f 3330/3330/3330 3328/3328/3328 3329/3329/3329
f 3137/3137/3137 3329/3329/3329 3134/3134/3134
f 3331/3331/3331 3330/3330/3330 3329/3329/3329
f 3331/3331/3331 3329/3329/3329 3137/3137/3137
f 3332/3332/3332 3330/3330/3330 3331/3331/3331
f 3140/3140/3140 3331/3331/3331 3137/3137/3137
f 3333/3333/3333 3332/3332/3332 3331/3331/3331
f 3333/3333/3333 3331/3331/3331 3140/3140/3140
f 3306/3306/3306 3332/3332/3332 3333/3333/3333
f 3334/3334/3334 3333/3333/3333 3140/3140/3140
f 3335/3335/3335 3306/3306/3306 3333/3333/3333
f 3335/3335/3335 3333/3333/3333 3334/3334/3334
f 3336/3336/3336 3306/3306/3306 3335/3335/3335
f 3337/3337/3337 3335/3335/3335 3334/3334/3334
f 3338/3338/3338 3336/3336/3336 3335/3335/3335
f 3338/3338/3338 3335/3335/3335 3337/3337/3337
f 3339/3339/3339 3336/3336/3336 3338/3338/3338
f 3340/3340/3340 3338/3338/3338 3337/3337/3337
f 3341/3341/3341 3339/3339/3339 3338/3338/3338
f 3341/3341/3341 3338/3338/3338 3340/3340/3340
f 3342/3342/3342 3339/3339/3339 3341/3341/3341
f 3343/3343/3343 3341/3341/3341 3340/3340/3340
f 3344/3344/3344 3342/3342/3342 3341/3341/3341
f 3344/3344/3344 3341/3341/3341 3343/3343/3343
f 3345/3345/3345 3342/3342/3342 3344/3344/3344
f 3346/3346/3346 3344/3344/3344 3343/3343/3343
f 3347/3347/3347 3345/3345/3345 3344/3344/3344
f 3347/3347/3347 3344/3344/3344 3346/3346/3346
f 3348/3348/3348 3345/3345/3345 3347/3347/3347
f 3349/3349/3349 3347/3347/3347 3346/3346/3346
f 3350/3350/3350 3348/3348/3348 3347/3347/3347
f 3350/3350/3350 3347/3347/3347 3349/3349/3349
f 3351/3351/3351 3348/3348/3348 3350/3350/3350
f 3352/3352/3352 3350/3350/3350 3349/3349/3349
f 3353/3353/3353 3351/3351/3351 3350/3350/3350
f 3353/3353/3353 3350/3350/3350 3352/3352/3352
f 3285/3285/3285 3351/3351/3351 3353/3353/3353
f 3354/3354/3354 3353/3353/3353 3352/3352/3352
f 3355/3355/3355 3285/3285/3285 3353/3353/3353
f 3355/3355/3355 3353/3353/3353 3354/3354/3354
f 3356/3356/3356 3285/3285/3285 3355/3355/3355
f 3357/3357/3357 3355/3355/3355 3354/3354/3354
f 3358/3358/3358 3356/3356/3356 3355/3355/3355
f 3358/3358/3358 3355/3355/3355 3357/3357/3357
f 3359/3359/3359 3356/3356/3356 3358/3358/3358
f 3360/3360/3360 3358/3358/3358 3357/3357/3357
f 3361/3361/3361 3359/3359/3359 3358/3358/3358
f 3361/3361/3361 3358/3358/3358 3360/3360/3360
f 3362/3362/3362 3359/3359/3359 3361/3361/3361
f 3363/3363/3363 3361/3361/3361 3360/3360/3360
f 3364/3364/3364 3362/3362/3362 3361/3361/3361
f 3364/3364/3364 3361/3361/3361 3363/3363/3363
f 3365/3365/3365 3362/3362/3362 3364/3364/3364
f 3366/3366/3366 3364/3364/3364 3363/3363/3363
f 3367/3367/3367 3365/3365/3365 3364/3364/3364
f 3367/3367/3367 3364/3364/3364 3366/3366/3366
f 3368/3368/3368 3365/3365/3365 3367/3367/3367
f 3369/3369/3369 3367/3367/3367 3366/3366/3366
f 3370/3370/3370 3368/3368/3368 3367/3367/3367
f 3370/3370/3370 3367/3367/3367 3369/3369/3369
f 3371/3371/3371 3368/3368/3368 3370/3370/3370
f 3372/3372/3372 3370/3370/3370 3369/3369/3369
f 3192/3192/3192 3371/3371/3371 3370/3370/3370
f 3192/3192/3192 3370/3370/3370 3372/3372/3372
f 3373/3373/3373 3192/3192/3192 3372/3372/3372
f 3376/3376/3376 3375/3375/3375 3374/3374/3374
f 3377/3377/3377 3376/3376/3376 3374/3374/3374
f 3377/3377/3377 3374/3374/3374 3378/3378/3378
f 3379/3379/3379 3377/3377/3377 3378/3378/3378
f 3379/3379/3379 3378/3378/3378 3380/3380/3380
f 3381/3381/3381 3379/3379/3379 3380/3380/3380
f 3381/3381/3381 3380/3380/3380 3382/3382/3382
f 3383/3383/3383 3381/3381/3381 3382/3382/3382
f 3382/3382/3382 3384/3384/3384 3383/3383/3383
f 3384/3384/3384 3385/3385/3385 3383/3383/3383
f 3384/3384/3384 3386/3386/3386 3385/3385/3385
f 3386/3386/3386 3387/3387/3387 3385/3385/3385
f 3388/3388/3388 3377/3377/3377 3379/3379/3379
f 3389/3389/3389 3388/3388/3388 3379/3379/3379
f 3389/3389/3389 3379/3379/3379 3381/3381/3381
f 3388/3388/3388 3390/3390/3390 3377/3377/3377
f 3390/3390/3390 3376/3376/3376 3377/3377/3377
f 3391/3391/3391 3389/3389/3389 3381/3381/3381
f 3391/3391/3391 3381/3381/3381 3383/3383/3383
f 3392/3392/3392 3391/3391/3391 3383/3383/3383
f 3383/3383/3383 3385/3385/3385 3392/3392/3392
f 3385/3385/3385 3393/3393/3393 3392/3392/3392
f 3385/3385/3385 3387/3387/3387 3393/3393/3393
f 3387/3387/3387 3394/3394/3394 3393/3393/3393
f 3376/3376/3376 3390/3390/3390 3395/3395/3395
f 3396/3396/3396 3376/3376/3376 3395/3395/3395
f 3397/3397/3397 3376/3376/3376 3396/3396/3396
f 3396/3396/3396 3395/3395/3395 3398/3398/3398
f 3399/3399/3399 3397/3397/3397 3396/3396/3396
f 3400/3400/3400 3396/3396/3396 3398/3398/3398
f 3399/3399/3399 3396/3396/3396 3400/3400/3400
f 3400/3400/3400 3398/3398/3398 3401/3401/3401
f 3402/3402/3402 3399/3399/3399 3400/3400/3400
f 3403/3403/3403 3400/3400/3400 3401/3401/3401
f 3402/3402/3402 3400/3400/3400 3403/3403/3403
f 3403/3403/3403 3401/3401/3401 3404/3404/3404
f 3405/3405/3405 3402/3402/3402 3403/3403/3403
f 3406/3406/3406 3403/3403/3403 3404/3404/3404
f 3405/3405/3405 3403/3403/3403 3406/3406/3406
f 3404/3404/3404 3407/3407/3407 3406/3406/3406
f 3408/3408/3408 3405/3405/3405 3406/3406/3406
f 3407/3407/3407 3409/3409/3409 3406/3406/3406
f 3406/3406/3406 3409/3409/3409 3408/3408/3408
f 3407/3407/3407 3410/3410/3410 3409/3409/3409
f 3409/3409/3409 3411/3411/3411 3408/3408/3408
f 3410/3410/3410 3412/3412/3412 3409/3409/3409
f 3409/3409/3409 3412/3412/3412 3411/3411/3411
f 3410/3410/3410 3413/3413/3413 3412/3412/3412
f 3412/3412/3412 3414/3414/3414 3411/3411/3411
f 3413/3413/3413 3415/3415/3415 3412/3412/3412
f 3412/3412/3412 3415/3415/3415 3414/3414/3414
f 3413/3413/3413 3416/3416/3416 3415/3415/3415
f 3415/3415/3415 3417/3417/3417 3414/3414/3414
f 3416/3416/3416 3418/3418/3418 3415/3415/3415
f 3415/3415/3415 3418/3418/3418 3417/3417/3417
f 3416/3416/3416 3419/3419/3419 3418/3418/3418
f 3418/3418/3418 3420/3420/3420 3417/3417/3417
f 3419/3419/3419 3421/3421/3421 3418/3418/3418
f 3418/3418/3418 3421/3421/3421 3420/3420/3420
f 3419/3419/3419 3422/3422/3422 3421/3421/3421
f 3421/3421/3421 3423/3423/3423 3420/3420/3420
f 3422/3422/3422 3424/3424/3424 3421/3421/3421
f 3421/3421/3421 3424/3424/3424 3423/3423/3423
f 3424/3424/3424 3422/3422/3422 3425/3425/3425
f 3424/3424/3424 3426/3426/3426 3423/3423/3423
f 3427/3427/3427 3424/3424/3424 3425/3425/3425
f 3426/3426/3426 3424/3424/3424 3427/3427/3427
f 3427/3427/3427 3425/3425/3425 3428/3428/3428
f 3429/3429/3429 3426/3426/3426 3427/3427/3427
f 3430/3430/3430 3427/3427/3427 3428/3428/3428
f 3429/3429/3429 3427/3427/3427 3430/3430/3430
f 3428/3428/3428 3431/3431/3431 3430/3430/3430
f 3432/3432/3432 3429/3429/3429 3430/3430/3430
f 3431/3431/3431 3433/3433/3433 3430/3430/3430
f 3430/3430/3430 3433/3433/3433 3432/3432/3432
f 3431/3431/3431 3434/3434/3434 3433/3433/3433
f 3433/3433/3433 3435/3435/3435 3432/3432/3432
f 3434/3434/3434 3436/3436/3436 3433/3433/3433
f 3433/3433/3433 3436/3436/3436 3435/3435/3435
f 3436/3436/3436 3437/3437/3437 3435/3435/3435
f 3440/3440/3440 3439/3439/3439 3438/3438/3438
f 3439/3439/3439 3441/3441/3441 3438/3438/3438
f 3439/3439/3439 3442/3442/3442 3441/3441/3441
f 3442/3442/3442 3443/3443/3443 3441/3441/3441
f 3441/3441/3441 3443/3443/3443 3444/3444/3444
f 3443/3443/3443 3445/3445/3445 3444/3444/3444
f 3441/3441/3441 3444/3444/3444 3446/3446/3446
f 3438/3438/3438 3441/3441/3441 3446/3446/3446
f 3448/3448/3448 3447/3447/3447 3438/3438/3438
f 3447/3447/3447 3449/3449/3449 3438/3438/3438
f 3438/3438/3438 3449/3449/3449 3450/3450/3450
f 3447/3447/3447 3451/3451/3451 3449/3449/3449
f 3449/3449/3449 3452/3452/3452 3450/3450/3450
f 3451/3451/3451 3387/3387/3387 3449/3449/3449
f 3449/3449/3449 3387/3387/3387 3452/3452/3452
f 3387/3387/3387 3453/3453/3453 3452/3452/3452
f 3456/3456/3456 3455/3455/3455 3454/3454/3454
f 3455/3455/3455 3457/3457/3457 3454/3454/3454
f 3454/3454/3454 3457/3457/3457 3458/3458/3458
f 3455/3455/3455 3459/3459/3459 3457/3457/3457
f 3457/3457/3457 3460/3460/3460 3458/3458/3458
f 3458/3458/3458 3460/3460/3460 3461/3461/3461
f 3459/3459/3459 3462/3462/3462 3457/3457/3457
f 3457/3457/3457 3462/3462/3462 3460/3460/3460
f 3459/3459/3459 3463/3463/3463 3462/3462/3462
f 3460/3460/3460 3464/3464/3464 3461/3461/3461
f 3461/3461/3461 3464/3464/3464 3465/3465/3465
f 3463/3463/3463 3466/3466/3466 3462/3462/3462
f 3463/3463/3463 3467/3467/3467 3466/3466/3466
f 3462/3462/3462 3468/3468/3468 3460/3460/3460
f 3460/3460/3460 3468/3468/3468 3464/3464/3464
f 3462/3462/3462 3466/3466/3466 3468/3468/3468
f 3464/3464/3464 3469/3469/3469 3465/3465/3465
f 3465/3465/3465 3469/3469/3469 3470/3470/3470
f 3467/3467/3467 3471/3471/3471 3466/3466/3466
f 3471/3471/3471 3467/3467/3467 3472/3472/3472
f 3466/3466/3466 3473/3473/3473 3468/3468/3468
f 3466/3466/3466 3471/3471/3471 3473/3473/3473
f 3468/3468/3468 3474/3474/3474 3464/3464/3464
f 3464/3464/3464 3474/3474/3474 3469/3469/3469
f 3468/3468/3468 3473/3473/3473 3474/3474/3474
f 3469/3469/3469 3475/3475/3475 3470/3470/3470
f 3470/3470/3470 3475/3475/3475 3476/3476/3476
f 3477/3477/3477 3471/3471/3471 3472/3472/3472
f 3477/3477/3477 3472/3472/3472 3478/3478/3478
f 3479/3479/3479 3477/3477/3477 3478/3478/3478
f 3474/3474/3474 3480/3480/3480 3469/3469/3469
f 3469/3469/3469 3480/3480/3480 3475/3475/3475
f 3471/3471/3471 3481/3481/3481 3473/3473/3473
f 3481/3481/3481 3471/3471/3471 3477/3477/3477
f 3482/3482/3482 3477/3477/3477 3479/3479/3479
f 3482/3482/3482 3481/3481/3481 3477/3477/3477
f 3483/3483/3483 3482/3482/3482 3479/3479/3479
f 3473/3473/3473 3484/3484/3484 3474/3474/3474
f 3473/3473/3473 3481/3481/3481 3484/3484/3484
f 3474/3474/3474 3484/3484/3484 3480/3480/3480
f 3475/3475/3475 3485/3485/3485 3476/3476/3476
f 3476/3476/3476 3485/3485/3485 3486/3486/3486
f 3487/3487/3487 3482/3482/3482 3483/3483/3483
f 3488/3488/3488 3487/3487/3487 3483/3483/3483
f 3489/3489/3489 3481/3481/3481 3482/3482/3482
f 3481/3481/3481 3489/3489/3489 3484/3484/3484
f 3487/3487/3487 3489/3489/3489 3482/3482/3482
f 3480/3480/3480 3490/3490/3490 3475/3475/3475
f 3475/3475/3475 3490/3490/3490 3485/3485/3485
f 3484/3484/3484 3491/3491/3491 3480/3480/3480
f 3484/3484/3484 3489/3489/3489 3491/3491/3491
f 3480/3480/3480 3491/3491/3491 3490/3490/3490
f 3485/3485/3485 3492/3492/3492 3486/3486/3486
f 3486/3486/3486 3492/3492/3492 3493/3493/3493
f 3494/3494/3494 3487/3487/3487 3488/3488/3488
f 3495/3495/3495 3494/3494/3494 3488/3488/3488
f 3496/3496/3496 3489/3489/3489 3487/3487/3487
f 3489/3489/3489 3496/3496/3496 3491/3491/3491
f 3494/3494/3494 3496/3496/3496 3487/3487/3487
f 3491/3491/3491 3497/3497/3497 3490/3490/3490
f 3491/3491/3491 3496/3496/3496 3497/3497/3497
f 3490/3490/3490 3498/3498/3498 3485/3485/3485
f 3485/3485/3485 3498/3498/3498 3492/3492/3492
f 3490/3490/3490 3497/3497/3497 3498/3498/3498
f 3492/3492/3492 3499/3499/3499 3493/3493/3493
f 3493/3493/3493 3499/3499/3499 3500/3500/3500
f 3501/3501/3501 3494/3494/3494 3495/3495/3495
f 3502/3502/3502 3501/3501/3501 3495/3495/3495
f 3503/3503/3503 3496/3496/3496 3494/3494/3494
f 3496/3496/3496 3503/3503/3503 3497/3497/3497
f 3501/3501/3501 3503/3503/3503 3494/3494/3494
f 3497/3497/3497 3504/3504/3504 3498/3498/3498
f 3497/3497/3497 3503/3503/3503 3504/3504/3504
f 3498/3498/3498 3505/3505/3505 3492/3492/3492
f 3492/3492/3492 3505/3505/3505 3499/3499/3499
f 3498/3498/3498 3504/3504/3504 3505/3505/3505
f 3499/3499/3499 3506/3506/3506 3500/3500/3500
f 3500/3500/3500 3506/3506/3506 3507/3507/3507
f 3508/3508/3508 3501/3501/3501 3502/3502/3502
f 3509/3509/3509 3508/3508/3508 3502/3502/3502
f 3510/3510/3510 3503/3503/3503 3501/3501/3501
f 3503/3503/3503 3510/3510/3510 3504/3504/3504
f 3508/3508/3508 3510/3510/3510 3501/3501/3501
f 3505/3505/3505 3511/3511/3511 3499/3499/3499
f 3499/3499/3499 3511/3511/3511 3506/3506/3506
f 3504/3504/3504 3512/3512/3512 3505/3505/3505
f 3504/3504/3504 3510/3510/3510 3512/3512/3512
f 3505/3505/3505 3512/3512/3512 3511/3511/3511
f 3506/3506/3506 3513/3513/3513 3507/3507/3507
f 3507/3507/3507 3513/3513/3513 3514/3514/3514
f 3515/3515/3515 3508/3508/3508 3509/3509/3509
f 3516/3516/3516 3515/3515/3515 3509/3509/3509
f 3517/3517/3517 3510/3510/3510 3508/3508/3508
f 3510/3510/3510 3517/3517/3517 3512/3512/3512
f 3515/3515/3515 3517/3517/3517 3508/3508/3508
f 3511/3511/3511 3518/3518/3518 3506/3506/3506
f 3506/3506/3506 3518/3518/3518 3513/3513/3513
f 3512/3512/3512 3519/3519/3519 3511/3511/3511
f 3512/3512/3512 3517/3517/3517 3519/3519/3519
f 3511/3511/3511 3519/3519/3519 3518/3518/3518
f 3513/3513/3513 3520/3520/3520 3514/3514/3514
f 3514/3514/3514 3520/3520/3520 3521/3521/3521
f 3522/3522/3522 3515/3515/3515 3516/3516/3516
f 3523/3523/3523 3522/3522/3522 3516/3516/3516
f 3524/3524/3524 3517/3517/3517 3515/3515/3515
f 3517/3517/3517 3524/3524/3524 3519/3519/3519
f 3522/3522/3522 3524/3524/3524 3515/3515/3515
f 3518/3518/3518 3525/3525/3525 3513/3513/3513
f 3513/3513/3513 3525/3525/3525 3520/3520/3520
f 3519/3519/3519 3526/3526/3526 3518/3518/3518
f 3519/3519/3519 3524/3524/3524 3526/3526/3526
f 3518/3518/3518 3526/3526/3526 3525/3525/3525
f 3520/3520/3520 3527/3527/3527 3521/3521/3521
f 3521/3521/3521 3527/3527/3527 3528/3528/3528
f 3529/3529/3529 3522/3522/3522 3523/3523/3523
f 3530/3530/3530 3529/3529/3529 3523/3523/3523
f 3531/3531/3531 3524/3524/3524 3522/3522/3522
f 3524/3524/3524 3531/3531/3531 3526/3526/3526
f 3529/3529/3529 3531/3531/3531 3522/3522/3522
f 3526/3526/3526 3532/3532/3532 3525/3525/3525
f 3526/3526/3526 3531/3531/3531 3532/3532/3532
f 3525/3525/3525 3533/3533/3533 3520/3520/3520
f 3520/3520/3520 3533/3533/3533 3527/3527/3527
f 3525/3525/3525 3532/3532/3532 3533/3533/3533
f 3527/3527/3527 3534/3534/3534 3528/3528/3528
f 3528/3528/3528 3534/3534/3534 3535/3535/3535
f 3534/3534/3534 3536/3536/3536 3535/3535/3535
f 3537/3537/3537 3529/3529/3529 3530/3530/3530
f 3538/3538/3538 3537/3537/3537 3530/3530/3530
f 3539/3539/3539 3531/3531/3531 3529/3529/3529
f 3531/3531/3531 3539/3539/3539 3532/3532/3532
f 3537/3537/3537 3539/3539/3539 3529/3529/3529
f 3532/3532/3532 3540/3540/3540 3533/3533/3533
f 3532/3532/3532 3539/3539/3539 3540/3540/3540
f 3533/3533/3533 3541/3541/3541 3527/3527/3527
f 3527/3527/3527 3541/3541/3541 3534/3534/3534
f 3533/3533/3533 3540/3540/3540 3541/3541/3541
f 3534/3534/3534 3542/3542/3542 3536/3536/3536
f 3541/3541/3541 3542/3542/3542 3534/3534/3534
f 3542/3542/3542 3543/3543/3543 3536/3536/3536
f 3544/3544/3544 3537/3537/3537 3538/3538/3538
f 3545/3545/3545 3544/3544/3544 3538/3538/3538
f 3546/3546/3546 3539/3539/3539 3537/3537/3537
f 3539/3539/3539 3546/3546/3546 3540/3540/3540
f 3544/3544/3544 3546/3546/3546 3537/3537/3537
f 3540/3540/3540 3547/3547/3547 3541/3541/3541
f 3541/3541/3541 3547/3547/3547 3542/3542/3542
f 3540/3540/3540 3546/3546/3546 3547/3547/3547
f 3542/3542/3542 3548/3548/3548 3543/3543/3543
f 3547/3547/3547 3548/3548/3548 3542/3542/3542
f 3548/3548/3548 3549/3549/3549 3543/3543/3543
f 3546/3546/3546 3550/3550/3550 3547/3547/3547
f 3550/3550/3550 3546/3546/3546 3544/3544/3544
f 3547/3547/3547 3550/3550/3550 3548/3548/3548
f 3551/3551/3551 3544/3544/3544 3545/3545/3545
f 3551/3551/3551 3550/3550/3550 3544/3544/3544
f 3552/3552/3552 3551/3551/3551 3545/3545/3545
f 3548/3548/3548 3553/3553/3553 3549/3549/3549
f 3550/3550/3550 3553/3553/3553 3548/3548/3548
f 3550/3550/3550 3551/3551/3551 3553/3553/3553
f 3553/3553/3553 3554/3554/3554 3549/3549/3549
f 3551/3551/3551 3552/3552/3552 3555/3555/3555
f 3551/3551/3551 3555/3555/3555 3553/3553/3553
f 3553/3553/3553 3555/3555/3555 3554/3554/3554
f 3552/3552/3552 3556/3556/3556 3555/3555/3555
f 3555/3555/3555 3557/3557/3557 3554/3554/3554
f 3555/3555/3555 3556/3556/3556 3557/3557/3557
f 3556/3556/3556 3558/3558/3558 3557/3557/3557
f 3561/3561/3561 3560/3560/3560 3559/3559/3559
f 3560/3560/3560 3562/3562/3562 3559/3559/3559
f 3560/3560/3560 3563/3563/3563 3562/3562/3562
f 3563/3563/3563 3564/3564/3564 3562/3562/3562
f 3559/3559/3559 3562/3562/3562 3565/3565/3565
f 3562/3562/3562 3564/3564/3564 3566/3566/3566
f 3562/3562/3562 3566/3566/3566 3565/3565/3565
f 3564/3564/3564 3567/3567/3567 3566/3566/3566
f 3566/3566/3566 3568/3568/3568 3565/3565/3565
f 3568/3568/3568 3569/3569/3569 3565/3565/3565
f 3570/3570/3570 3568/3568/3568 3566/3566/3566
f 3571/3571/3571 3570/3570/3570 3566/3566/3566
f 3570/3570/3570 3572/3572/3572 3568/3568/3568
f 3572/3572/3572 3573/3573/3573 3568/3568/3568
f 3568/3568/3568 3573/3573/3573 3569/3569/3569
f 3573/3573/3573 3574/3574/3574 3569/3569/3569
f 3577/3577/3577 3576/3576/3576 3575/3575/3575
f 3576/3576/3576 3578/3578/3578 3575/3575/3575
f 3576/3576/3576 3579/3579/3579 3578/3578/3578
f 3575/3575/3575 3578/3578/3578 3580/3580/3580
f 3579/3579/3579 3581/3581/3581 3578/3578/3578
f 3578/3578/3578 3582/3582/3582 3580/3580/3580
f 3578/3578/3578 3581/3581/3581 3582/3582/3582
f 3580/3580/3580 3582/3582/3582 3583/3583/3583
f 3581/3581/3581 3584/3584/3584 3582/3582/3582
f 3582/3582/3582 3585/3585/3585 3583/3583/3583
f 3582/3582/3582 3584/3584/3584 3585/3585/3585
f 3583/3583/3583 3585/3585/3585 3586/3586/3586
f 3584/3584/3584 3587/3587/3587 3585/3585/3585
f 3585/3585/3585 3588/3588/3588 3586/3586/3586
f 3585/3585/3585 3587/3587/3587 3588/3588/3588
f 3586/3586/3586 3588/3588/3588 3589/3589/3589
f 3587/3587/3587 3590/3590/3590 3588/3588/3588
f 3588/3588/3588 3591/3591/3591 3589/3589/3589
f 3588/3588/3588 3590/3590/3590 3591/3591/3591
f 3589/3589/3589 3591/3591/3591 3592/3592/3592
f 3590/3590/3590 3593/3593/3593 3591/3591/3591
f 3591/3591/3591 3594/3594/3594 3592/3592/3592
f 3591/3591/3591 3593/3593/3593 3594/3594/3594
f 3593/3593/3593 3595/3595/3595 3594/3594/3594
f 3598/3598/3598 3597/3597/3597 3596/3596/3596
f 3599/3599/3599 3598/3598/3598 3596/3596/3596
f 3599/3599/3599 3596/3596/3596 3600/3600/3600
f 3601/3601/3601 3598/3598/3598 3599/3599/3599
f 3602/3602/3602 3599/3599/3599 3600/3600/3600
f 3602/3602/3602 3600/3600/3600 3603/3603/3603
f 3604/3604/3604 3601/3601/3601 3599/3599/3599
f 3604/3604/3604 3599/3599/3599 3602/3602/3602
f 3605/3605/3605 3602/3602/3602 3603/3603/3603
f 3605/3605/3605 3603/3603/3603 3606/3606/3606
f 3604/3604/3604 3607/3607/3607 3601/3601/3601
f 3607/3607/3607 3608/3608/3608 3601/3601/3601
f 3609/3609/3609 3604/3604/3604 3602/3602/3602
f 3609/3609/3609 3602/3602/3602 3605/3605/3605
f 3609/3609/3609 3610/3610/3610 3604/3604/3604
f 3610/3610/3610 3607/3607/3607 3604/3604/3604
f 3610/3610/3610 3611/3611/3611 3607/3607/3607
f 3607/3607/3607 3612/3612/3612 3608/3608/3608
f 3611/3611/3611 3612/3612/3612 3607/3607/3607
f 3612/3612/3612 3613/3613/3613 3608/3608/3608
f 3614/3614/3614 3605/3605/3605 3606/3606/3606
f 3614/3614/3614 3606/3606/3606 3615/3615/3615
f 3616/3616/3616 3609/3609/3609 3605/3605/3605
f 3616/3616/3616 3605/3605/3605 3614/3614/3614
f 3617/3617/3617 3609/3609/3609 3616/3616/3616
f 3612/3612/3612 3618/3618/3618 3613/3613/3613
f 3618/3618/3618 3619/3619/3619 3613/3613/3613
f 3611/3611/3611 3620/3620/3620 3612/3612/3612
f 3620/3620/3620 3618/3618/3618 3612/3612/3612
f 3618/3618/3618 3621/3621/3621 3619/3619/3619
f 3621/3621/3621 3622/3622/3622 3619/3619/3619
f 3623/3623/3623 3621/3621/3621 3618/3618/3618
f 3620/3620/3620 3623/3623/3623 3618/3618/3618
f 3624/3624/3624 3614/3614/3614 3615/3615/3615
f 3624/3624/3624 3615/3615/3615 3625/3625/3625
f 2067/2067/2067 3624/3624/3624 3625/3625/3625
f 3626/3626/3626 3620/3620/3620 3611/3611/3611
f 3627/3627/3627 3626/3626/3626 3611/3611/3611
f 3628/3628/3628 3623/3623/3623 3620/3620/3620
f 3626/3626/3626 3628/3628/3628 3620/3620/3620
f 3629/3629/3629 3628/3628/3628 3626/3626/3626
f 3630/3630/3630 3614/3614/3614 3624/3624/3624
f 3630/3630/3630 3616/3616/3616 3614/3614/3614
f 3631/3631/3631 3624/3624/3624 2067/2067/2067
f 3631/3631/3631 3630/3630/3630 3624/3624/3624
f 3632/3632/3632 3631/3631/3631 2067/2067/2067
f 3633/3633/3633 3629/3629/3629 3626/3626/3626
f 3633/3633/3633 3626/3626/3626 3627/3627/3627
f 3634/3634/3634 3616/3616/3616 3630/3630/3630
f 3634/3634/3634 3617/3617/3617 3616/3616/3616
f 3635/3635/3635 3617/3617/3617 3634/3634/3634
f 3627/3627/3627 3635/3635/3635 3634/3634/3634
f 3636/3636/3636 3634/3634/3634 3630/3630/3630
f 3636/3636/3636 3630/3630/3630 3631/3631/3631
f 3627/3627/3627 3634/3634/3634 3636/3636/3636
f 3637/3637/3637 3631/3631/3631 3632/3632/3632
f 3637/3637/3637 3636/3636/3636 3631/3631/3631
f 3638/3638/3638 3637/3637/3637 3632/3632/3632
f 3639/3639/3639 3627/3627/3627 3636/3636/3636
f 3639/3639/3639 3636/3636/3636 3637/3637/3637
f 3639/3639/3639 3633/3633/3633 3627/3627/3627
f 3640/3640/3640 3637/3637/3637 3638/3638/3638
f 3640/3640/3640 3639/3639/3639 3637/3637/3637
f 3633/3633/3633 3639/3639/3639 3640/3640/3640
f 3641/3641/3641 3640/3640/3640 3638/3638/3638
f 3642/3642/3642 3633/3633/3633 3640/3640/3640
f 3642/3642/3642 3640/3640/3640 3641/3641/3641
f 3629/3629/3629 3633/3633/3633 3642/3642/3642
f 3643/3643/3643 3642/3642/3642 3641/3641/3641
f 3644/3644/3644 3629/3629/3629 3642/3642/3642
f 3644/3644/3644 3642/3642/3642 3643/3643/3643
f 3645/3645/3645 3644/3644/3644 3643/3643/3643
f 3645/3645/3645 3647/3647/3647 3646/3646/3646
f 3647/3647/3647 3648/3648/3648 3646/3646/3646
f 3647/3647/3647 3649/3649/3649 3648/3648/3648
f 3646/3646/3646 3648/3648/3648 3650/3650/3650
f 3649/3649/3649 3651/3651/3651 3648/3648/3648
f 3648/3648/3648 3652/3652/3652 3650/3650/3650
f 3648/3648/3648 3651/3651/3651 3652/3652/3652
f 3650/3650/3650 3652/3652/3652 3653/3653/3653
f 3651/3651/3651 3654/3654/3654 3652/3652/3652
f 3652/3652/3652 3655/3655/3655 3653/3653/3653
f 3652/3652/3652 3654/3654/3654 3655/3655/3655
f 3653/3653/3653 3655/3655/3655 3623/3623/3623
f 3654/3654/3654 3656/3656/3656 3655/3655/3655
f 3655/3655/3655 3657/3657/3657 3623/3623/3623
f 3655/3655/3655 3656/3656/3656 3657/3657/3657
f 3623/3623/3623 3657/3657/3657 3658/3658/3658
f 3656/3656/3656 3659/3659/3659 3657/3657/3657
f 3657/3657/3657 3660/3660/3660 3658/3658/3658
f 3657/3657/3657 3659/3659/3659 3660/3660/3660
f 3658/3658/3658 3660/3660/3660 3661/3661/3661
f 3659/3659/3659 3662/3662/3662 3660/3660/3660
f 3660/3660/3660 3663/3663/3663 3661/3661/3661
f 3660/3660/3660 3662/3662/3662 3663/3663/3663
f 3662/3662/3662 3664/3664/3664 3663/3663/3663
f 3665/3665/3665 3663/3663/3663 3664/3664/3664
f 3666/3666/3666 3665/3665/3665 3664/3664/3664
f 3665/3665/3665 3667/3667/3667 3663/3663/3663
f 3667/3667/3667 3668/3668/3668 3663/3663/3663
f 3669/3669/3669 3665/3665/3665 3666/3666/3666
f 3670/3670/3670 3669/3669/3669 3666/3666/3666
f 3667/3667/3667 3671/3671/3671 3668/3668/3668
f 3671/3671/3671 3672/3672/3672 3668/3668/3668
f 3673/3673/3673 3667/3667/3667 3665/3665/3665
f 3669/3669/3669 3673/3673/3673 3665/3665/3665
f 3673/3673/3673 3674/3674/3674 3667/3667/3667
f 3674/3674/3674 3671/3671/3671 3667/3667/3667
f 3671/3671/3671 3675/3675/3675 3672/3672/3672
f 3675/3675/3675 3676/3676/3676 3672/3672/3672
f 3669/3669/3669 3677/3677/3677 3673/3673/3673
f 3677/3677/3677 3674/3674/3674 3673/3673/3673
f 3674/3674/3674 3678/3678/3678 3671/3671/3671
f 3678/3678/3678 3675/3675/3675 3671/3671/3671
f 3675/3675/3675 3679/3679/3679 3676/3676/3676
f 3679/3679/3679 3680/3680/3680 3676/3676/3676
f 3681/3681/3681 3677/3677/3677 3669/3669/3669
f 3682/3682/3682 3681/3681/3681 3669/3669/3669
f 3681/3681/3681 3683/3683/3683 3677/3677/3677
f 3677/3677/3677 3684/3684/3684 3674/3674/3674
f 3683/3683/3683 3684/3684/3684 3677/3677/3677
f 3684/3684/3684 3678/3678/3678 3674/3674/3674
f 3683/3683/3683 3685/3685/3685 3684/3684/3684
f 3685/3685/3685 3686/3686/3686 3684/3684/3684
f 3684/3684/3684 3686/3686/3686 3678/3678/3678
f 3685/3685/3685 3687/3687/3687 3686/3686/3686
f 3678/3678/3678 3688/3688/3688 3675/3675/3675
f 3686/3686/3686 3688/3688/3688 3678/3678/3678
f 3688/3688/3688 3679/3679/3679 3675/3675/3675
f 3679/3679/3679 3689/3689/3689 3680/3680/3680
f 3689/3689/3689 3690/3690/3690 3680/3680/3680
f 3687/3687/3687 3691/3691/3691 3686/3686/3686
f 3686/3686/3686 3691/3691/3691 3688/3688/3688
f 3688/3688/3688 3692/3692/3692 3679/3679/3679
f 3692/3692/3692 3689/3689/3689 3679/3679/3679
f 3691/3691/3691 3692/3692/3692 3688/3688/3688
f 3692/3692/3692 3691/3691/3691 3689/3689/3689
f 3689/3689/3689 3693/3693/3693 3690/3690/3690
f 3691/3691/3691 3693/3693/3693 3689/3689/3689
f 3691/3691/3691 3687/3687/3687 3693/3693/3693
f 3693/3693/3693 3694/3694/3694 3690/3690/3690
f 3687/3687/3687 3695/3695/3695 3693/3693/3693
f 3693/3693/3693 3695/3695/3695 3694/3694/3694
f 3695/3695/3695 3696/3696/3696 3694/3694/3694
f 3698/3698/3698 3229/3229/3229 3697/3697/3697
f 3229/3229/3229 3699/3699/3699 3697/3697/3697
f 3697/3697/3697 3699/3699/3699 3700/3700/3700
f 3229/3229/3229 3701/3701/3701 3699/3699/3699
f 3699/3699/3699 3213/3213/3213 3700/3700/3700
f 3701/3701/3701 3702/3702/3702 3699/3699/3699
f 3699/3699/3699 3702/3702/3702 3213/3213/3213
f 3702/3702/3702 3703/3703/3703 3213/3213/3213
f 3706/3706/3706 3705/3705/3705 3704/3704/3704
f 3707/3707/3707 3706/3706/3706 3704/3704/3704
f 3707/3707/3707 3704/3704/3704 3708/3708/3708
f 3709/3709/3709 3706/3706/3706 3707/3707/3707
f 3710/3710/3710 3707/3707/3707 3708/3708/3708
f 3710/3710/3710 3708/3708/3708 3711/3711/3711
f 3712/3712/3712 3709/3709/3709 3707/3707/3707
f 3712/3712/3712 3707/3707/3707 3710/3710/3710
f 3713/3713/3713 3709/3709/3709 3712/3712/3712
f 3714/3714/3714 3710/3710/3710 3711/3711/3711
f 3714/3714/3714 3711/3711/3711 3715/3715/3715
f 3716/3716/3716 3712/3712/3712 3710/3710/3710
f 3716/3716/3716 3710/3710/3710 3714/3714/3714
f 3717/3717/3717 3713/3713/3713 3712/3712/3712
f 3717/3717/3717 3712/3712/3712 3716/3716/3716
f 3718/3718/3718 3713/3713/3713 3717/3717/3717
f 3719/3719/3719 3718/3718/3718 3717/3717/3717
f 3719/3719/3719 3717/3717/3717 3720/3720/3720
f 3720/3720/3720 3717/3717/3717 3716/3716/3716
f 3721/3721/3721 3719/3719/3719 3720/3720/3720
f 3722/3722/3722 3714/3714/3714 3715/3715/3715
f 3722/3722/3722 3715/3715/3715 3723/3723/3723
f 3724/3724/3724 3716/3716/3716 3714/3714/3714
f 3720/3720/3720 3716/3716/3716 3724/3724/3724
f 3724/3724/3724 3714/3714/3714 3722/3722/3722
f 3721/3721/3721 3720/3720/3720 3725/3725/3725
f 3725/3725/3725 3720/3720/3720 3724/3724/3724
f 3726/3726/3726 3721/3721/3721 3725/3725/3725
f 3727/3727/3727 3722/3722/3722 3723/3723/3723
f 3727/3727/3727 3723/3723/3723 3728/3728/3728
f 3729/3729/3729 3724/3724/3724 3722/3722/3722
f 3725/3725/3725 3724/3724/3724 3729/3729/3729
f 3729/3729/3729 3722/3722/3722 3727/3727/3727
f 3726/3726/3726 3725/3725/3725 3730/3730/3730
f 3730/3730/3730 3725/3725/3725 3729/3729/3729
f 3731/3731/3731 3726/3726/3726 3730/3730/3730
f 3732/3732/3732 3727/3727/3727 3728/3728/3728
f 3732/3732/3732 3728/3728/3728 3733/3733/3733
f 3734/3734/3734 3729/3729/3729 3727/3727/3727
f 3730/3730/3730 3729/3729/3729 3734/3734/3734
f 3734/3734/3734 3727/3727/3727 3732/3732/3732
f 3731/3731/3731 3730/3730/3730 3735/3735/3735
f 3735/3735/3735 3730/3730/3730 3734/3734/3734
f 3736/3736/3736 3731/3731/3731 3735/3735/3735
f 3737/3737/3737 3732/3732/3732 3733/3733/3733
f 3737/3737/3737 3733/3733/3733 3738/3738/3738
f 3739/3739/3739 3734/3734/3734 3732/3732/3732
f 3735/3735/3735 3734/3734/3734 3739/3739/3739
f 3739/3739/3739 3732/3732/3732 3737/3737/3737
f 3736/3736/3736 3735/3735/3735 3740/3740/3740
f 3740/3740/3740 3735/3735/3735 3739/3739/3739
f 3741/3741/3741 3736/3736/3736 3740/3740/3740
f 3742/3742/3742 3737/3737/3737 3738/3738/3738
f 3742/3742/3742 3738/3738/3738 3743/3743/3743
f 3744/3744/3744 3739/3739/3739 3737/3737/3737
f 3740/3740/3740 3739/3739/3739 3744/3744/3744
f 3744/3744/3744 3737/3737/3737 3742/3742/3742
f 3741/3741/3741 3740/3740/3740 3745/3745/3745
f 3745/3745/3745 3740/3740/3740 3744/3744/3744
f 3746/3746/3746 3741/3741/3741 3745/3745/3745
f 3747/3747/3747 3742/3742/3742 3743/3743/3743
f 3747/3747/3747 3743/3743/3743 3748/3748/3748
f 3749/3749/3749 3744/3744/3744 3742/3742/3742
f 3745/3745/3745 3744/3744/3744 3749/3749/3749
f 3749/3749/3749 3742/3742/3742 3747/3747/3747
f 3746/3746/3746 3745/3745/3745 3750/3750/3750
f 3750/3750/3750 3745/3745/3745 3749/3749/3749
f 3751/3751/3751 3746/3746/3746 3750/3750/3750
f 3752/3752/3752 3747/3747/3747 3748/3748/3748
f 3752/3752/3752 3748/3748/3748 3753/3753/3753
f 3754/3754/3754 3749/3749/3749 3747/3747/3747
f 3750/3750/3750 3749/3749/3749 3754/3754/3754
f 3754/3754/3754 3747/3747/3747 3752/3752/3752
f 3751/3751/3751 3750/3750/3750 3755/3755/3755
f 3755/3755/3755 3750/3750/3750 3754/3754/3754
f 3756/3756/3756 3751/3751/3751 3755/3755/3755
f 3757/3757/3757 3752/3752/3752 3753/3753/3753
f 3757/3757/3757 3753/3753/3753 3758/3758/3758
f 3759/3759/3759 3754/3754/3754 3752/3752/3752
f 3755/3755/3755 3754/3754/3754 3759/3759/3759
f 3759/3759/3759 3752/3752/3752 3757/3757/3757
f 3756/3756/3756 3755/3755/3755 3760/3760/3760
f 3760/3760/3760 3755/3755/3755 3759/3759/3759
f 3761/3761/3761 3756/3756/3756 3760/3760/3760
f 3762/3762/3762 3757/3757/3757 3758/3758/3758
f 3762/3762/3762 3758/3758/3758 3763/3763/3763
f 3764/3764/3764 3759/3759/3759 3757/3757/3757
f 3760/3760/3760 3759/3759/3759 3764/3764/3764
f 3764/3764/3764 3757/3757/3757 3762/3762/3762
f 3761/3761/3761 3760/3760/3760 3765/3765/3765
f 3765/3765/3765 3760/3760/3760 3764/3764/3764
f 3766/3766/3766 3761/3761/3761 3765/3765/3765
f 3767/3767/3767 3762/3762/3762 3763/3763/3763
f 3767/3767/3767 3763/3763/3763 3768/3768/3768
f 3769/3769/3769 3764/3764/3764 3762/3762/3762
f 3765/3765/3765 3764/3764/3764 3769/3769/3769
f 3769/3769/3769 3762/3762/3762 3767/3767/3767
f 3766/3766/3766 3765/3765/3765 3770/3770/3770
f 3770/3770/3770 3765/3765/3765 3769/3769/3769
f 3771/3771/3771 3766/3766/3766 3770/3770/3770
f 3772/3772/3772 3767/3767/3767 3768/3768/3768
f 3772/3772/3772 3768/3768/3768 3773/3773/3773
f 3774/3774/3774 3769/3769/3769 3767/3767/3767
f 3770/3770/3770 3769/3769/3769 3774/3774/3774
f 3774/3774/3774 3767/3767/3767 3772/3772/3772
f 3771/3771/3771 3770/3770/3770 3775/3775/3775
f 3775/3775/3775 3770/3770/3770 3774/3774/3774
f 3776/3776/3776 3771/3771/3771 3775/3775/3775
f 3777/3777/3777 3772/3772/3772 3773/3773/3773
f 3777/3777/3777 3773/3773/3773 3778/3778/3778
f 3779/3779/3779 3774/3774/3774 3772/3772/3772
f 3775/3775/3775 3774/3774/3774 3779/3779/3779
f 3779/3779/3779 3772/3772/3772 3777/3777/3777
f 3776/3776/3776 3775/3775/3775 3780/3780/3780
f 3780/3780/3780 3775/3775/3775 3779/3779/3779
f 3781/3781/3781 3776/3776/3776 3780/3780/3780
f 3782/3782/3782 3777/3777/3777 3778/3778/3778
f 3782/3782/3782 3778/3778/3778 3783/3783/3783
f 3784/3784/3784 3779/3779/3779 3777/3777/3777
f 3780/3780/3780 3779/3779/3779 3784/3784/3784
f 3784/3784/3784 3777/3777/3777 3782/3782/3782
f 3781/3781/3781 3780/3780/3780 3785/3785/3785
f 3785/3785/3785 3780/3780/3780 3784/3784/3784
f 3786/3786/3786 3781/3781/3781 3785/3785/3785
f 3787/3787/3787 3782/3782/3782 3783/3783/3783
f 3787/3787/3787 3783/3783/3783 3788/3788/3788
f 3789/3789/3789 3784/3784/3784 3782/3782/3782
f 3785/3785/3785 3784/3784/3784 3789/3789/3789
f 3789/3789/3789 3782/3782/3782 3787/3787/3787
f 3786/3786/3786 3785/3785/3785 3790/3790/3790
f 3790/3790/3790 3785/3785/3785 3789/3789/3789
f 3791/3791/3791 3786/3786/3786 3790/3790/3790
f 3792/3792/3792 3787/3787/3787 3788/3788/3788
f 3792/3792/3792 3788/3788/3788 3793/3793/3793
f 3794/3794/3794 3789/3789/3789 3787/3787/3787
f 3790/3790/3790 3789/3789/3789 3794/3794/3794
f 3794/3794/3794 3787/3787/3787 3792/3792/3792
f 3791/3791/3791 3790/3790/3790 3795/3795/3795
f 3795/3795/3795 3790/3790/3790 3794/3794/3794
f 3796/3796/3796 3791/3791/3791 3795/3795/3795
f 3797/3797/3797 3792/3792/3792 3793/3793/3793
f 3797/3797/3797 3793/3793/3793 3798/3798/3798
f 3799/3799/3799 3794/3794/3794 3792/3792/3792
f 3795/3795/3795 3794/3794/3794 3799/3799/3799
f 3799/3799/3799 3792/3792/3792 3797/3797/3797
f 3796/3796/3796 3795/3795/3795 3800/3800/3800
f 3800/3800/3800 3795/3795/3795 3799/3799/3799
f 3801/3801/3801 3796/3796/3796 3800/3800/3800
f 3802/3802/3802 3797/3797/3797 3798/3798/3798
f 3802/3802/3802 3798/3798/3798 3803/3803/3803
f 3804/3804/3804 3799/3799/3799 3797/3797/3797
f 3800/3800/3800 3799/3799/3799 3804/3804/3804
f 3804/3804/3804 3797/3797/3797 3802/3802/3802
f 3801/3801/3801 3800/3800/3800 3805/3805/3805
f 3805/3805/3805 3800/3800/3800 3804/3804/3804
f 3806/3806/3806 3801/3801/3801 3805/3805/3805
f 3807/3807/3807 3802/3802/3802 3803/3803/3803
f 3807/3807/3807 3803/3803/3803 3808/3808/3808
f 3809/3809/3809 3804/3804/3804 3802/3802/3802
f 3805/3805/3805 3804/3804/3804 3809/3809/3809
f 3809/3809/3809 3802/3802/3802 3807/3807/3807
f 3806/3806/3806 3805/3805/3805 3810/3810/3810
f 3810/3810/3810 3805/3805/3805 3809/3809/3809
f 3811/3811/3811 3806/3806/3806 3810/3810/3810
f 3812/3812/3812 3807/3807/3807 3808/3808/3808
f 3812/3812/3812 3808/3808/3808 3813/3813/3813
f 3814/3814/3814 3809/3809/3809 3807/3807/3807
f 3810/3810/3810 3809/3809/3809 3814/3814/3814
f 3814/3814/3814 3807/3807/3807 3812/3812/3812
f 3811/3811/3811 3810/3810/3810 3815/3815/3815
f 3815/3815/3815 3810/3810/3810 3814/3814/3814
f 3816/3816/3816 3811/3811/3811 3815/3815/3815
f 3817/3817/3817 3812/3812/3812 3813/3813/3813
f 3817/3817/3817 3813/3813/3813 3818/3818/3818
f 3819/3819/3819 3814/3814/3814 3812/3812/3812
f 3815/3815/3815 3814/3814/3814 3819/3819/3819
f 3819/3819/3819 3812/3812/3812 3817/3817/3817
f 3816/3816/3816 3815/3815/3815 3820/3820/3820
f 3820/3820/3820 3815/3815/3815 3819/3819/3819
f 3821/3821/3821 3816/3816/3816 3820/3820/3820
f 3822/3822/3822 3817/3817/3817 3818/3818/3818
f 3822/3822/3822 3818/3818/3818 3823/3823/3823
f 3824/3824/3824 3819/3819/3819 3817/3817/3817
f 3820/3820/3820 3819/3819/3819 3824/3824/3824
f 3824/3824/3824 3817/3817/3817 3822/3822/3822
f 3821/3821/3821 3820/3820/3820 3825/3825/3825
f 3825/3825/3825 3820/3820/3820 3824/3824/3824
f 3826/3826/3826 3821/3821/3821 3825/3825/3825
f 3827/3827/3827 3822/3822/3822 3823/3823/3823
f 3827/3827/3827 3823/3823/3823 3828/3828/3828
f 3829/3829/3829 3824/3824/3824 3822/3822/3822
f 3825/3825/3825 3824/3824/3824 3829/3829/3829
f 3829/3829/3829 3822/3822/3822 3827/3827/3827
f 3826/3826/3826 3825/3825/3825 3830/3830/3830
f 3830/3830/3830 3825/3825/3825 3829/3829/3829
f 3831/3831/3831 3826/3826/3826 3830/3830/3830
f 3832/3832/3832 3827/3827/3827 3828/3828/3828
f 3832/3832/3832 3828/3828/3828 3833/3833/3833
f 3834/3834/3834 3829/3829/3829 3827/3827/3827
f 3830/3830/3830 3829/3829/3829 3834/3834/3834
f 3834/3834/3834 3827/3827/3827 3832/3832/3832
f 3831/3831/3831 3830/3830/3830 3835/3835/3835
f 3835/3835/3835 3830/3830/3830 3834/3834/3834
f 3836/3836/3836 3831/3831/3831 3835/3835/3835
f 3837/3837/3837 3832/3832/3832 3833/3833/3833
f 3837/3837/3837 3833/3833/3833 3838/3838/3838
f 3839/3839/3839 3834/3834/3834 3832/3832/3832
f 3835/3835/3835 3834/3834/3834 3839/3839/3839
f 3839/3839/3839 3832/3832/3832 3837/3837/3837
f 3836/3836/3836 3835/3835/3835 3840/3840/3840
f 3840/3840/3840 3835/3835/3835 3839/3839/3839
f 3841/3841/3841 3836/3836/3836 3840/3840/3840
f 3842/3842/3842 3837/3837/3837 3838/3838/3838
f 3842/3842/3842 3838/3838/3838 3843/3843/3843
f 3844/3844/3844 3839/3839/3839 3837/3837/3837
f 3840/3840/3840 3839/3839/3839 3844/3844/3844
f 3844/3844/3844 3837/3837/3837 3842/3842/3842
f 3841/3841/3841 3840/3840/3840 3845/3845/3845
f 3845/3845/3845 3840/3840/3840 3844/3844/3844
f 3846/3846/3846 3841/3841/3841 3845/3845/3845
f 3847/3847/3847 3842/3842/3842 3843/3843/3843
f 3847/3847/3847 3843/3843/3843 3848/3848/3848
f 3849/3849/3849 3844/3844/3844 3842/3842/3842
f 3845/3845/3845 3844/3844/3844 3849/3849/3849
f 3849/3849/3849 3842/3842/3842 3847/3847/3847
f 3846/3846/3846 3845/3845/3845 3850/3850/3850
f 3850/3850/3850 3845/3845/3845 3849/3849/3849
f 3851/3851/3851 3846/3846/3846 3850/3850/3850
f 3852/3852/3852 3847/3847/3847 3848/3848/3848
f 3852/3852/3852 3848/3848/3848 3853/3853/3853
f 3854/3854/3854 3849/3849/3849 3847/3847/3847
f 3850/3850/3850 3849/3849/3849 3854/3854/3854
f 3854/3854/3854 3847/3847/3847 3852/3852/3852
f 3851/3851/3851 3850/3850/3850 3855/3855/3855
f 3855/3855/3855 3850/3850/3850 3854/3854/3854
f 3856/3856/3856 3851/3851/3851 3855/3855/3855
f 3857/3857/3857 3852/3852/3852 3853/3853/3853
f 3857/3857/3857 3853/3853/3853 3858/3858/3858
f 3859/3859/3859 3857/3857/3857 3858/3858/3858
f 3860/3860/3860 3854/3854/3854 3852/3852/3852
f 3855/3855/3855 3854/3854/3854 3860/3860/3860
f 3860/3860/3860 3852/3852/3852 3857/3857/3857
f 3856/3856/3856 3855/3855/3855 3861/3861/3861
f 3861/3861/3861 3855/3855/3855 3860/3860/3860
f 3862/3862/3862 3856/3856/3856 3861/3861/3861
f 3863/3863/3863 3857/3857/3857 3859/3859/3859
f 3863/3863/3863 3860/3860/3860 3857/3857/3857
f 3861/3861/3861 3860/3860/3860 3863/3863/3863
f 3864/3864/3864 3863/3863/3863 3859/3859/3859
f 3862/3862/3862 3861/3861/3861 3865/3865/3865
f 3865/3865/3865 3861/3861/3861 3863/3863/3863
f 3865/3865/3865 3863/3863/3863 3864/3864/3864
f 3866/3866/3866 3862/3862/3862 3865/3865/3865
f 3867/3867/3867 3865/3865/3865 3864/3864/3864
f 3866/3866/3866 3865/3865/3865 3867/3867/3867
f 3868/3868/3868 3866/3866/3866 3867/3867/3867
f 3870/3870/3870 3869/3869/3869 2882/2882/2882
f 3869/3869/3869 3871/3871/3871 2882/2882/2882
f 2882/2882/2882 3871/3871/3871 2887/2887/2887
f 3869/3869/3869 3872/3872/3872 3871/3871/3871
f 3871/3871/3871 3873/3873/3873 2887/2887/2887
f 2887/2887/2887 3873/3873/3873 3874/3874/3874
f 3872/3872/3872 3875/3875/3875 3871/3871/3871
f 3871/3871/3871 3875/3875/3875 3873/3873/3873
f 3872/3872/3872 3876/3876/3876 3875/3875/3875
f 3873/3873/3873 3877/3877/3877 3874/3874/3874
f 3874/3874/3874 3877/3877/3877 2891/2891/2891
f 3875/3875/3875 3878/3878/3878 3873/3873/3873
f 3873/3873/3873 3878/3878/3878 3877/3877/3877
f 3876/3876/3876 3879/3879/3879 3875/3875/3875
f 3875/3875/3875 3879/3879/3879 3878/3878/3878
f 3876/3876/3876 3880/3880/3880 3879/3879/3879
f 3877/3877/3877 3881/3881/3881 2891/2891/2891
f 2891/2891/2891 3881/3881/3881 2896/2896/2896
f 3878/3878/3878 3882/3882/3882 3877/3877/3877
f 3877/3877/3877 3882/3882/3882 3881/3881/3881
f 3879/3879/3879 3883/3883/3883 3878/3878/3878
f 3878/3878/3878 3883/3883/3883 3882/3882/3882
f 3880/3880/3880 3884/3884/3884 3879/3879/3879
f 3879/3879/3879 3884/3884/3884 3883/3883/3883
f 3880/3880/3880 3885/3885/3885 3884/3884/3884
f 3881/3881/3881 3886/3886/3886 2896/2896/2896
f 2896/2896/2896 3886/3886/3886 2899/2899/2899
f 3882/3882/3882 3887/3887/3887 3881/3881/3881
f 3881/3881/3881 3887/3887/3887 3886/3886/3886
f 3883/3883/3883 3888/3888/3888 3882/3882/3882
f 3882/3882/3882 3888/3888/3888 3887/3887/3887
f 3884/3884/3884 3889/3889/3889 3883/3883/3883
f 3883/3883/3883 3889/3889/3889 3888/3888/3888
f 3885/3885/3885 3890/3890/3890 3884/3884/3884
f 3884/3884/3884 3890/3890/3890 3889/3889/3889
f 3885/3885/3885 3891/3891/3891 3890/3890/3890
f 3886/3886/3886 3892/3892/3892 2899/2899/2899
f 2899/2899/2899 3892/3892/3892 2902/2902/2902
f 3887/3887/3887 3893/3893/3893 3886/3886/3886
f 3886/3886/3886 3893/3893/3893 3892/3892/3892
f 3888/3888/3888 3894/3894/3894 3887/3887/3887
f 3887/3887/3887 3894/3894/3894 3893/3893/3893
f 3889/3889/3889 3895/3895/3895 3888/3888/3888
f 3888/3888/3888 3895/3895/3895 3894/3894/3894
f 3890/3890/3890 3896/3896/3896 3889/3889/3889
f 3889/3889/3889 3896/3896/3896 3895/3895/3895
f 3891/3891/3891 3897/3897/3897 3890/3890/3890
f 3890/3890/3890 3897/3897/3897 3896/3896/3896
f 3891/3891/3891 3898/3898/3898 3897/3897/3897
f 3892/3892/3892 3899/3899/3899 2902/2902/2902
f 2902/2902/2902 3899/3899/3899 3900/3900/3900
f 3899/3899/3899 2909/2909/2909 3900/3900/3900
f 3893/3893/3893 3901/3901/3901 3892/3892/3892
f 3892/3892/3892 3901/3901/3901 3899/3899/3899
f 3899/3899/3899 3902/3902/3902 2909/2909/2909
f 3901/3901/3901 3902/3902/3902 3899/3899/3899
f 3902/3902/3902 2920/2920/2920 2909/2909/2909
f 3898/3898/3898 3903/3903/3903 3897/3897/3897
f 3898/3898/3898 3904/3904/3904 3903/3903/3903
f 3897/3897/3897 3905/3905/3905 3896/3896/3896
f 3897/3897/3897 3903/3903/3903 3905/3905/3905
f 3893/3893/3893 3906/3906/3906 3901/3901/3901
f 3894/3894/3894 3906/3906/3906 3893/3893/3893
f 3902/3902/3902 3907/3907/3907 2920/2920/2920
f 3907/3907/3907 2931/2931/2931 2920/2920/2920
f 3901/3901/3901 3908/3908/3908 3902/3902/3902
f 3906/3906/3906 3908/3908/3908 3901/3901/3901
f 3908/3908/3908 3907/3907/3907 3902/3902/3902
f 3904/3904/3904 3909/3909/3909 3903/3903/3903
f 3904/3904/3904 3910/3910/3910 3909/3909/3909
f 3894/3894/3894 3911/3911/3911 3906/3906/3906
f 3895/3895/3895 3911/3911/3911 3894/3894/3894
f 3906/3906/3906 3912/3912/3912 3908/3908/3908
f 3911/3911/3911 3912/3912/3912 3906/3906/3906
f 3908/3908/3908 3913/3913/3913 3907/3907/3907
f 3912/3912/3912 3913/3913/3913 3908/3908/3908
f 3907/3907/3907 3914/3914/3914 2931/2931/2931
f 3913/3913/3913 3914/3914/3914 3907/3907/3907
f 3895/3895/3895 3915/3915/3915 3911/3911/3911
f 3896/3896/3896 3915/3915/3915 3895/3895/3895
f 3896/3896/3896 3905/3905/3905 3915/3915/3915
f 3911/3911/3911 3916/3916/3916 3912/3912/3912
f 3915/3915/3915 3916/3916/3916 3911/3911/3911
f 3912/3912/3912 3917/3917/3917 3913/3913/3913
f 3916/3916/3916 3917/3917/3917 3912/3912/3912
f 3905/3905/3905 3918/3918/3918 3915/3915/3915
f 3915/3915/3915 3918/3918/3918 3916/3916/3916
f 3914/3914/3914 3919/3919/3919 2931/2931/2931
f 2931/2931/2931 3919/3919/3919 2926/2926/2926
f 3919/3919/3919 2932/2932/2932 2926/2926/2926
f 3913/3913/3913 3920/3920/3920 3914/3914/3914
f 3917/3917/3917 3920/3920/3920 3913/3913/3913
f 3916/3916/3916 3921/3921/3921 3917/3917/3917
f 3918/3918/3918 3921/3921/3921 3916/3916/3916
f 3905/3905/3905 3922/3922/3922 3918/3918/3918
f 3903/3903/3903 3922/3922/3922 3905/3905/3905
f 3903/3903/3903 3909/3909/3909 3922/3922/3922
f 3914/3914/3914 3923/3923/3923 3919/3919/3919
f 3920/3920/3920 3923/3923/3923 3914/3914/3914
f 3919/3919/3919 3924/3924/3924 2932/2932/2932
f 3923/3923/3923 3924/3924/3924 3919/3919/3919
f 3917/3917/3917 3925/3925/3925 3920/3920/3920
f 3921/3921/3921 3925/3925/3925 3917/3917/3917
f 3918/3918/3918 3926/3926/3926 3921/3921/3921
f 3922/3922/3922 3926/3926/3926 3918/3918/3918
f 3909/3909/3909 3927/3927/3927 3922/3922/3922
f 3922/3922/3922 3927/3927/3927 3926/3926/3926
f 3920/3920/3920 3928/3928/3928 3923/3923/3923
f 3925/3925/3925 3928/3928/3928 3920/3920/3920
f 3921/3921/3921 3929/3929/3929 3925/3925/3925
f 3926/3926/3926 3929/3929/3929 3921/3921/3921
f 3924/3924/3924 3930/3930/3930 2932/2932/2932
f 2932/2932/2932 3930/3930/3930 2928/2928/2928
f 3930/3930/3930 2933/2933/2933 2928/2928/2928
f 3923/3923/3923 3931/3931/3931 3924/3924/3924
f 3928/3928/3928 3931/3931/3931 3923/3923/3923
f 3925/3925/3925 3932/3932/3932 3928/3928/3928
f 3929/3929/3929 3932/3932/3932 3925/3925/3925
f 3926/3926/3926 3933/3933/3933 3929/3929/3929
f 3927/3927/3927 3933/3933/3933 3926/3926/3926
f 3930/3930/3930 3934/3934/3934 2933/2933/2933
f 3934/3934/3934 3935/3935/3935 2933/2933/2933
f 3924/3924/3924 3936/3936/3936 3930/3930/3930
f 3931/3931/3931 3936/3936/3936 3924/3924/3924
f 3936/3936/3936 3934/3934/3934 3930/3930/3930
f 3928/3928/3928 3937/3937/3937 3931/3931/3931
f 3932/3932/3932 3937/3937/3937 3928/3928/3928
f 3929/3929/3929 3938/3938/3938 3932/3932/3932
f 3933/3933/3933 3938/3938/3938 3929/3929/3929
f 3934/3934/3934 3939/3939/3939 3935/3935/3935
f 3939/3939/3939 3940/3940/3940 3935/3935/3935
f 3931/3931/3931 3941/3941/3941 3936/3936/3936
f 3937/3937/3937 3941/3941/3941 3931/3931/3931
f 3936/3936/3936 3942/3942/3942 3934/3934/3934
f 3942/3942/3942 3939/3939/3939 3934/3934/3934
f 3941/3941/3941 3942/3942/3942 3936/3936/3936
f 3932/3932/3932 3943/3943/3943 3937/3937/3937
f 3938/3938/3938 3943/3943/3943 3932/3932/3932
f 3939/3939/3939 3944/3944/3944 3940/3940/3940
f 3944/3944/3944 3945/3945/3945 3940/3940/3940
f 3942/3942/3942 3946/3946/3946 3939/3939/3939
f 3946/3946/3946 3944/3944/3944 3939/3939/3939
f 3937/3937/3937 3947/3947/3947 3941/3941/3941
f 3943/3943/3943 3947/3947/3947 3937/3937/3937
f 3941/3941/3941 3948/3948/3948 3942/3942/3942
f 3948/3948/3948 3946/3946/3946 3942/3942/3942
f 3947/3947/3947 3948/3948/3948 3941/3941/3941
f 3944/3944/3944 3949/3949/3949 3945/3945/3945
f 3949/3949/3949 2943/2943/2943 3945/3945/3945
f 3949/3949/3949 2959/2959/2959 2943/2943/2943
f 3946/3946/3946 3950/3950/3950 3944/3944/3944
f 3950/3950/3950 3949/3949/3949 3944/3944/3944
f 3951/3951/3951 2959/2959/2959 3949/3949/3949
f 3950/3950/3950 3951/3951/3951 3949/3949/3949
f 3951/3951/3951 2811/2811/2811 2959/2959/2959
f 3948/3948/3948 3952/3952/3952 3946/3946/3946
f 3952/3952/3952 3950/3950/3950 3946/3946/3946
f 3947/3947/3947 3953/3953/3953 3948/3948/3948
f 3953/3953/3953 3952/3952/3952 3948/3948/3948
f 3943/3943/3943 3954/3954/3954 3947/3947/3947
f 3954/3954/3954 3953/3953/3953 3947/3947/3947
f 3955/3955/3955 2811/2811/2811 3951/3951/3951
f 3955/3955/3955 2809/2809/2809 2811/2811/2811
f 2815/2815/2815 2809/2809/2809 3955/3955/3955
f 3956/3956/3956 3951/3951/3951 3950/3950/3950
f 3952/3952/3952 3956/3956/3956 3950/3950/3950
f 3956/3956/3956 3955/3955/3955 3951/3951/3951
f 3957/3957/3957 2815/2815/2815 3955/3955/3955
f 3957/3957/3957 3955/3955/3955 3956/3956/3956
f 3958/3958/3958 2815/2815/2815 3957/3957/3957
f 3959/3959/3959 3956/3956/3956 3952/3952/3952
f 3953/3953/3953 3959/3959/3959 3952/3952/3952
f 3959/3959/3959 3957/3957/3957 3956/3956/3956
f 3960/3960/3960 3958/3958/3958 3957/3957/3957
f 3960/3960/3960 3957/3957/3957 3959/3959/3959
f 3961/3961/3961 3958/3958/3958 3960/3960/3960
f 3962/3962/3962 3959/3959/3959 3953/3953/3953
f 3962/3962/3962 3960/3960/3960 3959/3959/3959
f 3954/3954/3954 3962/3962/3962 3953/3953/3953
f 3963/3963/3963 3961/3961/3961 3960/3960/3960
f 3963/3963/3963 3960/3960/3960 3962/3962/3962
f 3964/3964/3964 3961/3961/3961 3963/3963/3963
f 3965/3965/3965 3962/3962/3962 3954/3954/3954
f 3965/3965/3965 3963/3963/3963 3962/3962/3962
f 3966/3966/3966 3964/3964/3964 3963/3963/3963
f 3966/3966/3966 3963/3963/3963 3965/3965/3965
f 2825/2825/2825 3964/3964/3964 3966/3966/3966
f 3967/3967/3967 3965/3965/3965 3954/3954/3954
f 3967/3967/3967 3954/3954/3954 3943/3943/3943
f 3938/3938/3938 3967/3967/3967 3943/3943/3943
f 3968/3968/3968 3966/3966/3966 3965/3965/3965
f 3968/3968/3968 3965/3965/3965 3967/3967/3967
f 3969/3969/3969 2825/2825/2825 3966/3966/3966
f 3969/3969/3969 3966/3966/3966 3968/3968/3968
f 3970/3970/3970 2825/2825/2825 3969/3969/3969
f 3971/3971/3971 3967/3967/3967 3938/3938/3938
f 3971/3971/3971 3968/3968/3968 3967/3967/3967
f 3933/3933/3933 3971/3971/3971 3938/3938/3938
f 3972/3972/3972 3970/3970/3970 3969/3969/3969
f 3973/3973/3973 3970/3970/3970 3972/3972/3972
f 3974/3974/3974 3973/3973/3973 3972/3972/3972
f 3975/3975/3975 3969/3969/3969 3968/3968/3968
f 3975/3975/3975 3968/3968/3968 3971/3971/3971
f 3972/3972/3972 3969/3969/3969 3975/3975/3975
f 3976/3976/3976 3971/3971/3971 3933/3933/3933
f 3976/3976/3976 3975/3975/3975 3971/3971/3971
f 3927/3927/3927 3976/3976/3976 3933/3933/3933
f 3974/3974/3974 3972/3972/3972 3977/3977/3977
f 3977/3977/3977 3972/3972/3972 3975/3975/3975
f 3977/3977/3977 3975/3975/3975 3976/3976/3976
f 3978/3978/3978 3974/3974/3974 3977/3977/3977
f 3979/3979/3979 3976/3976/3976 3927/3927/3927
f 3979/3979/3979 3977/3977/3977 3976/3976/3976
f 3978/3978/3978 3977/3977/3977 3979/3979/3979
f 3909/3909/3909 3979/3979/3979 3927/3927/3927
f 3910/3910/3910 3978/3978/3978 3979/3979/3979
f 3910/3910/3910 3979/3979/3979 3909/3909/3909
f 3982/3982/3982 3981/3981/3981 3980/3980/3980
f 3982/3982/3982 3980/3980/3980 3983/3983/3983
f 3983/3983/3983 3980/3980/3980 3984/3984/3984
f 3985/3985/3985 3982/3982/3982 3983/3983/3983
f 3980/3980/3980 3986/3986/3986 3984/3984/3984
f 3980/3980/3980 3987/3987/3987 3986/3986/3986
f 3984/3984/3984 3986/3986/3986 3988/3988/3988
f 3989/3989/3989 3982/3982/3982 3985/3985/3985
f 3989/3989/3989 3990/3990/3990 3982/3982/3982
f 3991/3991/3991 3989/3989/3989 3985/3985/3985
f 3986/3986/3986 3992/3992/3992 3988/3988/3988
f 3986/3986/3986 3993/3993/3993 3992/3992/3992
f 3988/3988/3988 3992/3992/3992 3994/3994/3994
f 3995/3995/3995 3989/3989/3989 3991/3991/3991
f 3995/3995/3995 3996/3996/3996 3989/3989/3989
f 3997/3997/3997 3995/3995/3995 3991/3991/3991
f 3992/3992/3992 3998/3998/3998 3994/3994/3994
f 3992/3992/3992 3999/3999/3999 3998/3998/3998
f 3994/3994/3994 3998/3998/3998 4000/4000/4000
f 4001/4001/4001 3995/3995/3995 3997/3997/3997
f 4001/4001/4001 4002/4002/4002 3995/3995/3995
f 4003/4003/4003 4001/4001/4001 3997/3997/3997
f 3998/3998/3998 4004/4004/4004 4000/4000/4000
f 3998/3998/3998 4005/4005/4005 4004/4004/4004
f 4000/4000/4000 4004/4004/4004 4006/4006/4006
f 4007/4007/4007 4001/4001/4001 4003/4003/4003
f 4007/4007/4007 4008/4008/4008 4001/4001/4001
f 4009/4009/4009 4007/4007/4007 4003/4003/4003
f 4004/4004/4004 4010/4010/4010 4006/4006/4006
f 4004/4004/4004 4011/4011/4011 4010/4010/4010
f 4006/4006/4006 4010/4010/4010 4012/4012/4012
f 4013/4013/4013 4007/4007/4007 4009/4009/4009
f 4013/4013/4013 4014/4014/4014 4007/4007/4007
f 4015/4015/4015 4013/4013/4013 4009/4009/4009
f 4010/4010/4010 4016/4016/4016 4012/4012/4012
f 4010/4010/4010 4017/4017/4017 4016/4016/4016
f 4012/4012/4012 4016/4016/4016 4018/4018/4018
f 4016/4016/4016 4019/4019/4019 4018/4018/4018
f 4016/4016/4016 4020/4020/4020 4019/4019/4019
f 4021/4021/4021 4013/4013/4013 4015/4015/4015
f 4021/4021/4021 4022/4022/4022 4013/4013/4013
f 4023/4023/4023 4021/4021/4021 4015/4015/4015
f 4024/4024/4024 4021/4021/4021 4023/4023/4023
f 4024/4024/4024 4025/4025/4025 4021/4021/4021
f 4026/4026/4026 4024/4024/4024 4023/4023/4023
f 4027/4027/4027 4024/4024/4024 4026/4026/4026
f 4028/4028/4028 4027/4027/4027 4026/4026/4026
f 4027/4027/4027 4029/4029/4029 4024/4024/4024

