# https://github.com/mikedh/trimesh
mtllib material.mtl
usemtl Tail
v -0.04297714 1.04435802 -0.07854556
v -0.04078848 1.05616641 -0.06842833
v -0.05100901 1.04916608 -0.07336006
v -0.03426803 1.05254161 -0.07220015
v -0.02984814 1.06189370 -0.06306695
v -0.02516985 1.05958271 -0.06566361
v -0.01719272 1.06440568 -0.06007351
v -0.01785603 1.06660843 -0.05712856
v -0.02483727 1.04825640 -0.07326730
v -0.01710902 1.05751979 -0.06536285
v -0.00873564 1.06556964 -0.05706811
v 0.00000000 1.07286286 -0.04855844
v -0.01785603 1.06660843 -0.05712856
v -0.03195504 1.03852248 -0.08076427
v -0.05114081 1.03542495 -0.08440575
v -0.03857092 1.02896917 -0.08784059
v -0.06053468 1.04084635 -0.07777364
v -0.05100901 1.04916608 -0.07336006
v -0.05886429 1.02548492 -0.08960175
v -0.04477196 1.01868367 -0.09434056
v -0.05083269 1.00655520 -0.09983668
v -0.06959701 1.03134954 -0.08155804
v -0.06638292 1.01404202 -0.09387340
v -0.05779954 0.99224550 -0.10295680
v -0.06463519 1.04454350 -0.06581277
v -0.05405714 1.05226231 -0.06322989
v -0.07473035 1.03565359 -0.06800614
v -0.07843707 1.02059400 -0.08458105
v -0.07419074 1.00030243 -0.09652042
v -0.06645927 0.97593486 -0.10253819
v -0.08257543 0.98389429 -0.09688790
v -0.07578846 0.95909804 -0.09920144
v -0.08712767 1.00740886 -0.08664816
v -0.08466446 1.02558720 -0.06974015
v -0.07650410 1.03902066 -0.05114929
v -0.06555968 1.04720664 -0.05065462
v -0.05411502 1.05433154 -0.05013292
v -0.08739577 1.02964544 -0.05157017
v -0.04169568 1.06024182 -0.04965422
v -0.09430748 1.01293170 -0.07104950
v -0.09803305 1.01750445 -0.05201499
v -0.04272327 1.05855083 -0.06035552
v -0.05100901 1.04916608 -0.07336006
v -0.04078848 1.05616641 -0.06842833
v -0.02836848 1.06510293 -0.04923716
v -0.03100786 1.06350601 -0.05729600
v -0.02984814 1.06189370 -0.06306695
v -0.02098193 1.06684518 -0.05456170
v -0.01436067 1.06918430 -0.04888094
v -0.09553126 0.99096602 -0.08750923
v -0.10321982 0.99655831 -0.07191660
v -0.10774806 1.00126338 -0.05259560
v -0.09074084 0.96643770 -0.09494299
v -0.08450406 0.94336873 -0.09398698
v -0.10283769 0.97289670 -0.08675297
v -0.11017531 0.97788775 -0.07201023
v -0.11465740 0.98199803 -0.05333587
v -0.11736718 0.96166152 -0.05421923
v -0.09775490 0.94982815 -0.09094448
v -0.09209443 0.92972505 -0.08783235
v -0.10322590 0.93507314 -0.08569591
v -0.11418647 0.95897454 -0.07106061
v -0.11765773 0.94330299 -0.05515544
v -0.11600754 0.94186223 -0.06935744
v -0.10825935 0.95525867 -0.08413864
v -0.10825935 0.95525867 -0.08413864
v -0.11177155 0.93935579 -0.08026884
v -0.11177155 0.93935579 -0.08026884
v -0.11362786 0.92587703 -0.07581019
v -0.11362786 0.92587703 -0.07581019
v -0.10707504 0.92261708 -0.07994719
v -0.09209443 0.92972505 -0.08783235
v -0.11443195 0.91380662 -0.07084215
v -0.09841434 0.91860300 -0.08143986
v -0.11666753 0.92787957 -0.06726598
v -0.11765773 0.94330299 -0.05515544
v -0.11443195 0.91380662 -0.07084215
v -0.11759933 0.92912823 -0.05607743
v -0.10993495 0.91153824 -0.07368867
v -0.11478994 0.90194571 -0.06535676
v -0.10401227 0.90893030 -0.07467424
v -0.11655285 0.91550899 -0.06489407
v -0.11478994 0.90194571 -0.06535676
v -0.11724807 0.91687173 -0.05708507
v -0.11249590 0.90077460 -0.06681319
v -0.11496747 0.89006811 -0.05958305
v -0.10948987 0.89949918 -0.06730809
v -0.11496747 0.89006811 -0.05958305
v -0.11496747 0.89006811 -0.05958306
v -0.11589739 0.90294319 -0.06229779
v -0.11496747 0.89006811 -0.05958305
v -0.11629285 0.90383613 -0.05827728
v -0.11496747 0.89006811 -0.05958305
v -0.11496747 0.89006811 -0.05958306
v -0.14259233 0.87956631 -0.01545387
v -0.13619862 0.86845499 -0.02572464
v -0.13817267 0.87733036 -0.03918400
v -0.14332360 0.88744056 -0.03252470
v -0.14747049 0.89313781 -0.00757893
v -0.14730610 0.89942610 -0.02740658
v -0.15010937 0.90929329 -0.00310731
v -0.14947374 0.91348833 -0.02435492
v -0.15106912 0.92649722 -0.00096423
v -0.15023462 0.92878819 -0.02283383
v -0.15092091 0.94334704 0.00006177
v -0.15002401 0.94452000 -0.02222276
v -0.14899538 0.96062773 -0.00035333
v -0.13957717 0.89378327 -0.04645716
v -0.14252657 0.90455514 -0.04348602
v -0.13577646 0.88442934 -0.05033185
v -0.14413013 0.91693765 -0.04161950
v -0.13232440 0.86858964 -0.04689930
v -0.13132976 0.87595767 -0.05507389
v -0.12906030 0.85940266 -0.03723790
v -0.13619862 0.86845499 -0.02572464
v -0.12085360 0.85255694 -0.05033937
v -0.12449283 0.86053669 -0.05640710
v -0.12448943 0.86697257 -0.06167202
v -0.11362315 0.85259157 -0.06822525
v -0.11166120 0.84807909 -0.06475183
v -0.11377807 0.85630912 -0.07090524
v -0.12448943 0.86697257 -0.06167202
v -0.10075197 0.84458399 -0.08168899
v -0.10119390 0.84471548 -0.08100380
v -0.10423211 0.84561950 -0.07629317
v -0.08809561 1.05408263 -0.03883528
v -0.07095285 1.06252408 -0.03064531
v -0.08651132 1.05518723 -0.02725658
v -0.07231697 1.06220579 -0.04033570
v -0.08729212 1.05079806 -0.04871618
v -0.05673338 1.06764698 -0.03317868
v -0.05772947 1.06773603 -0.04148399
v -0.04424840 1.07067096 -0.03472004
v -0.07194944 1.05955386 -0.04875822
v -0.04504843 1.07079887 -0.04231289
v -0.03147497 1.07248664 -0.03566985
v -0.05755804 1.06563103 -0.04877685
v -0.03212721 1.07253718 -0.04286106
v -0.01646647 1.07388723 -0.03641386
v -0.04503359 1.06901431 -0.04893089
v -0.05544081 1.05986845 -0.05438230
v -0.01683919 1.07397652 -0.04316691
v 0.00000000 1.07450140 -0.03674173
v 0.00000000 1.07464480 -0.04326218
v -0.03221104 1.07097054 -0.04902810
v -0.01691384 1.07264876 -0.04889330
v -0.00000000 1.07344115 -0.04877076
v 0.00000000 1.06999266 -0.05259292
v -0.04366064 1.06404269 -0.05392410
v -0.03134752 1.06670797 -0.05348818
v -0.01649172 1.06895888 -0.05290858
v -0.03221104 1.07097054 -0.04902810
v 0.00000000 1.06519711 -0.05540321
v -0.01577153 1.06385148 -0.05589719
v -0.02991559 1.06082857 -0.05692412
v -0.04147281 1.05715895 -0.05794246
v -0.05215608 1.05191171 -0.05897531
v -0.06869581 1.05301261 -0.05506767
v -0.05215608 1.05191171 -0.05897531
v -0.06371053 1.04413819 -0.06010927
v -0.08250893 1.04388130 -0.05576737
v -0.07533795 1.03478503 -0.06112074
v -0.08584093 1.02488959 -0.06178060
v -0.09543981 1.03311634 -0.05618887
v -0.09496879 1.01395380 -0.06214763
v -0.10687774 1.02071941 -0.05613874
v -0.10262143 1.00133467 -0.06229658
v -0.10204645 1.03967404 -0.04838540
v -0.11641052 1.00665176 -0.05552672
v -0.10835481 0.98733938 -0.06207794
v -0.10366604 1.04344952 -0.03689578
v -0.11525730 1.02638018 -0.04742613
v -0.12358986 0.99134797 -0.05457586
v -0.11181346 0.97259808 -0.06137805
v -0.10229344 1.04555607 -0.02319445
v -0.08651132 1.05518723 -0.02725658
v -0.11672240 1.03291476 -0.01828483
v -0.11775455 1.03020000 -0.03420734
v -0.12620242 1.01117742 -0.04566270
v -0.12933229 1.01438475 -0.03064168
v -0.12846497 1.01680088 -0.01252649
v -0.12813903 0.97542852 -0.05356368
v -0.11334053 0.95808399 -0.06045079
v -0.13450608 0.99467850 -0.04365051
v -0.13822418 0.99687797 -0.02701969
v -0.13762344 0.99839956 -0.00696560
v -0.14452930 0.97924554 -0.00274583
v -0.14449693 0.97875232 -0.02424758
v -0.13050330 0.95977718 -0.05267238
v -0.11351810 0.94463593 -0.05960899
v -0.14002098 0.97762179 -0.04201640
v -0.14833075 0.96104908 -0.02262364
v -0.13132261 0.94516444 -0.05205813
v -0.11318532 0.93221354 -0.05903369
v -0.14316660 0.96089369 -0.04094163
v -0.14451598 0.94522893 -0.04048901
v -0.13129272 0.93164653 -0.05186856
v -0.11304134 0.92060453 -0.05888894
v -0.14468935 0.93060941 -0.04069312
v -0.13093974 0.91914397 -0.05224573
v -0.11296810 0.90978932 -0.05940263
v -0.13005495 0.90775186 -0.05331843
v -0.13957717 0.89378327 -0.04645716
v -0.12836789 0.89757288 -0.05515898
v -0.11268093 0.89983088 -0.06072244
v -0.13577646 0.88442934 -0.05033185
v -0.12609640 0.88856804 -0.05762721
v -0.11204609 0.89093059 -0.06261105
v -0.11088612 0.88281250 -0.06498024
v -0.12323728 0.88029450 -0.06077047
v -0.13132976 0.87595767 -0.05507389
v -0.10869776 0.87315530 -0.06872287
v -0.11841492 0.87083578 -0.06559885
v -0.12448943 0.86697257 -0.06167202
v -0.11377807 0.85630912 -0.07090524
v -0.11053526 0.85868663 -0.07285912
v -0.10075197 0.84458399 -0.08168899
v -0.10531608 0.86061865 -0.07427303
v -0.10093992 0.84524000 -0.08138397
v -0.10223202 0.84974968 -0.07928702
v -0.13111247 0.83159977 0.01139635
v -0.11882799 0.81911254 0.02350307
v -0.12232659 0.82022017 0.00431527
v -0.12664796 0.82987928 0.02758357
v -0.11317862 0.81712991 0.04001617
v -0.12072545 0.82815772 0.04481509
v -0.10524797 0.81441724 0.05494411
v -0.11300196 0.82608658 0.06134338
v -0.09360549 0.80959243 0.06778609
v -0.10434188 0.82440948 0.07657041
v -0.08843523 0.81195927 0.08259217
v -0.09619118 0.82442707 0.09017658
v -0.08109229 0.81258136 0.09195662
v -0.08734742 0.82467097 0.10114443
v -0.07166239 0.81200075 0.09786800
v -0.07698880 0.82413363 0.10921197
v -0.05886123 0.80879730 0.09994189
v -0.06572185 0.82304603 0.11553989
v -0.05070741 0.81131417 0.11152621
v -0.05491070 0.82236511 0.12199419
v -0.04218476 0.81223148 0.11845626
v -0.04493261 0.82158947 0.12760206
v -0.03426947 0.81263304 0.12346039
v -0.03593377 0.82059276 0.13220863
v -0.02390512 0.81202972 0.12768400
v -0.11307362 0.83974570 0.08346815
v -0.12143537 0.84055322 0.06712922
v -0.10399069 0.83958185 0.09806898
v -0.09383895 0.83953035 0.11055151
v -0.08232168 0.83895189 0.12070557
v -0.07013702 0.83761400 0.12865143
v -0.05815475 0.83546698 0.13461071
v -0.04693663 0.83277702 0.13887939
v -0.12863261 0.84168798 0.04978176
v -0.13413930 0.84273219 0.03235794
v -0.13589178 0.85753697 0.05366089
v -0.13788988 0.84370530 0.01625059
v -0.14076401 0.85787940 0.03598042
v -0.14362964 0.85807616 0.01962897
v -0.14192174 0.87571156 0.05577094
v -0.14609708 0.87554497 0.03787836
v -0.14808232 0.87518811 0.02137196
v -0.14977580 0.89571416 0.03782458
v -0.15098003 0.89514238 0.02137922
v -0.14628683 0.89609295 0.05574972
v -0.15158859 0.91749579 0.03614416
v -0.14870600 0.91786593 0.05393845
v -0.14052840 0.89628428 0.07436308
v -0.14347060 0.91802508 0.07261701
v -0.14896864 0.94003302 0.05087475
v -0.14421068 0.94006932 0.06948452
v -0.15217564 0.91695184 0.01994040
v -0.15138891 0.93976849 0.03331623
v -0.13565305 0.87573868 0.07414634
v -0.12916218 0.85712099 0.07160332
v -0.13589178 0.85753697 0.05366089
v -0.12863261 0.84168798 0.04978176
v -0.11307362 0.83974570 0.08346815
v -0.12085337 0.85681385 0.08885992
v -0.12746041 0.87571156 0.09213203
v -0.13260421 0.89631391 0.09285636
v -0.13593699 0.91795045 0.09141431
v -0.13713245 0.93981075 0.08841013
v -0.12260839 0.89622921 0.11051312
v -0.12622480 0.91767347 0.10958176
v -0.12784800 0.93923753 0.10688820
v -0.11743806 0.87568486 0.10901269
v -0.12085337 0.85681385 0.08885992
v -0.11115670 0.85672700 0.10466418
v -0.11307362 0.83974570 0.08346815
v -0.10530747 0.87556154 0.12467057
v -0.09978791 0.85658121 0.11885628
v -0.09383895 0.83953035 0.11055151
v -0.11050868 0.89614540 0.12700076
v -0.10530747 0.87556154 0.12467057
v -0.11460150 0.91743231 0.12649769
v -0.11673731 0.93851709 0.12413277
v -0.10105633 0.91726691 0.14167441
v -0.09626130 0.89596874 0.14202350
v -0.10382617 0.93769151 0.13950559
v -0.11673380 0.95904970 0.12051519
v -0.10439507 0.95758194 0.13609137
v -0.12726890 0.96022630 0.10309813
v -0.13600703 0.96106917 0.08452958
v -0.14261188 0.96149409 0.06563482
v -0.14699090 0.96156251 0.04717841
v -0.08745732 0.93611467 0.15298167
v -0.08863011 0.95554948 0.14974225
v -0.08431806 0.91622204 0.15503398
v -0.07990293 0.89470518 0.15504971
v -0.09101017 0.87506557 0.13895133
v -0.07574081 0.87335968 0.15095623
v -0.07294609 0.85425717 0.14134057
v -0.08665941 0.85595584 0.13129912
v -0.07013702 0.83761400 0.12865143
v -0.09978791 0.85658121 0.11885628
v -0.09383895 0.83953035 0.11055151
v -0.06823041 0.95297426 0.16155508
v -0.06668075 0.93348438 0.16458282
v -0.08431806 0.91622204 0.15503398
v -0.04373728 0.95158207 0.17236763
v -0.06337834 0.91379726 0.16660410
v -0.04581301 0.93152434 0.17363745
v -0.03823992 0.91252559 0.17668317
v -0.02502349 0.92089027 0.18059006
v -0.03135780 0.93143481 0.17906013
v -0.01820671 0.92302132 0.18261041
v -0.02288119 0.93094522 0.18245994
v -0.02950582 0.94376981 0.17952190
v -0.02158667 0.94003642 0.18402168
v -0.02142918 0.96296954 0.17871961
v -0.01723954 0.95379269 0.18325566
v -0.01291933 0.94785887 0.18779211
v 0.00000000 0.95793605 0.18566146
v -0.00000000 0.95121825 0.19009706
v -0.00000000 0.96719652 0.18136477
v -0.00000000 0.98016113 0.17739353
v -0.02176882 0.97796917 0.17493534
v -0.04373728 0.95158207 0.17236763
v -0.04417811 0.97442251 0.16822815
v -0.06823041 0.95297426 0.16155508
v -0.06707821 0.97420949 0.15812688
v -0.08748250 0.97574699 0.14573380
v -0.10289276 0.97733176 0.13174710
v -0.11460250 0.97875071 0.11611544
v -0.12442335 0.98002732 0.09878746
v -0.13251795 0.98099416 0.08037587
v -0.13867073 0.98148787 0.06165659
v -0.04159111 0.99537539 0.16319740
v -0.06394316 0.99499303 0.15336914
v -0.08416888 0.99518037 0.14087217
v -0.09927755 0.99594289 0.12677833
v -0.11046427 0.99706650 0.11121200
v -0.11959609 0.99827230 0.09417666
v -0.07909893 1.01209915 0.13494840
v -0.09364889 1.01236391 0.12134852
v -0.06012908 1.01318395 0.14615563
v -0.12704167 0.99924141 0.07614068
v -0.10454588 1.01348674 0.10596552
v -0.07319556 1.02660263 0.12775691
v -0.11317207 1.01468909 0.08937208
v -0.08684291 1.02672422 0.11506135
v -0.09738877 1.02794230 0.10025718
v -0.03928868 1.01456308 0.15446274
v -0.05613877 1.02833891 0.13738558
v -0.06730577 1.03910458 0.11938524
v -0.07968123 1.03931272 0.10772585
v -0.01926738 1.01513815 0.15947381
v -0.02031784 0.99613887 0.16925754
v -0.12005422 1.01559782 0.07189180
v -0.10558827 1.02915108 0.08437853
v -0.13278407 0.99971259 0.05772369
v -0.14280266 0.98155797 0.04339426
v -0.14914006 0.96137059 0.02988387
v -0.15157384 0.93934572 0.01745492
v -0.12543747 1.01598930 0.05388347
v -0.13676213 0.99969637 0.03968516
v -0.14489031 0.98130339 0.02632586
v -0.11200958 1.02998698 0.06761261
v -0.14916556 0.96100396 0.01437140
v -0.14971380 0.93882984 0.00382515
v -0.14725350 0.96052974 0.00114293
v -0.15062033 0.91628933 0.00592599
v -0.14998341 0.89441049 0.00709776
v -0.14808232 0.87518811 0.02137196
v -0.14787838 0.87464625 0.00703768
v -0.14362964 0.85807616 0.01962897
v -0.14443119 0.85812265 0.00553213
v -0.13788988 0.84370530 0.01625059
v -0.13990638 0.84470940 0.00267926
v -0.13471837 0.83400875 -0.00133077
v -0.12232659 0.82022017 0.00431527
v -0.13002580 0.82610214 -0.00626119
v -0.13645072 0.83633411 -0.01125546
v -0.13306090 0.82948428 -0.01460665
v -0.14010115 0.84574020 -0.00829034
v -0.14334993 0.85817397 -0.00606927
v -0.14580454 0.87411350 -0.00483899
v -0.14717942 0.89368767 -0.00474900
v -0.13591950 0.83837098 -0.01908097
v -0.13341339 0.83224130 -0.02151102
v -0.13844064 0.84682095 -0.01686178
v -0.14065361 0.85843581 -0.01513723
v -0.14227042 0.87383097 -0.01414132
v -0.13343622 0.84041035 -0.02492369
v -0.13156877 0.83480024 -0.02682417
v -0.12792049 0.83741117 -0.03040189
v -0.13521779 0.84819049 -0.02316213
v -0.12938821 0.84273303 -0.02883065
v -0.12272270 0.84003764 -0.03222841
v -0.13671698 0.85915875 -0.02176038
v -0.12401861 0.84532732 -0.03096896
v -0.11613027 0.84259403 -0.03228784
v -0.13078326 0.85007495 -0.02734586
v -0.11755365 0.84811586 -0.03159555
v -0.10726530 0.84552860 -0.02999047
v -0.11037441 0.85103285 -0.03128324
v -0.12539154 0.85243058 -0.02975360
v -0.11929537 0.85513490 -0.03082373
v -0.11283587 0.85801935 -0.03119947
v -0.13191015 0.86053813 -0.02612196
v -0.12647694 0.86250544 -0.02865690
v -0.12062895 0.86491084 -0.02989084
v -0.11457397 0.86754316 -0.03046040
v -0.12708820 0.87637806 -0.02794010
v -0.12136332 0.87828571 -0.02919536
v -0.11553535 0.88042176 -0.02978314
v -0.11568906 0.89699125 -0.02974214
v -0.12141430 0.89557850 -0.02912347
v -0.11507136 0.91590345 -0.03034534
v -0.13259600 0.87491167 -0.02537111
v -0.12709932 0.89434701 -0.02784468
v -0.12076490 0.91536736 -0.02966410
v -0.11373289 0.93538022 -0.03143618
v -0.13772929 0.87403846 -0.02092716
v -0.13268897 0.89346552 -0.02526476
v -0.11941356 0.93578488 -0.03068969
v -0.11171541 0.95360953 -0.03276649
v -0.12644914 0.91493410 -0.02834645
v -0.13806753 0.89305449 -0.02081914
v -0.11735272 0.95492733 -0.03200407
v -0.10903250 0.96915585 -0.03411531
v -0.12509194 0.93620670 -0.02934200
v -0.13209853 0.91469961 -0.02577356
v -0.14304315 0.89317334 -0.01403740
v -0.11455338 0.97127998 -0.03342748
v -0.10559432 0.98213077 -0.03546186
v -0.13762245 0.91473162 -0.02139689
v -0.13075006 0.93666136 -0.02680733
v -0.12297962 0.95619345 -0.03067691
v -0.14284922 0.91506398 -0.01475583
v -0.11090704 0.98492128 -0.03491449
v -0.10127625 0.99308926 -0.03684116
v -0.12004901 0.97331774 -0.03220358
v -0.11617938 0.98762268 -0.03385274
v -0.10627893 0.99639004 -0.03645763
v -0.09591772 1.00281799 -0.03831114
v -0.11123139 0.99962109 -0.03557817
v -0.10050880 1.00647271 -0.03806706
v -0.08933903 1.01200521 -0.03990831
v -0.10504902 1.01008761 -0.03734746
v -0.09342482 1.01586795 -0.03974145
v -0.08132008 1.02071691 -0.04156066
v -0.09746989 1.01971853 -0.03912577
v -0.08483302 1.02467203 -0.04141570
v -0.07165002 1.02882707 -0.04316584
v -0.07455318 1.03279412 -0.04300708
v -0.06019508 1.03606069 -0.04460885
v -0.08832247 1.02863693 -0.04085515
v -0.06248160 1.03999698 -0.04442607
v -0.04692819 1.04211366 -0.04578596
v -0.07745188 1.03678703 -0.04247126
v -0.04861574 1.04600823 -0.04559060
v -0.03217138 1.04671240 -0.04665134
v -0.06477889 1.04396737 -0.04390736
v -0.03328114 1.05056894 -0.04645523
v -0.01635583 1.04960608 -0.04717778
v -0.05032117 1.04994035 -0.04509964
v -0.01690586 1.05343723 -0.04698718
v 0.00000000 1.05060828 -0.04735470
v 0.00000000 1.05443048 -0.04716784
v -0.03440798 1.05446327 -0.04599807
v -0.01746605 1.05730510 -0.04655926
v 0.00000000 1.05828869 -0.04675245
v -0.01804439 1.06124079 -0.04564225
v 0.00000000 1.06221366 -0.04586499
v -0.03556484 1.05842650 -0.04500585
v -0.05205648 1.05394030 -0.04400680
v -0.06709054 1.04799771 -0.04270902
v -0.01864032 1.06525624 -0.04392639
v 0.00000000 1.06621909 -0.04420177
v -0.03674809 1.06246734 -0.04315264
v -0.05381020 1.05800974 -0.04196313
v -0.01924257 1.06933963 -0.04102943
v 0.00000000 1.07029581 -0.04138391
v -0.03793339 1.06656373 -0.04004766
v -0.01980560 1.07339883 -0.03633731
v 0.00000000 1.07436311 -0.03679193
v -0.08033345 1.04082227 -0.04117670
v -0.06939113 1.05208325 -0.04045608
v -0.05554151 1.06211674 -0.03856635
v -0.03903009 1.07060087 -0.03509253
v -0.02027301 1.07731140 -0.02921585
v 0.00000000 1.07830787 -0.02978252
v -0.08315246 1.04488695 -0.03872306
v -0.07161918 1.05618000 -0.03673449
v -0.05711563 1.06611681 -0.03324352
v -0.03992707 1.07442987 -0.02767883
v -0.02057934 1.08089805 -0.01918253
v 0.00000000 1.08195722 -0.01985732
v -0.08582263 1.04892933 -0.03468671
v -0.07359737 1.06012154 -0.03100524
v -0.05836998 1.06983185 -0.02542554
v -0.04049761 1.07785988 -0.01736561
v -0.02065636 1.08393240 -0.00600233
v -0.00000000 1.08508122 -0.00675937
v -0.08812671 1.05277550 -0.02856951
v -0.07511628 1.06370723 -0.02274842
v -0.05912460 1.07305741 -0.01472965
v -0.04061200 1.08067226 -0.00397318
v -0.02043386 1.08604789 0.00972140
v -0.00000000 1.08728373 0.00894772
v -0.08981407 1.05621970 -0.01990637
v -0.07595351 1.06672561 -0.01164532
v -0.05920133 1.07558692 -0.00104858
v -0.04014441 1.08257484 0.01180075
v -0.05844650 1.07722318 0.01480911
v -0.07589934 1.06898570 0.00233991
v -0.09063178 1.05905771 -0.00843912
v -0.03899318 1.08327413 0.02901270
v -0.07480786 1.07037866 0.01831312
v -0.09035667 1.06111538 0.00581318
v -0.01985415 1.08686066 0.02714104
v -0.05674072 1.07778704 0.03178966
v -0.08888716 1.06234384 0.02192943
v -0.03714991 1.08253658 0.04661370
v -0.10278626 1.05194342 0.00925661
v -0.10095439 1.05306017 0.02553139
v -0.10330047 1.05005181 -0.00521313
v -0.10253867 1.04740596 -0.01698577
v -0.10072713 1.04415584 -0.02600617
v -0.09814100 1.04048514 -0.03247928
v -0.09506623 1.03658402 -0.03681343
v -0.09175611 1.03261554 -0.03946202
v -0.10142417 1.02354002 -0.03761402
v -0.10520018 1.02729630 -0.03476524
v -0.10866369 1.03092730 -0.03014633
v -0.11153086 1.03429699 -0.02334936
v -0.11348592 1.03725076 -0.01402089
v -0.10947756 1.01362050 -0.03568102
v -0.10504902 1.01008761 -0.03734746
v -0.11369406 1.01702011 -0.03261353
v -0.11754874 1.02022588 -0.02771208
v -0.12073341 1.02314198 -0.02061194
v -0.11607290 1.00271416 -0.03371343
v -0.11123139 0.99962109 -0.03557817
v -0.12070017 1.00560355 -0.03040018
v -0.12495676 1.00822818 -0.02520791
v -0.12135932 0.99014878 -0.03177083
v -0.11617938 0.98762268 -0.03385274
v -0.12634838 0.99242687 -0.02819734
v -0.12548120 0.97518677 -0.02991818
v -0.12004901 0.97331774 -0.03220358
v -0.12290708 1.02566528 -0.01101010
v -0.12851623 1.01054108 -0.01781076
v -0.13098997 0.99439979 -0.02270391
v -0.13076024 0.97682089 -0.02608860
v -0.12857141 0.95735806 -0.02823324
v -0.13404596 0.95838231 -0.02417306
v -0.13630717 0.93715888 -0.02256160
v -0.13573191 0.97817433 -0.02028552
v -0.13494162 0.99606299 -0.01499968
v -0.14160419 0.93770158 -0.01615783
v -0.13924958 0.95924050 -0.01806108
v -0.14003573 0.97926712 -0.01225044
v -0.14734715 0.91561931 -0.00567097
v -0.14623107 0.93826854 -0.00739584
v -0.14379930 0.95994812 -0.00966919
v -0.14326033 0.98013407 -0.00180376
v -0.13781771 0.99742448 -0.00486620
v -0.14499669 0.98080832 0.01108943
v -0.13101539 1.01249778 -0.00795002
v -0.13891737 0.99926835 0.02279979
v -0.13924597 0.99849385 0.00776320
v -0.13211402 1.01405907 0.00446912
v -0.12929632 1.01584196 0.03609581
v -0.13154331 1.01518703 0.01936271
v -0.12375566 1.02769935 0.00121794
v -0.11707117 1.03029752 0.05009231
v -0.12077929 1.03002989 0.03258006
v -0.12303817 1.02916265 0.01599053
v -0.11423512 1.03964269 -0.00200036
v -0.11354933 1.04135239 0.01263802
v -0.11143680 1.04236436 0.02907375
v -0.10796683 1.04269946 0.04629863
v -0.09781754 1.05342615 0.04250970
v -0.10321610 1.04241908 0.06330008
v -0.08617013 1.06273675 0.03876086
v -0.09342090 1.05311561 0.05908912
v -0.09717486 1.04161608 0.07925260
v -0.07257551 1.07083011 0.03514023
v -0.08222483 1.06234097 0.05515017
v -0.08948119 1.04046583 0.09408339
v -0.08778317 1.05224574 0.07435954
v -0.05407746 1.07715356 0.04877413
v -0.06920448 1.07031786 0.05165752
v -0.07712249 1.06125438 0.07011799
v -0.08078408 1.05104887 0.08818115
v -0.07219093 1.04987574 0.10053183
v -0.07106935 1.05972719 0.08340508
v -0.06481326 1.06888020 0.06685163
v -0.05058922 1.07527423 0.06475840
v -0.06145971 1.04942322 0.11109006
v -0.06415512 1.05812728 0.09487890
v -0.05987994 1.06674707 0.08034027
v -0.03472639 1.08022678 0.06362840
v -0.04685186 1.07234871 0.07926267
v -0.05217597 1.04050481 0.12832263
v -0.03222213 1.07653248 0.07948124
v -0.03733994 1.03057492 0.14413969
v -0.03528931 1.04244626 0.13475032
v -0.01856517 1.03181386 0.14836186
v -0.04821406 1.05018032 0.11954655
v -0.01776096 1.04369509 0.13894299
v -0.00000000 1.03212428 0.14984563
v -0.05567711 1.05725038 0.10419919
v -0.03305974 1.05145299 0.12594026
v -0.05499051 1.06422794 0.09176632
v -0.04445103 1.05789828 0.11124091
v -0.04365484 1.06858814 0.09194312
v -0.05119272 1.06203222 0.09956716
v -0.04238768 1.06391501 0.10252170
v -0.03085864 1.05913901 0.11668517
v -0.01679423 1.05239546 0.13024873
v -0.03027055 1.07169998 0.09374144
v -0.02965301 1.06587338 0.10615703
v -0.01578875 1.06010509 0.12055623
v -0.00000000 1.04408813 0.14047429
v -0.01521589 1.06723416 0.10911579
v -0.01548558 1.07369685 0.09556434
v 0.00000000 1.05273771 0.13185503
v 0.01776096 1.04369485 0.13894302
v 0.01856517 1.03181386 0.14836186
v 0.00000000 1.06047499 0.12205858
v 0.01679423 1.05239546 0.13024876
v 0.03528932 1.04244602 0.13475032
v 0.03733994 1.03057516 0.14413968
v -0.01641466 1.07920754 0.08011189
v 0.00000000 1.06773639 0.11033593
v 0.01578875 1.06010509 0.12055624
v 0.03305974 1.05145299 0.12594026
v -0.01767000 1.08343267 0.06315586
v 0.00000000 1.07441163 0.09637915
v 0.01521589 1.06723392 0.10911579
v 0.03085864 1.05913901 0.11668515
v 0.00000000 1.08015490 0.08046462
v -0.01891178 1.08605444 0.04527044
v 0.01548558 1.07369685 0.09556434
v 0.02965301 1.06587338 0.10615703
v 0.00000000 1.08457327 0.06305949
v -0.00000000 1.08814406 0.02645712
v -0.00000000 1.08731341 0.04480974
v 0.01641466 1.07920754 0.08011189
v 0.03027056 1.07169998 0.09374145
v 0.01767000 1.08343244 0.06315584
v 0.03222213 1.07653248 0.07948126
v 0.01891178 1.08605444 0.04527044
v -0.00000000 1.08731341 0.04480974
v 0.01985416 1.08686066 0.02714104
v 0.03472639 1.08022678 0.06362841
v 0.03714991 1.08253658 0.04661370
v 0.02043386 1.08604789 0.00972140
v -0.00000000 1.08508122 -0.00675937
v 0.03899318 1.08327413 0.02901270
v 0.02065636 1.08393240 -0.00600233
v 0.00000000 1.08195722 -0.01985732
v 0.04014440 1.08257484 0.01180075
v 0.02057934 1.08089805 -0.01918253
v 0.00000000 1.07830787 -0.02978252
v 0.04061200 1.08067226 -0.00397317
v 0.05844650 1.07722318 0.01480911
v 0.05674072 1.07778740 0.03178966
v 0.05407747 1.07715380 0.04877413
v 0.02027300 1.07731140 -0.02921585
v 0.00000000 1.07436311 -0.03679193
v 0.04049761 1.07785988 -0.01736561
v 0.05920134 1.07558668 -0.00104858
v 0.07480786 1.07037866 0.01831312
v 0.01980560 1.07339907 -0.03633732
v 0.00000000 1.07029581 -0.04138391
v 0.03992707 1.07442987 -0.02767883
v 0.05912460 1.07305741 -0.01472965
v 0.01924257 1.06933939 -0.04102943
v 0.00000000 1.06621909 -0.04420177
v 0.03903009 1.07060087 -0.03509253
v 0.01864032 1.06525624 -0.04392639
v 0.00000000 1.06221366 -0.04586499
v 0.07257551 1.07083035 0.03514023
v 0.07589935 1.06898570 0.00233991
v 0.05836997 1.06983185 -0.02542554
v 0.03793339 1.06656373 -0.04004766
v 0.01804439 1.06124103 -0.04564225
v 0.00000000 1.05828869 -0.04675245
v 0.07595351 1.06672585 -0.01164532
v 0.05711563 1.06611681 -0.03324352
v 0.03674810 1.06246710 -0.04315264
v 0.01746605 1.05730510 -0.04655926
v 0.00000000 1.05443048 -0.04716784
v 0.07511628 1.06370699 -0.02274842
v 0.05554151 1.06211674 -0.03856635
v 0.03556484 1.05842650 -0.04500585
v 0.01690586 1.05343723 -0.04698718
v 0.00000000 1.05060828 -0.04735470
v 0.01635583 1.04960585 -0.04717779
v 0.03440798 1.05446327 -0.04599807
v 0.03328114 1.05056894 -0.04645523
v 0.03217138 1.04671240 -0.04665134
v 0.05381020 1.05800974 -0.04196313
v 0.07359736 1.06012154 -0.03100524
v 0.05205648 1.05394006 -0.04400680
v 0.04861574 1.04600823 -0.04559061
v 0.04692819 1.04211366 -0.04578596
v 0.05032117 1.04994035 -0.04509964
v 0.07161917 1.05618000 -0.03673449
v 0.06248160 1.03999698 -0.04442607
v 0.06019508 1.03606069 -0.04460885
v 0.06939114 1.05208325 -0.04045608
v 0.06477889 1.04396737 -0.04390736
v 0.06709054 1.04799771 -0.04270902
v 0.07455318 1.03279412 -0.04300708
v 0.07165002 1.02882707 -0.04316584
v 0.07745188 1.03678703 -0.04247126
v 0.08033344 1.04082251 -0.04117670
v 0.08315246 1.04488671 -0.03872306
v 0.08582264 1.04892957 -0.03468671
v 0.08483302 1.02467203 -0.04141570
v 0.08132008 1.02071691 -0.04156066
v 0.08832247 1.02863717 -0.04085516
v 0.09175610 1.03261554 -0.03946202
v 0.09506623 1.03658402 -0.03681343
v 0.09342482 1.01586795 -0.03974145
v 0.08933903 1.01200521 -0.03990831
v 0.09746989 1.01971853 -0.03912577
v 0.10142417 1.02354014 -0.03761402
v 0.10050882 1.00647271 -0.03806707
v 0.09591772 1.00281799 -0.03831114
v 0.10504902 1.01008761 -0.03734746
v 0.10627891 0.99639004 -0.03645763
v 0.10127625 0.99308926 -0.03684116
v 0.09814101 1.04048538 -0.03247928
v 0.10520018 1.02729630 -0.03476524
v 0.10947756 1.01362050 -0.03568102
v 0.11123139 0.99962109 -0.03557817
v 0.11090704 0.98492128 -0.03491450
v 0.10559432 0.98213065 -0.03546186
v 0.10866368 1.03092730 -0.03014634
v 0.11369406 1.01702011 -0.03261353
v 0.11607290 1.00271416 -0.03371345
v 0.11617939 0.98762280 -0.03385274
v 0.11455338 0.97127998 -0.03342748
v 0.10903250 0.96915585 -0.03411531
v 0.11754873 1.02022588 -0.02771208
v 0.12070016 1.00560355 -0.03040018
v 0.12135932 0.99014878 -0.03177083
v 0.12004901 0.97331774 -0.03220358
v 0.11735272 0.95492733 -0.03200407
v 0.11171541 0.95360953 -0.03276649
v 0.12495675 1.00822818 -0.02520791
v 0.12634838 0.99242687 -0.02819734
v 0.12548120 0.97518665 -0.02991818
v 0.12297962 0.95619333 -0.03067691
v 0.11941356 0.93578500 -0.03068969
v 0.11373288 0.93538034 -0.03143618
v 0.13098995 0.99439979 -0.02270391
v 0.13076024 0.97682077 -0.02608860
v 0.12857144 0.95735806 -0.02823324
v 0.12509194 0.93620670 -0.02934200
v 0.12076490 0.91536736 -0.02966410
v 0.11507136 0.91590345 -0.03034534
v 0.13573189 0.97817433 -0.02028552
v 0.13404594 0.95838231 -0.02417306
v 0.13075009 0.93666124 -0.02680733
v 0.12644914 0.91493410 -0.02834645
v 0.12141430 0.89557850 -0.02912347
v 0.11568906 0.89699113 -0.02974214
v 0.13924958 0.95924050 -0.01806108
v 0.13630715 0.93715888 -0.02256160
v 0.13209851 0.91469949 -0.02577356
v 0.12709932 0.89434701 -0.02784468
v 0.12136332 0.87828571 -0.02919536
v 0.11553535 0.88042176 -0.02978314
v 0.11457397 0.86754322 -0.03046040
v 0.12708819 0.87637818 -0.02794010
v 0.12062892 0.86491084 -0.02989084
v 0.11283587 0.85801935 -0.03119947
v 0.13268895 0.89346552 -0.02526476
v 0.13762246 0.91473150 -0.02139689
v 0.11929537 0.85513484 -0.03082374
v 0.11037441 0.85103285 -0.03128324
v 0.13259599 0.87491167 -0.02537111
v 0.13806753 0.89305443 -0.02081914
v 0.12647694 0.86250544 -0.02865690
v 0.11755365 0.84811586 -0.03159555
v 0.10726530 0.84552860 -0.02999047
v 0.11613026 0.84259397 -0.03228784
v 0.12539154 0.85243046 -0.02975360
v 0.12401861 0.84532756 -0.03096896
v 0.12272270 0.84003764 -0.03222841
v 0.13191013 0.86053801 -0.02612196
v 0.13078324 0.85007495 -0.02734586
v 0.12938820 0.84273297 -0.02883065
v 0.12792048 0.83741117 -0.03040189
v 0.13521779 0.84819049 -0.02316213
v 0.13521779 0.84819049 -0.02316213
v 0.13343620 0.84041035 -0.02492369
v 0.13156877 0.83480024 -0.02682417
v 0.13341337 0.83224130 -0.02151102
v 0.13671699 0.85915869 -0.02176038
v 0.13844064 0.84682089 -0.01686178
v 0.13591950 0.83837086 -0.01908097
v 0.13844064 0.84682089 -0.01686178
v 0.13306090 0.82948428 -0.01460665
v 0.13645072 0.83633411 -0.01125546
v 0.14010115 0.84574020 -0.00829034
v 0.13002580 0.82610196 -0.00626119
v 0.13471837 0.83400875 -0.00133077
v 0.12232659 0.82022005 0.00431528
v 0.13990638 0.84470934 0.00267926
v 0.13111247 0.83159977 0.01139635
v 0.11882801 0.81911242 0.02350307
v 0.12664796 0.82987916 0.02758357
v 0.11317860 0.81712979 0.04001617
v 0.13788988 0.84370530 0.01625059
v 0.13788988 0.84370530 0.01625059
v 0.12072546 0.82815784 0.04481510
v 0.10524797 0.81441736 0.05494411
v 0.13413930 0.84273219 0.03235794
v 0.12863259 0.84168810 0.04978176
v 0.11300196 0.82608658 0.06134338
v 0.09360549 0.80959243 0.06778609
v 0.14443119 0.85812277 0.00553213
v 0.14362961 0.85807616 0.01962897
v 0.12143537 0.84055322 0.06712922
v 0.13589177 0.85753691 0.05366089
v 0.10434188 0.82440948 0.07657042
v 0.08843523 0.81195921 0.08259217
v 0.12916216 0.85712087 0.07160332
v 0.14192174 0.87571168 0.05577094
v 0.11307362 0.83974570 0.08346815
v 0.11307362 0.83974570 0.08346815
v 0.09619118 0.82442689 0.09017657
v 0.08109229 0.81258148 0.09195662
v 0.10399070 0.83958185 0.09806898
v 0.08734743 0.82467097 0.10114443
v 0.07166239 0.81200075 0.09786800
v 0.09383896 0.83953035 0.11055151
v 0.07698880 0.82413381 0.10921197
v 0.05886123 0.80879730 0.09994189
v 0.08232168 0.83895189 0.12070557
v 0.06572185 0.82304609 0.11553988
v 0.05070741 0.81131417 0.11152621
v 0.07013702 0.83761400 0.12865144
v 0.05491071 0.82236499 0.12199420
v 0.04218476 0.81223148 0.11845626
v 0.05815475 0.83546698 0.13461070
v 0.04493261 0.82158947 0.12760206
v 0.03426948 0.81263310 0.12346039
v 0.03593377 0.82059264 0.13220863
v 0.02390511 0.81202972 0.12768400
v 0.04693663 0.83277702 0.13887939
v 0.03660747 0.82989568 0.14183874
v 0.04737013 0.84651852 0.15202075
v 0.02610895 0.81936926 0.13640086
v 0.02585255 0.82719898 0.14413618
v 0.03611283 0.84095460 0.15183768
v 0.04233317 0.86439854 0.16643056
v 0.02519513 0.83625901 0.15114759
v 0.03104881 0.85051656 0.16091727
v 0.01313384 0.83336651 0.15209253
v 0.01345137 0.82511699 0.14617430
v -0.00000000 0.83223486 0.15294857
v -0.00000000 0.82427341 0.14711018
v 0.01407819 0.84283209 0.15890564
v -0.00000000 0.84215868 0.16031244
v -0.00000000 0.85504925 0.16897824
v 0.02393539 0.84326285 0.15685017
v 0.01762362 0.85443926 0.16679277
v -0.00000000 0.87142915 0.17647977
v 0.02106128 0.86993986 0.17415778
v -0.00000000 0.89048469 0.18056528
v 0.02067216 0.88968205 0.17880546
v -0.00000000 0.90654075 0.18208285
v 0.01775148 0.90699977 0.18096945
v 0.04138168 0.88935047 0.17367724
v 0.06044014 0.86977923 0.15992504
v 0.03823992 0.91252559 0.17668317
v 0.06149899 0.89177841 0.16562027
v 0.02502349 0.92089027 0.18059006
v 0.06337834 0.91379738 0.16660410
v 0.01345155 0.91571361 0.18204625
v 0.01820671 0.92302132 0.18261039
v 0.00996186 0.91811669 0.18312068
v -0.00000000 0.90654075 0.18208285
v -0.00000000 0.91450810 0.18259011
v 0.00000000 0.91650772 0.18338415
v 0.07990293 0.89470512 0.15504970
v 0.07574081 0.87335962 0.15095620
v 0.08431808 0.91622210 0.15503398
v 0.07294609 0.85425717 0.14134055
v 0.09101018 0.87506545 0.13895133
v 0.06668075 0.93348444 0.16458282
v 0.08745734 0.93611467 0.15298167
v 0.05981085 0.85104650 0.14836036
v 0.04233317 0.86439854 0.16643056
v 0.04737013 0.84651852 0.15202075
v 0.04693663 0.83277702 0.13887939
v 0.07013702 0.83761400 0.12865144
v 0.08665940 0.85595584 0.13129912
v 0.08232168 0.83895189 0.12070557
v 0.10530747 0.87556154 0.12467057
v 0.09978791 0.85658121 0.11885628
v 0.09383896 0.83953035 0.11055151
v 0.11115672 0.85672700 0.10466419
v 0.11743806 0.87568486 0.10901270
v 0.10399070 0.83958185 0.09806898
v 0.09383896 0.83953035 0.11055151
v 0.12085337 0.85681385 0.08885991
v 0.12746041 0.87571144 0.09213203
v 0.12260839 0.89622927 0.11051314
v 0.11050868 0.89614528 0.12700076
v 0.10530747 0.87556154 0.12467057
v 0.09626130 0.89596874 0.14202349
v 0.09101018 0.87506545 0.13895133
v 0.07990293 0.89470512 0.15504970
v 0.07574081 0.87335962 0.15095620
v 0.08431808 0.91622210 0.15503398
v 0.10105633 0.91726691 0.14167441
v 0.08745734 0.93611467 0.15298167
v 0.11460150 0.91743231 0.12649767
v 0.10382615 0.93769151 0.13950558
v 0.08863011 0.95554942 0.14974225
v 0.10439508 0.95758194 0.13609135
v 0.08748250 0.97574687 0.14573382
v 0.11673731 0.93851709 0.12413277
v 0.12622480 0.91767347 0.10958176
v 0.10289278 0.97733176 0.13174710
v 0.08416887 0.99518037 0.14087217
v 0.11673380 0.95904970 0.12051519
v 0.13260421 0.89631385 0.09285636
v 0.12784798 0.93923753 0.10688820
v 0.13565306 0.87573880 0.07414634
v 0.12085337 0.85681385 0.08885991
v 0.13593699 0.91795051 0.09141431
v 0.14052843 0.89628428 0.07436305
v 0.11460250 0.97875059 0.11611544
v 0.12726890 0.96022630 0.10309815
v 0.13713245 0.93981063 0.08841013
v 0.14347060 0.91802508 0.07261701
v 0.14628683 0.89609295 0.05574973
v 0.09927755 0.99594289 0.12677833
v 0.07909892 1.01209915 0.13494840
v 0.06394316 0.99499303 0.15336914
v 0.12442335 0.98002744 0.09878746
v 0.13600703 0.96106929 0.08452957
v 0.14421068 0.94006932 0.06948451
v 0.11046427 0.99706650 0.11121202
v 0.14870600 0.91786593 0.05393845
v 0.09364889 1.01236391 0.12134853
v 0.14261188 0.96149409 0.06563482
v 0.13251793 0.98099416 0.08037587
v 0.11959609 0.99827230 0.09417666
v 0.14896867 0.94003308 0.05087475
v 0.10454590 1.01348674 0.10596552
v 0.14977580 0.89571416 0.03782457
v 0.14609708 0.87554502 0.03787836
v 0.14808232 0.87518811 0.02137196
v 0.15158859 0.91749579 0.03614416
v 0.15098001 0.89514232 0.02137922
v 0.14699090 0.96156251 0.04717841
v 0.15138888 0.93976849 0.03331623
v 0.15217562 0.91695184 0.01994040
v 0.13867073 0.98148787 0.06165659
v 0.12704165 0.99924141 0.07614068
v 0.11317208 1.01468945 0.08937208
v 0.14998341 0.89441049 0.00709776
v 0.15062033 0.91628933 0.00592599
v 0.14787838 0.87464631 0.00703768
v 0.14280266 0.98155797 0.04339426
v 0.13278407 0.99971259 0.05772370
v 0.12005421 1.01559782 0.07189180
v 0.14914006 0.96137047 0.02988387
v 0.15157379 0.93934572 0.01745492
v 0.14971384 0.93882984 0.00382515
v 0.13676213 0.99969637 0.03968516
v 0.14489031 0.98130339 0.02632586
v 0.14916556 0.96100396 0.01437140
v 0.12543747 1.01598930 0.05388347
v 0.14725347 0.96052974 0.00114293
v 0.14623107 0.93826854 -0.00739584
v 0.14379929 0.95994818 -0.00966919
v 0.14734715 0.91561931 -0.00567097
v 0.14717944 0.89368767 -0.00474900
v 0.14326033 0.98013395 -0.00180376
v 0.14003573 0.97926712 -0.01225045
v 0.14499667 0.98080820 0.01108943
v 0.13891737 0.99926835 0.02279979
v 0.12929632 1.01584232 0.03609581
v 0.13494162 0.99606299 -0.01499968
v 0.14160419 0.93770158 -0.01615783
v 0.14284922 0.91506398 -0.01475583
v 0.14304312 0.89317334 -0.01403740
v 0.13781773 0.99742448 -0.00486620
v 0.14580454 0.87411350 -0.00483899
v 0.14227042 0.87383097 -0.01414132
v 0.14334993 0.85817397 -0.00606927
v 0.14010115 0.84574020 -0.00829034
v 0.14065361 0.85843587 -0.01513723
v 0.13772930 0.87403834 -0.02092716
v 0.14609708 0.87554502 0.03787836
v 0.14808232 0.87518811 0.02137196
v 0.14076400 0.85787940 0.03598042
v 0.13413930 0.84273219 0.03235794
v 0.13589177 0.85753691 0.05366089
v 0.12863259 0.84168810 0.04978176
v -0.04501022 1.03046834 -0.08634119
v -0.05009055 1.01927888 -0.09314676
v -0.03991459 1.02225387 -0.09957048
v -0.03576021 1.03314066 -0.09244017
v -0.03848931 1.04073822 -0.07893746
v -0.03060674 1.04293108 -0.08477741
v -0.03042179 1.04978144 -0.07165522
v -0.02450212 1.05131888 -0.07705335
v -0.02105997 1.05789697 -0.06429812
v -0.01786310 1.05834401 -0.06933971
v -0.02541790 1.03554845 -0.09788006
v -0.02177521 1.04492605 -0.08984970
v -0.01758929 1.05279827 -0.08154500
v -0.02845862 1.02490962 -0.10541236
v -0.01294894 1.05935514 -0.07282177
v -0.01207972 1.06339872 -0.06274251
v -0.01136209 1.04647160 -0.09340113
v -0.01325510 1.03737736 -0.10192377
v -0.01486931 1.02688766 -0.10993508
v -0.00924101 1.05393243 -0.08456659
v -0.03082362 1.01338637 -0.11215930
v -0.01614813 1.01538599 -0.11717951
v -0.04304469 1.01066494 -0.10569622
v -0.05009055 1.01927888 -0.09314676
v -0.05379312 1.00759733 -0.09860104
v -0.04484764 0.99877769 -0.11074083
v -0.05564979 0.99573690 -0.10273269
v -0.03234895 1.00145030 -0.11794691
v -0.04509979 0.98700106 -0.11475997
v -0.05531942 0.98402542 -0.10580191
v -0.01702274 1.00337338 -0.12340514
v -0.00000000 1.00411379 -0.12559450
v -0.03291095 0.98957115 -0.12266774
v 0.00000000 1.01616895 -0.11923158
v -0.04417242 0.97575736 -0.11794269
v -0.05349990 0.97296244 -0.10821265
v -0.01744008 0.99134636 -0.12841406
v -0.03263723 0.97811961 -0.12636685
v -0.04235237 0.96510404 -0.12049522
v -0.05080575 0.96265888 -0.11036904
v -0.03158187 0.96712059 -0.12912452
v -0.01742248 0.97966552 -0.13222080
v -0.03899391 0.95362818 -0.12255871
v -0.04647920 0.95149785 -0.11253199
v -0.02925344 0.95531607 -0.13100934
v -0.02529229 0.94182688 -0.13207734
v -0.03358943 0.94032264 -0.12421755
v -0.03987936 0.93831104 -0.11483080
v -0.02041149 0.92857313 -0.13234633
v -0.02711653 0.92727786 -0.12539352
v -0.03220585 0.92545527 -0.11701116
v -0.01551213 0.91770947 -0.13181572
v -0.02080143 0.91682160 -0.12598479
v -0.01117471 0.90953034 -0.13044953
v -0.02495221 0.91553825 -0.11881012
v -0.01537995 0.90913635 -0.12595685
v -0.01894730 0.90865147 -0.12031350
v 0.00000000 1.07286286 -0.04855844
v -0.01436067 1.06918430 -0.04888094
v -0.02098193 1.06684518 -0.05456170
v -0.01785603 1.06660843 -0.05712856
v -0.03100786 1.06350601 -0.05729600
v -0.02105997 1.05789697 -0.06429812
v -0.01786310 1.05834401 -0.06933971
v -0.01076810 1.06549954 -0.05655333
v 0.00000000 1.07286286 -0.04855844
v -0.00779884 1.06501317 -0.06332131
v -0.00483227 1.06426609 -0.06727676
v 0.00000000 1.07286286 -0.04855844
v -0.00693135 1.05998445 -0.07539158
v 0.00000000 1.06039202 -0.07591087
v 0.00000000 1.05441630 -0.08560019
v -0.00000000 1.06553149 -0.06528167
v 0.00483227 1.06426609 -0.06727678
v 0.00000000 1.04710209 -0.09473626
v 0.00693135 1.05998445 -0.07539158
v 0.00924101 1.05393243 -0.08456660
v 0.00000000 1.03811216 -0.10352216
v 0.01294894 1.05935514 -0.07282177
v 0.00779884 1.06501317 -0.06332131
v 0.01758929 1.05279827 -0.08154500
v 0.01136209 1.04647160 -0.09340113
v 0.02177521 1.04492605 -0.08984970
v 0.01207972 1.06339848 -0.06274251
v 0.01076810 1.06549954 -0.05655333
v 0.01294894 1.05935514 -0.07282177
v 0.00000000 1.02767086 -0.11177929
v 0.01325510 1.03737736 -0.10192377
v 0.02177521 1.04492605 -0.08984970
v 0.01786310 1.05834401 -0.06933971
v 0.01486931 1.02688766 -0.10993509
v 0.02450212 1.05131888 -0.07705335
v 0.02105997 1.05789697 -0.06429811
v 0.01076810 1.06549954 -0.05655333
v 0.03042179 1.04978144 -0.07165522
v 0.03060674 1.04293108 -0.08477741
v 0.03848931 1.04073822 -0.07893746
v 0.02541790 1.03554845 -0.09788006
v 0.03576021 1.03314066 -0.09244016
v 0.04501022 1.03046870 -0.08634121
v 0.03991457 1.02225363 -0.09957048
v 0.05009055 1.01927888 -0.09314677
v 0.02845862 1.02490962 -0.10541236
v 0.01614813 1.01538599 -0.11717951
v 0.03082362 1.01338637 -0.11215930
v 0.01702274 1.00337338 -0.12340514
v 0.01744008 0.99134636 -0.12841408
v 0.00000000 0.99200547 -0.13064413
v 0.03234896 1.00145030 -0.11794691
v 0.03291095 0.98957115 -0.12266774
v 0.01742249 0.97966552 -0.13222082
v 0.00000000 0.98021084 -0.13440683
v 0.00000000 0.96876115 -0.13697121
v 0.03263723 0.97811949 -0.12636687
v -0.01694950 0.96835572 -0.13489334
v 0.00000000 0.95648521 -0.13842408
v -0.03263723 0.97811961 -0.12636685
v 0.01694950 0.96835566 -0.13489334
v -0.01575431 0.95623052 -0.13650103
v -0.02925344 0.95531607 -0.13100934
v -0.02529229 0.94182688 -0.13207734
v -0.01364976 0.94247955 -0.13709779
v -0.02041149 0.92857313 -0.13234633
v -0.01101360 0.92900515 -0.13667467
v -0.01551213 0.91770947 -0.13181572
v 0.00000000 0.94259161 -0.13882455
v -0.00832532 0.91795731 -0.13523848
v -0.01117471 0.90953034 -0.13044953
v -0.00000000 0.92900974 -0.13812228
v -0.00590630 0.90976083 -0.13292171
v -0.00000000 0.91792613 -0.13630566
v 0.01364976 0.94247955 -0.13709779
v 0.01101360 0.92900527 -0.13667467
v 0.00832532 0.91795731 -0.13523848
v 0.01575431 0.95623052 -0.13650103
v 0.03158187 0.96712047 -0.12912452
v 0.02041149 0.92857313 -0.13234633
v 0.02529229 0.94182676 -0.13207735
v 0.01551213 0.91770947 -0.13181572
v 0.02925344 0.95531607 -0.13100934
v 0.00590630 0.90976095 -0.13292171
v 0.01117471 0.90953034 -0.13044953
v 0.02080142 0.91682160 -0.12598479
v 0.01537995 0.90913641 -0.12595683
v 0.02711653 0.92727786 -0.12539352
v 0.02495221 0.91553831 -0.11881012
v 0.01894730 0.90865147 -0.12031350
v 0.03220585 0.92545527 -0.11701116
v 0.03987936 0.93831104 -0.11483081
v 0.03358943 0.94032276 -0.12421754
v 0.04647920 0.95149785 -0.11253199
v 0.03899391 0.95362812 -0.12255873
v 0.05080575 0.96265882 -0.11036904
v 0.04235237 0.96510404 -0.12049522
v 0.05349990 0.97296244 -0.10821265
v 0.04417243 0.97575736 -0.11794269
v 0.05531942 0.98402542 -0.10580191
v 0.04509980 0.98700112 -0.11475997
v 0.05564979 0.99573690 -0.10273269
v 0.04484763 0.99877769 -0.11074083
v 0.05379312 1.00759733 -0.09860104
v 0.04304469 1.01066494 -0.10569624
v 0.05009055 1.01927888 -0.09314677
v 0.03991457 1.02225363 -0.09957048
v 0.02845862 1.02490962 -0.10541236
v -0.00772767 0.90368360 -0.12828374
v -0.01117471 0.90953034 -0.13044953
v -0.00394551 0.90417409 -0.12992077
v -0.00481177 0.89909381 -0.12567775
v -0.00226029 0.90001023 -0.12656155
v 0.00000000 0.90453154 -0.13039696
v 0.00000000 0.90075999 -0.12689507
v 0.00000000 0.90983254 -0.13362700
v 0.00394551 0.90417409 -0.12992077
v 0.00000000 0.90453154 -0.13039696
v 0.00226029 0.90001011 -0.12656155
v 0.00481177 0.89909381 -0.12567775
v 0.00772767 0.90368354 -0.12828374
v 0.01117471 0.90953034 -0.13044953
v 0.01537995 0.90913641 -0.12595683
v 0.01123755 0.90372592 -0.12534806
v 0.01894730 0.90865147 -0.12031350
v 0.00784858 0.89952433 -0.12442089
v 0.01458408 0.90413839 -0.12167561
v 0.01117658 0.90087122 -0.12297644
v -0.04401524 0.81772250 0.05260895
v -0.04097628 0.80905420 0.05844707
v -0.03273712 0.81742251 0.05660793
v -0.04516894 0.81042111 0.05290883
v -0.05271145 0.81814134 0.04750070
v -0.04181684 0.80282760 0.05777365
v -0.05173401 0.81077290 0.04828784
v -0.06053499 0.81875819 0.04104059
v -0.04481941 0.80372071 0.05258911
v -0.04017210 0.79729283 0.05626618
v -0.05880329 0.81073838 0.04420131
v -0.06771909 0.81965697 0.03318194
v -0.06566622 0.80954200 0.04282678
v -0.05024525 0.80387098 0.04856167
v -0.04291215 0.79784685 0.05159391
v -0.03783228 0.79242694 0.05461908
v -0.05678180 0.80350292 0.04592414
v -0.06348346 0.80243117 0.04575967
v -0.04792513 0.79781514 0.04805204
v -0.04046231 0.79278064 0.05054896
v -0.03611360 0.78820205 0.05342977
v -0.05424237 0.79731482 0.04611014
v -0.06087671 0.79642344 0.04630959
v -0.04521866 0.79263550 0.04746190
v -0.03845646 0.78842324 0.05013483
v -0.03522338 0.78439838 0.05301034
v -0.05125736 0.79211736 0.04585986
v -0.05761685 0.79137975 0.04612924
v -0.03701239 0.78452694 0.05067485
v -0.03504016 0.78077978 0.05347715
v -0.04263390 0.78823560 0.04761923
v -0.04792529 0.78777128 0.04632685
v -0.03600872 0.78083867 0.05226501
v -0.03523622 0.77723807 0.05444927
v -0.05348627 0.78719246 0.04656856
v -0.05761685 0.79137975 0.04612924
v -0.04831605 0.78360403 0.04812960
v -0.04414497 0.78400731 0.04795446
v -0.04016595 0.78435934 0.04887965
v -0.03770518 0.78074169 0.05132932
v -0.03523622 0.77723807 0.05444927
v -0.03523622 0.77723807 0.05444927
v -0.03984043 0.78055233 0.05084527
v -0.04831605 0.78360403 0.04812960
v -0.03523622 0.77723801 0.05444927
v -0.04207524 0.78034467 0.05093647
v -0.03523622 0.77723807 0.05444927
v -0.01759384 0.93562567 0.18783021
v -0.02158667 0.94003642 0.18402168
v -0.01291933 0.94785887 0.18779211
v -0.01058360 0.94254071 0.19177206
v -0.01510762 0.93087459 0.19188167
v -0.00000000 0.95121825 0.19009706
v -0.00913237 0.93742305 0.19568416
v -0.01193978 0.92677909 0.19689669
v 0.00000000 0.94568187 0.19405968
v -0.00718935 0.93250436 0.20013747
v -0.00810373 0.92318946 0.20306428
v 0.01058360 0.94254082 0.19177207
v 0.01291933 0.94785887 0.18779211
v -0.00000000 0.94057524 0.19788194
v 0.01759384 0.93562567 0.18783024
v 0.02158667 0.94003642 0.18402168
v 0.01510762 0.93087459 0.19188166
v 0.00913237 0.93742305 0.19568416
v 0.01193978 0.92677909 0.19689669
v 0.00718935 0.93250436 0.20013744
v 0.00810373 0.92318952 0.20306428
v -0.00000000 0.93534398 0.20206715
v 0.00482787 0.92746645 0.20540278
v -0.00482787 0.92746633 0.20540281
v -0.00000000 0.92961252 0.20685713
v 0.00240961 0.92222750 0.21139760
v 0.00407798 0.91973650 0.21033052
v -0.00240962 0.92222750 0.21139760
v -0.00407798 0.91973650 0.21033052
v 0.00000000 0.92399740 0.21171497
v -0.00000000 0.92961252 0.20685713
v 0.00000000 0.92399740 0.21171497
v -0.00000000 0.92107373 0.21441437
v -0.00000000 0.91755444 0.21727286
v -0.00000000 0.91631836 0.21820106
v -0.00996186 0.91811669 0.18312071
v 0.00000000 0.91650772 0.18338415
v -0.00000000 0.91450810 0.18259011
v -0.01345155 0.91571373 0.18204625
v -0.01820671 0.92302132 0.18261041
v -0.00000000 0.90654075 0.18208285
v -0.02502349 0.92089027 0.18059006
v -0.01775148 0.90699977 0.18096945
v -0.03823992 0.91252559 0.17668317
v -0.06149899 0.89177835 0.16562027
v -0.07990293 0.89470518 0.15504971
v -0.07574081 0.87335968 0.15095623
v -0.04138168 0.88935047 0.17367724
v -0.01775148 0.90699977 0.18096945
v -0.06044014 0.86977923 0.15992504
v -0.07294609 0.85425717 0.14134057
v -0.02067216 0.88968217 0.17880546
v -0.00000000 0.89048469 0.18056528
v -0.05981085 0.85104650 0.14836036
v -0.07013702 0.83761400 0.12865143
v -0.05815475 0.83546698 0.13461071
v -0.04233317 0.86439854 0.16643056
v -0.04737013 0.84651852 0.15202074
v -0.04233317 0.86439854 0.16643056
v -0.02106128 0.86993986 0.17415778
v -0.00000000 0.87142915 0.17647977
v -0.01762362 0.85443914 0.16679275
v -0.00000000 0.85504925 0.16897824
v -0.03104881 0.85051656 0.16091727
v -0.01407819 0.84283209 0.15890566
v -0.00000000 0.84215868 0.16031244
v -0.03611283 0.84095460 0.15183768
v -0.04737013 0.84651852 0.15202074
v -0.03660747 0.82989568 0.14183874
v -0.02393539 0.84326285 0.15685017
v -0.02519513 0.83625895 0.15114759
v -0.02585255 0.82719898 0.14413618
v -0.02610895 0.81936926 0.13640086
v -0.02519513 0.83625895 0.15114759
v -0.01313384 0.83336651 0.15209255
v -0.02585255 0.82719898 0.14413618
v -0.01345137 0.82511687 0.14617430
v -0.00000000 0.82427341 0.14711018
v -0.01383029 0.81808829 0.14059448
v -0.01323727 0.81248015 0.13595094
v -0.00000000 0.81743032 0.14248711
v 0.00000000 0.81198269 0.13887762
v 0.01383028 0.81808817 0.14059448
v -0.00000000 0.81743032 0.14248711
v 0.01345137 0.82511699 0.14617430
v 0.01323727 0.81248015 0.13595094
v 0.00000000 0.81198269 0.13887762
v 0.02610895 0.81936926 0.13640086
v 0.02585255 0.82719898 0.14413618
v -0.07379034 0.80971617 0.04443726
v -0.06771909 0.81965697 0.03318194
v -0.07337069 0.81224024 0.03385383
v -0.07552211 0.80833417 0.04275480
v -0.07925609 0.80569613 0.05265988
v -0.07991573 0.80519032 0.05023379
v -0.07473099 0.80696875 0.03356376
v -0.07621419 0.80471802 0.04128700
v -0.07950215 0.80264699 0.04727804
v -0.07592335 0.80084413 0.03955213
v -0.07476295 0.80225998 0.03296696
v -0.07844980 0.79947066 0.04431734
v -0.07525076 0.79711068 0.03767475
v -0.07434595 0.79801697 0.03228112
v -0.07408027 0.79419369 0.03168323
v -0.07722870 0.79617923 0.04144899
v -0.07475172 0.79363108 0.03582088
v -0.07408565 0.79071498 0.03121413
v -0.07453161 0.79039335 0.03402731
v -0.07623393 0.79301709 0.03866160
v -0.07552538 0.79002231 0.03593641
v -0.08018480 0.79530334 0.04293673
v -0.07848088 0.79236001 0.03971526
v -0.07704949 0.78958458 0.03662631
v -0.08214127 0.79839289 0.04642845
v -0.07950215 0.80264699 0.04727804
v -0.08406205 0.80145836 0.05054403
v -0.08679947 0.79762059 0.04514990
v -0.08966694 0.80110919 0.04965892
v -0.08399051 0.79444921 0.04169173
v -0.08145146 0.79157549 0.03871366
v -0.07912616 0.78897989 0.03595585
v -0.09200927 0.79716325 0.04010971
v -0.09591717 0.80140275 0.04367939
v -0.08830308 0.79364878 0.03754489
v -0.08145146 0.79157549 0.03871366
v -0.08490252 0.79067415 0.03557793
v -0.07912616 0.78897989 0.03595585
v -0.08160965 0.78819782 0.03389231
v -0.09195644 0.79331404 0.03121486
v -0.09648515 0.79727292 0.03229137
v -0.08777822 0.79013813 0.03076480
v -0.08364275 0.78767902 0.03066268
v -0.07690450 0.78662372 0.03326338
v -0.07821038 0.78617406 0.03224427
v -0.07583249 0.78695238 0.03359597
v -0.07926769 0.78586322 0.03062440
v -0.08364275 0.78767902 0.03066268
v -0.07506121 0.78717107 0.03325280
v -0.07453161 0.79039335 0.03402731
v -0.07456193 0.78734523 0.03229245
v -0.07408565 0.79071498 0.03121413
v -0.07433924 0.78749025 0.03086818
v -0.07472818 0.78439659 0.03059000
v -0.07472819 0.78439659 0.03059000
v -0.07472819 0.78439671 0.03059000
v -0.07472819 0.78439659 0.03059000
v -0.07472819 0.78439671 0.03059000
v -0.07472819 0.78439659 0.03059000
v -0.07472819 0.78439671 0.03059000
v -0.07472819 0.78439659 0.03059000
v -0.07964317 0.78592169 0.02859513
v -0.07472819 0.78439671 0.03059000
v -0.08445052 0.78781128 0.02669495
v -0.07951587 0.78619337 0.02667381
v -0.07472819 0.78439659 0.03059000
v -0.08911126 0.79038566 0.02501260
v -0.07915482 0.78647333 0.02535395
v -0.07472819 0.78439671 0.03059000
v -0.08429915 0.78832638 0.02296156
v -0.09386163 0.79378510 0.02378503
v -0.07857660 0.78674918 0.02470791
v -0.07472819 0.78439659 0.03059000
v -0.07775772 0.78704232 0.02469080
v -0.08362001 0.78887135 0.02037961
v -0.08910185 0.79110521 0.01965037
v -0.08246433 0.78941423 0.01910045
v -0.08816741 0.79189080 0.01590692
v -0.08642739 0.79268193 0.01401926
v -0.08082703 0.78997904 0.01905733
v -0.07676657 0.78731608 0.02521007
v -0.07472819 0.78439659 0.03059000
v -0.07885846 0.79049659 0.02007688
v -0.08396895 0.79348022 0.01393200
v -0.08104806 0.79418653 0.01541190
v -0.09048892 0.79675400 0.00962393
v -0.08718826 0.79774445 0.00946396
v -0.08334214 0.79857969 0.01133533
v -0.09286100 0.79574513 0.01208880
v -0.09044474 0.80289155 0.00567224
v -0.08569795 0.80383849 0.00783853
v -0.09465178 0.80171287 0.00595034
v -0.09354592 0.80879605 0.00214868
v -0.08791181 0.81005138 0.00449862
v -0.09406119 0.79473257 0.01691012
v -0.09778751 0.80054581 0.00894147
v -0.09885062 0.80725461 0.00263154
v -0.09632561 0.81503445 -0.00158876
v -0.08971757 0.81739759 0.00066301
v -0.09899248 0.79812634 0.02316290
v -0.09937062 0.79935229 0.01477481
v -0.10310396 0.80608124 0.00602147
v -0.10293064 0.81273818 -0.00074639
v -0.09913202 0.81970358 -0.00578840
v -0.09027680 0.82804722 -0.00577947
v -0.10644745 0.81655830 -0.00438244
v -0.11370502 0.81621897 -0.00146376
v -0.10880022 0.81185567 0.00275609
v -0.12232659 0.82022017 0.00431527
v -0.11237866 0.81164074 0.01012454
v -0.11882799 0.81911254 0.02350307
v -0.10533530 0.80498385 0.01276218
v -0.11132651 0.81047142 0.02258717
v -0.11317862 0.81712991 0.04001617
v -0.10473873 0.80360562 0.02283796
v -0.10683097 0.80868131 0.03647243
v -0.10524797 0.81441724 0.05494411
v -0.10141647 0.80227220 0.03402612
v -0.10001259 0.80673844 0.04864933
v -0.09360549 0.80959243 0.06778609
v -0.09226654 0.80494571 0.05605557
v -0.08966694 0.80110919 0.04965892
v -0.08518330 0.80489564 0.05990124
v -0.08547315 0.80410850 0.05546341
v -0.07925609 0.80569613 0.05265988
v -0.08406205 0.80145836 0.05054403
v -0.07991573 0.80519032 0.05023379
v -0.00753599 0.78546715 0.07301535
v -0.00000000 0.77989620 0.07640719
v -0.00401421 0.78603321 0.07233808
v -0.01412492 0.79096544 0.07036584
v -0.00754014 0.79191953 0.06909988
v -0.01914471 0.79640472 0.06883465
v -0.01026504 0.79756713 0.06708109
v -0.02327323 0.80214763 0.06733275
v -0.01257821 0.80344200 0.06537372
v -0.02742062 0.80861413 0.06436482
v -0.01496426 0.81001931 0.06291519
v -0.03273712 0.81742251 0.05660793
v -0.01753360 0.81719184 0.05958178
v 0.00000000 0.81030291 0.06299749
v 0.00000000 0.81709439 0.06078485
v 0.01753360 0.81719184 0.05958178
v 0.00000000 0.80388433 0.06493348
v 0.01496426 0.81001920 0.06291518
v 0.03273712 0.81742245 0.05660793
v 0.02742062 0.80861413 0.06436482
v 0.01257821 0.80344200 0.06537373
v 0.02327323 0.80214757 0.06733275
v 0.00000000 0.79804432 0.06654377
v 0.01026504 0.79756713 0.06708109
v 0.01914471 0.79640484 0.06883465
v -0.00000000 0.79237491 0.06864691
v 0.00754014 0.79191953 0.06909988
v 0.01412492 0.79096550 0.07036584
v 0.00000000 0.78652364 0.07191403
v 0.00401421 0.78603321 0.07233809
v 0.00753599 0.78546715 0.07301535
v -0.00000000 0.77989620 0.07640719
v -0.00000000 0.77989620 0.07640719
v -0.00000000 0.77989620 0.07640719
v -0.03941396 0.80820739 0.06761778
v -0.03273712 0.81742251 0.05660793
v -0.04097628 0.80905420 0.05844707
v -0.04203624 0.80583602 0.06590769
v -0.04181684 0.80282760 0.05777365
v -0.04225117 0.80107975 0.06395308
v -0.04483152 0.80459207 0.07680675
v -0.04618098 0.80312562 0.07406808
v -0.04557316 0.79921734 0.07039721
v -0.05207446 0.80222034 0.08199394
v -0.05111007 0.80395788 0.08657569
v -0.05089350 0.79799443 0.07613223
v -0.05943508 0.80277735 0.08771355
v -0.05886123 0.80879730 0.09994189
v -0.05752531 0.79736835 0.07977752
v -0.06796047 0.80344921 0.08799826
v -0.07166239 0.81200075 0.09786800
v -0.06474130 0.79710627 0.08020172
v -0.07584442 0.80362815 0.08407040
v -0.08109229 0.81258136 0.09195662
v -0.07144973 0.79701239 0.07767741
v -0.08175486 0.80324423 0.07721251
v -0.08843523 0.81195927 0.08259217
v -0.07650388 0.79696250 0.07289775
v -0.08428264 0.80251020 0.06887871
v -0.09360549 0.80959243 0.06778609
v -0.07890134 0.79707956 0.06683405
v -0.08195478 0.80202806 0.06122134
v -0.08518330 0.80489564 0.05990124
v -0.07801639 0.79756749 0.06042945
v -0.07729411 0.80311519 0.05402960
v -0.07925609 0.80569613 0.05265988
v -0.07458622 0.79870486 0.05423560
v -0.07183016 0.80611390 0.04718321
v -0.07379034 0.80971617 0.04443726
v -0.06566622 0.80954200 0.04282678
v -0.06771909 0.81965697 0.03318194
v -0.06348346 0.80243117 0.04575967
v -0.06957386 0.80057853 0.04888932
v -0.06087671 0.79642344 0.04630959
v -0.06689794 0.79524750 0.04896619
v -0.05761685 0.79137975 0.04612924
v -0.07162212 0.79404777 0.05342171
v -0.06336919 0.79056251 0.04845310
v -0.05348627 0.78719246 0.04656856
v -0.07443621 0.79307359 0.05879296
v -0.06783874 0.78972214 0.05231674
v -0.05851362 0.78661978 0.04848698
v -0.04831605 0.78360403 0.04812960
v -0.07476502 0.79237378 0.06427115
v -0.05209231 0.78323233 0.04951617
v -0.04207524 0.78034467 0.05093647
v -0.06249214 0.78597713 0.05168502
v -0.05516730 0.78275186 0.05184793
v -0.04410072 0.78016061 0.05166484
v -0.03523622 0.77723807 0.05444927
v -0.04577951 0.77989960 0.05289727
v -0.03523622 0.77723807 0.05444927
v -0.03523622 0.77723807 0.05444927
v -0.05722267 0.78207320 0.05471065
v -0.04695514 0.77949816 0.05441718
v -0.03523622 0.77723801 0.05444927
v -0.04722311 0.77918440 0.05586927
v -0.03523622 0.77723807 0.05444927
v -0.05761220 0.78152931 0.05747538
v -0.04627975 0.77916855 0.05692582
v -0.03523622 0.77723801 0.05444927
v -0.05586977 0.78143036 0.05956063
v -0.05257760 0.78157270 0.06078921
v -0.04447301 0.77929777 0.05750818
v -0.03523622 0.77723807 0.05444927
v -0.04851428 0.78171510 0.06112237
v -0.04226481 0.77939272 0.05762143
v -0.03523622 0.77723801 0.05444927
v -0.04419529 0.78198183 0.06067080
v -0.03992150 0.77952886 0.05735664
v -0.03523622 0.77723807 0.05444927
v -0.03769095 0.77980685 0.05680085
v -0.03523622 0.77723801 0.05444927
v -0.04011083 0.78252298 0.05955921
v -0.03594258 0.78017259 0.05593878
v -0.03523622 0.77723807 0.05444927
v -0.03691282 0.78322786 0.05781881
v -0.03520338 0.78391701 0.05552339
v -0.03501976 0.78053164 0.05477268
v -0.03523622 0.77723801 0.05444927
v -0.03504016 0.78077978 0.05347715
v -0.03523622 0.77723807 0.05444927
v -0.03522338 0.78439838 0.05301034
v -0.04252408 0.78555202 0.06300783
v -0.03839324 0.78654242 0.06037008
v -0.03691282 0.78322786 0.05781881
v -0.03613289 0.78751057 0.05701705
v -0.03522338 0.78439838 0.05301034
v -0.03611360 0.78820205 0.05342977
v -0.04055961 0.79032785 0.06343406
v -0.03793694 0.79152846 0.05912250
v -0.03783228 0.79242694 0.05461908
v -0.04017210 0.79729283 0.05626618
v -0.04041302 0.79612166 0.06156636
v -0.04181684 0.80282760 0.05777365
v -0.04225117 0.80107975 0.06395308
v -0.04331888 0.79468793 0.06678875
v -0.04521142 0.78913033 0.06693710
v -0.04828037 0.79339290 0.07116740
v -0.04780576 0.78478050 0.06467073
v -0.05453910 0.79243600 0.07389937
v -0.05113982 0.78819603 0.06912417
v -0.05751451 0.78771257 0.06961249
v -0.05113982 0.78819603 0.06912417
v -0.05344988 0.78439504 0.06517922
v -0.04851428 0.78171510 0.06112237
v -0.06126559 0.79192430 0.07435583
v -0.06345788 0.78761393 0.06840841
v -0.05874236 0.78427601 0.06445224
v -0.05257760 0.78157270 0.06078921
v -0.05586977 0.78143036 0.05956063
v -0.06749534 0.79179150 0.07264184
v -0.06295528 0.78429520 0.06247741
v -0.05761220 0.78152931 0.05747538
v -0.06523161 0.78457415 0.05941848
v -0.06809548 0.78779429 0.06566194
v -0.07226671 0.79194701 0.06909779
v -0.07061298 0.78823251 0.06170858
v -0.07042958 0.78890920 0.05700624
v -0.06494136 0.78521335 0.05558394
v -0.06249214 0.78597713 0.05168502
v -0.05516730 0.78275186 0.05184793
v -0.13341339 0.83224130 -0.02151102
v -0.12975129 0.83038116 -0.02867373
v -0.13156877 0.83480024 -0.02682417
v -0.13115880 0.82759464 -0.02389870
v -0.12788463 0.82662386 -0.03041872
v -0.13306090 0.82948428 -0.01460665
v -0.12901041 0.82385081 -0.02616252
v -0.12581448 0.82315123 -0.03205187
v -0.13044885 0.82465929 -0.01798589
v -0.12741196 0.82153940 -0.01162768
v -0.13002580 0.82610214 -0.00626119
v -0.12225083 0.81863749 -0.00694808
v -0.12148838 0.81657314 -0.01263348
v -0.12232659 0.82022017 0.00431527
v -0.12567626 0.81850928 -0.01619317
v -0.12828140 0.82107723 -0.02114623
v -0.12673797 0.82054985 -0.02829370
v -0.12607352 0.81801367 -0.02396460
v -0.12386477 0.81582260 -0.01984959
v -0.12415305 0.81745321 -0.03040270
v -0.12340002 0.81974363 -0.03361525
v -0.12358288 0.81522423 -0.02670225
v -0.12035090 0.81428993 -0.01682231
v -0.12174650 0.81333339 -0.02321110
v -0.12112255 0.81440419 -0.03260482
v -0.12054243 0.81625277 -0.03515594
v -0.12067232 0.81259859 -0.02965233
v -0.12137503 0.82181013 -0.03575187
v -0.11896655 0.81790257 -0.03682689
v -0.12338442 0.82553291 -0.03459275
v -0.12788463 0.82662386 -0.03041872
v -0.12506141 0.82921648 -0.03332091
v -0.12975129 0.83038116 -0.02867373
v -0.12651753 0.83306843 -0.03191671
v -0.13156877 0.83480024 -0.02682417
v -0.12792049 0.83741117 -0.03040189
v -0.12177892 0.83549547 -0.03349374
v -0.12272270 0.84003764 -0.03222841
v -0.12092697 0.83133554 -0.03468563
v -0.11983425 0.82736111 -0.03573622
v -0.11841485 0.82334805 -0.03666462
v -0.11595320 0.83735317 -0.03335117
v -0.11613027 0.84259403 -0.03228784
v -0.11599503 0.83261591 -0.03446820
v -0.11003461 0.83772063 -0.03154353
v -0.10726530 0.84552860 -0.02999047
v -0.11105962 0.83251888 -0.03276855
v -0.11565487 0.82829720 -0.03545506
v -0.11105962 0.83251888 -0.03276855
v -0.11144951 0.82803756 -0.03386765
v -0.11494396 0.82406831 -0.03634934
v -0.11145237 0.82376134 -0.03493684
v -0.11125056 0.81936002 -0.03606037
v -0.11396205 0.81964594 -0.03721239
v -0.11092374 0.81477755 -0.03725035
v -0.11666121 0.81910938 -0.03750864
v -0.11278129 0.81499499 -0.03806578
v -0.11052292 0.81003833 -0.03849673
v -0.11463273 0.81463653 -0.03829402
v -0.11146735 0.81015521 -0.03891906
v -0.11008669 0.80521470 -0.03977334
v -0.11621524 0.81380391 -0.03784133
v -0.11240940 0.80997533 -0.03904267
v -0.11008669 0.80521470 -0.03977334
v -0.11008669 0.80521470 -0.03977334
v -0.11321492 0.80955029 -0.03881691
v -0.11008669 0.80521470 -0.03977334
v -0.11729670 0.81265354 -0.03669178
v -0.11376535 0.80895966 -0.03823113
v -0.11008669 0.80521470 -0.03977334
v -0.11769314 0.81135541 -0.03491579
v -0.11396673 0.80829030 -0.03731965
v -0.11008669 0.80521470 -0.03977334
v -0.11738234 0.81008112 -0.03285115
v -0.11380816 0.80763131 -0.03625704
v -0.11008669 0.80521470 -0.03977334
v -0.11924309 0.81106842 -0.02686560
v -0.11640158 0.80899704 -0.03089933
v -0.11330903 0.80706888 -0.03525133
v -0.11008669 0.80521470 -0.03977334
v -0.11884835 0.81203556 -0.02062307
v -0.11699837 0.81001753 -0.02479537
v -0.11486483 0.80824780 -0.02944890
v -0.11252782 0.80667835 -0.03450400
v -0.11008669 0.80521470 -0.03977334
v -0.11520126 0.81154245 -0.01948526
v -0.11418360 0.80961072 -0.02387542
v -0.11294121 0.80795091 -0.02880544
v -0.11155079 0.80652100 -0.03417340
v -0.11008669 0.80521470 -0.03977334
v -0.11590731 0.81369424 -0.01557209
v -0.11140462 0.81191260 -0.01976117
v -0.11125918 0.80988926 -0.02408806
v -0.11094440 0.80813485 -0.02895553
v -0.11053698 0.80661225 -0.03425161
v -0.11008669 0.80521470 -0.03977334
v -0.10965973 0.80694866 -0.03467916
v -0.11008669 0.80521470 -0.03977334
v -0.10921653 0.80879265 -0.02978656
v -0.10907669 0.80749905 -0.03535667
v -0.11008669 0.80521470 -0.03977334
v -0.10806899 0.80986375 -0.03110807
v -0.10705108 0.81238067 -0.02717653
v -0.10872849 0.81084257 -0.02527616
v -0.10595131 0.81508726 -0.02363482
v -0.10811748 0.81313676 -0.02124471
v -0.10458738 0.81799036 -0.02043304
v -0.10721627 0.81564295 -0.01766842
v -0.10239400 0.82100588 -0.01710668
v -0.11125873 0.81414205 -0.01596262
v -0.10554992 0.81810230 -0.01412519
v -0.09858032 0.82406449 -0.01297149
v -0.11617649 0.81570822 -0.01151807
v -0.11054563 0.81618643 -0.01227401
v -0.10269492 0.82001448 -0.01016617
v -0.09027680 0.82804722 -0.00577947
v -0.09913202 0.81970358 -0.00578840
v -0.10898692 0.81741422 -0.00832987
v -0.10644745 0.81655830 -0.00438244
v -0.11576386 0.81701076 -0.00670859
v -0.12225083 0.81863749 -0.00694808
v -0.11370502 0.81621897 -0.00146376
v -0.12232659 0.82022017 0.00431527
v -0.10890790 0.80820864 -0.03617643
v -0.11008669 0.80521470 -0.03977334
v -0.10907669 0.80749905 -0.03535667
v -0.10773862 0.81124133 -0.03271210
v -0.10806899 0.80986375 -0.03110807
v -0.10657602 0.81434882 -0.02949805
v -0.10705108 0.81238067 -0.02717653
v -0.10536782 0.81755584 -0.02659245
v -0.10595131 0.81508726 -0.02363482
v -0.10397726 0.82088363 -0.02395994
v -0.10458738 0.81799036 -0.02043304
v -0.10197888 0.82434821 -0.02125053
v -0.10239400 0.82100588 -0.01710668
v -0.09895693 0.82796884 -0.01808147
v -0.09858032 0.82406449 -0.01297149
v -0.09500955 0.83174497 -0.01438899
v -0.09027680 0.82804722 -0.00577947
v -0.09947456 0.83597440 -0.02148620
v -0.10176505 0.83178896 -0.02367284
v -0.10359556 0.84057534 -0.02673639
v -0.10374099 0.82772505 -0.02576533
v -0.10544011 0.83540267 -0.02828339
v -0.10726530 0.84552860 -0.02999047
v -0.11003461 0.83772063 -0.03154353
v -0.10687324 0.83069503 -0.02976006
v -0.11105962 0.83251888 -0.03276855
v -0.10518611 0.82386404 -0.02772329
v -0.10781200 0.82642657 -0.03117003
v -0.11144951 0.82803756 -0.03386765
v -0.10627782 0.82012677 -0.02972146
v -0.10842709 0.82233953 -0.03262207
v -0.11145237 0.82376134 -0.03493684
v -0.10725323 0.81641144 -0.03194411
v -0.10890608 0.81819606 -0.03422203
v -0.11125056 0.81936002 -0.03606037
v -0.10819481 0.81269026 -0.03439840
v -0.10932092 0.81394893 -0.03597189
v -0.11092374 0.81477755 -0.03725035
v -0.10913821 0.80895638 -0.03703723
v -0.11008669 0.80521470 -0.03977334
v -0.11008669 0.80521470 -0.03977334
v -0.10970909 0.80960751 -0.03784114
v -0.11052292 0.81003833 -0.03849673
v -0.11008669 0.80521470 -0.03977334
v -0.11008669 0.80521470 -0.03977334
v -0.07417357 0.82092822 0.02402571
v -0.07337069 0.81224024 0.03385383
v -0.06771909 0.81965697 0.03318194
v -0.07518949 0.81455398 0.02456473
v -0.07999016 0.82268417 0.01406724
v -0.07473099 0.80696875 0.03356376
v -0.07916629 0.81606191 0.01533987
v -0.08530841 0.82503343 0.00391315
v -0.07549294 0.80867761 0.02502101
v -0.07476295 0.80225998 0.03296696
v -0.08404811 0.81731254 0.00688774
v -0.09027680 0.82804722 -0.00577947
v -0.08971757 0.81739759 0.00066301
v -0.07826503 0.80978823 0.01668417
v -0.07515910 0.80342782 0.02547186
v -0.07434595 0.79801697 0.03228112
v -0.08260433 0.81033581 0.00956381
v -0.08791181 0.81005138 0.00449862
v -0.07725748 0.80414951 0.01818163
v -0.07462668 0.79877216 0.02604390
v -0.07408027 0.79419369 0.03168323
v -0.08101747 0.80428565 0.01213213
v -0.08569795 0.80383849 0.00783853
v -0.07630891 0.79918486 0.01995314
v -0.07429618 0.79465026 0.02684490
v -0.07408565 0.79071498 0.03121413
v -0.07944653 0.79910064 0.01492115
v -0.08334214 0.79857969 0.01133533
v -0.07423741 0.79096454 0.02789718
v -0.07433924 0.78749025 0.03086818
v -0.07559343 0.79485393 0.02210472
v -0.07803566 0.79468012 0.01819904
v -0.07441808 0.78759837 0.02918053
v -0.07472819 0.78439659 0.03059000
v -0.08104806 0.79418653 0.01541190
v -0.08334214 0.79857969 0.01133533
v -0.07885846 0.79049659 0.02007688
v -0.07680316 0.79087716 0.02197653
v -0.07512704 0.79104650 0.02464358
v -0.07487124 0.78762281 0.02752434
v -0.07472819 0.78439659 0.03059000
v -0.07472819 0.78439671 0.03059000
v -0.07572433 0.78752214 0.02617177
v -0.07885846 0.79049659 0.02007688
v -0.07472818 0.78439659 0.03059000
v -0.07676657 0.78731608 0.02521007
v -0.07472819 0.78439659 0.03059000
v -0.01252757 0.78362948 0.08516026
v -0.00000000 0.77989620 0.07640719
v -0.01452992 0.78213298 0.08179002
v -0.02309254 0.78752643 0.09305849
v -0.02681813 0.78524888 0.08737535
v -0.01613556 0.78040051 0.07792002
v -0.00000000 0.77989620 0.07640719
v -0.00000000 0.77989620 0.07640719
v -0.02849356 0.78384119 0.08159693
v -0.01439021 0.78215152 0.07653198
v -0.00000000 0.77989620 0.07640719
v -0.02669276 0.78538543 0.07773491
v -0.03794556 0.78834850 0.08602598
v -0.02849356 0.78384119 0.08159693
v -0.01240420 0.78374738 0.07526635
v -0.03561876 0.78954339 0.09299068
v -0.02309254 0.78752643 0.09305849
v -0.03031775 0.79183882 0.09955134
v -0.04477318 0.79418528 0.09091967
v -0.04167971 0.79524016 0.09859112
v -0.05032908 0.80105227 0.09564799
v -0.03577623 0.78986579 0.08039088
v -0.04477318 0.79418528 0.09091967
v -0.02313692 0.78792155 0.07492656
v -0.04632380 0.80244666 0.10433059
v -0.05886123 0.80879730 0.09994189
v -0.05070741 0.81131417 0.11152621
v -0.04234419 0.79525924 0.08368941
v -0.05032908 0.80105227 0.09564799
v -0.03516778 0.79717070 0.10530537
v -0.03897296 0.80403519 0.11128840
v -0.04218476 0.81223148 0.11845626
v -0.02782740 0.79854470 0.10982969
v -0.03516778 0.79717070 0.10530537
v -0.03138451 0.80514580 0.11604812
v -0.03426947 0.81263304 0.12346039
v -0.02398409 0.79334754 0.10401989
v -0.01964672 0.79930496 0.11273376
v -0.01964672 0.79930496 0.11273376
v -0.02276223 0.80559272 0.11899443
v -0.02390512 0.81202972 0.12768400
v -0.01848579 0.78890586 0.09698545
v -0.01252757 0.78362948 0.08516026
v -0.01680867 0.79415542 0.10685764
v -0.01019902 0.79969901 0.11476490
v -0.01199015 0.80538690 0.12029472
v -0.01019902 0.79969901 0.11476490
v -0.01011008 0.78444839 0.08745898
v -0.00867649 0.79471254 0.10880591
v -0.00000000 0.79981852 0.11557908
v -0.00000000 0.80524719 0.12073538
v -0.00000000 0.79494393 0.10957654
v -0.01307463 0.78959280 0.09940585
v -0.00678534 0.79011369 0.10089096
v -0.00720081 0.78484029 0.08885277
v -0.01307463 0.78959280 0.09940585
v 0.00000000 0.80875975 0.12419476
v -0.01272068 0.80923414 0.12454674
v -0.02390512 0.81202972 0.12768400
v -0.00000000 0.77989620 0.07640721
v -0.00000000 0.77989620 0.07640719
v 0.00720081 0.78484029 0.08885278
v -0.00375269 0.78530169 0.09003613
v -0.00000000 0.77989620 0.07640719
v 0.01011008 0.78444839 0.08745898
v 0.01252757 0.78362948 0.08516026
v 0.01848579 0.78890586 0.09698546
v 0.02309254 0.78752643 0.09305848
v -0.00000000 0.79034972 0.10142272
v 0.01307463 0.78959280 0.09940585
v -0.00000000 0.78081542 0.07872814
v 0.00375269 0.78530169 0.09003612
v 0.00000000 0.78590554 0.09146109
v -0.00000000 0.78352195 0.08558272
v 0.00678534 0.79011369 0.10089096
v 0.01307463 0.78959280 0.09940585
v 0.00867649 0.79471254 0.10880591
v -0.00000000 0.79981852 0.11557908
v 0.01019902 0.79969901 0.11476491
v 0.01680867 0.79415542 0.10685764
v 0.01964672 0.79930496 0.11273375
v 0.02398409 0.79334754 0.10401990
v 0.02782740 0.79854470 0.10982969
v 0.03031774 0.79183888 0.09955134
v 0.03516778 0.79717070 0.10530537
v 0.01019902 0.79969901 0.11476491
v 0.01199015 0.80538690 0.12029472
v 0.01964672 0.79930496 0.11273375
v 0.00000000 0.80875975 0.12419476
v 0.01272068 0.80923408 0.12454674
v 0.02276223 0.80559254 0.11899443
v 0.02390511 0.81202972 0.12768400
v 0.03426948 0.81263310 0.12346039
v 0.03138451 0.80514598 0.11604813
v 0.01964672 0.79930496 0.11273375
v 0.04218476 0.81223148 0.11845626
v 0.03897296 0.80403519 0.11128840
v 0.05070741 0.81131417 0.11152621
v 0.03516778 0.79717070 0.10530537
v 0.04632381 0.80244666 0.10433058
v 0.05886123 0.80879730 0.09994189
v 0.04167971 0.79524016 0.09859112
v 0.05032908 0.80105227 0.09564799
v 0.03561876 0.78954339 0.09299069
v 0.02309254 0.78752643 0.09305848
v 0.02681813 0.78524888 0.08737534
v 0.04477318 0.79418528 0.09091967
v 0.03794556 0.78834862 0.08602600
v 0.04745628 0.80073643 0.08640608
v 0.05111007 0.80395788 0.08657569
v 0.04234419 0.79525924 0.08368941
v 0.04477318 0.79418528 0.09091967
v 0.04154493 0.80225611 0.07772455
v 0.04483152 0.80459213 0.07680675
v 0.03577622 0.78986579 0.08039088
v 0.03683462 0.79762912 0.07715944
v 0.03548432 0.80529207 0.06996053
v 0.03941396 0.80820739 0.06761778
v 0.02742062 0.80861413 0.06436482
v 0.03273712 0.81742245 0.05660793
v 0.02327323 0.80214757 0.06733275
v 0.03087108 0.80010396 0.07145840
v 0.01914471 0.79640484 0.06883465
v 0.02573011 0.79483449 0.07189337
v 0.01412492 0.79096550 0.07036584
v 0.03101825 0.79262900 0.07585203
v 0.01911522 0.78975463 0.07241397
v 0.00753599 0.78546715 0.07301535
v 0.02313692 0.78792155 0.07492658
v 0.01023188 0.78479546 0.07404516
v -0.00000000 0.77989620 0.07640719
v 0.02669277 0.78538543 0.07773491
v 0.01240420 0.78374738 0.07526635
v -0.00000000 0.77989620 0.07640719
v 0.02849356 0.78384131 0.08159693
v 0.01439021 0.78215152 0.07653198
v 0.01613557 0.78040051 0.07792002
v 0.01452992 0.78213298 0.08179002
v 0.01252757 0.78362948 0.08516026
v -0.00000000 0.77989620 0.07640719
v -0.03941396 0.80820739 0.06761778
v -0.02742062 0.80861413 0.06436482
v -0.03273712 0.81742251 0.05660793
v -0.03548432 0.80529207 0.06996053
v -0.04483152 0.80459207 0.07680675
v -0.02327323 0.80214763 0.06733275
v -0.04154492 0.80225599 0.07772455
v -0.05111007 0.80395788 0.08657569
v -0.03087108 0.80010396 0.07145840
v -0.01914471 0.79640472 0.06883465
v -0.04745628 0.80073631 0.08640609
v -0.05886123 0.80879730 0.09994189
v -0.03683462 0.79762912 0.07715944
v -0.02573011 0.79483449 0.07189337
v -0.01412492 0.79096544 0.07036584
v -0.03101825 0.79262900 0.07585202
v -0.01911522 0.78975463 0.07241397
v -0.00753599 0.78546715 0.07301535
v -0.01023188 0.78479546 0.07404516
v -0.00000000 0.77989620 0.07640719
v -0.00000000 0.77989620 0.07640719
v -0.01458408 0.90413839 -0.12167561
v -0.01117658 0.90087122 -0.12297644
v -0.00784858 0.89952433 -0.12442089
v -0.01123755 0.90372592 -0.12534806
v -0.01894730 0.90865147 -0.12031350
v -0.00481177 0.89909381 -0.12567775
v -0.01537995 0.90913635 -0.12595685
v -0.00772767 0.90368360 -0.12828374
v -0.00444135 0.91775846 0.20995864
v -0.00000000 0.91631836 0.21820106
v -0.00364612 0.91626531 0.21015213
v -0.00867442 0.91944772 0.20218842
v -0.00810373 0.92318946 0.20306428
v -0.00698222 0.91661030 0.20236163
v -0.00407798 0.91973650 0.21033052
v -0.00000000 0.91631836 0.21820106
v -0.00203174 0.91514194 0.21012731
v -0.00000000 0.91601652 0.21690239
v -0.00000000 0.91631836 0.21820106
v 0.00364612 0.91626519 0.21015213
v -0.00000000 0.91516948 0.21304595
v 0.00203174 0.91514182 0.21012731
v -0.00000000 0.91456640 0.20954454
v -0.00384655 0.91459405 0.20264587
v 0.00384655 0.91459417 0.20264587
v 0.00698222 0.91661036 0.20236163
v -0.00000000 0.91380477 0.20276512
v -0.00000000 0.91386402 0.19554427
v -0.00529950 0.91492528 0.19539618
v 0.00529950 0.91492528 0.19539623
v -0.00977995 0.91768658 0.19517402
v -0.00867442 0.91944772 0.20218842
v -0.00000000 0.91476625 0.18956049
v -0.00653366 0.91608012 0.18940230
v -0.01213766 0.91956526 0.18927820
v -0.01248885 0.92163992 0.19534273
v -0.01193978 0.92677909 0.19689669
v -0.01566603 0.92460704 0.18979460
v -0.01510762 0.93087459 0.19188167
v -0.01759384 0.93562567 0.18783021
v -0.01844220 0.92824763 0.18570416
v -0.02158667 0.94003642 0.18402168
v -0.02288119 0.93094522 0.18245994
v -0.01447956 0.92191106 0.18521772
v -0.01820671 0.92302132 0.18261041
v -0.00996186 0.91811669 0.18312071
v -0.00785860 0.91759968 0.18537499
v -0.01213766 0.91956526 0.18927820
v -0.00653366 0.91608012 0.18940230
v 0.00000000 0.91650772 0.18338415
v 0.00000000 0.91602081 0.18554688
v 0.00653366 0.91608012 0.18940230
v 0.00785860 0.91759968 0.18537499
v 0.01213766 0.91956526 0.18927820
v 0.00996186 0.91811669 0.18312068
v 0.01447956 0.92191100 0.18521775
v 0.01820671 0.92302132 0.18261039
v 0.02288119 0.93094522 0.18245994
v 0.01844220 0.92824751 0.18570416
v 0.02158667 0.94003642 0.18402168
v 0.01759384 0.93562567 0.18783024
v 0.01213766 0.91956526 0.18927820
v 0.01566603 0.92460704 0.18979461
v 0.01510762 0.93087459 0.19188166
v 0.01193978 0.92677909 0.19689669
v 0.01248885 0.92163992 0.19534275
v 0.00810373 0.92318952 0.20306428
v 0.00977995 0.91768658 0.19517404
v 0.00653366 0.91608012 0.18940230
v 0.00867442 0.91944772 0.20218842
v 0.00867442 0.91944772 0.20218842
v 0.00444135 0.91775846 0.20995866
v -0.00000000 0.91631836 0.21820106
v 0.00407798 0.91973650 0.21033052
v -0.00000000 0.91631836 0.21820106
v -0.01272068 0.80923414 0.12454674
v -0.02390512 0.81202972 0.12768400
v -0.01601495 0.80884135 0.12866424
v -0.01071708 0.80845296 0.12588552
v 0.00000000 0.80875975 0.12419476
v -0.01104028 0.80564708 0.12831205
v 0.00000000 0.80820262 0.12516630
v -0.00759019 0.80553365 0.12601340
v -0.00572629 0.80289191 0.12798290
v -0.00393682 0.80287975 0.12660833
v -0.00000000 0.80044144 0.12777467
v -0.00000000 0.80543172 0.12525426
v 0.00000000 0.80302709 0.12597553
v -0.00000000 0.80081880 0.12746108
v -0.00001940 0.80190641 0.12661014
v 0.00000000 0.80302709 0.12597553
v 0.00393682 0.80287975 0.12660833
v 0.00572629 0.80289191 0.12798290
v -0.00000000 0.80543172 0.12525426
v 0.00759019 0.80553365 0.12601340
v 0.01104028 0.80564708 0.12831205
v 0.01071708 0.80845296 0.12588552
v 0.00000000 0.80875975 0.12419476
v 0.01601495 0.80884135 0.12866424
v 0.01272068 0.80923408 0.12454674
v 0.02390511 0.81202972 0.12768400
v -0.01856517 1.03181386 0.14836186
v -0.03733994 1.03057492 0.14413969
v -0.00000000 1.03212428 0.14984563
v -0.00000000 1.01519072 0.16113660
v 0.01926738 1.01513827 0.15947378
v 0.01856517 1.03181386 0.14836186
v -0.00000000 0.99657834 0.17128892
v 0.02031784 0.99613887 0.16925754
v 0.04159111 0.99537539 0.16319738
v 0.03928868 1.01456308 0.15446274
v 0.06012908 1.01318395 0.14615560
v 0.05613877 1.02833891 0.13738559
v 0.05217597 1.04050481 0.12832266
v 0.04821406 1.05018032 0.11954654
v 0.04445103 1.05789828 0.11124092
v 0.04238768 1.06391501 0.10252170
v 0.04365484 1.06858814 0.09194312
v 0.04685186 1.07234871 0.07926267
v 0.05058922 1.07527423 0.06475840
v 0.06920448 1.07031786 0.05165752
v 0.06481325 1.06888020 0.06685163
v 0.05987994 1.06674731 0.08034027
v 0.05499051 1.06422770 0.09176631
v 0.05119272 1.06203222 0.09956716
v 0.05567710 1.05725038 0.10419918
v 0.06415512 1.05812728 0.09487892
v 0.06145971 1.04942322 0.11109008
v 0.07106935 1.05972743 0.08340509
v 0.07712249 1.06125438 0.07011798
v 0.07219093 1.04987574 0.10053183
v 0.06730578 1.03910458 0.11938524
v 0.08222483 1.06234097 0.05515017
v 0.08078408 1.05104887 0.08818115
v 0.07968123 1.03931272 0.10772584
v 0.07319556 1.02660286 0.12775692
v 0.08778317 1.05224574 0.07435954
v 0.08948120 1.04046583 0.09408340
v 0.08617013 1.06273675 0.03876086
v 0.08684291 1.02672422 0.11506135
v 0.09738876 1.02794230 0.10025718
v 0.09717485 1.04161608 0.07925260
v 0.10558827 1.02915084 0.08437853
v 0.09342090 1.05311561 0.05908912
v 0.11200958 1.02998698 0.06761261
v 0.10321610 1.04241908 0.06330008
v 0.11707117 1.03029752 0.05009231
v 0.10796683 1.04269946 0.04629863
v 0.09781754 1.05342615 0.04250970
v 0.12077929 1.03002989 0.03258006
v 0.08888716 1.06234384 0.02192943
v 0.11143678 1.04236436 0.02907375
v 0.10095441 1.05306017 0.02553139
v 0.09035667 1.06111538 0.00581318
v 0.10278626 1.05194342 0.00925661
v 0.09063178 1.05905771 -0.00843912
v 0.11354934 1.04135239 0.01263802
v 0.10330047 1.05005181 -0.00521313
v 0.08981407 1.05621970 -0.01990637
v 0.08812670 1.05277550 -0.02856951
v 0.10253867 1.04740596 -0.01698577
v 0.10072713 1.04415560 -0.02600617
v 0.11423511 1.03964269 -0.00200036
v 0.12303817 1.02916229 0.01599053
v 0.11153086 1.03429723 -0.02334936
v 0.11348595 1.03725076 -0.01402089
v 0.12073341 1.02314198 -0.02061194
v 0.12375566 1.02769935 0.00121794
v 0.12290710 1.02566540 -0.01101009
v 0.13154329 1.01518667 0.01936271
v 0.13211402 1.01405919 0.00446912
v 0.13924597 0.99849385 0.00776320
v 0.13101539 1.01249778 -0.00795002
v 0.12851623 1.01054108 -0.01781076
v -0.04159111 0.99537539 0.16319740
v -0.00000000 0.99657834 0.17128892
v 0.02176882 0.97796923 0.17493533
v 0.02031784 0.99613887 0.16925754
v 0.02142918 0.96296954 0.17871961
v 0.04417811 0.97442251 0.16822816
v 0.04159111 0.99537539 0.16319738
v 0.04373728 0.95158207 0.17236763
v 0.01723954 0.95379281 0.18325567
v 0.00000000 0.95793605 0.18566146
v 0.06707821 0.97420949 0.15812688
v 0.01291933 0.94785887 0.18779211
v -0.00000000 0.95121825 0.19009706
v 0.02158667 0.94003642 0.18402168
v 0.02950582 0.94376981 0.17952190
v 0.04373728 0.95158207 0.17236763
v 0.08748250 0.97574687 0.14573382
v 0.08416887 0.99518037 0.14087217
v 0.08863011 0.95554942 0.14974225
v 0.06823041 0.95297426 0.16155508
v 0.04581302 0.93152434 0.17363745
v 0.03823992 0.91252559 0.17668317
v 0.02502349 0.92089027 0.18059006
v 0.03135780 0.93143481 0.17906013
v 0.01820671 0.92302132 0.18261039
v 0.02288119 0.93094522 0.18245994
v 0.02158667 0.94003642 0.18402168
v -0.01323727 0.81248015 0.13595094
v 0.00000000 0.81198269 0.13887762
v -0.00000000 0.80823714 0.13604014
v -0.01076950 0.80855829 0.13346417
v -0.02390512 0.81202972 0.12768400
v -0.01601495 0.80884135 0.12866424
v -0.00000000 0.80549365 0.13346513
v -0.00759019 0.80557626 0.13165835
v -0.01104028 0.80564708 0.12831205
v -0.00572629 0.80289191 0.12798290
v -0.00393682 0.80301028 0.12985685
v -0.00000000 0.80549365 0.13346513
v -0.00000000 0.80044144 0.12777467
v -0.00000000 0.80086166 0.12833294
v -0.00000000 0.80323529 0.13107060
v 0.00393682 0.80301034 0.12985685
v 0.00572629 0.80289191 0.12798290
v -0.00000000 0.80210412 0.12987006
v 0.00759019 0.80557626 0.13165835
v 0.01104028 0.80564708 0.12831205
v 0.01601495 0.80884135 0.12866424
v 0.01076950 0.80855829 0.13346417
v 0.02390511 0.81202972 0.12768400
v 0.01323727 0.81248015 0.13595094
v 0.00000000 0.81198269 0.13887762
v 0.04297714 1.04435802 -0.07854556
v 0.05100902 1.04916608 -0.07336006
v 0.04078848 1.05616641 -0.06842833
v 0.03426803 1.05254185 -0.07220015
v 0.02984815 1.06189346 -0.06306695
v 0.02516985 1.05958271 -0.06566361
v 0.02483727 1.04825640 -0.07326729
v 0.01710902 1.05751979 -0.06536285
v 0.03195504 1.03852248 -0.08076427
v 0.05114081 1.03542495 -0.08440575
v 0.03857092 1.02896917 -0.08784059
v 0.06053468 1.04084635 -0.07777364
v 0.05100902 1.04916608 -0.07336006
v 0.05886429 1.02548480 -0.08960175
v 0.04477196 1.01868367 -0.09434056
v 0.05083269 1.00655520 -0.09983668
v 0.06959701 1.03134954 -0.08155804
v 0.06638292 1.01404202 -0.09387339
v 0.05779954 0.99224550 -0.10295680
v 0.06463518 1.04454350 -0.06581277
v 0.05405715 1.05226207 -0.06322988
v 0.07473035 1.03565359 -0.06800614
v 0.07843708 1.02059424 -0.08458104
v 0.07419074 1.00030243 -0.09652040
v 0.06645927 0.97593486 -0.10253821
v 0.08257543 0.98389429 -0.09688789
v 0.07578846 0.95909792 -0.09920144
v 0.08712767 1.00740886 -0.08664816
v 0.08466446 1.02558720 -0.06974015
v 0.07650410 1.03902066 -0.05114928
v 0.06555968 1.04720664 -0.05065462
v 0.05411502 1.05433154 -0.05013292
v 0.08739577 1.02964544 -0.05157017
v 0.04169568 1.06024182 -0.04965422
v 0.09430748 1.01293170 -0.07104950
v 0.09803305 1.01750445 -0.05201499
v 0.04272327 1.05855083 -0.06035552
v 0.05100902 1.04916608 -0.07336006
v 0.04078848 1.05616641 -0.06842833
v 0.02836848 1.06510270 -0.04923716
v 0.03100786 1.06350601 -0.05729600
v 0.02984815 1.06189346 -0.06306695
v 0.02098193 1.06684518 -0.05456170
v 0.01436067 1.06918442 -0.04888094
v 0.01785603 1.06660843 -0.05712856
v 0.00000000 1.07286286 -0.04855844
v 0.09553126 0.99096602 -0.08750923
v 0.10321982 0.99655831 -0.07191660
v 0.10774806 1.00126338 -0.05259560
v 0.09074085 0.96643770 -0.09494299
v 0.08450406 0.94336873 -0.09398698
v 0.10283768 0.97289670 -0.08675297
v 0.11017530 0.97788775 -0.07201023
v 0.11465740 0.98199803 -0.05333587
v 0.11736719 0.96166152 -0.05421923
v 0.09775490 0.94982827 -0.09094448
v 0.09209444 0.92972505 -0.08783235
v 0.10322590 0.93507302 -0.08569591
v 0.11418646 0.95897454 -0.07106061
v 0.11765773 0.94330299 -0.05515544
v 0.11600754 0.94186211 -0.06935744
v 0.10825935 0.95525867 -0.08413864
v 0.10825935 0.95525867 -0.08413864
v 0.11177156 0.93935567 -0.08026884
v 0.11177156 0.93935567 -0.08026884
v 0.11362786 0.92587698 -0.07581018
v 0.11362786 0.92587698 -0.07581018
v 0.10707504 0.92261720 -0.07994719
v 0.09209444 0.92972505 -0.08783235
v 0.11443195 0.91380656 -0.07084215
v 0.09841434 0.91860300 -0.08143987
v 0.11666753 0.92787969 -0.06726597
v 0.11765773 0.94330299 -0.05515544
v 0.11443195 0.91380656 -0.07084215
v 0.11759933 0.92912823 -0.05607743
v 0.10993495 0.91153824 -0.07368867
v 0.11478994 0.90194571 -0.06535676
v 0.10401227 0.90893024 -0.07467424
v 0.11655285 0.91550899 -0.06489407
v 0.11478994 0.90194571 -0.06535676
v 0.11724807 0.91687173 -0.05708507
v 0.11249590 0.90077460 -0.06681319
v 0.11496747 0.89006811 -0.05958305
v 0.10948987 0.89949918 -0.06730809
v 0.11496747 0.89006811 -0.05958305
v 0.11496747 0.89006811 -0.05958306
v 0.11589738 0.90294307 -0.06229779
v 0.11496747 0.89006811 -0.05958305
v 0.11629285 0.90383613 -0.05827728
v 0.11496747 0.89006811 -0.05958305
v 0.11496747 0.89006811 -0.05958306
v 0.14259233 0.87956631 -0.01545387
v 0.13817266 0.87733048 -0.03918400
v 0.13619862 0.86845499 -0.02572464
v 0.14332360 0.88744056 -0.03252470
v 0.14747049 0.89313781 -0.00757893
v 0.14730610 0.89942610 -0.02740658
v 0.15010937 0.90929329 -0.00310731
v 0.14947374 0.91348821 -0.02435492
v 0.15106912 0.92649722 -0.00096423
v 0.15023462 0.92878830 -0.02283383
v 0.15092093 0.94334686 0.00006177
v 0.15002401 0.94452000 -0.02222276
v 0.14899538 0.96062773 -0.00035333
v 0.13957717 0.89378327 -0.04645716
v 0.14252655 0.90455514 -0.04348602
v 0.14413010 0.91693765 -0.04161951
v 0.13577645 0.88442934 -0.05033185
v 0.13005495 0.90775186 -0.05331843
v 0.14468935 0.93060929 -0.04069312
v 0.13232438 0.86858958 -0.04689930
v 0.13132976 0.87595773 -0.05507389
v 0.12906030 0.85940266 -0.03723790
v 0.13619862 0.86845499 -0.02572464
v 0.12085360 0.85255694 -0.05033937
v 0.12449283 0.86053669 -0.05640710
v 0.12836789 0.89757288 -0.05515898
v 0.13577645 0.88442934 -0.05033185
v 0.13093974 0.91914397 -0.05224573
v 0.11362315 0.85259163 -0.06822524
v 0.11166120 0.84807909 -0.06475183
v 0.10119390 0.84471542 -0.08100380
v 0.10423210 0.84561950 -0.07629317
v 0.10075197 0.84458399 -0.08168899
v 0.11377806 0.85630924 -0.07090525
v 0.12448943 0.86697268 -0.06167201
v 0.11841492 0.87083578 -0.06559886
v 0.11296810 0.90978932 -0.05940263
v 0.11268093 0.89983088 -0.06072244
v 0.11304134 0.92060453 -0.05888893
v 0.12609640 0.88856816 -0.05762721
v 0.11204609 0.89093059 -0.06261105
v 0.11088613 0.88281250 -0.06498025
v 0.12323727 0.88029438 -0.06077047
v 0.10869776 0.87315530 -0.06872287
v 0.13129272 0.93164653 -0.05186856
v 0.11318532 0.93221354 -0.05903369
v 0.11053523 0.85868663 -0.07285912
v 0.10531607 0.86061865 -0.07427305
v 0.13132262 0.94516444 -0.05205814
v 0.11351810 0.94463593 -0.05960899
v 0.14451596 0.94522905 -0.04048902
v 0.11377806 0.85630924 -0.07090525
v 0.12448943 0.86697268 -0.06167201
v 0.10075197 0.84458399 -0.08168899
v 0.10093992 0.84524000 -0.08138398
v 0.10223202 0.84974968 -0.07928702
v 0.13050330 0.95977718 -0.05267238
v 0.11334053 0.95808399 -0.06045079
v 0.14833075 0.96104908 -0.02262365
v 0.14316660 0.96089363 -0.04094163
v 0.12813903 0.97542852 -0.05356369
v 0.11181347 0.97259808 -0.06137805
v 0.14002098 0.97762179 -0.04201640
v 0.14449695 0.97875232 -0.02424758
v 0.14452930 0.97924554 -0.00274583
v 0.12358986 0.99134797 -0.05457586
v 0.10835481 0.98733938 -0.06207794
v 0.13450608 0.99467826 -0.04365050
v 0.13822418 0.99687797 -0.02701969
v 0.13762344 0.99839956 -0.00696560
v 0.12846500 1.01680088 -0.01252648
v 0.12933229 1.01438475 -0.03064168
v 0.11672240 1.03291476 -0.01828483
v 0.11775455 1.03020000 -0.03420734
v 0.12620242 1.01117742 -0.04566270
v 0.11641052 1.00665176 -0.05552672
v 0.10262144 1.00133491 -0.06229658
v 0.11525732 1.02638018 -0.04742613
v 0.10687774 1.02071941 -0.05613874
v 0.09496879 1.01395380 -0.06214763
v 0.10204645 1.03967381 -0.04838541
v 0.09543981 1.03311634 -0.05618885
v 0.08729213 1.05079806 -0.04871618
v 0.08584094 1.02488959 -0.06178060
v 0.10366605 1.04344952 -0.03689578
v 0.11672240 1.03291476 -0.01828483
v 0.10229344 1.04555607 -0.02319445
v 0.08250893 1.04388130 -0.05576738
v 0.07533795 1.03478503 -0.06112074
v 0.06371053 1.04413819 -0.06010927
v 0.08809561 1.05408263 -0.03883529
v 0.08651131 1.05518723 -0.02725658
v 0.06869582 1.05301261 -0.05506767
v 0.05215608 1.05191171 -0.05897531
v 0.05544081 1.05986845 -0.05438230
v 0.07194944 1.05955362 -0.04875822
v 0.07231697 1.06220579 -0.04033569
v 0.07095285 1.06252408 -0.03064531
v 0.08651131 1.05518723 -0.02725658
v 0.05673338 1.06764698 -0.03317868
v 0.05772946 1.06773603 -0.04148399
v 0.04424840 1.07067108 -0.03472005
v 0.05755804 1.06563103 -0.04877685
v 0.04504843 1.07079887 -0.04231289
v 0.03147497 1.07248664 -0.03566985
v 0.04503359 1.06901431 -0.04893089
v 0.03212722 1.07253718 -0.04286106
v 0.01646647 1.07388723 -0.03641386
v 0.04366064 1.06404269 -0.05392410
v 0.05215608 1.05191171 -0.05897531
v 0.04147281 1.05715895 -0.05794246
v 0.03221105 1.07097054 -0.04902810
v 0.01683919 1.07397676 -0.04316691
v 0.00000000 1.07450140 -0.03674173
v 0.00000000 1.07464480 -0.04326218
v 0.03134752 1.06670797 -0.05348818
v 0.01691384 1.07264876 -0.04889329
v 0.02991559 1.06082857 -0.05692412
v -0.00000000 1.07344115 -0.04877076
v 0.01577153 1.06385148 -0.05589719
v 0.00000000 1.06999266 -0.05259292
v 0.01649172 1.06895864 -0.05290858
v 0.03221105 1.07097054 -0.04902810
v 0.00000000 1.06519711 -0.05540321
v 0.02516985 1.05958271 -0.06566361
v 0.01719272 1.06440568 -0.06007350
v 0.00873564 1.06556988 -0.05706811
v 0.00000000 1.07286286 -0.04855844
v 0.01785603 1.06660843 -0.05712856
v 0.01785603 1.06660843 -0.05712856
v 0.01719272 1.06440568 -0.06007350
v 0.02516985 1.05958271 -0.06566361
v 0.04401524 0.81772262 0.05260896
v 0.03273712 0.81742245 0.05660793
v 0.04097629 0.80905420 0.05844707
v 0.04516894 0.81042111 0.05290884
v 0.05271145 0.81814134 0.04750070
v 0.04181684 0.80282760 0.05777365
v 0.05173402 0.81077284 0.04828784
v 0.06053498 0.81875819 0.04104058
v 0.04481941 0.80372059 0.05258911
v 0.04017210 0.79729283 0.05626617
v 0.05880329 0.81073838 0.04420131
v 0.06771909 0.81965697 0.03318194
v 0.06566623 0.80954200 0.04282678
v 0.05024525 0.80387098 0.04856166
v 0.04291215 0.79784697 0.05159391
v 0.03783228 0.79242694 0.05461908
v 0.05678180 0.80350280 0.04592414
v 0.06348348 0.80243105 0.04575967
v 0.04792513 0.79781514 0.04805204
v 0.04046231 0.79278052 0.05054896
v 0.03611360 0.78820205 0.05342978
v 0.05424237 0.79731470 0.04611014
v 0.06087671 0.79642344 0.04630959
v 0.04521866 0.79263550 0.04746190
v 0.03845646 0.78842336 0.05013483
v 0.03522338 0.78439838 0.05301034
v 0.05125736 0.79211748 0.04585986
v 0.05761685 0.79137987 0.04612924
v 0.03701239 0.78452694 0.05067485
v 0.03504016 0.78077978 0.05347715
v 0.04263391 0.78823555 0.04761923
v 0.04792529 0.78777117 0.04632685
v 0.03600872 0.78083867 0.05226502
v 0.03523622 0.77723807 0.05444927
v 0.05348627 0.78719234 0.04656856
v 0.05761685 0.79137987 0.04612924
v 0.04831606 0.78360415 0.04812959
v 0.04414497 0.78400731 0.04795446
v 0.04016594 0.78435934 0.04887965
v 0.03770518 0.78074169 0.05132932
v 0.03523622 0.77723807 0.05444927
v 0.03523622 0.77723807 0.05444927
v 0.03984043 0.78055233 0.05084527
v 0.04831606 0.78360415 0.04812959
v 0.03523622 0.77723801 0.05444927
v 0.04207524 0.78034467 0.05093648
v 0.03523622 0.77723807 0.05444927
v 0.07379034 0.80971617 0.04443727
v 0.07337069 0.81224018 0.03385383
v 0.06771909 0.81965697 0.03318194
v 0.07552211 0.80833417 0.04275480
v 0.07473099 0.80696875 0.03356376
v 0.07621419 0.80471802 0.04128700
v 0.07925609 0.80569607 0.05265988
v 0.07991573 0.80519032 0.05023380
v 0.07950215 0.80264699 0.04727804
v 0.08547314 0.80410844 0.05546341
v 0.08518331 0.80489570 0.05990124
v 0.08406205 0.80145836 0.05054403
v 0.09226654 0.80494571 0.05605558
v 0.09360549 0.80959243 0.06778609
v 0.08966693 0.80110919 0.04965892
v 0.09591717 0.80140275 0.04367939
v 0.10001259 0.80673844 0.04864934
v 0.10524797 0.81441736 0.05494411
v 0.10683095 0.80868131 0.03647242
v 0.11317860 0.81712979 0.04001617
v 0.10141648 0.80227220 0.03402612
v 0.11132649 0.81047142 0.02258717
v 0.11882801 0.81911242 0.02350307
v 0.10473874 0.80360562 0.02283795
v 0.11237866 0.81164074 0.01012454
v 0.12232659 0.82022005 0.00431528
v 0.10533530 0.80498385 0.01276218
v 0.10880021 0.81185567 0.00275609
v 0.11370502 0.81621909 -0.00146376
v 0.10310397 0.80608124 0.00602147
v 0.10293063 0.81273818 -0.00074639
v 0.10644745 0.81655818 -0.00438244
v 0.09885062 0.80725461 0.00263154
v 0.09632561 0.81503445 -0.00158876
v 0.09913202 0.81970358 -0.00578840
v 0.08971756 0.81739759 0.00066301
v 0.09027681 0.82804722 -0.00577947
v 0.08791181 0.81005138 0.00449862
v 0.09354593 0.80879605 0.00214868
v 0.08569796 0.80383861 0.00783853
v 0.09044474 0.80289155 0.00567224
v 0.08334214 0.79857969 0.01133533
v 0.09465178 0.80171287 0.00595034
v 0.08718825 0.79774445 0.00946396
v 0.08104806 0.79418653 0.01541190
v 0.09778751 0.80054569 0.00894147
v 0.08396895 0.79348022 0.01393200
v 0.07885846 0.79049659 0.02007688
v 0.09048892 0.79675400 0.00962393
v 0.09937061 0.79935229 0.01477481
v 0.08082704 0.78997916 0.01905733
v 0.07676657 0.78731602 0.02521007
v 0.08642738 0.79268217 0.01401926
v 0.08246433 0.78941411 0.01910045
v 0.07775772 0.78704232 0.02469080
v 0.07472819 0.78439659 0.03059000
v 0.09286101 0.79574513 0.01208880
v 0.09899248 0.79812646 0.02316290
v 0.07857662 0.78674918 0.02470791
v 0.07472819 0.78439659 0.03059000
v 0.07472819 0.78439671 0.03059000
v 0.08362003 0.78887123 0.02037961
v 0.08642738 0.79268217 0.01401926
v 0.08816740 0.79189086 0.01590692
v 0.07915483 0.78647327 0.02535395
v 0.07472819 0.78439659 0.03059000
v 0.09406119 0.79473257 0.01691012
v 0.08910185 0.79110521 0.01965037
v 0.08429915 0.78832638 0.02296156
v 0.07951588 0.78619337 0.02667381
v 0.07472819 0.78439671 0.03059000
v 0.09386163 0.79378510 0.02378502
v 0.08911127 0.79038554 0.02501260
v 0.07964318 0.78592169 0.02859513
v 0.07472819 0.78439659 0.03059000
v 0.08445051 0.78781140 0.02669495
v 0.09648515 0.79727292 0.03229137
v 0.07926769 0.78586334 0.03062440
v 0.07472819 0.78439671 0.03059000
v 0.09195643 0.79331404 0.03121486
v 0.09200926 0.79716325 0.04010971
v 0.08966693 0.80110919 0.04965892
v 0.08777823 0.79013813 0.03076480
v 0.08364274 0.78767902 0.03066268
v 0.07821038 0.78617406 0.03224427
v 0.07472819 0.78439659 0.03059000
v 0.08160966 0.78819793 0.03389231
v 0.08679947 0.79762059 0.04514990
v 0.08830308 0.79364872 0.03754490
v 0.08490251 0.79067421 0.03557793
v 0.07690450 0.78662372 0.03326338
v 0.07472819 0.78439671 0.03059000
v 0.07912616 0.78897989 0.03595585
v 0.08214127 0.79839289 0.04642845
v 0.08399051 0.79444915 0.04169173
v 0.08145146 0.79157549 0.03871366
v 0.07844981 0.79947066 0.04431734
v 0.08018480 0.79530334 0.04293673
v 0.07722870 0.79617923 0.04144899
v 0.07848088 0.79235995 0.03971526
v 0.07623393 0.79301709 0.03866160
v 0.07704949 0.78958470 0.03662631
v 0.07552538 0.79002231 0.03593641
v 0.07583249 0.78695238 0.03359597
v 0.07472819 0.78439659 0.03059000
v 0.07506121 0.78717095 0.03325280
v 0.07472819 0.78439671 0.03059000
v 0.07453161 0.79039341 0.03402731
v 0.07623393 0.79301709 0.03866160
v 0.07456193 0.78734529 0.03229245
v 0.07472818 0.78439659 0.03059000
v 0.07433925 0.78749025 0.03086818
v 0.07472819 0.78439659 0.03059000
v 0.07408565 0.79071498 0.03121413
v 0.07475172 0.79363108 0.03582089
v 0.07408027 0.79419363 0.03168323
v 0.07722870 0.79617923 0.04144899
v 0.07525074 0.79711068 0.03767475
v 0.07434595 0.79801697 0.03228112
v 0.07476295 0.80226010 0.03296696
v 0.07592335 0.80084413 0.03955213
v 0.07473099 0.80696875 0.03356376
v 0.07844981 0.79947066 0.04431734
v 0.07621419 0.80471802 0.04128700
v 0.04618098 0.80312574 0.07406808
v 0.05089350 0.79799443 0.07613223
v 0.04557316 0.79921734 0.07039721
v 0.05207446 0.80222034 0.08199395
v 0.04483152 0.80459213 0.07680675
v 0.05111007 0.80395788 0.08657569
v 0.04203624 0.80583608 0.06590769
v 0.03941396 0.80820739 0.06761778
v 0.05943507 0.80277723 0.08771355
v 0.05886123 0.80879730 0.09994189
v 0.04097629 0.80905420 0.05844707
v 0.03273712 0.81742245 0.05660793
v 0.04181684 0.80282760 0.05777365
v 0.04225117 0.80107975 0.06395308
v 0.04557316 0.79921734 0.07039721
v 0.05752531 0.79736841 0.07977750
v 0.06796047 0.80344921 0.08799827
v 0.07166239 0.81200075 0.09786800
v 0.06474130 0.79710633 0.08020172
v 0.07584442 0.80362815 0.08407040
v 0.08109229 0.81258148 0.09195662
v 0.07144973 0.79701239 0.07767742
v 0.08175486 0.80324435 0.07721251
v 0.08843523 0.81195921 0.08259217
v 0.07650388 0.79696250 0.07289774
v 0.08428264 0.80251020 0.06887872
v 0.09360549 0.80959243 0.06778609
v 0.07890134 0.79707968 0.06683405
v 0.08195478 0.80202806 0.06122133
v 0.08518331 0.80489570 0.05990124
v 0.07801639 0.79756743 0.06042946
v 0.07729411 0.80311507 0.05402959
v 0.07925609 0.80569607 0.05265988
v 0.07458622 0.79870480 0.05423560
v 0.07183017 0.80611390 0.04718322
v 0.07379034 0.80971617 0.04443727
v 0.06566623 0.80954200 0.04282678
v 0.06771909 0.81965697 0.03318194
v 0.06348348 0.80243105 0.04575967
v 0.06957386 0.80057865 0.04888932
v 0.06087671 0.79642344 0.04630959
v 0.06689794 0.79524750 0.04896619
v 0.05761685 0.79137987 0.04612924
v 0.07162212 0.79404777 0.05342171
v 0.07162212 0.79404777 0.05342171
v 0.06336920 0.79056251 0.04845310
v 0.05348627 0.78719234 0.04656856
v 0.06783874 0.78972214 0.05231674
v 0.07443621 0.79307371 0.05879296
v 0.06783874 0.78972214 0.05231674
v 0.05851362 0.78661978 0.04848699
v 0.04831606 0.78360415 0.04812959
v 0.06249214 0.78597713 0.05168502
v 0.05209231 0.78323233 0.04951617
v 0.04207524 0.78034467 0.05093648
v 0.05516730 0.78275186 0.05184794
v 0.04410072 0.78016061 0.05166485
v 0.03523622 0.77723807 0.05444927
v 0.04577951 0.77989954 0.05289727
v 0.03523622 0.77723807 0.05444927
v 0.03523622 0.77723807 0.05444927
v 0.05722267 0.78207320 0.05471065
v 0.04695514 0.77949816 0.05441718
v 0.03523622 0.77723801 0.05444927
v 0.04722311 0.77918440 0.05586927
v 0.03523622 0.77723807 0.05444927
v 0.05761220 0.78152931 0.05747538
v 0.05586977 0.78143036 0.05956063
v 0.04627975 0.77916855 0.05692583
v 0.03523622 0.77723801 0.05444927
v 0.04447301 0.77929783 0.05750818
v 0.03523622 0.77723807 0.05444927
v 0.05257760 0.78157270 0.06078921
v 0.04226481 0.77939272 0.05762142
v 0.03523622 0.77723801 0.05444927
v 0.04851427 0.78171510 0.06112236
v 0.05874235 0.78427601 0.06445224
v 0.03992150 0.77952886 0.05735664
v 0.03523622 0.77723807 0.05444927
v 0.04419529 0.78198189 0.06067081
v 0.03769095 0.77980685 0.05680085
v 0.03523622 0.77723801 0.05444927
v 0.06295528 0.78429514 0.06247741
v 0.05761220 0.78152931 0.05747538
v 0.06523161 0.78457415 0.05941848
v 0.05344988 0.78439516 0.06517922
v 0.06345788 0.78761393 0.06840841
v 0.06809548 0.78779417 0.06566194
v 0.07061298 0.78823239 0.06170858
v 0.04011083 0.78252310 0.05955921
v 0.03594258 0.78017259 0.05593878
v 0.03523622 0.77723807 0.05444927
v 0.03691282 0.78322786 0.05781882
v 0.03839324 0.78654230 0.06037008
v 0.03520338 0.78391695 0.05552339
v 0.03501976 0.78053159 0.05477268
v 0.03523622 0.77723801 0.05444927
v 0.04252408 0.78555185 0.06300783
v 0.04055960 0.79032797 0.06343406
v 0.03504016 0.78077978 0.05347715
v 0.03523622 0.77723807 0.05444927
v 0.03522338 0.78439838 0.05301034
v 0.04780576 0.78478062 0.06467074
v 0.04521141 0.78913027 0.06693709
v 0.04331889 0.79468793 0.06678874
v 0.05751451 0.78771251 0.06961250
v 0.04828037 0.79339284 0.07116740
v 0.05113982 0.78819615 0.06912417
v 0.05453910 0.79243618 0.07389937
v 0.06126559 0.79192430 0.07435583
v 0.06749534 0.79179150 0.07264185
v 0.07226671 0.79194701 0.06909779
v 0.07476502 0.79237390 0.06427114
v 0.07042958 0.78890920 0.05700624
v 0.06523161 0.78457415 0.05941848
v 0.06494137 0.78521347 0.05558394
v 0.05761220 0.78152931 0.05747538
v 0.06249214 0.78597713 0.05168502
v 0.05516730 0.78275186 0.05184794
v 0.13044886 0.82465929 -0.01798589
v 0.12901041 0.82385081 -0.02616252
v 0.12828140 0.82107723 -0.02114623
v 0.13115880 0.82759464 -0.02389870
v 0.13306090 0.82948428 -0.01460665
v 0.13341337 0.83224130 -0.02151102
v 0.12975129 0.83038116 -0.02867373
v 0.13156877 0.83480024 -0.02682417
v 0.12788464 0.82662386 -0.03041872
v 0.12581448 0.82315117 -0.03205187
v 0.12673798 0.82054985 -0.02829370
v 0.12828140 0.82107723 -0.02114623
v 0.12567624 0.81850928 -0.01619317
v 0.12741196 0.82153940 -0.01162768
v 0.13306090 0.82948428 -0.01460665
v 0.13002580 0.82610196 -0.00626119
v 0.12148838 0.81657314 -0.01263348
v 0.12225085 0.81863749 -0.00694808
v 0.12232659 0.82022005 0.00431528
v 0.12607352 0.81801367 -0.02396460
v 0.12567624 0.81850928 -0.01619317
v 0.12386477 0.81582260 -0.01984959
v 0.12148838 0.81657314 -0.01263348
v 0.12415305 0.81745321 -0.03040270
v 0.12358289 0.81522423 -0.02670225
v 0.12340002 0.81974363 -0.03361525
v 0.12035091 0.81428993 -0.01682231
v 0.12174650 0.81333339 -0.02321110
v 0.11590731 0.81369424 -0.01557209
v 0.11617649 0.81570822 -0.01151807
v 0.12112254 0.81440419 -0.03260482
v 0.12054243 0.81625283 -0.03515594
v 0.12067232 0.81259859 -0.02965233
v 0.12137503 0.82181007 -0.03575188
v 0.11896656 0.81790268 -0.03682689
v 0.12338441 0.82553303 -0.03459276
v 0.12506139 0.82921648 -0.03332090
v 0.12651753 0.83306843 -0.03191672
v 0.13156877 0.83480024 -0.02682417
v 0.12792048 0.83741117 -0.03040189
v 0.12177892 0.83549547 -0.03349374
v 0.12272270 0.84003764 -0.03222841
v 0.12092697 0.83133554 -0.03468563
v 0.11983425 0.82736111 -0.03573623
v 0.11841485 0.82334805 -0.03666462
v 0.11595318 0.83735317 -0.03335117
v 0.11613026 0.84259397 -0.03228784
v 0.11599503 0.83261591 -0.03446820
v 0.11003462 0.83772069 -0.03154353
v 0.10726530 0.84552860 -0.02999047
v 0.11105965 0.83251888 -0.03276855
v 0.11565487 0.82829720 -0.03545506
v 0.11105965 0.83251888 -0.03276855
v 0.11144951 0.82803762 -0.03386765
v 0.11494397 0.82406843 -0.03634933
v 0.11145240 0.82376134 -0.03493683
v 0.11125056 0.81935996 -0.03606037
v 0.11396205 0.81964594 -0.03721238
v 0.11092376 0.81477755 -0.03725035
v 0.11666123 0.81910932 -0.03750865
v 0.11278129 0.81499499 -0.03806578
v 0.11052292 0.81003821 -0.03849673
v 0.11463273 0.81463653 -0.03829402
v 0.11146735 0.81015521 -0.03891906
v 0.11008669 0.80521470 -0.03977334
v 0.11621524 0.81380391 -0.03784133
v 0.11240940 0.80997545 -0.03904267
v 0.11008669 0.80521470 -0.03977334
v 0.11008669 0.80521470 -0.03977334
v 0.11321491 0.80955023 -0.03881692
v 0.11008669 0.80521470 -0.03977334
v 0.11729671 0.81265348 -0.03669178
v 0.11376535 0.80895966 -0.03823113
v 0.11008669 0.80521470 -0.03977334
v 0.11769314 0.81135529 -0.03491579
v 0.11396675 0.80829030 -0.03731965
v 0.11008669 0.80521470 -0.03977334
v 0.11738234 0.81008106 -0.03285115
v 0.11380814 0.80763131 -0.03625704
v 0.11008669 0.80521470 -0.03977334
v 0.11924307 0.81106842 -0.02686560
v 0.11330903 0.80706888 -0.03525132
v 0.11008669 0.80521470 -0.03977334
v 0.11640158 0.80899704 -0.03089933
v 0.11884835 0.81203556 -0.02062307
v 0.11252781 0.80667847 -0.03450400
v 0.11008669 0.80521470 -0.03977334
v 0.11486483 0.80824792 -0.02944890
v 0.11699837 0.81001753 -0.02479536
v 0.11520126 0.81154245 -0.01948526
v 0.11155079 0.80652118 -0.03417340
v 0.11008669 0.80521470 -0.03977334
v 0.11418360 0.80961090 -0.02387542
v 0.11294120 0.80795091 -0.02880544
v 0.11140462 0.81191260 -0.01976117
v 0.11053698 0.80661225 -0.03425160
v 0.11008669 0.80521470 -0.03977334
v 0.11125918 0.80988926 -0.02408805
v 0.11094440 0.80813485 -0.02895553
v 0.10965972 0.80694872 -0.03467916
v 0.11008669 0.80521470 -0.03977334
v 0.10921654 0.80879283 -0.02978656
v 0.10907669 0.80749917 -0.03535667
v 0.11008669 0.80521470 -0.03977334
v 0.10806900 0.80986387 -0.03110807
v 0.10705107 0.81238055 -0.02717653
v 0.10872848 0.81084257 -0.02527616
v 0.10595131 0.81508726 -0.02363482
v 0.10811748 0.81313664 -0.02124471
v 0.10458738 0.81799036 -0.02043304
v 0.10721628 0.81564295 -0.01766842
v 0.10239400 0.82100600 -0.01710668
v 0.11125872 0.81414211 -0.01596262
v 0.10554992 0.81810230 -0.01412519
v 0.09858032 0.82406461 -0.01297148
v 0.11054563 0.81618661 -0.01227401
v 0.10269491 0.82001448 -0.01016617
v 0.09027681 0.82804722 -0.00577947
v 0.09913202 0.81970358 -0.00578840
v 0.10898692 0.81741410 -0.00832987
v 0.10644745 0.81655818 -0.00438244
v 0.11576386 0.81701082 -0.00670859
v 0.11370502 0.81621909 -0.00146376
v 0.12225085 0.81863749 -0.00694808
v 0.12232659 0.82022005 0.00431528
v 0.10890790 0.80820864 -0.03617643
v 0.10907669 0.80749917 -0.03535667
v 0.11008669 0.80521470 -0.03977334
v 0.10773862 0.81124139 -0.03271210
v 0.10806900 0.80986387 -0.03110807
v 0.10657602 0.81434870 -0.02949805
v 0.10705107 0.81238055 -0.02717653
v 0.10536784 0.81755584 -0.02659245
v 0.10595131 0.81508726 -0.02363482
v 0.10397727 0.82088363 -0.02395994
v 0.10458738 0.81799036 -0.02043304
v 0.10197888 0.82434821 -0.02125053
v 0.10239400 0.82100600 -0.01710668
v 0.09895693 0.82796872 -0.01808147
v 0.09858032 0.82406461 -0.01297148
v 0.09500955 0.83174497 -0.01438899
v 0.09027681 0.82804722 -0.00577947
v 0.09947456 0.83597440 -0.02148620
v 0.10176505 0.83178890 -0.02367284
v 0.10359556 0.84057534 -0.02673640
v 0.10374099 0.82772505 -0.02576534
v 0.10544010 0.83540267 -0.02828340
v 0.10726530 0.84552860 -0.02999047
v 0.11003462 0.83772069 -0.03154353
v 0.10687325 0.83069503 -0.02976006
v 0.11105965 0.83251888 -0.03276855
v 0.10518611 0.82386416 -0.02772329
v 0.10781200 0.82642639 -0.03117003
v 0.11144951 0.82803762 -0.03386765
v 0.10627782 0.82012677 -0.02972146
v 0.10842709 0.82233953 -0.03262207
v 0.11145240 0.82376134 -0.03493683
v 0.10725323 0.81641144 -0.03194411
v 0.10890609 0.81819606 -0.03422203
v 0.11125056 0.81935996 -0.03606037
v 0.10819481 0.81269026 -0.03439841
v 0.10932092 0.81394893 -0.03597189
v 0.11092376 0.81477755 -0.03725035
v 0.10913823 0.80895638 -0.03703724
v 0.11008669 0.80521470 -0.03977334
v 0.11008669 0.80521470 -0.03977334
v 0.10970909 0.80960757 -0.03784114
v 0.11052292 0.81003821 -0.03849673
v 0.11008669 0.80521470 -0.03977334
v 0.11008669 0.80521470 -0.03977334
v 0.07417356 0.82092822 0.02402571
v 0.06771909 0.81965697 0.03318194
v 0.07337069 0.81224018 0.03385383
v 0.07518949 0.81455398 0.02456473
v 0.07999016 0.82268417 0.01406724
v 0.07473099 0.80696875 0.03356376
v 0.07916629 0.81606191 0.01533987
v 0.08530842 0.82503343 0.00391315
v 0.07549294 0.80867761 0.02502101
v 0.07476295 0.80226010 0.03296696
v 0.08404811 0.81731254 0.00688774
v 0.09027681 0.82804722 -0.00577947
v 0.08971756 0.81739759 0.00066301
v 0.07826503 0.80978823 0.01668417
v 0.07515910 0.80342782 0.02547185
v 0.07434595 0.79801697 0.03228112
v 0.08260433 0.81033581 0.00956381
v 0.08791181 0.81005138 0.00449862
v 0.07725749 0.80414951 0.01818163
v 0.07462668 0.79877216 0.02604390
v 0.07408027 0.79419363 0.03168323
v 0.08101747 0.80428571 0.01213213
v 0.08569796 0.80383861 0.00783853
v 0.07630888 0.79918486 0.01995314
v 0.07429618 0.79465044 0.02684490
v 0.07408565 0.79071498 0.03121413
v 0.07944653 0.79910076 0.01492115
v 0.08334214 0.79857969 0.01133533
v 0.08104806 0.79418653 0.01541190
v 0.07803565 0.79468012 0.01819904
v 0.07885846 0.79049659 0.02007688
v 0.07559342 0.79485393 0.02210472
v 0.07423741 0.79096448 0.02789718
v 0.07433925 0.78749025 0.03086818
v 0.07680315 0.79087704 0.02197653
v 0.07512703 0.79104650 0.02464358
v 0.07441808 0.78759837 0.02918053
v 0.07472819 0.78439659 0.03059000
v 0.07487124 0.78762281 0.02752434
v 0.07472819 0.78439659 0.03059000
v 0.07680315 0.79087704 0.02197653
v 0.07472819 0.78439671 0.03059000
v 0.07572433 0.78752214 0.02617177
v 0.07676657 0.78731602 0.02521007
v 0.07472818 0.78439659 0.03059000
v 0.07472819 0.78439659 0.03059000
v 0.03839324 0.78654230 0.06037008
v 0.03691282 0.78322786 0.05781882
v 0.03613289 0.78751045 0.05701704
v 0.03522338 0.78439838 0.05301034
v 0.03611360 0.78820205 0.05342978
v 0.04055960 0.79032797 0.06343406
v 0.03793694 0.79152852 0.05912250
v 0.03783228 0.79242694 0.05461908
v 0.04017210 0.79729283 0.05626617
v 0.04041302 0.79612166 0.06156636
v 0.04181684 0.80282760 0.05777365
v 0.04331889 0.79468793 0.06678874
v -0.01095121 0.58432269 0.24582750
v -0.02164185 0.58900446 0.25891969
v -0.02035663 0.58029276 0.25106508
v -0.01163557 0.59396118 0.25472829
v -0.02296669 0.59528798 0.26917470
v -0.01234539 0.60101461 0.26622579
v -0.00000001 0.59579098 0.25315526
v -0.00000001 0.60313278 0.26511776
v -0.00000001 0.58580935 0.24386236
v -0.01018459 0.57340580 0.24038619
v -0.00000001 0.57451427 0.23822276
v -0.01890036 0.57036746 0.24621816
v -0.02035663 0.58029276 0.25106508
v -0.02676695 0.57443011 0.25850362
v -0.02478857 0.56591100 0.25458983
v -0.02848349 0.58178920 0.26488042
v -0.02296669 0.59528798 0.26917470
v -0.01708083 0.56060266 0.24470997
v -0.00924817 0.56257892 0.23919557
v -0.02223582 0.55743420 0.25316226
v -0.02693091 0.56087399 0.26380783
v -0.02911863 0.56770855 0.26673213
v -0.02406427 0.55387658 0.26263356
v -0.02223581 0.55076104 0.27112660
v -0.02478857 0.55610192 0.27221543
v -0.01708083 0.54835999 0.27758902
v -0.01890035 0.55214810 0.27886808
v -0.02013842 0.54769897 0.26281235
v -0.02223581 0.55076104 0.27112660
v -0.01876353 0.55017662 0.25398728
v -0.02676695 0.56113100 0.27437761
v -0.03100086 0.57345968 0.27153090
v -0.01876352 0.54586428 0.27062345
v -0.01708083 0.54835999 0.27758902
v -0.01464204 0.54474586 0.27616814
v -0.01478292 0.54339671 0.26314104
v -0.01391020 0.54245222 0.26928347
v -0.01105408 0.54216886 0.27331796
v -0.01478292 0.54339671 0.26314104
v -0.01391020 0.54503196 0.25613889
v -0.01464204 0.55230170 0.24653439
v -0.01105408 0.54632795 0.25061339
v -0.00800647 0.55318683 0.24249434
v -0.00611213 0.54642028 0.24838351
v -0.00000001 0.56322980 0.23728037
v -0.00000001 0.55330217 0.24139276
v -0.00000001 0.54616499 0.24811269
v -0.00000001 0.54616499 0.24811269
v 0.00611212 0.54642028 0.24838346
v 0.00800646 0.55318683 0.24249430
v -0.00000001 0.56322980 0.23728037
v 0.01105407 0.54632807 0.25061339
v 0.00924816 0.56257880 0.23919557
v 0.01464203 0.55230176 0.24653441
v 0.01391019 0.54503196 0.25613892
v 0.01018458 0.57340580 0.24038619
v -0.00000001 0.58580935 0.24386236
v 0.01708082 0.56060266 0.24470998
v 0.01876351 0.55017662 0.25398728
v 0.01478291 0.54339671 0.26314104
v 0.02013841 0.54769897 0.26281226
v 0.02223580 0.55743420 0.25316229
v 0.02406425 0.55387646 0.26263353
v 0.01890034 0.57036746 0.24621816
v 0.01095119 0.58432269 0.24582750
v 0.02035662 0.58029276 0.25106508
v 0.02478856 0.56591111 0.25458983
v 0.02693090 0.56087399 0.26380783
v 0.02223580 0.55076104 0.27112660
v 0.02676694 0.57443011 0.25850356
v 0.02164184 0.58900440 0.25891969
v 0.02911862 0.56770855 0.26673213
v 0.02478856 0.55610192 0.27221543
v 0.02848348 0.58178937 0.26488033
v 0.02676694 0.56113100 0.27437761
v 0.03100085 0.57345980 0.27153090
v 0.01890034 0.55214822 0.27886802
v 0.01708082 0.54835999 0.27758902
v 0.02035662 0.55555475 0.28055733
v 0.02848348 0.56520945 0.27780989
v 0.02164184 0.55815965 0.28296146
v 0.01876351 0.54586428 0.27062345
v 0.01464203 0.54474586 0.27616814
v 0.03023646 0.56788355 0.28248012
v 0.02296668 0.55977905 0.28613135
v 0.03291397 0.57737756 0.27804494
v 0.03023646 0.58696973 0.27336419
v 0.02013841 0.54769897 0.26281226
v 0.02406425 0.55387646 0.26263353
v 0.01478291 0.54339671 0.26314104
v 0.01391019 0.54245222 0.26928347
v 0.01105407 0.54216880 0.27331796
v 0.02296668 0.59528810 0.26917470
v 0.03509140 0.57890183 0.28593689
v 0.03223531 0.58918726 0.28342700
v 0.02448280 0.59818393 0.28110108
v 0.03223531 0.56883526 0.28819788
v 0.01315960 0.60441965 0.27942279
v 0.01234538 0.60101461 0.26622579
v -0.00000001 0.60673755 0.27878121
v -0.00000001 0.60313278 0.26511776
v 0.01402194 0.60401928 0.29335511
v -0.00000001 0.60642540 0.29317608
v 0.02608733 0.59759253 0.29375920
v 0.03434832 0.58841145 0.29418802
v 0.02760929 0.59368998 0.30617413
v 0.03739183 0.57805723 0.29443815
v 0.03635222 0.58485121 0.30469301
v 0.03434832 0.56810838 0.29436955
v 0.03957332 0.57505184 0.30268547
v 0.02448280 0.56032002 0.28997675
v 0.02885990 0.58689541 0.31743908
v 0.03799888 0.57891309 0.31404817
v 0.03635223 0.56586015 0.30031016
v 0.02608733 0.55981928 0.29409713
v 0.04136587 0.57023913 0.30986515
v 0.01234538 0.55426198 0.28854513
v 0.01315960 0.55456543 0.29110828
v 0.01163556 0.55335182 0.28635651
v 0.02164184 0.55815965 0.28296146
v 0.01095119 0.55176049 0.28457609
v 0.02035662 0.55555475 0.28055733
v 0.01018458 0.54947817 0.28308719
v 0.01890034 0.55214822 0.27886802
v 0.00924816 0.54680920 0.28138369
v 0.01708082 0.54835999 0.27758902
v 0.01464203 0.54474586 0.27616814
v -0.00000001 0.54625827 0.28259090
v -0.00000001 0.54850054 0.28454661
v -0.00000001 0.55036724 0.28599820
v -0.00000001 0.55158526 0.28757110
v -0.00000001 0.55223787 0.28941083
v -0.00000001 0.55246598 0.29150152
v 0.00800645 0.54418647 0.27883759
v -0.00000001 0.54625827 0.28259090
v -0.00000001 0.54403365 0.27946272
v 0.01105407 0.54216880 0.27331796
v 0.01402194 0.55428451 0.29380003
v -0.00000001 0.55228388 0.29366040
v 0.00611212 0.54224414 0.27472380
v -0.00000001 0.54234493 0.27480203
v 0.02760929 0.55835778 0.29801995
v 0.01483999 0.55343163 0.29632446
v -0.00000001 0.55167437 0.29566488
v 0.00331929 0.54143888 0.26861078
v -0.00000001 0.54155916 0.26852435
v 0.00596392 0.54124814 0.26805380
v -0.00000001 0.54131609 0.26133910
v -0.00000001 0.54131615 0.26133910
v -0.00000001 0.54131615 0.26133910
v -0.00000001 0.54131615 0.26133910
v 0.00742299 0.54123509 0.26593450
v -0.00000001 0.54131609 0.26133910
v 0.00784087 0.54161918 0.26255372
v -0.00000001 0.54131615 0.26133910
v 0.00742299 0.54244030 0.25868216
v 0.01391019 0.54503196 0.25613892
v -0.00000001 0.54131615 0.26133910
v 0.00596392 0.54305208 0.25574917
v 0.01105407 0.54632807 0.25061339
v -0.00000001 0.54131615 0.26133913
v 0.00331929 0.54292393 0.25482208
v -0.00000001 0.54131615 0.26133910
v 0.00611212 0.54642028 0.24838346
v -0.00000001 0.54267871 0.25486121
v -0.00000001 0.54616499 0.24811269
v -0.00611213 0.54642028 0.24838351
v -0.00000001 0.54267871 0.25486121
v -0.00331931 0.54292393 0.25482208
v -0.00000001 0.54131615 0.26133910
v -0.01105408 0.54632795 0.25061339
v -0.00000001 0.54131615 0.26133913
v -0.00596393 0.54305196 0.25574917
v -0.01391020 0.54503196 0.25613889
v -0.00000001 0.54131615 0.26133910
v -0.00742300 0.54244030 0.25868216
v -0.01478292 0.54339671 0.26314104
v -0.00000001 0.54131615 0.26133910
v -0.00784088 0.54161924 0.26255372
v -0.01391020 0.54245222 0.26928347
v -0.00000001 0.54131609 0.26133910
v -0.00742300 0.54123521 0.26593450
v -0.00000001 0.54131615 0.26133910
v -0.01105408 0.54216886 0.27331796
v -0.00596393 0.54124814 0.26805374
v -0.00000001 0.54131615 0.26133910
v -0.00331931 0.54143876 0.26861078
v -0.00000001 0.54131609 0.26133910
v -0.00611213 0.54224414 0.27472380
v -0.00000001 0.54155916 0.26852435
v -0.00000001 0.54131615 0.26133910
v -0.00000001 0.54234493 0.27480203
v -0.00000001 0.54403365 0.27946272
v -0.00800647 0.54418647 0.27883753
v -0.00000001 0.54625827 0.28259090
v -0.01464204 0.54474586 0.27616814
v -0.00924817 0.54680920 0.28138369
v -0.01708083 0.54835999 0.27758902
v -0.01018459 0.54947829 0.28308725
v -0.00000001 0.54625827 0.28259090
v -0.00000001 0.54850054 0.28454661
v -0.02035663 0.55555475 0.28055733
v -0.01095121 0.55176049 0.28457618
v -0.00000001 0.55036724 0.28599820
v -0.02164185 0.55815965 0.28296146
v -0.01163557 0.55335182 0.28635651
v -0.00000001 0.55158526 0.28757110
v -0.02296669 0.55977905 0.28613129
v -0.01234539 0.55426186 0.28854513
v -0.00000001 0.55223787 0.28941083
v -0.01315961 0.55456543 0.29110822
v -0.00000001 0.55246598 0.29150152
v -0.02448281 0.56032002 0.28997666
v -0.01402195 0.55428463 0.29380003
v -0.00000001 0.55228388 0.29366040
v -0.02608734 0.55981928 0.29409713
v -0.01484000 0.55343175 0.29632446
v -0.00000001 0.55167437 0.29566488
v -0.02760930 0.55835778 0.29801995
v -0.01551221 0.55203086 0.29839721
v -0.00000001 0.55061948 0.29729992
v -0.02885992 0.55606103 0.30129555
v -0.01595935 0.55013537 0.29980204
v -0.00000001 0.54913282 0.29840124
v -0.02969180 0.55308032 0.30358014
v -0.01620072 0.54789978 0.30058232
v -0.00000001 0.54735219 0.29900080
v -0.03014087 0.54961902 0.30493167
v -0.01628431 0.54550534 0.30085364
v -0.00000000 0.54544878 0.29918543
v -0.03029640 0.54589379 0.30552045
v -0.01627418 0.54313761 0.30076182
v -0.00000001 0.54360038 0.29906532
v -0.03027753 0.54212034 0.30556399
v -0.01622982 0.54096305 0.30042520
v -0.00000001 0.54196250 0.29873055
v -0.03019501 0.53849953 0.30523852
v -0.01617654 0.53906447 0.29982266
v -0.00000001 0.54059392 0.29816869
v -0.03009588 0.53517616 0.30450791
v -0.01612873 0.53749514 0.29889128
v -0.00000001 0.53952062 0.29733443
v -0.01609135 0.53627384 0.29754093
v -0.00000001 0.53873491 0.29615629
v -0.02993738 0.52986717 0.30141968
v -0.03000693 0.53227085 0.30327624
v -0.03975675 0.53539377 0.31268972
v -0.03962624 0.53001654 0.31173745
v -0.03950913 0.52517951 0.30999443
v -0.03941756 0.52104783 0.30732244
v -0.03986542 0.54110515 0.31296626
v -0.03935581 0.51774496 0.30362085
v -0.02989049 0.52801621 0.29883313
v -0.03989026 0.54692513 0.31260970
v -0.03968548 0.55258906 0.31139556
v -0.03909420 0.55782169 0.30905029
v -0.03799889 0.56233960 0.30537099
v -0.03635224 0.56586015 0.30031016
v -0.03434833 0.56810838 0.29436961
v -0.03223533 0.56883526 0.28819788
v -0.03023648 0.56788355 0.28248012
v -0.02164185 0.55815965 0.28296146
v -0.02848349 0.56520945 0.27780998
v -0.02035663 0.55555475 0.28055733
v -0.03291398 0.57737756 0.27804494
v -0.03509141 0.57890171 0.28593689
v -0.03739184 0.57805723 0.29443809
v -0.03957333 0.57505184 0.30268547
v -0.03023647 0.58696985 0.27336419
v -0.03223532 0.58918715 0.28342700
v -0.03434832 0.58841145 0.29418802
v -0.02448281 0.59818393 0.28110108
v -0.04136588 0.57023913 0.30986515
v -0.03635224 0.58485121 0.30469301
v -0.02608734 0.59759253 0.29375920
v -0.02760930 0.59368998 0.30617413
v -0.01402195 0.60401928 0.29335511
v -0.01315961 0.60441953 0.27942279
v -0.01234539 0.60101461 0.26622579
v -0.00000001 0.60642540 0.29317608
v -0.03799889 0.57891309 0.31404817
v -0.02885992 0.58689541 0.31743902
v -0.03909420 0.57106358 0.32152322
v -0.02969180 0.57771641 0.32678583
v -0.04255823 0.56400812 0.31533390
v -0.04320192 0.55674595 0.31907880
v -0.03968548 0.56180906 0.32698235
v -0.04342484 0.54883611 0.32126850
v -0.01595934 0.58257282 0.33035621
v -0.01551221 0.59262937 0.31965283
v -0.03014087 0.56677258 0.33393037
v -0.03989026 0.55166233 0.33046675
v -0.04339779 0.54064882 0.32216626
v -0.01620072 0.57048512 0.33876401
v -0.03029640 0.55470741 0.33874291
v -0.03986542 0.54112178 0.33213347
v -0.04327950 0.53254020 0.32199663
v -0.01628431 0.55710959 0.34459653
v -0.03027753 0.54215115 0.34122384
v -0.03975676 0.53065807 0.33213511
v -0.04313743 0.52481794 0.32073319
v -0.01627417 0.54317820 0.34771401
v -0.03019501 0.52968895 0.34141600
v -0.03962624 0.52064425 0.33049190
v -0.04300993 0.51776648 0.31828430
v -0.01622982 0.52936244 0.34805885
v -0.03009588 0.51773947 0.33939984
v -0.03950913 0.51141733 0.32719359
v -0.04291026 0.51162517 0.31454748
v -0.03941756 0.50326449 0.32224157
v -0.04284304 0.50658894 0.30946952
v -0.02993739 0.49678177 0.32917616
v -0.03000693 0.50666654 0.33527479
v -0.01609135 0.49271142 0.33408692
v -0.01612873 0.50378281 0.34102270
v -0.00000001 0.49131244 0.33594051
v -0.01617654 0.51610613 0.34576374
v -0.00000001 0.50282127 0.34319913
v -0.00000000 0.51560134 0.34818059
v -0.00000001 0.52933401 0.35058507
v -0.00000001 0.54364473 0.35017779
v -0.00000001 0.55808157 0.34680423
v -0.00000001 0.57193869 0.34056559
v -0.00000000 0.58444440 0.33166263
v 0.01617653 0.51610613 0.34576374
v 0.01622980 0.52936244 0.34805885
v 0.01627416 0.54317826 0.34771404
v 0.01628430 0.55710971 0.34459651
v 0.01620071 0.57048512 0.33876401
v 0.01595933 0.58257294 0.33035621
v 0.01612872 0.50378281 0.34102270
v 0.03019499 0.52968895 0.34141600
v 0.03027752 0.54215115 0.34122384
v 0.03029639 0.55470741 0.33874291
v 0.03014086 0.56677240 0.33393037
v 0.02969179 0.57771641 0.32678583
v 0.03009587 0.51773936 0.33939984
v 0.01609134 0.49271142 0.33408692
v 0.03000692 0.50666654 0.33527479
v 0.02993738 0.49678177 0.32917616
v 0.03950912 0.51141721 0.32719365
v 0.03941755 0.50326449 0.32224157
v 0.03962623 0.52064425 0.33049184
v 0.03975675 0.53065789 0.33213517
v 0.04300992 0.51776648 0.31828427
v 0.04291025 0.51162517 0.31454748
v 0.04313742 0.52481794 0.32073319
v 0.03950911 0.52517951 0.30999443
v 0.03941755 0.52104783 0.30732244
v 0.03986541 0.54112178 0.33213347
v 0.04327950 0.53254020 0.32199663
v 0.03962623 0.53001642 0.31173745
v 0.03000691 0.53227085 0.30327624
v 0.02993738 0.52986717 0.30141968
v 0.03989025 0.55166245 0.33046678
v 0.04339778 0.54064882 0.32216626
v 0.03975675 0.53539371 0.31268972
v 0.03009587 0.53517616 0.30450791
v 0.03968548 0.56180906 0.32698235
v 0.04342483 0.54883611 0.32126850
v 0.03986541 0.54110521 0.31296632
v 0.03019499 0.53849953 0.30523852
v 0.03909418 0.57106358 0.32152322
v 0.04320191 0.55674607 0.31907880
v 0.03989024 0.54692501 0.31260970
v 0.03027752 0.54212034 0.30556399
v 0.04255823 0.56400812 0.31533390
v 0.03968548 0.55258906 0.31139556
v 0.03029639 0.54589379 0.30552045
v 0.03909419 0.55782157 0.30905023
v 0.03014086 0.54961902 0.30493167
v 0.02969179 0.55308032 0.30358014
v 0.01627417 0.54313761 0.30076182
v 0.01628430 0.54550534 0.30085361
v 0.01620071 0.54789978 0.30058241
v 0.01595933 0.55013549 0.29980204
v 0.01622981 0.54096305 0.30042520
v 0.01617653 0.53906459 0.29982257
v 0.01612871 0.53749514 0.29889128
v 0.02993738 0.52986717 0.30141968
v -0.00000000 0.54544878 0.29918543
v -0.00000001 0.54360038 0.29906532
v -0.00000001 0.54735219 0.29900080
v -0.00000001 0.54196250 0.29873055
v -0.00000001 0.54913282 0.29840124
v -0.00000001 0.54059392 0.29816869
v -0.00000001 0.55061948 0.29729992
v -0.00000001 0.53952062 0.29733443
v 0.01551220 0.55203086 0.29839721
v 0.01609134 0.53627384 0.29754093
v -0.00000001 0.53873491 0.29615629
v -0.00000001 0.53821105 0.29455528
v 0.02885991 0.55606103 0.30129549
v 0.01606613 0.53539681 0.29568174
v -0.00000001 0.53788513 0.29244971
v 0.02989047 0.52801621 0.29883313
v 0.03799888 0.56233960 0.30537099
v 0.01551220 0.59262937 0.31965274
v 0.01605135 0.53480440 0.29325384
v -0.00000001 0.53769928 0.28974921
v 0.01604356 0.53443712 0.29019830
v -0.00000001 0.53765601 0.28633240
v 0.01603598 0.53429067 0.28643116
v 0.02986298 0.52667671 0.29551300
v 0.02984849 0.52579403 0.29147834
v 0.02983438 0.52535349 0.28673631
v 0.03931960 0.51526809 0.29896340
v 0.03930051 0.51358765 0.29346797
v 0.03928194 0.51269001 0.28725547
v 0.04280361 0.50271952 0.30320519
v 0.04278284 0.50004250 0.29596463
v 0.04276262 0.49857113 0.28797126
v 0.03931959 0.49108320 0.30774474
v 0.03930051 0.48732042 0.29869828
v 0.03928194 0.48522073 0.28883186
v 0.02986298 0.48168156 0.31185037
v 0.02984849 0.47692490 0.30120930
v 0.02983438 0.47424802 0.28966933
v 0.01605135 0.47556075 0.31476474
v 0.01604356 0.47009268 0.30301085
v -0.00000001 0.47339210 0.31586665
v 0.01603598 0.46700171 0.29029292
v -0.00000001 0.46765345 0.30369699
v -0.00000001 0.46440485 0.29053634
v -0.01603599 0.46700171 0.29029292
v -0.01604357 0.47009268 0.30301079
v -0.02983439 0.47424805 0.28966933
v -0.02984850 0.47692490 0.30120930
v -0.03928195 0.48522079 0.28883186
v -0.01605137 0.47556075 0.31476474
v -0.02986299 0.48168156 0.31185037
v -0.03930052 0.48732045 0.29869831
v -0.04276263 0.49857113 0.28797135
v -0.03931960 0.49108312 0.30774474
v -0.04278285 0.50004244 0.29596463
v -0.03928195 0.51269001 0.28725547
v -0.04280362 0.50271952 0.30320519
v -0.03930052 0.51358765 0.29346791
v -0.02983439 0.52535361 0.28673640
v -0.03931960 0.51526809 0.29896337
v -0.02984850 0.52579403 0.29147828
v -0.01603599 0.53429067 0.28643116
v -0.02986299 0.52667671 0.29551300
v -0.01604357 0.53443712 0.29019830
v -0.00000001 0.53765601 0.28633240
v -0.00000001 0.53769928 0.28974921
v -0.01605137 0.53480440 0.29325384
v -0.00000001 0.53788513 0.29244971
v -0.01606614 0.53539687 0.29568180
v -0.00000001 0.53821105 0.29455528
v -0.02993738 0.52986717 0.30141968
v -0.01609135 0.53627384 0.29754093
v -0.03931960 0.51526809 0.29896337
v -0.02986299 0.52667671 0.29551300
v -0.04280362 0.50271952 0.30320519
v -0.03935580 0.49643624 0.31568348
v -0.03931960 0.49108312 0.30774474
v -0.03941756 0.50326449 0.32224157
v -0.04291026 0.51162517 0.31454748
v -0.02993739 0.49678177 0.32917616
v -0.02989049 0.48837221 0.32127512
v -0.02986299 0.48168156 0.31185037
v -0.01605137 0.47556075 0.31476474
v -0.01606614 0.48319888 0.32523048
v -0.01609135 0.49271142 0.33408692
v -0.00000001 0.48138797 0.32672232
v 0.01609134 0.49271142 0.33408692
v 0.01606612 0.48319888 0.32523048
v 0.01605135 0.47556075 0.31476474
v 0.02993738 0.49678177 0.32917616
v 0.02989048 0.48837221 0.32127512
v 0.02986298 0.48168156 0.31185037
v 0.03931959 0.49108320 0.30774474
v 0.03935580 0.49643624 0.31568354
v 0.03941755 0.50326449 0.32224157
v 0.04280361 0.50271952 0.30320519
v 0.04284303 0.50658894 0.30946952
v 0.04291025 0.51162517 0.31454748
v 0.03941755 0.52104783 0.30732244
v 0.03935579 0.51774496 0.30362085
v 0.02993738 0.52986717 0.30141968
v 0.03931960 0.51526809 0.29896340
v 0.02986298 0.52667671 0.29551300
v -0.01402195 0.60401928 0.29335511
v -0.02608734 0.59759253 0.29375920
v -0.01484000 0.59995234 0.30706066
v -0.02885992 0.58689541 0.31743902
v -0.00000001 0.60231715 0.30735245
v -0.00000000 0.59481531 0.32043895
v 0.01483999 0.59995234 0.30706072
v 0.02885990 0.58689541 0.31743908
v 0.01402194 0.60401928 0.29335511
v 0.02608733 0.59759253 0.29375920
v -0.02997033 0.57791030 0.18180473
v -0.02097682 0.60042953 0.17253341
v -0.02276228 0.58741295 0.18515149
v -0.02761948 0.59175301 0.16892014
v -0.03262593 0.56721723 0.17659935
v -0.03212184 0.56483221 0.19505213
v -0.02439634 0.57503355 0.19821170
v -0.02276228 0.58741295 0.18515149
v -0.01127504 0.60656118 0.17450675
v -0.01223473 0.59407556 0.18685666
v -0.01910060 0.61388654 0.16060749
v -0.01026657 0.61941433 0.16284969
v -0.00000001 0.60887259 0.17509703
v -0.00000001 0.62151212 0.16356416
v -0.00000001 0.59657305 0.18732466
v -0.00000001 0.63441819 0.15279442
v -0.01311303 0.58215034 0.19972867
v -0.00000001 0.58480841 0.20011099
v -0.00924421 0.63255966 0.15198457
v -0.00000001 0.64791548 0.14267646
v -0.02582904 0.56356633 0.21139565
v -0.01388311 0.57106638 0.21286722
v -0.00000001 0.57386518 0.21322830
v -0.00824641 0.64630705 0.14180861
v -0.00000001 0.66240400 0.13305938
v -0.01719853 0.62769657 0.14954363
v -0.01534215 0.64212942 0.13925946
v -0.00731018 0.66103858 0.13217239
v -0.00000001 0.67818874 0.12381319
v -0.01452438 0.56111902 0.22596109
v -0.00000001 0.56404310 0.22637936
v -0.00646324 0.67704165 0.12294246
v -0.00000001 0.69535732 0.11487951
v -0.01360026 0.65752107 0.12960996
v -0.00572083 0.69438910 0.11405556
v -0.00000001 0.71321964 0.10646357
v -0.02020050 0.63639838 0.13515519
v -0.01202408 0.67411608 0.12045343
v -0.01790687 0.65275449 0.12556237
v -0.02199042 0.63030666 0.12979968
v -0.00505745 0.71238953 0.10571340
v -0.00000001 0.73082149 0.09884001
v -0.01064122 0.69195378 0.11171512
v -0.01583056 0.67021126 0.11657138
v -0.00443936 0.73008424 0.09819071
v -0.00000001 0.74692875 0.09229695
v -0.01949347 0.64778382 0.12038980
v -0.00940247 0.71034890 0.10358483
v -0.00384045 0.74620920 0.09178957
v -0.00824100 0.72835284 0.09632965
v -0.01236626 0.70776665 0.10029960
v -0.00709642 0.74469185 0.09026051
v -0.00587464 0.75811815 0.08557596
v -0.00321108 0.75949389 0.08670830
v -0.00434017 0.76781487 0.08198097
v -0.00000001 0.76026750 0.08703051
v -0.00239994 0.76894933 0.08270334
v -0.00000001 0.76967990 0.08285621
v -0.01400653 0.68877041 0.10809369
v -0.01202408 0.67411608 0.12045343
v -0.01345437 0.70528817 0.09623464
v -0.01524515 0.68561530 0.10358068
v -0.01723263 0.66623110 0.11168261
v -0.01583056 0.66296476 0.10631029
v -0.01790687 0.64354306 0.11461534
v -0.01400653 0.68314683 0.09868075
v -0.01345437 0.70528817 0.09623464
v -0.01081354 0.72629726 0.09343329
v -0.00709642 0.74469185 0.09026051
v -0.02020050 0.62494624 0.12369175
v -0.02264473 0.60707879 0.13368727
v -0.02465122 0.61366224 0.14006592
v -0.01360026 0.64038324 0.10924356
v -0.01534215 0.62082314 0.11793216
v -0.01719853 0.60188669 0.12756610
v -0.01910059 0.58346319 0.13825954
v -0.02514911 0.58978790 0.14472370
v -0.01202408 0.66063470 0.10136391
v -0.00824641 0.61825413 0.11372766
v -0.01719853 0.60188669 0.12756610
v -0.00924421 0.59857666 0.12304752
v -0.00000001 0.61737645 0.11210734
v -0.00731018 0.63847375 0.10535684
v -0.00000001 0.63783979 0.10386791
v -0.00646325 0.65929174 0.09780966
v -0.00000001 0.65886647 0.09645447
v -0.01064122 0.68149263 0.09420606
v -0.00572083 0.68061733 0.09100886
v -0.00000001 0.68036664 0.08979454
v -0.01236626 0.70344073 0.09186508
v 0.00646324 0.65929174 0.09780966
v -0.00000001 0.63783979 0.10386791
v 0.00731017 0.63847375 0.10535684
v -0.01175098 0.72438794 0.08986247
v -0.00924495 0.74317586 0.08777534
v -0.00753298 0.75720328 0.08351636
v -0.00587464 0.75811815 0.08557596
v -0.00546110 0.76741058 0.08045100
v -0.00434017 0.76781487 0.08198097
v 0.00572082 0.68061727 0.09100886
v 0.01202407 0.66063470 0.10136391
v 0.01202407 0.66063470 0.10136391
v 0.01064121 0.68149263 0.09420606
v -0.00000001 0.70169985 0.08402166
v 0.00505744 0.70180386 0.08508720
v -0.00808767 0.75639647 0.08093842
v -0.00580345 0.76706195 0.07850550
v -0.00546110 0.76606190 0.07663290
v -0.01000902 0.74180800 0.08470288
v -0.00753298 0.75528038 0.07834892
v -0.00434017 0.76537633 0.07507635
v -0.01081354 0.72298402 0.08606455
v -0.00924495 0.74064088 0.08149843
v -0.00940247 0.70230383 0.08790316
v -0.00824100 0.72219813 0.08264904
v -0.00505745 0.70180386 0.08508721
v -0.00587464 0.75459617 0.07612021
v -0.00709642 0.74000198 0.07865936
v -0.00000001 0.70169985 0.08402166
v -0.00443936 0.72199976 0.08023605
v -0.00239994 0.76588184 0.07401591
v -0.00321108 0.75496954 0.07457925
v -0.00000001 0.76642054 0.07362442
v -0.00000001 0.75540519 0.07400601
v -0.00384045 0.74008805 0.07667072
v -0.00000001 0.74029511 0.07592560
v -0.00000001 0.72203124 0.07932692
v 0.00443935 0.72199976 0.08023604
v 0.00384044 0.74008799 0.07667072
v -0.00000001 0.74029511 0.07592560
v -0.00000001 0.75540519 0.07400601
v 0.00321107 0.75496942 0.07457925
v -0.00000001 0.76642054 0.07362442
v 0.00709641 0.74000198 0.07865936
v 0.00824099 0.72219813 0.08264902
v 0.00940246 0.70230377 0.08790317
v 0.00587463 0.75459617 0.07612021
v 0.00924494 0.74064088 0.08149843
v 0.01081353 0.72298408 0.08606455
v 0.01236625 0.70344079 0.09186506
v 0.00239993 0.76588190 0.07401591
v 0.01400652 0.68314683 0.09868075
v 0.00753297 0.75528038 0.07834892
v 0.01000901 0.74180800 0.08470288
v 0.01175097 0.72438794 0.08986247
v 0.00434016 0.76537633 0.07507635
v 0.01345436 0.70528817 0.09623463
v 0.01583055 0.66296482 0.10631029
v 0.01524514 0.68561518 0.10358066
v 0.01081353 0.72629720 0.09343329
v 0.01236625 0.70776671 0.10029960
v 0.00924494 0.74317586 0.08777534
v 0.00808766 0.75639647 0.08093844
v 0.00546109 0.76606202 0.07663290
v 0.01360025 0.64038324 0.10924356
v 0.00824640 0.61825395 0.11372767
v 0.00709641 0.74469179 0.09026052
v 0.00753297 0.75720328 0.08351636
v 0.00580344 0.76706189 0.07850549
v 0.00546109 0.76741064 0.08045100
v 0.00587463 0.75811815 0.08557596
v 0.00434016 0.76781487 0.08198097
v 0.00824099 0.72835284 0.09632964
v 0.00231595 0.77356118 0.07907093
v 0.00288021 0.77343220 0.07825144
v 0.00580344 0.76706189 0.07850549
v 0.00304097 0.77332473 0.07719937
v 0.00128959 0.77420574 0.07941935
v 0.00239993 0.76894927 0.08270334
v -0.00000001 0.77464765 0.07947322
v -0.00000001 0.76967990 0.08285621
v -0.00000001 0.77708805 0.07649644
v -0.00000001 0.77708811 0.07649644
v -0.00000001 0.77708811 0.07649646
v -0.00000001 0.77708811 0.07649644
v -0.00000001 0.77708811 0.07649646
v 0.00288021 0.77273113 0.07621244
v -0.00000001 0.77708811 0.07649644
v 0.00231595 0.77230448 0.07541022
v -0.00000001 0.77708811 0.07649646
v 0.00128959 0.77264678 0.07486895
v -0.00000001 0.77708811 0.07649644
v -0.00000001 0.77300400 0.07467013
v -0.00000001 0.77708805 0.07649644
v -0.00000001 0.77708811 0.07649644
v -0.00128960 0.77264678 0.07486895
v -0.00239994 0.76588184 0.07401591
v -0.00000001 0.77708811 0.07649646
v -0.00231596 0.77230453 0.07541022
v -0.00000001 0.77708811 0.07649644
v -0.00288022 0.77273118 0.07621246
v -0.00546110 0.76606190 0.07663290
v -0.00000001 0.77708811 0.07649646
v -0.00304098 0.77332473 0.07719937
v -0.00580345 0.76706195 0.07850550
v -0.00000001 0.77708811 0.07649644
v -0.00288022 0.77343220 0.07825144
v -0.00000001 0.77708811 0.07649646
v -0.00231596 0.77356118 0.07907093
v -0.00000001 0.77708811 0.07649644
v -0.00128960 0.77420574 0.07941935
v -0.00239994 0.76894933 0.08270334
v -0.00000001 0.77464765 0.07947322
v -0.00000001 0.76967990 0.08285621
v -0.00000001 0.77708805 0.07649644
v -0.00000001 0.77708811 0.07649644
v -0.01603599 0.53429067 0.28643116
v -0.00000001 0.53784341 0.28203991
v -0.00000001 0.53765601 0.28633240
v -0.01601852 0.53444350 0.28182921
v -0.00000001 0.53863132 0.27659112
v -0.02983439 0.52535361 0.28673640
v -0.01597119 0.53525126 0.27613872
v -0.00000001 0.54045534 0.26969412
v -0.02980189 0.52541298 0.28125390
v -0.01587138 0.53713375 0.26908940
v -0.00000001 0.54373372 0.26113299
v -0.02971385 0.52628177 0.27484894
v -0.02952815 0.52832890 0.26731083
v -0.01569566 0.54049522 0.26047474
v -0.00000001 0.54879296 0.25081706
v -0.03923916 0.51261330 0.28040734
v -0.03928195 0.51269001 0.28725547
v -0.01542212 0.54564995 0.25020111
v -0.00000001 0.55560821 0.23908067
v -0.03912323 0.51358640 0.27284354
v -0.02971385 0.52628177 0.27484894
v -0.04258985 0.49945381 0.27032599
v -0.04271604 0.49833649 0.27941367
v -0.04276263 0.49857113 0.28797135
v -0.03928195 0.48522079 0.28883186
v -0.03923916 0.48482895 0.27840734
v -0.03912323 0.48611981 0.26756814
v -0.02983439 0.47424805 0.28966933
v -0.02980189 0.47372124 0.27753299
v -0.02971385 0.47518122 0.26503432
v -0.01597120 0.46796882 0.26321599
v -0.01601852 0.46638277 0.27692989
v -0.00000001 0.46538717 0.26252341
v -0.01603599 0.46700171 0.29029292
v -0.00000001 0.46375203 0.27670658
v -0.00000001 0.46440485 0.29053634
v 0.01603598 0.46700171 0.29029292
v 0.01601851 0.46638277 0.27692989
v 0.02983438 0.47424802 0.28966933
v 0.02980188 0.47372130 0.27753296
v 0.01597119 0.46796882 0.26321608
v 0.03923915 0.48482895 0.27840734
v 0.03928194 0.48522073 0.28883186
v 0.02971384 0.47518122 0.26503432
v 0.03912323 0.48611981 0.26756814
v 0.04258984 0.49945381 0.27032599
v 0.04271604 0.49833649 0.27941367
v 0.04276262 0.49857113 0.28797126
v 0.03928194 0.51269001 0.28725547
v 0.03923915 0.51261330 0.28040734
v 0.03912323 0.51358640 0.27284354
v 0.02983438 0.52535349 0.28673631
v 0.02980188 0.52541298 0.28125390
v 0.02971384 0.52628189 0.27484894
v 0.01601851 0.53444350 0.28182921
v 0.01603598 0.53429067 0.28643116
v -0.00000001 0.53784341 0.28203991
v -0.00000001 0.53765601 0.28633240
v -0.00000001 0.53863132 0.27659112
v 0.01597118 0.53525126 0.27613872
v -0.00000001 0.54045534 0.26969412
v 0.02971384 0.52628189 0.27484894
v 0.01587137 0.53713375 0.26908934
v -0.00000001 0.54373372 0.26113299
v 0.02952814 0.52832878 0.26731083
v 0.03912323 0.51358640 0.27284354
v 0.01569565 0.54049522 0.26047474
v -0.00000001 0.54879296 0.25081706
v 0.03887872 0.51588386 0.26444322
v 0.04258984 0.49945381 0.27032599
v 0.01542211 0.54564995 0.25020120
v -0.00000001 0.55560821 0.23908067
v 0.02920121 0.53190935 0.25846374
v 0.04232366 0.50205868 0.26069582
v 0.03912323 0.48611981 0.26756814
v 0.01503562 0.55256999 0.23856153
v -0.00000001 0.56404310 0.22637936
v 0.03844827 0.51977235 0.25508446
v 0.04185507 0.50628603 0.25047824
v 0.03887872 0.48905280 0.25641558
v 0.02971384 0.47518122 0.26503432
v 0.02869230 0.53729975 0.24821268
v 0.01452437 0.56111902 0.22596109
v -0.00000001 0.57386518 0.21322830
v 0.03844827 0.49359480 0.24499939
v 0.04112564 0.51224840 0.23962545
v 0.02952814 0.47841048 0.25237569
v 0.01587137 0.47140801 0.24942473
v 0.02920121 0.48320714 0.23970073
v 0.02797324 0.54447114 0.23675145
v 0.01388310 0.57106632 0.21286720
v -0.00000001 0.58480841 0.20011099
v 0.02702209 0.55329758 0.22436263
v 0.03683145 0.53293324 0.23331779
v 0.03683145 0.53293324 0.23331779
v 0.03777820 0.52546018 0.24468452
v 0.04009499 0.51997089 0.22811343
v 0.03844827 0.51977235 0.25508446
v 0.04185507 0.50628603 0.25047824
v 0.01311302 0.58215022 0.19972867
v -0.00000001 0.59657305 0.18732466
v 0.03557908 0.54210216 0.22111547
v 0.04009499 0.51997089 0.22811343
v 0.02582903 0.56356627 0.21139564
v 0.03400823 0.55280256 0.20827785
v 0.02439633 0.57503337 0.19821168
v 0.01223472 0.59407550 0.18685664
v -0.00000001 0.60887259 0.17509703
v 0.03873167 0.52944130 0.21593983
v 0.03702161 0.54058528 0.20316643
v 0.01127504 0.60656118 0.17450675
v -0.00000001 0.62151212 0.16356416
v 0.02276227 0.58741289 0.18515149
v 0.01026656 0.61941433 0.16284969
v -0.00000001 0.63441819 0.15279442
v 0.02097681 0.60042959 0.17253339
v 0.02997032 0.57791030 0.18180473
v 0.02997032 0.57791030 0.18180473
v 0.03212183 0.56483215 0.19505209
v 0.02582903 0.56356627 0.21139564
v 0.03400823 0.55280256 0.20827785
v 0.03262592 0.56721729 0.17659938
v 0.03496807 0.55327362 0.18992956
v 0.00924420 0.63255966 0.15198459
v -0.00000001 0.64791548 0.14267646
v 0.01910059 0.61388671 0.16060747
v 0.01719852 0.62769657 0.14954363
v 0.00824640 0.64630705 0.14180861
v -0.00000001 0.66240400 0.13305938
v 0.01534214 0.64212948 0.13925946
v 0.00731017 0.66103858 0.13217239
v -0.00000001 0.67818874 0.12381319
v 0.00646324 0.67704171 0.12294246
v -0.00000001 0.69535732 0.11487951
v 0.01360025 0.65752107 0.12960997
v 0.00572082 0.69438910 0.11405556
v -0.00000001 0.71321964 0.10646357
v 0.02020049 0.63639838 0.13515519
v 0.01202407 0.67411596 0.12045342
v 0.01790686 0.65275449 0.12556237
v 0.02199041 0.63030654 0.12979968
v 0.00505744 0.71238947 0.10571340
v -0.00000001 0.73082149 0.09884001
v 0.01064121 0.69195372 0.11171512
v 0.00443935 0.73008424 0.09819070
v -0.00000001 0.74692875 0.09229695
v 0.00940246 0.71034884 0.10358483
v 0.01583055 0.67021126 0.11657140
v 0.01949346 0.64778382 0.12038980
v 0.01723262 0.66623098 0.11168262
v 0.01400652 0.68877041 0.10809370
v 0.01583055 0.67021126 0.11657140
v 0.01345436 0.70528817 0.09623463
v 0.00384044 0.74620920 0.09178955
v 0.00709641 0.74469179 0.09026052
v 0.01790685 0.64354306 0.11461534
v 0.01534214 0.62082314 0.11793216
v 0.02020049 0.62494624 0.12369177
v 0.01719852 0.60188669 0.12756610
v 0.02264472 0.60707879 0.13368726
v 0.02465121 0.61366224 0.14006592
v 0.00924420 0.59857666 0.12304752
v 0.01910058 0.58346301 0.13825953
v 0.01910058 0.58346301 0.13825953
v 0.01026656 0.57935661 0.13342494
v -0.00000001 0.59742403 0.12129331
v -0.01026657 0.57935655 0.13342492
v 0.02514910 0.58978790 0.14472370
v -0.00000001 0.57790488 0.13153215
v -0.00000001 0.55885023 0.14286101
v -0.01127505 0.56061041 0.14489457
v -0.00000001 0.54074502 0.15505435
v 0.01127503 0.56061041 0.14489456
v -0.02097682 0.56553012 0.15004313
v 0.02097681 0.56553018 0.15004313
v -0.01223473 0.54279184 0.15721299
v 0.01223471 0.54279172 0.15721300
v -0.02761948 0.57299483 0.15683161
v -0.02276228 0.54846334 0.16263735
v -0.02737752 0.59764117 0.15131885
v -0.02514911 0.60614061 0.15673567
v -0.02264473 0.62095165 0.14550021
v -0.02199042 0.63030666 0.12979968
v -0.02020050 0.63639838 0.13515519
v -0.01719853 0.62769657 0.14954363
v -0.03006678 0.58209842 0.16359752
v -0.02514911 0.60614061 0.15673567
v -0.02997033 0.55697471 0.16970336
v -0.02439634 0.53273404 0.17568380
v -0.03212184 0.54209632 0.18294333
v -0.01311303 0.52645618 0.17006689
v -0.03496808 0.55327362 0.18992956
v -0.02582904 0.51880443 0.18881944
v -0.03400823 0.55280256 0.20827785
v -0.03400824 0.52874309 0.19614318
v -0.03702162 0.54058528 0.20316640
v -0.00000001 0.52417946 0.16782098
v -0.01388311 0.51212966 0.18314198
v 0.01311302 0.52645618 0.17006689
v -0.03557909 0.54210216 0.22111547
v -0.03873168 0.52944130 0.21593983
v -0.03557909 0.51723027 0.20896290
v -0.02702210 0.50702435 0.20175312
v -0.01452438 0.50019258 0.19619191
v -0.02702210 0.55329758 0.22436261
v -0.03683145 0.53293324 0.23331778
v -0.04009500 0.51997089 0.22811346
v -0.02797326 0.54447114 0.23675145
v -0.03683145 0.50758249 0.22134967
v -0.02797326 0.49730706 0.21448515
v -0.01503563 0.55256999 0.23856153
v -0.02869231 0.53729975 0.24821268
v -0.03683145 0.53293324 0.23331778
v -0.03777821 0.49974000 0.23333475
v -0.04112564 0.51224840 0.23962545
v -0.01503563 0.49047083 0.20924427
v -0.00000001 0.48800647 0.20716564
v -0.02869231 0.48944801 0.22709683
v -0.02920122 0.53190935 0.25846374
v -0.01542212 0.48264515 0.22239862
v -0.02920122 0.48320714 0.23970076
v -0.03844828 0.49359486 0.24499939
v -0.00000001 0.49771827 0.19397242
v -0.03777820 0.52546018 0.24468447
v -0.04009500 0.51997089 0.22811346
v -0.03844827 0.51977235 0.25508446
v -0.04185508 0.50628591 0.25047824
v -0.03887872 0.51588386 0.26444322
v -0.04232367 0.50205863 0.26069590
v -0.03912323 0.51358640 0.27284354
v -0.02971385 0.52628177 0.27484894
v -0.04258985 0.49945381 0.27032599
v -0.03912323 0.48611981 0.26756814
v -0.03887872 0.48905280 0.25641558
v -0.02971385 0.47518122 0.26503432
v -0.02952815 0.47841042 0.25237569
v -0.01587138 0.47140801 0.24942480
v -0.01569566 0.47637069 0.23577018
v -0.00000001 0.46890575 0.24828710
v -0.00000001 0.48020560 0.22055103
v 0.01569565 0.47637066 0.23577018
v -0.00000000 0.47392723 0.23423943
v 0.01542211 0.48264521 0.22239862
v 0.01503562 0.49047083 0.20924428
v 0.02869230 0.48944804 0.22709681
v 0.01452437 0.50019264 0.19619192
v 0.03777820 0.49974000 0.23333472
v 0.03683145 0.50758266 0.22134964
v 0.02797324 0.49730721 0.21448517
v 0.03557908 0.51723027 0.20896290
v 0.02702209 0.50702429 0.20175309
v 0.03400823 0.52874309 0.19614320
v 0.02582903 0.51880443 0.18881945
v 0.03212183 0.54209632 0.18294331
v 0.01388310 0.51212972 0.18314195
v 0.02439633 0.53273398 0.17568377
v 0.02997032 0.55697483 0.16970336
v -0.00000001 0.50970596 0.18086910
v 0.02582903 0.51880443 0.18881945
v 0.02276226 0.54846328 0.16263735
v 0.02761947 0.57299471 0.15683161
v 0.03006677 0.58209836 0.16359754
v 0.02737750 0.59764117 0.15131886
v 0.02514910 0.60614061 0.15673564
v 0.02514910 0.60614061 0.15673564
v 0.02761947 0.59175313 0.16892016
v 0.01910059 0.61388671 0.16060747
v 0.02264472 0.62095165 0.14550018
v 0.02199041 0.63030654 0.12979968
v 0.01719852 0.62769657 0.14954363
v 0.02020049 0.63639838 0.13515519
v 0.01095119 0.58432269 0.24582750
v 0.02035662 0.58029276 0.25106508
v 0.01163556 0.59396118 0.25472829
v 0.02296668 0.59528810 0.26917470
v 0.01234538 0.60101461 0.26622579
v -0.00000001 0.76026750 0.08703051
v -0.00000001 0.76967990 0.08285621
v 0.00239993 0.76894927 0.08270334
v 0.00321107 0.75949389 0.08670830
v 0.00434016 0.76781487 0.08198097
v 0.00384044 0.74620920 0.09178955
v 0.00587463 0.75811815 0.08557596
v -0.00505773 0.78611225 0.08364048
v -0.00000001 0.78760540 0.07972454
v -0.00000001 0.78672922 0.08423216
v -0.00567649 0.78678995 0.07953316
v -0.00000001 0.78696501 0.07436725
v -0.00840892 0.78483045 0.08254659
v -0.00606406 0.78610826 0.07455597
v -0.00992427 0.78468525 0.07946256
v -0.00910506 0.78268719 0.08386079
v -0.01068992 0.78386265 0.07504952
v -0.01185412 0.78174371 0.08018016
v -0.00930359 0.77919942 0.08510154
v -0.01286685 0.78071004 0.07574247
v -0.00992427 0.78270054 0.07067095
v -0.01222465 0.77823466 0.08116565
v -0.00901173 0.77547306 0.08578357
v -0.01173180 0.77463084 0.08196539
v -0.00827031 0.77277809 0.08569467
v -0.01329385 0.77711409 0.07654305
v -0.01185411 0.77968001 0.07125136
v -0.01273395 0.77349669 0.07736491
v -0.00974704 0.77145678 0.08275072
v -0.01222465 0.77601790 0.07184535
v -0.00840892 0.78146124 0.06775059
v -0.00910506 0.77887774 0.06742354
v -0.01173180 0.77238607 0.07268036
v -0.01049661 0.77013266 0.07813045
v -0.00930359 0.77508682 0.06774171
v -0.00974704 0.76920593 0.07332235
v -0.00593116 0.76740193 0.07873935
v -0.00901173 0.77139711 0.06870956
v -0.00555418 0.76670957 0.07321499
v -0.00000001 0.76625025 0.07899212
v -0.00000001 0.76567173 0.07301608
v -0.00827031 0.76905268 0.06994899
v -0.00496440 0.76758724 0.06867634
v -0.00000001 0.76686114 0.06799816
v -0.00000001 0.76997650 0.06506782
v -0.00491826 0.77041733 0.06605752
v -0.00000001 0.77421051 0.06382166
v -0.00500732 0.77444726 0.06488699
v -0.00000001 0.77858770 0.06374005
v -0.00497092 0.77862114 0.06475940
v -0.00000001 0.78242594 0.06537139
v -0.00505773 0.78213936 0.06618763
v -0.00000001 0.78523093 0.06919771
v -0.00505773 0.78213936 0.06618763
v -0.00567649 0.78458256 0.06971843
v -0.00000001 0.78696501 0.07436725
v -0.00606406 0.78610826 0.07455597
v -0.01068992 0.78386265 0.07504952
v -0.00593116 0.76740193 0.07873935
v -0.01049661 0.77013266 0.07813045
v -0.00555418 0.76915538 0.08387525
v -0.00000001 0.76625025 0.07899212
v -0.00000001 0.76823938 0.08446824
v -0.00496440 0.77189928 0.08735503
v -0.00000001 0.77144569 0.08820483
v -0.00000001 0.77561271 0.08939826
v -0.00491826 0.77565014 0.08840660
v -0.00901173 0.77547306 0.08578357
v -0.00000001 0.78006661 0.08877029
v -0.00500732 0.77983892 0.08778431
v -0.00930359 0.77919942 0.08510154
v -0.00000001 0.78403050 0.08714517
v -0.00497092 0.78361541 0.08626290
v -0.00000001 0.78672922 0.08423216
v -0.00910506 0.78268719 0.08386079
v -0.00505773 0.78611225 0.08364048
v -0.00840892 0.78483045 0.08254659
v 0.00505772 0.78611225 0.08364047
v -0.00000001 0.78672922 0.08423216
v -0.00000001 0.78760540 0.07972454
v 0.00567648 0.78678995 0.07953316
v -0.00000001 0.78696501 0.07436725
v 0.00840891 0.78483045 0.08254660
v 0.00606404 0.78610837 0.07455597
v 0.00992426 0.78468525 0.07946256
v 0.00910504 0.78268731 0.08386079
v 0.01068991 0.78386265 0.07504952
v 0.01185410 0.78174376 0.08018016
v 0.01286684 0.78071004 0.07574248
v 0.00992426 0.78270054 0.07067094
v 0.01185410 0.77968001 0.07125136
v 0.00840891 0.78146124 0.06775059
v 0.01222464 0.77823466 0.08116564
v 0.00930358 0.77919936 0.08510154
v 0.01329384 0.77711409 0.07654303
v 0.00910504 0.77887774 0.06742353
v 0.01222464 0.77601790 0.07184534
v 0.01173179 0.77463073 0.08196539
v 0.00901171 0.77547312 0.08578357
v 0.01273394 0.77349669 0.07736491
v 0.00497091 0.78361541 0.08626291
v 0.00505772 0.78611225 0.08364047
v 0.00840891 0.78483045 0.08254660
v -0.00000001 0.78672922 0.08423216
v -0.00000001 0.78403050 0.08714517
v 0.00500731 0.77983892 0.08778429
v -0.00000001 0.78006661 0.08877029
v 0.00491825 0.77565014 0.08840659
v -0.00000001 0.77561271 0.08939826
v 0.00496439 0.77189928 0.08735503
v -0.00000001 0.77144569 0.08820483
v 0.00827030 0.77277809 0.08569466
v 0.00974702 0.77145678 0.08275072
v 0.00555417 0.76915538 0.08387525
v 0.00496439 0.77189928 0.08735503
v -0.00000001 0.76823938 0.08446824
v -0.00000001 0.77144569 0.08820483
v -0.00000001 0.76625025 0.07899212
v 0.00593115 0.76740187 0.07873935
v 0.01049661 0.77013278 0.07813045
v 0.01173179 0.77238607 0.07268037
v 0.00974702 0.76920593 0.07332235
v 0.00593115 0.76740187 0.07873935
v 0.00930358 0.77508682 0.06774171
v 0.00555417 0.76670963 0.07321498
v -0.00000001 0.76625025 0.07899212
v -0.00000001 0.76567173 0.07301608
v 0.00496439 0.76758724 0.06867634
v -0.00000001 0.76686114 0.06799816
v 0.00827030 0.76905268 0.06994899
v 0.00901171 0.77139723 0.06870956
v 0.00491825 0.77041733 0.06605752
v 0.00496439 0.76758724 0.06867634
v 0.00500731 0.77444726 0.06488699
v -0.00000001 0.76997650 0.06506782
v -0.00000001 0.76686114 0.06799816
v -0.00000001 0.77421051 0.06382166
v -0.00000001 0.77858770 0.06374005
v 0.00497091 0.77862114 0.06475940
v -0.00000001 0.78242594 0.06537139
v 0.00505772 0.78213936 0.06618763
v -0.00000001 0.78523093 0.06919771
v 0.00567648 0.78458273 0.06971844
v -0.00000001 0.78696501 0.07436725
v 0.00992426 0.78270054 0.07067094
v 0.00606404 0.78610837 0.07455597
vn -0.01238357 0.59085929 -0.80667961
vn -0.21655425 0.80164093 -0.55720383
vn -0.29681921 0.75040960 -0.59057921
vn 0.04310022 0.61840522 -0.78467661
vn -0.14872615 0.84517628 -0.51337868
vn 0.07707778 0.66455197 -0.74325621
vn 0.10129086 0.69562864 -0.71122503
vn -0.08462451 0.87950003 -0.46831435
vn 0.14863025 0.54378575 -0.82595772
vn 0.17982256 0.58287698 -0.79241294
vn 0.10803082 0.71122688 -0.69461185
vn -0.07340186 0.89038336 -0.44925451
vn -0.08462451 0.87950003 -0.46831435
vn 0.10209794 0.53195208 -0.84059685
vn -0.09054314 0.56282830 -0.82159978
vn 0.03021682 0.51927167 -0.85407484
vn -0.37806919 0.69294471 -0.61391473
vn -0.29681921 0.75040960 -0.59057921
vn -0.18059307 0.50908899 -0.84155488
vn -0.06510327 0.47017735 -0.88016748
vn -0.16623381 0.36686519 -0.91530120
vn -0.45039243 0.62767065 -0.63496161
vn -0.27136889 0.41249055 -0.86960363
vn -0.24841775 0.22415200 -0.94236112
vn -0.55049455 0.77998316 -0.29762730
vn -0.47007272 0.84262562 -0.26270467
vn -0.60881090 0.72026020 -0.33252746
vn -0.52513045 0.53735149 -0.65991777
vn -0.34859020 0.28077751 -0.89423090
vn -0.29136512 0.07894622 -0.95334876
vn -0.39489779 0.14620039 -0.90701777
vn -0.30295172 -0.05326204 -0.95151639
vn -0.59804195 0.41973749 -0.68276370
vn -0.67565733 0.63953716 -0.36671445
vn -0.62561625 0.74968845 -0.21580452
vn -0.56845462 0.80364162 -0.17612362
vn -0.48563126 0.86302060 -0.13913190
vn -0.69217020 0.67559755 -0.25390619
vn -0.39123952 0.91404068 -0.10705720
vn -0.75631982 0.52237970 -0.39382723
vn -0.77949744 0.55872887 -0.28320643
vn -0.37765133 0.89720309 -0.22892368
vn -0.29681921 0.75040960 -0.59057921
vn -0.21655425 0.80164093 -0.55720383
vn -0.31009772 0.94674087 -0.08672427
vn -0.29480153 0.93284982 -0.20708267
vn -0.14872615 0.84517628 -0.51337868
vn -0.24610005 0.95028204 -0.19078486
vn -0.22952701 0.95627683 -0.18125118
vn -0.65479010 0.29719296 -0.69492900
vn -0.82842225 0.38910913 -0.40287793
vn -0.85999858 0.41745657 -0.29348335
vn -0.41822127 0.01936864 -0.90813863
vn -0.30597994 -0.17171372 -0.93642443
vn -0.70345396 0.17428772 -0.68904018
vn -0.89156914 0.24733217 -0.37938282
vn -0.92746043 0.26036006 -0.26838374
vn -0.97197378 0.11615076 -0.20439160
vn -0.43530837 -0.09886687 -0.89483631
vn -0.31181312 -0.27272952 -0.91016001
vn -0.45159650 -0.20345789 -0.86871487
vn -0.93874109 0.12103514 -0.32266951
vn -0.99014264 0.03802810 -0.13480145
vn -0.96488136 0.03961569 -0.25968164
vn -0.74828267 0.05693831 -0.66093200
vn -0.74828267 0.05693831 -0.66093200
vn -0.78296298 -0.04365929 -0.62053430
vn -0.78296298 -0.04365929 -0.62053430
vn -0.80387068 -0.13165902 -0.58004987
vn -0.80387068 -0.13165902 -0.58004987
vn -0.46681976 -0.29543325 -0.83354574
vn -0.31181312 -0.27272952 -0.91016001
vn -0.81220317 -0.19778156 -0.54882461
vn -0.32192761 -0.35930941 -0.87593347
vn -0.97600240 -0.01766274 -0.21704227
vn -0.99014264 0.03802810 -0.13480145
vn -0.81220317 -0.19778156 -0.54882461
vn -0.99559230 -0.00081767 -0.09378340
vn -0.47750187 -0.36293742 -0.80016774
vn -0.81478119 -0.23232275 -0.53118527
vn -0.33057705 -0.42434055 -0.84300292
vn -0.97781622 -0.06778081 -0.19819470
vn -0.81478119 -0.23232275 -0.53118527
vn -0.99586415 -0.04151299 -0.08081613
vn -0.48298085 -0.39869890 -0.77959526
vn -0.81569088 -0.24300291 -0.52497435
vn -0.33409500 -0.46078730 -0.82222599
vn -0.54795963 -0.37758535 -0.74643797
vn -0.33485010 -0.47303557 -0.81493115
vn -0.97631055 -0.10012215 -0.19181585
vn -0.81569088 -0.24300291 -0.52497435
vn -0.99405020 -0.07539979 -0.07860724
vn -0.95409793 -0.12618443 -0.27161500
vn -0.99303871 -0.08818872 -0.07808226
vn -0.93715304 -0.33065820 -0.11139707
vn -0.89480871 -0.42180192 -0.14628920
vn -0.90527266 -0.34447619 -0.24863155
vn -0.93613344 -0.27338055 -0.22117232
vn -0.97499967 -0.20953825 -0.07395551
vn -0.96657187 -0.17170788 -0.19040798
vn -0.99422538 -0.09568799 -0.04857687
vn -0.98233217 -0.07313648 -0.17226328
vn -0.99905008 -0.01785742 -0.03975049
vn -0.98609608 -0.00849690 -0.16595864
vn -0.99769837 0.05823751 -0.03473262
vn -0.98583561 0.05621267 -0.15801375
vn -0.98683906 0.15991461 -0.02400039
vn -0.81453830 -0.08309725 -0.57412738
vn -0.82636774 -0.04895147 -0.56099921
vn -0.80413723 -0.09758576 -0.58637899
vn -0.83219647 -0.01360827 -0.55431384
vn -0.86653340 -0.40769979 -0.28792489
vn -0.78676170 -0.11581314 -0.60629475
vn -0.84654260 -0.49628583 -0.19252542
vn -0.89480871 -0.42180192 -0.14628920
vn -0.78816193 -0.55496830 -0.26610318
vn -0.81264371 -0.46342009 -0.35334399
vn -0.75045943 -0.13910230 -0.64611244
vn -0.76999372 -0.48973206 -0.40898928
vn -0.74741256 -0.57768345 -0.32811013
vn -0.71699476 -0.14968592 -0.68081760
vn -0.75045943 -0.13910230 -0.64611244
vn -0.70595485 -0.15364441 -0.69139081
vn -0.76753640 -0.42240682 -0.48214144
vn -0.73390585 -0.58061284 -0.35252094
vn -0.51408875 0.84141546 -0.16653174
vn -0.39444616 0.91876560 0.01679302
vn -0.49757016 0.86717021 -0.02097058
vn -0.41108310 0.90099448 -0.13863485
vn -0.46155930 0.69332039 -0.55341655
vn -0.28876135 0.95671636 0.03620324
vn -0.30252299 0.94559997 -0.11966830
vn -0.18358432 0.98247135 0.03235552
vn -0.37420228 0.75403392 -0.53981984
vn -0.19297251 0.97454929 -0.11408468
vn -0.11379044 0.99328381 0.02095387
vn -0.28273717 0.80564535 -0.52057213
vn -0.11938592 0.98649114 -0.11217027
vn -0.06517331 0.99771702 0.01769529
vn -0.18508911 0.84408218 -0.50325674
vn -0.19809851 0.54383814 -0.81547350
vn -0.06899214 0.99200803 -0.10564156
vn -0.00000487 0.99982715 0.01859398
vn -0.00000602 0.99485368 -0.10132188
vn -0.11459640 0.86581308 -0.48706821
vn -0.06556638 0.88136274 -0.46786836
vn -0.00000062 0.88876516 -0.45836285
vn 0.00000392 0.63310933 -0.77406240
vn -0.13356610 0.58322263 -0.80125618
vn -0.08005738 0.60805774 -0.78984600
vn -0.04280825 0.62520307 -0.77928722
vn -0.11459640 0.86581308 -0.48706821
vn 0.00000139 0.50447291 -0.86342758
vn -0.02934156 0.50123596 -0.86481309
vn -0.05996118 0.49226528 -0.86837757
vn -0.10729925 0.47257790 -0.87473255
vn -0.16072936 0.43791831 -0.88453019
vn -0.25125057 0.49770615 -0.83015770
vn -0.16072936 0.43791831 -0.88453019
vn -0.19921111 0.39653322 -0.89614528
vn -0.30237737 0.45013157 -0.84020805
vn -0.23289564 0.35366756 -0.90591329
vn -0.27494565 0.30492380 -0.91182584
vn -0.36499250 0.39350906 -0.84376013
vn -0.32544068 0.24613661 -0.91296500
vn -0.43640819 0.32153696 -0.84033436
vn -0.37591520 0.17817858 -0.90936249
vn -0.55912519 0.61383504 -0.55730200
vn -0.50255358 0.23885345 -0.83089650
vn -0.41259691 0.10198051 -0.90518713
vn -0.62935281 0.75425953 -0.18710306
vn -0.66460276 0.51004243 -0.54604024
vn -0.54772961 0.15201466 -0.82272953
vn -0.42385098 0.03058426 -0.90521544
vn -0.61893868 0.78361738 -0.05346748
vn -0.49757016 0.86717021 -0.02097058
vn -0.75429988 0.65442336 -0.05255311
vn -0.75425690 0.63130033 -0.18043412
vn -0.75635087 0.39446422 -0.52185380
vn -0.85616016 0.49407366 -0.15126471
vn -0.85992801 0.50976682 -0.02572362
vn -0.56306338 0.07261438 -0.82321739
vn -0.41260850 -0.01677827 -0.91075397
vn -0.81737804 0.28078267 -0.50304490
vn -0.92063999 0.36834025 -0.12941207
vn -0.92296928 0.38480908 -0.00704815
vn -0.96219748 0.27216294 -0.01016860
vn -0.95835257 0.25409141 -0.13037622
vn -0.55475456 0.01631239 -0.83185410
vn -0.39093989 -0.03286078 -0.91982943
vn -0.84585911 0.17666590 -0.50330067
vn -0.97844911 0.14754699 -0.14445518
vn -0.53494191 -0.00964331 -0.84483385
vn -0.36877319 -0.01572162 -0.92938644
vn -0.85108435 0.09233359 -0.51684624
vn -0.84494060 0.03439678 -0.53375304
vn -0.51430160 -0.00261149 -0.85760546
vn -0.35243222 0.02583062 -0.93548077
vn -0.83675480 0.00593053 -0.54754573
vn -0.50151283 0.02535437 -0.86477864
vn -0.34606051 0.08095288 -0.93471318
vn -0.49720863 0.05852722 -0.86565477
vn -0.81453830 -0.08309725 -0.57412738
vn -0.49704954 0.09486126 -0.86252135
vn -0.34923166 0.13910304 -0.92665398
vn -0.80413723 -0.09758576 -0.58637899
vn -0.49790502 0.13527657 -0.85661596
vn -0.35474151 0.19290508 -0.91484761
vn -0.35668269 0.24558558 -0.90136850
vn -0.49459890 0.17068247 -0.85219687
vn -0.78676170 -0.11581314 -0.60629475
vn -0.35528558 0.28539175 -0.89012569
vn -0.48242563 0.19463986 -0.85403800
vn -0.75045943 -0.13910230 -0.64611244
vn -0.71699476 -0.14968592 -0.68081760
vn -0.46878999 0.21028231 -0.85791451
vn -0.70595485 -0.15364441 -0.69139081
vn -0.35317948 0.30344665 -0.88497704
vn -0.54359609 0.14090061 -0.82743603
vn -0.35217834 0.30838653 -0.88366747
vn -0.80563939 -0.57622004 0.13753399
vn -0.74655014 -0.65225023 0.13127261
vn -0.65889746 -0.75007838 0.05689073
vn -0.79160756 -0.58517641 0.17585807
vn -0.73617035 -0.63852417 0.22436602
vn -0.77012175 -0.58940351 0.24395902
vn -0.67306149 -0.67749089 0.29663831
vn -0.73047185 -0.60737419 0.31226185
vn -0.59931666 -0.75252044 0.27300650
vn -0.69132358 -0.62185931 0.36791685
vn -0.59975797 -0.68716574 0.40999219
vn -0.63986510 -0.62457347 0.44775069
vn -0.47797051 -0.70379871 0.52555841
vn -0.54342282 -0.64178342 0.54111522
vn -0.33949909 -0.75356829 0.56291676
vn -0.43711111 -0.67996472 0.58871204
vn -0.37237012 -0.80485231 0.46211827
vn -0.40652987 -0.70479965 0.58136982
vn -0.43726796 -0.71344250 0.54753685
vn -0.40970731 -0.69985670 0.58509874
vn -0.37420872 -0.70358044 0.60410458
vn -0.38468283 -0.69649607 0.60573298
vn -0.31214738 -0.73349792 0.60377550
vn -0.34945616 -0.70599312 0.61599851
vn -0.27911595 -0.78372109 0.55486530
vn -0.74493307 -0.53099597 0.40387878
vn -0.78621912 -0.52050358 0.33306980
vn -0.68790156 -0.53960764 0.48540202
vn -0.60596859 -0.55766541 0.56728417
vn -0.51994652 -0.58923733 0.61842942
vn -0.46162462 -0.62274480 0.63173705
vn -0.42363182 -0.64817595 0.63277483
vn -0.38296533 -0.66082358 0.64548415
vn -0.82073551 -0.50608391 0.26508918
vn -0.85010803 -0.48749498 0.19916068
vn -0.87787241 -0.39238986 0.27453637
vn -0.88076615 -0.45420361 0.13397802
vn -0.90992051 -0.36541498 0.19625646
vn -0.94038701 -0.32353684 0.10486264
vn -0.92661518 -0.26546624 0.26629296
vn -0.95587081 -0.23810966 0.17208955
vn -0.97792256 -0.20049039 0.05891606
vn -0.98278248 -0.12424665 0.13675290
vn -0.99498290 -0.09959330 0.00949827
vn -0.95891738 -0.14425753 0.24426882
vn -0.99440026 -0.02645084 0.10231534
vn -0.97538036 -0.03549191 0.21765463
vn -0.92614627 -0.15923110 0.34190428
vn -0.94567448 -0.04368269 0.32216701
vn -0.97865844 0.06850638 0.19373843
vn -0.95150840 0.06711991 0.30021119
vn -0.99934608 -0.01735691 -0.03172069
vn -0.99485391 0.06653751 0.07641047
vn -0.89127755 -0.28432447 0.35324770
vn -0.84204006 -0.41038179 0.35007897
vn -0.87787241 -0.39238986 0.27453637
vn -0.82073551 -0.50608391 0.26508918
vn -0.74493307 -0.53099597 0.40387878
vn -0.79823345 -0.42262468 0.42919904
vn -0.84676570 -0.29746860 0.44102180
vn -0.88312358 -0.17067894 0.43699133
vn -0.90525603 -0.05157521 0.42172450
vn -0.91396797 0.06254523 0.40093729
vn -0.82644534 -0.18220331 0.53271955
vn -0.85292792 -0.06155338 0.51838714
vn -0.86592287 0.05451616 0.49719775
vn -0.78771013 -0.30893791 0.53298229
vn -0.79823345 -0.42262468 0.42919904
vn -0.73959064 -0.43294841 0.51532650
vn -0.74493307 -0.53099597 0.40387878
vn -0.71336609 -0.32250139 0.62217504
vn -0.66363019 -0.44894162 0.59836978
vn -0.60596859 -0.55766541 0.56728417
vn -0.75400478 -0.19460139 0.62738121
vn -0.71336609 -0.32250139 0.62217504
vn -0.78476447 -0.07294352 0.61548674
vn -0.80231965 0.04537270 0.59516758
vn -0.68787146 -0.07334495 0.72211730
vn -0.66644448 -0.19673257 0.71913004
vn -0.70164615 0.04351773 0.71119541
vn -0.80557680 0.15742144 0.57119572
vn -0.70632654 0.15159279 0.69146401
vn -0.86526674 0.16721699 0.47260129
vn -0.90915728 0.17571115 0.37756935
vn -0.94341010 0.17901786 0.27915955
vn -0.96862334 0.17570919 0.17577004
vn -0.56159908 0.05192536 0.82577860
vn -0.56543809 0.14642888 0.81168854
vn -0.56077158 -0.05434582 0.82618511
vn -0.56401807 -0.17966844 0.80597949
vn -0.63523990 -0.33573759 0.69552183
vn -0.55878299 -0.34398696 0.75460887
vn -0.52214783 -0.50749516 0.68542707
vn -0.58596385 -0.47502998 0.65650046
vn -0.46162462 -0.62274480 0.63173705
vn -0.66363019 -0.44894162 0.59836978
vn -0.60596859 -0.55766541 0.56728417
vn -0.44162017 0.13751636 0.88660073
vn -0.43780559 0.05837684 0.89717245
vn -0.56077158 -0.05434582 0.82618511
vn -0.37986717 0.14088772 0.91424918
vn -0.43500376 -0.03563566 0.89972317
vn -0.37435585 0.04635790 0.92612559
vn -0.30915040 -0.04586083 0.94990677
vn -0.26622781 -0.08263567 0.96036142
vn -0.36622730 -0.00329016 0.93051964
vn -0.43455356 -0.32712480 0.83913797
vn -0.50328833 -0.11117093 0.85693747
vn -0.41414952 0.11479750 0.90294057
vn -0.53488445 0.09767041 0.83926105
vn -0.28010839 0.25067994 0.92666006
vn -0.33722785 0.31239799 0.88807935
vn -0.40574402 0.37692767 0.83264482
vn -0.00000060 0.45089272 0.89257812
vn -0.00000109 0.53043902 0.84772307
vn -0.00000073 0.32455859 0.94586563
vn -0.00000036 0.29764542 0.95467651
vn -0.22819291 0.26466772 0.93695199
vn -0.37986717 0.14088772 0.91424918
vn -0.35651812 0.21998657 0.90802026
vn -0.44162017 0.13751636 0.88660073
vn -0.44425353 0.21901207 0.86871892
vn -0.56775695 0.23911250 0.78770375
vn -0.70266575 0.25464749 0.66439116
vn -0.79655010 0.26531923 0.54324365
vn -0.85162717 0.27693993 0.44501173
vn -0.89073622 0.28668392 0.35270575
vn -0.92106473 0.29024535 0.25961009
vn -0.32565412 0.34964129 0.87846482
vn -0.43456298 0.34089386 0.83363444
vn -0.55860019 0.35315806 0.75049669
vn -0.68472570 0.36716494 0.62955588
vn -0.77245021 0.37530452 0.51231563
vn -0.82482213 0.38278598 0.41610506
vn -0.53180319 0.47710484 0.69968307
vn -0.64630783 0.48301193 0.59075010
vn -0.41183981 0.47523692 0.77752036
vn -0.86046296 0.39058840 0.32717609
vn -0.73003805 0.48320857 0.48327425
vn -0.49802452 0.58282262 0.64209771
vn -0.78441650 0.48290491 0.38922173
vn -0.59600949 0.58368856 0.55143487
vn -0.67460376 0.57978833 0.45689750
vn -0.29346919 0.48664868 0.82282984
vn -0.39200851 0.58207041 0.71240681
vn -0.46609491 0.66411787 0.58455372
vn -0.54555124 0.66437644 0.51085985
vn -0.15668696 0.50398618 0.84938049
vn -0.18729261 0.38020691 0.90573961
vn -0.81988925 0.48625281 0.30222481
vn -0.73182148 0.57557517 0.36489815
vn -0.88699943 0.39422396 0.24045695
vn -0.94446892 0.28522289 0.16317594
vn -0.98433137 0.16512911 0.06184029
vn -0.99641573 0.06074191 -0.05887342
vn -0.84385979 0.48917368 0.22047612
vn -0.90813243 0.39005715 0.15215406
vn -0.96107751 0.27044204 0.05649018
vn -0.76930445 0.57508004 0.27830502
vn -0.98660481 0.14709559 -0.07052547
vn -0.97570610 0.05147656 -0.21295005
vn -0.96696872 0.12281260 -0.22335760
vn -0.98256868 -0.00923317 -0.18567064
vn -0.98731911 -0.07233474 -0.14131038
vn -0.97792256 -0.20049039 0.05891606
vn -0.98468447 -0.15359615 -0.08249058
vn -0.94038701 -0.32353684 0.10486264
vn -0.96490961 -0.26204136 -0.01684764
vn -0.88076615 -0.45420361 0.13397802
vn -0.91986221 -0.38983166 0.04341469
vn -0.85182208 -0.51598030 0.09035250
vn -0.65889746 -0.75007838 0.05689073
vn -0.78300655 -0.61027700 0.12026145
vn -0.91766495 -0.39383528 -0.05277193
vn -0.88636446 -0.46278760 -0.01362549
vn -0.95056695 -0.28948882 -0.11233272
vn -0.96543467 -0.18382455 -0.18478243
vn -0.96164453 -0.10224189 -0.25453165
vn -0.94897753 -0.04562923 -0.31202513
vn -0.92514253 -0.24175498 -0.29268727
vn -0.91824496 -0.29613891 -0.26292187
vn -0.92500436 -0.16798018 -0.34080732
vn -0.91167921 -0.10097315 -0.39830318
vn -0.89016867 -0.05409331 -0.45240873
vn -0.81092447 -0.07490945 -0.58033615
vn -0.81767774 -0.09676045 -0.56748611
vn -0.56669259 0.08458725 -0.81957585
vn -0.79657501 -0.04878640 -0.60256803
vn -0.56893307 0.06139394 -0.82008904
vn -0.24881305 0.17413919 -0.95276839
vn -0.77547401 -0.02809907 -0.63075393
vn -0.28334671 0.11921944 -0.95157838
vn 0.06349441 0.13220227 -0.98918706
vn -0.56814373 0.04000206 -0.82195657
vn -0.03767351 0.07666035 -0.99634528
vn 0.33972323 0.03494617 -0.93987602
vn 0.06749804 0.03133354 -0.99722725
vn -0.31694245 0.07912821 -0.94513822
vn -0.13305578 0.07267322 -0.98844057
vn -0.07006633 0.06182385 -0.99562466
vn -0.56053907 0.02329544 -0.82780027
vn -0.33068293 0.04932751 -0.94245189
vn -0.16734189 0.05629585 -0.98429036
vn -0.11074578 0.05473736 -0.99234027
vn -0.32706884 0.01955301 -0.94479823
vn -0.16686681 0.02327084 -0.98570478
vn -0.10868299 0.01961401 -0.99388295
vn -0.10703091 -0.01384144 -0.99415934
vn -0.16376486 -0.00887509 -0.98645949
vn -0.11703902 -0.03589357 -0.99247849
vn -0.54733866 0.00807488 -0.83687228
vn -0.32172394 -0.00446687 -0.94682300
vn -0.17095082 -0.02998686 -0.98482311
vn -0.13216273 -0.04954928 -0.98998880
vn -0.75188684 -0.01611185 -0.65909529
vn -0.53389513 -0.00306642 -0.84554511
vn -0.18292628 -0.04293212 -0.98218876
vn -0.14339437 -0.05747077 -0.98799551
vn -0.32156304 -0.01912082 -0.94669509
vn -0.72954595 -0.00874806 -0.68387586
vn -0.19098406 -0.05017819 -0.98030978
vn -0.14517450 -0.06352515 -0.98736465
vn -0.32336175 -0.02722090 -0.94588381
vn -0.52289528 -0.00821608 -0.85235739
vn -0.86751169 -0.02335856 -0.49686804
vn -0.18995018 -0.05507214 -0.98024791
vn -0.13880420 -0.07085354 -0.98778194
vn -0.71054524 -0.00112204 -0.70365065
vn -0.51340747 -0.00799708 -0.85810769
vn -0.32224548 -0.03005364 -0.94617897
vn -0.84802258 0.00037246 -0.52996004
vn -0.18130061 -0.05959896 -0.98162013
vn -0.12977532 -0.07908547 -0.98838449
vn -0.31464124 -0.02844282 -0.94878441
vn -0.30030587 -0.02218349 -0.95358497
vn -0.16948672 -0.06292571 -0.98352152
vn -0.12308590 -0.08430251 -0.98880887
vn -0.28072888 -0.01078940 -0.95972645
vn -0.15862417 -0.06202669 -0.98538882
vn -0.11967584 -0.08071644 -0.98952645
vn -0.25873080 0.00584087 -0.96593183
vn -0.15014859 -0.05265434 -0.98726034
vn -0.11651615 -0.06538780 -0.99103403
vn -0.23671563 0.02885325 -0.97115046
vn -0.14156590 -0.03324089 -0.98937058
vn -0.10972606 -0.04029199 -0.99314487
vn -0.12951168 -0.00610361 -0.99155909
vn -0.09612878 -0.01086453 -0.99530959
vn -0.21341346 0.05799685 -0.97523898
vn -0.11124056 0.02350402 -0.99351555
vn -0.07623444 0.01552285 -0.99696910
vn -0.18663509 0.09042038 -0.97825944
vn -0.08721011 0.04891912 -0.99498808
vn -0.05256334 0.03431799 -0.99802774
vn -0.15467773 0.12103258 -0.98052329
vn -0.05974786 0.06642197 -0.99600118
vn -0.02676385 0.04494753 -0.99863076
vn -0.11841811 0.14433572 -0.98241758
vn -0.03034875 0.07597052 -0.99664807
vn 0.00000030 0.04827508 -0.99883407
vn 0.00000017 0.07889515 -0.99688292
vn -0.07995521 0.15847640 -0.98412013
vn -0.04036539 0.16511670 -0.98544765
vn -0.00000017 0.16691707 -0.98597091
vn -0.05617984 0.30695540 -0.95006430
vn -0.00000137 0.30773768 -0.95147127
vn -0.11154597 0.30295137 -0.94645548
vn -0.16656515 0.29185468 -0.94184762
vn -0.22094283 0.27032292 -0.93707514
vn -0.07484068 0.48307663 -0.87237370
vn -0.00000041 0.48380026 -0.87517846
vn -0.14823902 0.47925726 -0.86506516
vn -0.22140139 0.46826008 -0.85540277
vn -0.09226763 0.66567677 -0.74051410
vn 0.00000046 0.66747200 -0.74463487
vn -0.18200183 0.65902638 -0.72976679
vn -0.10428317 0.81396461 -0.57147765
vn -0.00000217 0.81702256 -0.57660568
vn -0.27310693 0.23817240 -0.93203354
vn -0.29519865 0.44603175 -0.84493399
vn -0.27092090 0.64422297 -0.71524721
vn -0.20501363 0.80402207 -0.55813795
vn -0.11064856 0.90542066 -0.40984187
vn -0.00000152 0.90934449 -0.41604400
vn -0.36905661 0.41081300 -0.83368456
vn -0.36110318 0.61737847 -0.69889075
vn -0.30430639 0.78471816 -0.54001397
vn -0.21671677 0.89333469 -0.39368385
vn -0.11472563 0.95346546 -0.27882186
vn 0.00000016 0.95820922 -0.28606829
vn -0.45293072 0.57578242 -0.68068230
vn -0.40523645 0.75236142 -0.51936096
vn -0.32063490 0.87119788 -0.37176269
vn -0.22334944 0.93946588 -0.25984386
vn -0.11870107 0.97733146 -0.17530923
vn -0.00000155 0.98312062 -0.18295874
vn -0.50878078 0.70351934 -0.49618819
vn -0.42640519 0.83532590 -0.34700033
vn -0.32841423 0.91508609 -0.23401192
vn -0.22938816 0.96090174 -0.15507720
vn -0.12213093 0.98885763 -0.08511534
vn -0.00000099 0.99573892 -0.09221685
vn -0.53554815 0.78159326 -0.31984389
vn -0.43482897 0.87685907 -0.20504135
vn -0.33446082 0.93379027 -0.12716803
vn -0.23459989 0.96984792 -0.06601489
vn -0.33948761 0.93980598 -0.03889572
vn -0.43952188 0.89313471 -0.09555568
vn -0.54498231 0.82017189 -0.17410432
vn -0.23634562 0.97143936 0.02112627
vn -0.44265273 0.89666420 -0.00720234
vn -0.54802716 0.83416092 -0.06198296
vn -0.12343041 0.99234182 0.00475576
vn -0.34042642 0.93917239 0.04544269
vn -0.54840910 0.83577269 0.02704699
vn -0.23290539 0.96580350 0.11392416
vn -0.65404469 0.75595915 -0.02741165
vn -0.65110546 0.75645602 0.06193607
vn -0.65309447 0.74397546 -0.14130889
vn -0.64292449 0.70902950 -0.28969872
vn -0.61087525 0.63755852 -0.46941513
vn -0.54347485 0.51959407 -0.65928531
vn -0.44086680 0.36431468 -0.82031173
vn -0.32155916 0.19916072 -0.92570770
vn -0.36621764 0.15742643 -0.91711593
vn -0.50815564 0.30901614 -0.80391967
vn -0.62782824 0.45029569 -0.63487440
vn -0.70450407 0.55645746 -0.44048730
vn -0.73974150 0.62109995 -0.25887719
vn -0.40695912 0.11583288 -0.90607232
vn -0.25873080 0.00584087 -0.96593183
vn -0.56757879 0.24724637 -0.78531748
vn -0.70010877 0.37031054 -0.61050624
vn -0.78279710 0.46413198 -0.41449997
vn -0.44303361 0.07602561 -0.89327562
vn -0.28072888 -0.01078940 -0.95972645
vn -0.61590821 0.18141811 -0.76664501
vn -0.75605661 0.28232032 -0.59048599
vn -0.47123417 0.04065398 -0.88107073
vn -0.30030587 -0.02218349 -0.95358497
vn -0.64953482 0.11774314 -0.75115979
vn -0.49057958 0.01449524 -0.87127584
vn -0.31464124 -0.02844282 -0.94878441
vn -0.81914079 0.52401590 -0.23327160
vn -0.84277529 0.36322430 -0.39723799
vn -0.79256922 0.19410214 -0.57806432
vn -0.66957766 0.06641241 -0.73976701
vn -0.50360477 -0.00113156 -0.86393344
vn -0.68268657 0.03150637 -0.73003185
vn -0.69518471 0.01064437 -0.71875232
vn -0.81184596 0.11907281 -0.57160115
vn -0.88278461 0.26015264 -0.39116734
vn -0.83323753 0.02647926 -0.55228078
vn -0.82261401 0.06376982 -0.56501299
vn -0.90442961 0.16797160 -0.39216402
vn -0.93530923 -0.00287482 -0.35381976
vn -0.92419976 0.03990909 -0.37981850
vn -0.91545999 0.09448276 -0.39115977
vn -0.95216346 0.21064857 -0.22138646
vn -0.92500585 0.31228301 -0.21643358
vn -0.96688151 0.24534754 -0.07031890
vn -0.88075805 0.42006570 -0.21865529
vn -0.92501926 0.37610447 0.05371071
vn -0.93411767 0.35061637 -0.06702524
vn -0.88695431 0.45652854 -0.06995563
vn -0.86220890 0.48723298 0.13856362
vn -0.87740362 0.47750220 0.04641695
vn -0.82612777 0.55716097 -0.08417041
vn -0.79241890 0.57670981 0.19869092
vn -0.80786210 0.57708180 0.11973087
vn -0.81941813 0.57238537 0.03047829
vn -0.74897027 0.65349942 -0.10946236
vn -0.74650383 0.66536242 0.00498274
vn -0.73943555 0.66663545 0.09397987
vn -0.72705978 0.66439533 0.17309812
vn -0.64231384 0.75309670 0.14240174
vn -0.70472813 0.66276860 0.25317207
vn -0.54345524 0.83239001 0.10855092
vn -0.62292141 0.74950552 0.22407690
vn -0.66732877 0.66305792 0.33915550
vn -0.44120708 0.89424336 0.07526685
vn -0.52888924 0.82672942 0.19181950
vn -0.61346978 0.66406882 0.42739606
vn -0.59058076 0.74562353 0.30864197
vn -0.33464244 0.93276167 0.13405249
vn -0.43167627 0.88762552 0.16055064
vn -0.50440830 0.81848955 0.27504039
vn -0.54801399 0.73937386 0.39116105
vn -0.49645695 0.73133785 0.46762756
vn -0.47533768 0.80658132 0.35139820
vn -0.41454774 0.87653124 0.24462868
vn -0.32290378 0.91994089 0.22235529
vn -0.43298450 0.72725874 0.53255916
vn -0.44330567 0.79103148 0.42160326
vn -0.39497113 0.86158538 0.31885487
vn -0.22537623 0.95182335 0.20793708
vn -0.30909768 0.90185070 0.30186740
vn -0.37683833 0.66460931 0.64520335
vn -0.21733934 0.93019891 0.29579321
vn -0.27867702 0.58453935 0.76200587
vn -0.27366853 0.66551012 0.69440758
vn -0.14716814 0.58713812 0.79599643
vn -0.35554311 0.73111588 0.58228749
vn -0.14787622 0.66513842 0.73193133
vn 0.00000039 0.58792108 0.80891830
vn -0.39509156 0.78041106 0.48462483
vn -0.26153138 0.73881888 0.62108618
vn -0.37548792 0.84322453 0.38468334
vn -0.32387432 0.78769815 0.52405834
vn -0.29555440 0.87834173 0.37571725
vn -0.35595128 0.82398820 0.44084260
vn -0.29635784 0.84030104 0.45394525
vn -0.23970881 0.80194718 0.54719323
vn -0.14376578 0.74472928 0.65169764
vn -0.21291977 0.89982027 0.38077378
vn -0.21961339 0.85704857 0.46608767
vn -0.13320592 0.81320995 0.56652081
vn 0.00000395 0.66457683 0.74721998
vn -0.12200847 0.87068623 0.47646555
vn -0.11593434 0.91563535 0.38493004
vn 0.00000266 0.74693418 0.66489798
vn 0.14787765 0.66513801 0.73193151
vn 0.14716621 0.58714235 0.79599375
vn 0.00000272 0.81788212 0.57538587
vn 0.14376660 0.74472600 0.65170115
vn 0.27366486 0.66551131 0.69440788
vn 0.27867636 0.58454365 0.76200283
vn -0.11548839 0.94891095 0.29365024
vn 0.00000356 0.87654644 0.48131728
vn 0.13320544 0.81321216 0.56651777
vn 0.26152807 0.73881626 0.62109071
vn -0.11828773 0.97267002 0.19980238
vn -0.00000024 0.92217201 0.38678008
vn 0.12200809 0.87068617 0.47646576
vn 0.23970473 0.80194908 0.54719228
vn -0.00000123 0.95606929 0.29314071
vn -0.12180252 0.98737961 0.10122079
vn 0.11593205 0.91563416 0.38493359
vn 0.21960890 0.85704929 0.46608853
vn 0.00000248 0.98037136 0.19715987
vn -0.00000000 0.99999934 -0.00116437
vn 0.00000110 0.99530184 0.09682056
vn 0.11548592 0.94891232 0.29364681
vn 0.21292004 0.89981949 0.38077536
vn 0.11828825 0.97267002 0.19980223
vn 0.21733882 0.93019968 0.29579118
vn 0.12180232 0.98737931 0.10122385
vn 0.00000110 0.99530184 0.09682056
vn 0.12343027 0.99234188 0.00475578
vn 0.22537224 0.95182401 0.20793840
vn 0.23289716 0.96580517 0.11392679
vn 0.12213384 0.98885727 -0.08511533
vn -0.00000155 0.98312062 -0.18295874
vn 0.23633850 0.97144115 0.02112403
vn 0.11870223 0.97733128 -0.17530923
vn 0.00000016 0.95820922 -0.28606829
vn 0.23460439 0.96984661 -0.06601822
vn 0.11472663 0.95346540 -0.27882177
vn -0.00000152 0.90934449 -0.41604400
vn 0.22939718 0.96089971 -0.15507632
vn 0.33948308 0.93980730 -0.03890418
vn 0.34042254 0.93917400 0.04543891
vn 0.33463931 0.93276215 0.13405739
vn 0.11064894 0.90542322 -0.40983608
vn -0.00000217 0.81702256 -0.57660568
vn 0.22335301 0.93946564 -0.25984189
vn 0.33445820 0.93379152 -0.12716557
vn 0.44265020 0.89666539 -0.00720859
vn 0.10428082 0.81396043 -0.57148397
vn 0.00000046 0.66747200 -0.74463487
vn 0.21671930 0.89333534 -0.39368093
vn 0.32841259 0.91508681 -0.23401149
vn 0.09226494 0.66566801 -0.74052233
vn -0.00000041 0.48380026 -0.87517846
vn 0.20501505 0.80401981 -0.55814070
vn 0.07484160 0.48308706 -0.87236786
vn -0.00000137 0.30773768 -0.95147127
vn 0.44121113 0.89424145 0.07526587
vn 0.43951613 0.89313793 -0.09555224
vn 0.32063487 0.87119740 -0.37176394
vn 0.18199815 0.65901929 -0.72977418
vn 0.05618104 0.30696008 -0.95006275
vn -0.00000017 0.16691707 -0.98597091
vn 0.43482560 0.87685996 -0.20504458
vn 0.30430695 0.78471935 -0.54001194
vn 0.14824021 0.47925845 -0.86506426
vn 0.04036527 0.16511300 -0.98544830
vn 0.00000017 0.07889515 -0.99688292
vn 0.42640451 0.83532470 -0.34700418
vn 0.27092054 0.64422131 -0.71524894
vn 0.11155022 0.30295584 -0.94645357
vn 0.03034893 0.07597031 -0.99664813
vn 0.00000030 0.04827508 -0.99883407
vn 0.02676405 0.04494652 -0.99863082
vn 0.07995555 0.15847582 -0.98412019
vn 0.05974794 0.06642199 -0.99600118
vn 0.05256338 0.03431702 -0.99802780
vn 0.22139965 0.46825632 -0.85540533
vn 0.40523601 0.75236630 -0.51935416
vn 0.16656503 0.29185474 -0.94184762
vn 0.08721057 0.04891913 -0.99498808
vn 0.07623436 0.01552253 -0.99696910
vn 0.11841892 0.14433870 -0.98241705
vn 0.36110023 0.61737746 -0.69889319
vn 0.11124097 0.02350417 -0.99351549
vn 0.09612809 -0.01086446 -0.99530965
vn 0.29519618 0.44603062 -0.84493548
vn 0.15467745 0.12103342 -0.98052323
vn 0.22094120 0.27032453 -0.93707508
vn 0.12951054 -0.00610352 -0.99155927
vn 0.10972499 -0.04029165 -0.99314499
vn 0.18663286 0.09041892 -0.97825998
vn 0.27310860 0.23817877 -0.93203139
vn 0.36905360 0.41080856 -0.83368808
vn 0.45292893 0.57578284 -0.68068314
vn 0.14156464 -0.03324099 -0.98937076
vn 0.11651643 -0.06538732 -0.99103403
vn 0.21341304 0.05799756 -0.97523904
vn 0.32156101 0.19916396 -0.92570633
vn 0.44086453 0.36431125 -0.82031447
vn 0.15014815 -0.05265409 -0.98726040
vn 0.11967636 -0.08071634 -0.98952639
vn 0.23671563 0.02885258 -0.97115046
vn 0.36621946 0.15742867 -0.91711479
vn 0.15862402 -0.06202678 -0.98538882
vn 0.12308561 -0.08430284 -0.98880887
vn 0.25872928 0.00584062 -0.96593219
vn 0.16948645 -0.06292588 -0.98352158
vn 0.12977456 -0.07908549 -0.98838454
vn 0.54347789 0.51959437 -0.65928251
vn 0.50815809 0.30901507 -0.80391854
vn 0.40695992 0.11583243 -0.90607202
vn 0.28072786 -0.01078957 -0.95972675
vn 0.18130092 -0.05959890 -0.98162007
vn 0.13880394 -0.07085342 -0.98778200
vn 0.62783051 0.45029306 -0.63487405
vn 0.56758159 0.24724670 -0.78531533
vn 0.44303322 0.07602571 -0.89327580
vn 0.30030659 -0.02218356 -0.95358473
vn 0.18995056 -0.05507202 -0.98024786
vn 0.14517376 -0.06352524 -0.98736471
vn 0.70010847 0.37030885 -0.61050755
vn 0.61590862 0.18141848 -0.76664454
vn 0.47123367 0.04065386 -0.88107097
vn 0.31464231 -0.02844266 -0.94878411
vn 0.19098286 -0.05017826 -0.98031002
vn 0.14339297 -0.05747114 -0.98799568
vn 0.75605625 0.28232011 -0.59048653
vn 0.64953476 0.11774334 -0.75115991
vn 0.49057904 0.01449514 -0.87127614
vn 0.32224470 -0.03005353 -0.94617921
vn 0.18292521 -0.04293215 -0.98218900
vn 0.13216196 -0.04954943 -0.98998892
vn 0.79256916 0.19410203 -0.57806450
vn 0.66957676 0.06641237 -0.73976779
vn 0.50360376 -0.00113134 -0.86393404
vn 0.32336113 -0.02722088 -0.94588405
vn 0.17095022 -0.02998672 -0.98482323
vn 0.11703857 -0.03589337 -0.99247855
vn 0.81184566 0.11907276 -0.57160151
vn 0.68268579 0.03150658 -0.73003250
vn 0.51340747 -0.00799700 -0.85810775
vn 0.32156295 -0.01912087 -0.94669515
vn 0.16376452 -0.00887511 -0.98645955
vn 0.10703091 -0.01384140 -0.99415934
vn 0.82261407 0.06376968 -0.56501287
vn 0.69518453 0.01064465 -0.71875256
vn 0.52289522 -0.00821615 -0.85235739
vn 0.32172394 -0.00446708 -0.94682300
vn 0.16686723 0.02327095 -0.98570472
vn 0.10868410 0.01961389 -0.99388283
vn 0.11074722 0.05473724 -0.99234009
vn 0.32706940 0.01955278 -0.94479805
vn 0.16734155 0.05629596 -0.98429036
vn 0.07006698 0.06182398 -0.99562466
vn 0.53389400 -0.00306657 -0.84554589
vn 0.71054494 -0.00112214 -0.70365089
vn 0.13305578 0.07267380 -0.98844051
vn -0.06749795 0.03133358 -0.99722725
vn 0.54733837 0.00807495 -0.83687246
vn 0.72954619 -0.00874806 -0.68387562
vn 0.33068198 0.04932753 -0.94245225
vn 0.03767289 0.07666013 -0.99634534
vn -0.33972478 0.03494620 -0.93987542
vn -0.06349478 0.13220273 -0.98918694
vn 0.31694251 0.07912883 -0.94513810
vn 0.28334835 0.11921845 -0.95157802
vn 0.24881326 0.17413835 -0.95276850
vn 0.56053782 0.02329561 -0.82780117
vn 0.56814378 0.04000197 -0.82195652
vn 0.56893593 0.06139369 -0.82008708
vn 0.56669223 0.08458801 -0.81957603
vn 0.79657418 -0.04878711 -0.60256898
vn 0.79657418 -0.04878711 -0.60256898
vn 0.81092358 -0.07490879 -0.58033758
vn 0.81767857 -0.09676053 -0.56748492
vn 0.91824412 -0.29614046 -0.26292321
vn 0.77547425 -0.02809923 -0.63075358
vn 0.92500377 -0.16798224 -0.34080783
vn 0.92514145 -0.24175707 -0.29268891
vn 0.92500377 -0.16798224 -0.34080783
vn 0.88636303 -0.46279034 -0.01362875
vn 0.91766471 -0.39383554 -0.05277376
vn 0.95056719 -0.28948742 -0.11233438
vn 0.78300613 -0.61027783 0.12025958
vn 0.85182250 -0.51597953 0.09035280
vn 0.65889418 -0.75008148 0.05688844
vn 0.91986287 -0.38983014 0.04341448
vn 0.80563867 -0.57622093 0.13753480
vn 0.74654979 -0.65225059 0.13127288
vn 0.79160744 -0.58517605 0.17585969
vn 0.73617095 -0.63852292 0.22436747
vn 0.88076663 -0.45420262 0.13397817
vn 0.88076663 -0.45420262 0.13397817
vn 0.77012312 -0.58940107 0.24396057
vn 0.67306221 -0.67748994 0.29663885
vn 0.85010773 -0.48749503 0.19916183
vn 0.82073569 -0.50608397 0.26508859
vn 0.73047262 -0.60737377 0.31226096
vn 0.59931880 -0.75251895 0.27300584
vn 0.96490997 -0.26203993 -0.01684797
vn 0.94038719 -0.32353613 0.10486339
vn 0.78621936 -0.52050436 0.33306807
vn 0.87787271 -0.39239010 0.27453500
vn 0.69132346 -0.62185997 0.36791578
vn 0.59975791 -0.68716621 0.40999153
vn 0.84204030 -0.41038227 0.35007787
vn 0.92661583 -0.26546547 0.26629156
vn 0.74493277 -0.53099632 0.40387875
vn 0.74493277 -0.53099632 0.40387875
vn 0.63986415 -0.62457389 0.44775140
vn 0.47797021 -0.70379782 0.52555984
vn 0.68790072 -0.53960752 0.48540330
vn 0.54342073 -0.64178342 0.54111731
vn 0.33950123 -0.75356615 0.56291825
vn 0.60596669 -0.55766606 0.56728560
vn 0.43710929 -0.67996508 0.58871293
vn 0.37236887 -0.80485231 0.46211931
vn 0.51994407 -0.58923948 0.61842954
vn 0.40653110 -0.70479935 0.58136946
vn 0.43727013 -0.71344203 0.54753566
vn 0.46162370 -0.62274611 0.63173646
vn 0.40970811 -0.69985598 0.58509898
vn 0.37420735 -0.70358109 0.60410476
vn 0.42363170 -0.64817643 0.63277453
vn 0.38468406 -0.69649565 0.60573256
vn 0.31214893 -0.73349887 0.60377347
vn 0.34945509 -0.70599478 0.61599714
vn 0.27911568 -0.78372121 0.55486536
vn 0.38296774 -0.66082275 0.64548355
vn 0.33103234 -0.65483248 0.67942035
vn 0.36592579 -0.57922113 0.72842377
vn 0.32139805 -0.69378078 0.64449322
vn 0.27176532 -0.62734425 0.72978276
vn 0.27751923 -0.60865450 0.74331874
vn 0.31954384 -0.39926600 0.85934764
vn 0.22186033 -0.59857786 0.76972884
vn 0.22594681 -0.55390549 0.80133438
vn 0.15231040 -0.58584273 0.79598361
vn 0.17419247 -0.59760863 0.78263718
vn 0.00000028 -0.58964390 0.80766338
vn -0.00000000 -0.58815181 0.80875057
vn 0.14118375 -0.58571976 0.79812253
vn 0.00000071 -0.58131552 0.81367826
vn 0.00000025 -0.49709812 0.86769438
vn 0.19135429 -0.59924966 0.77735662
vn 0.14116524 -0.51279074 0.84682822
vn -0.00000016 -0.31953347 0.94757497
vn 0.16346338 -0.33675110 0.92729628
vn -0.00000018 -0.15941180 0.98721218
vn 0.16455425 -0.16301365 0.97280443
vn -0.00000000 -0.09174997 0.99578208
vn 0.14873387 -0.08843965 0.98491454
vn 0.31589204 -0.16512413 0.93431592
vn 0.46137881 -0.35851943 0.81153768
vn 0.30915084 -0.04586077 0.94990659
vn 0.44639251 -0.16433282 0.87961835
vn 0.26622638 -0.08263557 0.96036184
vn 0.43500373 -0.03563572 0.89972323
vn 0.14231397 -0.15160459 0.97814250
vn 0.43455455 -0.32712513 0.83913732
vn 0.30287090 -0.64317864 0.70327121
vn -0.00000000 -0.09174997 0.99578208
vn 0.00000098 -0.20574960 0.97860467
vn -0.00000059 -0.84504700 0.53469211
vn 0.56401700 -0.17966890 0.80598015
vn 0.55878317 -0.34398675 0.75460881
vn 0.56077170 -0.05434619 0.82618493
vn 0.52214837 -0.50749570 0.68542635
vn 0.63524067 -0.33573729 0.69552118
vn 0.43780583 0.05837693 0.89717233
vn 0.56159967 0.05192539 0.82577819
vn 0.45440727 -0.54221284 0.70676672
vn 0.31954384 -0.39926600 0.85934764
vn 0.36592579 -0.57922113 0.72842377
vn 0.38296774 -0.66082275 0.64548355
vn 0.46162370 -0.62274611 0.63173646
vn 0.58596557 -0.47502965 0.65649927
vn 0.51994407 -0.58923948 0.61842954
vn 0.71336669 -0.32250106 0.62217444
vn 0.66363078 -0.44894135 0.59836942
vn 0.60596669 -0.55766606 0.56728560
vn 0.73959047 -0.43294799 0.51532704
vn 0.78770989 -0.30893788 0.53298271
vn 0.68790072 -0.53960752 0.48540330
vn 0.60596669 -0.55766606 0.56728560
vn 0.79823303 -0.42262486 0.42919961
vn 0.84676510 -0.29746890 0.44102287
vn 0.82644552 -0.18220288 0.53271937
vn 0.75400448 -0.19460128 0.62738150
vn 0.71336669 -0.32250106 0.62217444
vn 0.66644371 -0.19673243 0.71913081
vn 0.63524067 -0.33573729 0.69552118
vn 0.56401700 -0.17966890 0.80598015
vn 0.55878317 -0.34398675 0.75460881
vn 0.56077170 -0.05434619 0.82618493
vn 0.68787134 -0.07334519 0.72211736
vn 0.56159967 0.05192539 0.82577819
vn 0.78476417 -0.07294331 0.61548716
vn 0.70164651 0.04351748 0.71119511
vn 0.56543738 0.14642863 0.81168914
vn 0.70632607 0.15159243 0.69146454
vn 0.56775659 0.23911190 0.78770429
vn 0.80232000 0.04537277 0.59516722
vn 0.85292780 -0.06155325 0.51838732
vn 0.70266521 0.25464728 0.66439170
vn 0.55860043 0.35315815 0.75049645
vn 0.80557686 0.15742116 0.57119572
vn 0.88312352 -0.17067879 0.43699157
vn 0.86592209 0.05451657 0.49719900
vn 0.89127815 -0.28432372 0.35324675
vn 0.79823303 -0.42262486 0.42919961
vn 0.90525568 -0.05157461 0.42172530
vn 0.92614657 -0.15923089 0.34190372
vn 0.79655033 0.26531845 0.54324377
vn 0.86526632 0.16721664 0.47260222
vn 0.91396737 0.06254525 0.40093863
vn 0.94567466 -0.04368247 0.32216656
vn 0.95891768 -0.14425737 0.24426767
vn 0.68472534 0.36716527 0.62955606
vn 0.53180540 0.47710282 0.69968271
vn 0.43456370 0.34089392 0.83363408
vn 0.85162777 0.27693951 0.44501093
vn 0.90915740 0.17571078 0.37756920
vn 0.95150834 0.06711987 0.30021134
vn 0.77244973 0.37530416 0.51231658
vn 0.97538054 -0.03549191 0.21765368
vn 0.64630884 0.48301098 0.59074980
vn 0.94341004 0.17901801 0.27915958
vn 0.89073688 0.28668350 0.35270435
vn 0.82482284 0.38278472 0.41610464
vn 0.97865838 0.06850676 0.19373862
vn 0.73003614 0.48321018 0.48327547
vn 0.98278248 -0.12424673 0.13675265
vn 0.95587087 -0.23810934 0.17208961
vn 0.97792244 -0.20049080 0.05891704
vn 0.99440038 -0.02645059 0.10231417
vn 0.99498290 -0.09959345 0.00949881
vn 0.96862304 0.17570984 0.17577086
vn 0.99485391 0.06653783 0.07640989
vn 0.99934608 -0.01735685 -0.03171971
vn 0.92106479 0.29024535 0.25961003
vn 0.86046433 0.39058673 0.32717454
vn 0.78441530 0.48290741 0.38922104
vn 0.98731917 -0.07233467 -0.14131017
vn 0.98256886 -0.00923317 -0.18566957
vn 0.98468453 -0.15359578 -0.08249056
vn 0.94446898 0.28522259 0.16317607
vn 0.88700008 0.39422220 0.24045736
vn 0.81988990 0.48625267 0.30222327
vn 0.98433137 0.16512874 0.06184021
vn 0.99641585 0.06074193 -0.05887191
vn 0.97570634 0.05147672 -0.21294928
vn 0.90813291 0.39005643 0.15215306
vn 0.96107763 0.27044171 0.05648975
vn 0.98660481 0.14709555 -0.07052521
vn 0.84385943 0.48917362 0.22047773
vn 0.96696860 0.12281276 -0.22335795
vn 0.92419952 0.03990926 -0.37981907
vn 0.91545981 0.09448325 -0.39116019
vn 0.93530893 -0.00287496 -0.35382050
vn 0.94897723 -0.04562926 -0.31202585
vn 0.95216364 0.21064749 -0.22138652
vn 0.90442955 0.16797130 -0.39216432
vn 0.96688163 0.24534681 -0.07031941
vn 0.92501920 0.37610462 0.05371049
vn 0.86220795 0.48723549 0.13856044
vn 0.88278455 0.26015183 -0.39116815
vn 0.83323765 0.02647943 -0.55228060
vn 0.84802228 0.00037240 -0.52996045
vn 0.86751223 -0.02335843 -0.49686715
vn 0.92500591 0.31228197 -0.21643473
vn 0.96164429 -0.10224209 -0.25453264
vn 0.89016885 -0.05409334 -0.45240831
vn 0.96543449 -0.18382367 -0.18478392
vn 0.95056719 -0.28948742 -0.11233438
vn 0.91167915 -0.10097335 -0.39830330
vn 0.75188726 -0.01611166 -0.65909487
vn 0.95587087 -0.23810934 0.17208961
vn 0.97792244 -0.20049080 0.05891704
vn 0.90992081 -0.36541405 0.19625658
vn 0.85010773 -0.48749503 0.19916183
vn 0.87787271 -0.39239010 0.27453500
vn 0.82073569 -0.50608397 0.26508859
vn -0.54580855 0.63529521 -0.54634517
vn -0.56136417 0.53954810 -0.62750155
vn -0.52067697 0.55222356 -0.65111035
vn -0.50884163 0.64139056 -0.57419366
vn -0.53231472 0.71658415 -0.45071968
vn -0.49750203 0.72075307 -0.48270771
vn -0.51494706 0.78481197 -0.34481826
vn -0.47981811 0.78841478 -0.38493741
vn -0.49450767 0.83393705 -0.24497186
vn -0.45431075 0.83800882 -0.30222997
vn -0.40074754 0.64402962 -0.65163428
vn -0.39077097 0.72246987 -0.57038170
vn -0.37239841 0.79457188 -0.47955710
vn -0.40878245 0.56289381 -0.71836448
vn -0.34492397 0.85234612 -0.39310762
vn -0.43325180 0.86488038 -0.25352478
vn -0.21862735 0.73211604 -0.64514196
vn -0.22786626 0.65277123 -0.72247267
vn -0.23377772 0.57492167 -0.78410017
vn -0.20323324 0.80714202 -0.55427253
vn -0.42168218 0.47736403 -0.77091354
vn -0.23913683 0.49738261 -0.83392096
vn -0.54267371 0.44837919 -0.71025449
vn -0.56136417 0.53954810 -0.62750155
vn -0.58812982 0.42400038 -0.68871403
vn -0.57904494 0.32776934 -0.74650806
vn -0.62904304 0.28882951 -0.72172177
vn -0.44207820 0.38571495 -0.80980915
vn -0.62393594 0.20616648 -0.75378996
vn -0.67745435 0.15494603 -0.71906006
vn -0.24448200 0.41756809 -0.87513739
vn 0.00000025 0.42700997 -0.90424693
vn -0.46705970 0.29252511 -0.83443654
vn 0.00000000 0.50542414 -0.86287105
vn -0.66659588 0.09953719 -0.73874372
vn -0.72285026 0.04328913 -0.68964744
vn -0.24879010 0.33628049 -0.90830553
vn -0.49095598 0.20054351 -0.84778804
vn -0.69614971 -0.01641314 -0.71770906
vn -0.75306803 -0.06828196 -0.65438986
vn -0.50936651 0.09082147 -0.85574371
vn -0.25128844 0.25279447 -0.93431741
vn -0.70812052 -0.14308956 -0.69144100
vn -0.76263767 -0.19035883 -0.61818063
vn -0.52106333 -0.03151451 -0.85293603
vn -0.53159434 -0.13658912 -0.83591324
vn -0.71110582 -0.24860375 -0.65766615
vn -0.76029605 -0.29254565 -0.57997155
vn -0.53901076 -0.23270251 -0.80951649
vn -0.70621073 -0.33988595 -0.62108296
vn -0.74897718 -0.37823904 -0.54402977
vn -0.52938926 -0.34042266 -0.77708399
vn -0.68675870 -0.42975441 -0.58623683
vn -0.48546070 -0.46199054 -0.74222142
vn -0.72551090 -0.45922372 -0.51258898
vn -0.64991361 -0.50472260 -0.56821424
vn -0.69599557 -0.51663184 -0.49868000
vn -0.07340186 0.89038336 -0.44925451
vn -0.22952701 0.95627683 -0.18125118
vn -0.24610005 0.95028204 -0.19078486
vn -0.08462451 0.87950003 -0.46831435
vn -0.29480153 0.93284982 -0.20708267
vn -0.49450767 0.83393705 -0.24497186
vn -0.45431075 0.83800882 -0.30222997
vn -0.42384529 0.87493241 -0.23419745
vn 0.00000191 0.94405055 -0.32980081
vn -0.29977357 0.89610028 -0.32732272
vn -0.16687103 0.89861071 -0.40577441
vn 0.00000191 0.94405055 -0.32980081
vn -0.18341950 0.86663836 -0.46399921
vn -0.00000301 0.87315887 -0.48743576
vn -0.00000273 0.81393957 -0.58094960
vn -0.00000156 0.91437429 -0.40486994
vn 0.16686891 0.89861095 -0.40577471
vn -0.00000012 0.73868632 -0.67404932
vn 0.18341576 0.86663890 -0.46399969
vn 0.20323275 0.80714214 -0.55427259
vn 0.00000100 0.65900517 -0.75213838
vn 0.34493026 0.85234606 -0.39310223
vn 0.29978028 0.89609903 -0.32732001
vn 0.37239954 0.79457146 -0.47955689
vn 0.21862939 0.73211563 -0.64514178
vn 0.39077184 0.72246957 -0.57038158
vn 0.43324828 0.86488229 -0.25352430
vn 0.42384610 0.87493032 -0.23420388
vn 0.34493026 0.85234606 -0.39310223
vn 0.00000018 0.58169335 -0.81340820
vn 0.22786652 0.65277123 -0.72247255
vn 0.39077184 0.72246957 -0.57038158
vn 0.45430952 0.83801007 -0.30222830
vn 0.23377834 0.57492137 -0.78410017
vn 0.47981620 0.78841567 -0.38493785
vn 0.49449119 0.83394432 -0.24498034
vn 0.42384610 0.87493032 -0.23420388
vn 0.51494682 0.78481233 -0.34481797
vn 0.49749967 0.72075421 -0.48270839
vn 0.53230834 0.71658772 -0.45072150
vn 0.40075147 0.64402759 -0.65163386
vn 0.50884175 0.64138776 -0.57419664
vn 0.54580140 0.63529378 -0.54635388
vn 0.52067626 0.55222154 -0.65111268
vn 0.56135935 0.53954744 -0.62750643
vn 0.40878531 0.56289351 -0.71836311
vn 0.23913692 0.49738249 -0.83392102
vn 0.42168212 0.47736511 -0.77091295
vn 0.24448174 0.41756818 -0.87513745
vn 0.24878983 0.33628088 -0.90830547
vn -0.00000027 0.34681490 -0.93793362
vn 0.44207850 0.38571492 -0.80980903
vn 0.46705845 0.29252568 -0.83443701
vn 0.25128883 0.25279403 -0.93431747
vn -0.00000063 0.26443306 -0.96440405
vn 0.00000000 0.17041656 -0.98537213
vn 0.49095505 0.20054291 -0.84778869
vn -0.25283900 0.15460618 -0.95507556
vn 0.00000062 0.07281416 -0.99734551
vn -0.49095598 0.20054351 -0.84778804
vn 0.25284004 0.15460505 -0.95507550
vn -0.25553071 0.04909068 -0.96555382
vn -0.52106333 -0.03151451 -0.85293603
vn -0.53159434 -0.13658912 -0.83591324
vn -0.26214954 -0.04351957 -0.96404546
vn -0.53901076 -0.23270251 -0.80951649
vn -0.26880917 -0.13802382 -0.95325285
vn -0.52938926 -0.34042266 -0.77708399
vn 0.00000027 -0.01348325 -0.99990910
vn -0.26351270 -0.26018801 -0.92890435
vn -0.48546070 -0.46199054 -0.74222142
vn 0.00000026 -0.10703024 -0.99425578
vn -0.22965184 -0.41951653 -0.87821746
vn 0.00000031 -0.23436458 -0.97214878
vn 0.26214871 -0.04351937 -0.96404570
vn 0.26880944 -0.13802339 -0.95325285
vn 0.26351365 -0.26018822 -0.92890400
vn 0.25553071 0.04909049 -0.96555382
vn 0.50936735 0.09082009 -0.85574335
vn 0.53901106 -0.23270242 -0.80951631
vn 0.53159446 -0.13658971 -0.83591306
vn 0.52938944 -0.34042346 -0.77708352
vn 0.52106327 -0.03151451 -0.85293603
vn 0.22965018 -0.41951600 -0.87821817
vn 0.48545825 -0.46199179 -0.74222225
vn 0.68675840 -0.42975536 -0.58623648
vn 0.64991373 -0.50472200 -0.56821460
vn 0.70621151 -0.33988607 -0.62108189
vn 0.72551143 -0.45922393 -0.51258814
vn 0.69599396 -0.51663113 -0.49868301
vn 0.74897802 -0.37823844 -0.54402912
vn 0.76029444 -0.29254654 -0.57997328
vn 0.71110582 -0.24860412 -0.65766591
vn 0.76263851 -0.19035892 -0.61817956
vn 0.70812100 -0.14309019 -0.69144046
vn 0.75306827 -0.06828222 -0.65438956
vn 0.69614995 -0.01641296 -0.71770877
vn 0.72284931 0.04328923 -0.68964845
vn 0.66659355 0.09953737 -0.73874581
vn 0.67745638 0.15494590 -0.71905822
vn 0.62393582 0.20616706 -0.75378996
vn 0.62904501 0.28882861 -0.72172046
vn 0.57904673 0.32776865 -0.74650699
vn 0.58812833 0.42400187 -0.68871439
vn 0.54267257 0.44838107 -0.71025413
vn 0.56135935 0.53954744 -0.62750643
vn 0.52067626 0.55222154 -0.65111268
vn 0.40878531 0.56289351 -0.71836311
vn -0.38663816 -0.57110870 -0.72411728
vn -0.48546070 -0.46199054 -0.74222142
vn -0.14263305 -0.57278258 -0.80720258
vn -0.29722843 -0.61408013 -0.73113674
vn -0.08215773 -0.63496697 -0.76815826
vn 0.00000609 -0.57557833 -0.81774664
vn 0.00000257 -0.65193063 -0.75827861
vn 0.00000456 -0.40714806 -0.91336221
vn 0.14263402 -0.57277822 -0.80720550
vn 0.00000609 -0.57557833 -0.81774664
vn 0.08216018 -0.63496065 -0.76816314
vn 0.29723018 -0.61407876 -0.73113710
vn 0.38663533 -0.57110888 -0.72411865
vn 0.48545825 -0.46199179 -0.74222225
vn 0.64991373 -0.50472200 -0.56821460
vn 0.58159637 -0.54506904 -0.60385871
vn 0.69599396 -0.51663113 -0.49868301
vn 0.49944195 -0.57772923 -0.64559019
vn 0.65713483 -0.53485399 -0.53113556
vn 0.60229850 -0.51768982 -0.60764605
vn 0.49861801 -0.23774759 -0.83358032
vn 0.81504017 -0.38180667 -0.43581328
vn 0.25217378 -0.62813568 -0.73610729
vn 0.61029136 -0.09998678 -0.78584170
vn 0.55566287 -0.09118937 -0.82639176
vn 0.96879643 0.13533133 -0.20765078
vn 0.53011781 -0.03115364 -0.84735149
vn 0.53405124 -0.31807190 -0.78333873
vn 0.72072721 0.18728268 -0.66744101
vn 0.90312600 0.39920953 -0.15809865
vn 0.42981297 -0.21207914 -0.87765783
vn 0.62773550 -0.55787420 -0.54288530
vn 0.05726147 -0.51311529 -0.85640752
vn 0.47986302 0.12647523 -0.86817944
vn 0.68377578 0.38819134 -0.61786580
vn 0.87942123 0.43779892 -0.18695019
vn 0.23513579 -0.05295388 -0.97051895
vn -0.14876823 -0.26450124 -0.95284158
vn 0.41504881 0.26266357 -0.87105817
vn 0.65189731 0.40135133 -0.64338714
vn 0.91031110 0.32652137 -0.25439632
vn 0.13417648 0.08018775 -0.98770773
vn -0.20184866 -0.12217624 -0.97176647
vn 0.37990344 0.24369803 -0.89234781
vn 0.65781522 0.25242954 -0.70961857
vn 0.93955410 0.12246136 -0.31975195
vn 0.10384448 0.04359845 -0.99363750
vn -0.18878007 -0.18075930 -0.96523994
vn 0.66231376 0.00185646 -0.74922431
vn 0.93699288 -0.07056499 -0.34214762
vn 0.37756923 0.06494103 -0.92370135
vn 0.11419681 -0.15706521 -0.98096359
vn 0.64012069 -0.22045659 -0.73596501
vn 0.96101445 -0.12138946 -0.24842672
vn -0.13801041 -0.39464909 -0.90840805
vn -0.18878007 -0.18075930 -0.96523994
vn -0.08091095 -0.61352235 -0.78552139
vn 0.13245805 -0.40681818 -0.90385497
vn 0.37774900 -0.19501987 -0.90513700
vn 0.36198255 -0.40148011 -0.84129804
vn 0.68984318 -0.26152849 -0.67506981
vn 0.35013729 -0.47314602 -0.80841619
vn 0.13742061 -0.58113503 -0.80212075
vn -0.08091095 -0.61352235 -0.78552139
vn 0.13528518 -0.63716185 -0.75876391
vn -0.04666850 -0.74486440 -0.66558176
vn -0.02967866 -0.77673566 -0.62912714
vn -0.70394254 0.09758885 0.70352066
vn -0.53488445 0.09767041 0.83926105
vn -0.40574402 0.37692767 0.83264482
vn -0.48600903 0.40179798 0.77611440
vn -0.80805987 0.09393066 0.58156365
vn -0.00000109 0.53043902 0.84772307
vn -0.55312860 0.41160893 0.72431135
vn -0.82009268 0.10131809 0.56318969
vn -0.00000136 0.55667365 0.83073127
vn -0.59050333 0.41841447 0.69009799
vn -0.82589614 0.13589722 0.54719967
vn 0.48600799 0.40179959 0.77611428
vn 0.40574652 0.37692881 0.83264303
vn -0.00000043 0.58357519 0.81205916
vn 0.70394289 0.09758981 0.70352018
vn 0.53488839 0.09767020 0.83925861
vn 0.80805868 0.09392849 0.58156574
vn 0.55312777 0.41160578 0.72431374
vn 0.82009155 0.10132017 0.56319106
vn 0.59050524 0.41841444 0.69009638
vn 0.82589424 0.13589901 0.54720217
vn 0.00000287 0.61115825 0.79150844
vn 0.62260383 0.42963541 0.65404737
vn -0.62260199 0.42963567 0.65404892
vn 0.00000540 0.63369238 0.77358514
vn 0.65289921 0.43770632 0.61817133
vn 0.83080947 0.17681573 0.52772331
vn -0.65290630 0.43770418 0.61816543
vn -0.83081472 0.17681259 0.52771598
vn -0.00000263 0.64792889 0.76170081
vn 0.00000540 0.63369238 0.77358514
vn -0.00000263 0.64792889 0.76170081
vn -0.00001438 0.65318459 0.75719869
vn -0.00000372 0.52867162 0.84882647
vn -0.00000853 0.27726197 0.96079439
vn -0.30286986 -0.64317536 0.70327467
vn -0.00000059 -0.84504700 0.53469211
vn 0.00000098 -0.20574960 0.97860467
vn -0.14231622 -0.15160866 0.97814155
vn -0.43455356 -0.32712480 0.83913797
vn -0.00000000 -0.09174997 0.99578208
vn -0.26622781 -0.08263567 0.96036142
vn -0.14873391 -0.08843897 0.98491460
vn -0.30915040 -0.04586083 0.94990677
vn -0.44639367 -0.16433345 0.87961769
vn -0.56401807 -0.17966844 0.80597949
vn -0.55878299 -0.34398696 0.75460887
vn -0.31589201 -0.16512445 0.93431586
vn -0.14873391 -0.08843897 0.98491460
vn -0.46137965 -0.35851979 0.81153709
vn -0.52214783 -0.50749516 0.68542707
vn -0.16455410 -0.16301346 0.97280449
vn -0.00000018 -0.15941180 0.98721218
vn -0.45440742 -0.54221231 0.70676708
vn -0.46162462 -0.62274480 0.63173705
vn -0.42363182 -0.64817595 0.63277483
vn -0.31954485 -0.39926594 0.85934728
vn -0.36592531 -0.57922149 0.72842377
vn -0.31954485 -0.39926594 0.85934728
vn -0.16346368 -0.33675075 0.92729640
vn -0.00000016 -0.31953347 0.94757497
vn -0.14116549 -0.51279092 0.84682810
vn 0.00000025 -0.49709812 0.86769438
vn -0.22594844 -0.55390513 0.80133420
vn -0.14118165 -0.58572054 0.79812229
vn 0.00000071 -0.58131552 0.81367826
vn -0.27752021 -0.60865474 0.74331826
vn -0.36592531 -0.57922149 0.72842377
vn -0.33103260 -0.65483326 0.67941946
vn -0.19135366 -0.59924954 0.77735692
vn -0.22186086 -0.59857798 0.76972866
vn -0.27176985 -0.62734455 0.72978079
vn -0.32140338 -0.69377905 0.64449245
vn -0.22186086 -0.59857798 0.76972866
vn -0.15231025 -0.58584219 0.79598403
vn -0.27176985 -0.62734455 0.72978079
vn -0.17419352 -0.59760892 0.78263676
vn -0.00000000 -0.58815181 0.80875057
vn -0.23053157 -0.63682282 0.73573905
vn -0.30225331 -0.67583793 0.67222464
vn 0.00000051 -0.59704345 0.80220890
vn 0.00000050 -0.60839599 0.79363364
vn 0.23053268 -0.63682204 0.73573935
vn 0.00000051 -0.59704345 0.80220890
vn 0.17419247 -0.59760863 0.78263718
vn 0.30225387 -0.67583895 0.67222345
vn 0.00000050 -0.60839599 0.79363364
vn 0.32139805 -0.69378078 0.64449322
vn 0.27176532 -0.62734425 0.72978276
vn 0.26362866 -0.84900022 -0.45792866
vn 0.62773550 -0.55787420 -0.54288530
vn 0.90032876 -0.40141809 -0.16814187
vn 0.84513891 -0.52657187 0.09199125
vn -0.05610766 -0.95614022 -0.28748539
vn 0.63071859 -0.72278982 0.28243393
vn 0.99457109 -0.10264397 0.01710520
vn 0.94038671 -0.18192682 0.28735948
vn 0.75030309 -0.40123880 0.52540714
vn 0.94662237 -0.03686349 0.32022992
vn 0.99659872 0.04793787 0.06702919
vn 0.74565822 -0.29796425 0.59599596
vn 0.94850242 -0.01383160 0.31646791
vn 0.99458963 0.07594956 0.07087436
vn 0.99780619 0.02632186 0.06074539
vn 0.73536444 -0.29021585 0.61238384
vn 0.95094013 -0.06491743 0.30248743
vn 0.99768561 -0.04528841 0.05071862
vn 0.94818997 -0.13364840 0.28822541
vn 0.72515410 -0.33627391 0.60089225
vn 0.71359557 -0.39086366 0.58138365
vn 0.24937849 -0.64039618 0.72643173
vn 0.24239661 -0.64876574 0.72135079
vn 0.24592507 -0.66622823 0.70403183
vn 0.26952747 -0.66813529 0.69350576
vn 0.75030309 -0.40123880 0.52540714
vn 0.28139988 -0.75258476 0.59534055
vn -0.22295135 -0.80819607 0.54507965
vn -0.25807211 -0.84350914 0.47105315
vn -0.20013405 -0.78143561 0.59102017
vn -0.16719601 -0.77170360 0.61361152
vn -0.12011655 -0.77678263 0.61820775
vn -0.48761198 -0.78291368 0.38636863
vn -0.54081076 -0.76735103 0.34452298
vn -0.44591346 -0.78613818 0.42795789
vn -0.16719601 -0.77170360 0.61361152
vn -0.39565083 -0.79511219 0.45962712
vn -0.12011655 -0.77678263 0.61820775
vn -0.31999549 -0.82293689 0.46944407
vn -0.58337700 -0.78105867 0.22275248
vn -0.62623113 -0.75003088 0.21281029
vn -0.52418333 -0.82060117 0.22769615
vn -0.43012574 -0.87589020 0.21865077
vn -0.07838368 -0.78688407 0.61210251
vn -0.24850450 -0.85054070 0.46349329
vn 0.25130266 -0.68228358 0.68653929
vn -0.33751249 -0.91927379 0.20253640
vn -0.43012574 -0.87589020 0.21865077
vn 0.70226943 -0.43388957 0.56440896
vn 0.94818997 -0.13364840 0.28822541
vn 0.94174284 -0.18958153 0.27781177
vn 0.99768561 -0.04528841 0.05071862
vn 0.99343240 -0.10538492 0.04456531
vn 0.96440929 -0.17088275 0.20177664
vn 0.99104124 -0.12802199 0.03804727
vn 0.69652891 -0.45157477 0.55760890
vn 0.25268564 -0.68936455 0.67891574
vn -0.06224878 -0.79116267 0.60842967
vn -0.22047189 -0.86010760 0.46000776
vn -0.30014500 -0.93359369 0.19574440
vn -0.27304628 -0.96004766 -0.06127207
vn -0.31289822 -0.94818783 -0.05508647
vn -0.19741060 -0.95990062 -0.19904742
vn -0.41472811 -0.90916586 -0.03765712
vn -0.23376225 -0.95152587 -0.19988430
vn -0.07116236 -0.94636774 -0.31515723
vn -0.52734309 -0.84950775 -0.01567771
vn -0.10208740 -0.93938810 -0.32730433
vn 0.14836486 -0.88091725 -0.44941378
vn -0.32969061 -0.92239720 -0.20121518
vn -0.61091107 -0.79169571 0.00236623
vn 0.13115123 -0.86967504 -0.47588301
vn 0.39335379 -0.74641788 -0.53678030
vn 0.37972263 -0.73555702 -0.56104070
vn -0.18212761 -0.91508466 -0.35979113
vn -0.44968590 -0.87043405 -0.20031781
vn 0.08125126 -0.83792895 -0.53969741
vn -0.29120591 -0.86701727 -0.40432683
vn 0.00725924 -0.77864742 -0.62741977
vn 0.36849859 -0.68376935 -0.62981611
vn 0.55572385 -0.60450369 -0.57074183
vn 0.56089157 -0.61980128 -0.54885972
vn 0.56974322 -0.53305984 -0.62549168
vn 0.34393042 -0.59982342 -0.72244287
vn 0.57891649 -0.42751157 -0.69432670
vn -0.07452884 -0.69439721 -0.71572196
vn 0.30615932 -0.49693829 -0.81198454
vn 0.57636213 -0.31318754 -0.75479817
vn -0.39877906 -0.79882812 -0.45038754
vn 0.26709899 -0.42095569 -0.86686474
vn 0.56768095 -0.23773812 -0.78817439
vn -0.13155249 -0.62086958 -0.77279681
vn 0.24538933 -0.41073903 -0.87811023
vn 0.56894475 -0.23333547 -0.78857875
vn -0.55489868 -0.80773568 -0.19912450
vn -0.46582347 -0.74057227 -0.48431513
vn -0.14078999 -0.59725046 -0.78960127
vn 0.26655656 -0.48559284 -0.83255464
vn 0.60395056 -0.30365902 -0.73690909
vn -0.66609162 -0.74564916 0.01814918
vn -0.62240827 -0.75800735 -0.19502003
vn -0.47379068 -0.72569281 -0.49889109
vn -0.09012295 -0.66352373 -0.74270725
vn 0.40038171 -0.68485886 -0.60882086
vn 0.65009570 -0.46270892 -0.60272390
vn 0.05047024 -0.86794138 -0.49409568
vn -0.30379894 -0.92720485 -0.21908303
vn -0.42462957 -0.78112495 -0.45774829
vn -0.65889746 -0.75007838 0.05689073
vn -0.64572173 -0.75301695 -0.12652633
vn -0.74655014 -0.65225023 0.13127261
vn -0.64903808 -0.73933828 -0.17924415
vn -0.72205424 -0.68714142 0.08046374
vn -0.73617035 -0.63852417 0.22436602
vn -0.70205468 -0.71094638 0.04092044
vn -0.70786357 -0.67359149 0.21261153
vn -0.67306149 -0.67749089 0.29663831
vn -0.67011601 -0.71236730 0.20851228
vn -0.60577685 -0.73452491 0.30579016
vn -0.59931666 -0.75252044 0.27300650
vn -0.35729489 -0.86190569 0.35980403
vn -0.25807211 -0.84350914 0.47105315
vn -0.35877448 -0.93294150 -0.03001691
vn 0.12837568 -0.92851204 0.34840369
vn -0.05610766 -0.95614022 -0.28748539
vn 0.28139988 -0.75258476 0.59534055
vn 0.63071859 -0.72278982 0.28243393
vn -0.11327272 -0.57926691 -0.80722934
vn -0.00000535 -0.57459664 -0.81843674
vn -0.04805552 -0.53667504 -0.84241951
vn -0.16310908 -0.48459339 -0.85939789
vn -0.06779771 -0.43340620 -0.89864486
vn -0.21396594 -0.39988056 -0.89124304
vn -0.08199590 -0.33433554 -0.93888044
vn -0.21513627 -0.43474346 -0.87447959
vn -0.06424081 -0.33863190 -0.93872339
vn -0.11687282 -0.57686126 -0.80843794
vn 0.00278973 -0.41316569 -0.91065156
vn 0.25217378 -0.62813568 -0.73610729
vn 0.05790145 -0.47802103 -0.87643784
vn -0.00000084 -0.34224951 -0.93960911
vn -0.00000118 -0.36293173 -0.93181574
vn -0.05790178 -0.47802028 -0.87643826
vn 0.00000027 -0.30014053 -0.95389503
vn -0.00278956 -0.41316590 -0.91065150
vn -0.25217110 -0.62813598 -0.73610795
vn 0.11687682 -0.57686090 -0.80843759
vn 0.06424133 -0.33863321 -0.93872285
vn 0.21513632 -0.43474549 -0.87447852
vn 0.00000049 -0.31253377 -0.94990665
vn 0.08199638 -0.33433565 -0.93888032
vn 0.21396476 -0.39988244 -0.89124244
vn 0.00000050 -0.41775966 -0.90855759
vn 0.06779780 -0.43340784 -0.89864403
vn 0.16310816 -0.48459288 -0.85939837
vn 0.00000062 -0.52284467 -0.85242796
vn 0.04805135 -0.53667641 -0.84241885
vn 0.11326931 -0.57926792 -0.80722910
vn -0.00000535 -0.57459664 -0.81843674
vn 0.00000000 -0.56115639 -0.82770979
vn -0.00000535 -0.57459664 -0.81843674
vn 0.26456749 -0.87394249 -0.40771142
vn 0.25217378 -0.62813568 -0.73610729
vn 0.81504017 -0.38180667 -0.43581328
vn 0.86827779 -0.48694026 0.09477771
vn 0.96879643 0.13533133 -0.20765078
vn 0.95835596 -0.00030940 0.28557628
vn 0.04684103 -0.97987688 -0.19402900
vn 0.71797240 -0.61396265 0.32797182
vn 0.81674892 -0.22181731 0.53265220
vn 0.43223289 -0.78800178 0.43843812
vn -0.23728922 -0.96982247 0.05601993
vn 0.57532984 -0.51793337 0.63304073
vn 0.06820048 -0.84971863 0.52280688
vn -0.37237012 -0.80485231 0.46211827
vn 0.22371466 -0.72868848 0.64727497
vn -0.21488149 -0.79770076 0.56347084
vn -0.33949909 -0.75356829 0.56291676
vn -0.09807490 -0.78197527 0.61554527
vn -0.40802073 -0.74846536 0.52279896
vn -0.47797051 -0.70379871 0.52555841
vn -0.34241566 -0.77010208 0.53823262
vn -0.56964546 -0.72822082 0.38104928
vn -0.59975797 -0.68716574 0.40999219
vn -0.55205613 -0.74614865 0.37215093
vn -0.65961218 -0.74647707 0.08765730
vn -0.59931666 -0.75252044 0.27300650
vn -0.71723497 -0.69451743 0.05674045
vn -0.65396655 -0.68920767 -0.31196246
vn -0.35877448 -0.93294150 -0.03001691
vn -0.76398289 -0.55628854 -0.32691485
vn -0.57288718 -0.58592182 -0.57314557
vn -0.05610766 -0.95614022 -0.28748539
vn -0.68346572 -0.41787511 -0.59854406
vn -0.38432965 -0.56771123 -0.72800732
vn 0.26362866 -0.84900022 -0.45792866
vn 0.05726147 -0.51311529 -0.85640752
vn 0.62773550 -0.55787420 -0.54288530
vn -0.14876823 -0.26450124 -0.95284158
vn -0.49790034 -0.35435849 -0.79153353
vn -0.20184866 -0.12217624 -0.97176647
vn -0.49990055 -0.27476299 -0.82134324
vn -0.18878007 -0.18075930 -0.96523994
vn -0.68788296 -0.39982489 -0.60576993
vn -0.43830284 -0.37908649 -0.81497490
vn -0.13801041 -0.39464909 -0.90840805
vn -0.77206343 -0.55334008 -0.31262255
vn -0.59957898 -0.52958649 -0.60003603
vn -0.33012319 -0.58811581 -0.73833501
vn -0.08091095 -0.61352235 -0.78552139
vn -0.70918995 -0.70220178 0.06294713
vn -0.22303459 -0.76018214 -0.61022842
vn -0.04666850 -0.74486440 -0.66558176
vn -0.43967149 -0.71111631 -0.54863703
vn -0.28685042 -0.83417553 -0.47102877
vn -0.15801518 -0.84699279 -0.50757700
vn -0.02967866 -0.77673566 -0.62912714
vn -0.19646907 -0.88859695 -0.41448203
vn -0.13628773 -0.86811870 -0.47727942
vn -0.16977966 -0.90287805 -0.39495081
vn -0.32301250 -0.89131755 -0.31814456
vn -0.21317434 -0.92595339 -0.31171623
vn -0.17931736 -0.93421245 -0.30837056
vn -0.20362276 -0.97743469 -0.05620710
vn -0.16725247 -0.98388642 -0.06319935
vn -0.31179062 -0.94965374 -0.03073089
vn -0.12939729 -0.95547789 0.26517600
vn -0.10782706 -0.95792961 0.26597774
vn -0.20068757 -0.93835729 0.28144285
vn -0.07668649 -0.87766999 0.47309044
vn -0.04081511 -0.87552112 0.48145288
vn -0.03068304 -0.86956012 0.49287301
vn 0.04503835 -0.80198872 0.59563887
vn 0.05918370 -0.77397597 0.63044310
vn 0.06422114 -0.75363696 0.65414602
vn 0.20311725 -0.67530608 0.70901704
vn 0.19764651 -0.62147427 0.75809342
vn 0.19601773 -0.59158915 0.78204823
vn 0.38241044 -0.43210822 0.81672812
vn 0.37336481 -0.40656540 0.83384854
vn 0.40924066 -0.48182291 0.77483469
vn 0.66329038 -0.21487208 0.71685135
vn 0.64987540 -0.21376473 0.72936046
vn 0.68975937 -0.21246034 0.69216514
vn 0.95399725 0.04735380 0.29605204
vn 0.95566112 -0.05488893 0.28930792
vn 0.94931394 -0.09190740 0.30059290
vn 0.93699288 -0.07056499 -0.34214762
vn 0.96101445 -0.12138946 -0.24842672
vn 0.93955410 0.12246136 -0.31975195
vn 0.45424154 -0.47942486 0.75087714
vn 0.72123933 -0.16761526 0.67210037
vn 0.68975937 -0.21246034 0.69216514
vn 0.93314064 0.16477802 0.31952575
vn 0.93955410 0.12246136 -0.31975195
vn 0.91031110 0.32652137 -0.25439632
vn 0.74971151 -0.08010189 0.65689909
vn 0.90837556 0.25208497 0.33362707
vn 0.87942123 0.43779892 -0.18695019
vn 0.90312600 0.39920953 -0.15809865
vn 0.91662031 0.22755159 0.32867524
vn 0.96879643 0.13533133 -0.20765078
vn 0.95835596 -0.00030940 0.28557628
vn 0.78278285 -0.06305453 0.61909217
vn 0.50754219 -0.41010129 0.75777161
vn 0.55636907 -0.39234149 0.73247635
vn 0.21930653 -0.68625367 0.69351327
vn 0.25284776 -0.64416695 0.72188431
vn 0.24203534 -0.64562374 0.72428513
vn -0.00063968 -0.76865721 0.63966060
vn 0.24203534 -0.64562374 0.72428513
vn 0.02496098 -0.80043316 0.59890205
vn 0.04503835 -0.80198872 0.59563887
vn -0.03701263 -0.75628459 0.65319502
vn -0.21315287 -0.81786776 0.53447002
vn -0.13940986 -0.85787791 0.49458107
vn -0.07668649 -0.87766999 0.47309044
vn -0.20068757 -0.93835729 0.28144285
vn -0.28163460 -0.78416210 0.55296636
vn -0.31508037 -0.89344782 0.32011774
vn -0.31179062 -0.94965374 -0.03073089
vn -0.47101888 -0.88205487 0.01097215
vn -0.43082786 -0.82764870 0.35970134
vn -0.51288188 -0.77158713 0.37630516
vn -0.62227476 -0.78124231 0.04934156
vn -0.67726684 -0.66510600 -0.31455299
vn -0.49972498 -0.80506432 -0.31960347
vn -0.43967149 -0.71111631 -0.54863703
vn -0.28685042 -0.83417553 -0.47102877
vn -0.91824496 -0.29613891 -0.26292187
vn -0.81623131 -0.12282912 -0.56451696
vn -0.81767774 -0.09676045 -0.56748611
vn -0.90683812 -0.33474776 -0.25610271
vn -0.80018681 -0.16581166 -0.57637453
vn -0.88636446 -0.46278760 -0.01362549
vn -0.88351327 -0.37903816 -0.27519891
vn -0.77018213 -0.22172858 -0.59804338
vn -0.86415923 -0.50321746 -0.00104853
vn -0.73143196 -0.66504180 0.15075387
vn -0.78300655 -0.61027700 0.12026145
vn -0.48801935 -0.85246867 0.18744148
vn -0.42950881 -0.85028517 0.30419949
vn -0.65889746 -0.75007838 0.05689073
vn -0.69967633 -0.69334191 0.17242426
vn -0.84004611 -0.54215145 -0.01985737
vn -0.84703803 -0.43263862 -0.30878866
vn -0.80576307 -0.58928227 -0.05909507
vn -0.67293179 -0.72298813 0.15636809
vn -0.80331153 -0.48548651 -0.34495419
vn -0.73292375 -0.27716416 -0.62129122
vn -0.76219988 -0.63806260 -0.10921272
vn -0.41699862 -0.84140825 0.34372124
vn -0.63763052 -0.76335835 0.10349599
vn -0.76316917 -0.52662349 -0.37448713
vn -0.69837528 -0.32097697 -0.63972318
vn -0.72032809 -0.67600131 -0.15540169
vn -0.50042939 -0.03584353 -0.86503512
vn -0.47225511 -0.07423782 -0.87833017
vn -0.53065097 0.01302587 -0.84749031
vn -0.80018681 -0.16581166 -0.57637453
vn -0.55415791 0.06117067 -0.83016098
vn -0.81623131 -0.12282912 -0.56451696
vn -0.56492239 0.08896141 -0.82033443
vn -0.81767774 -0.09676045 -0.56748611
vn -0.56669259 0.08458725 -0.81957585
vn -0.22864385 0.21036135 -0.95051044
vn -0.24881305 0.17413919 -0.95276839
vn -0.20953703 0.20580769 -0.95589614
vn -0.18193631 0.17876412 -0.96692431
vn -0.15218928 0.15042421 -0.97683722
vn 0.10825153 0.20341912 -0.97308904
vn 0.06349441 0.13220227 -0.98918706
vn 0.14436144 0.22681315 -0.96317995
vn 0.43411943 0.09581391 -0.89574552
vn 0.33972323 0.03494617 -0.93987602
vn 0.46578541 0.15202245 -0.87174147
vn 0.17925717 0.23202156 -0.95605069
vn 0.46578541 0.15202245 -0.87174147
vn 0.49477080 0.19152464 -0.84765571
vn 0.20960118 0.23353167 -0.94948947
vn 0.51937509 0.22108908 -0.82545084
vn 0.53740269 0.23961392 -0.80856878
vn 0.23220836 0.23366681 -0.94418168
vn 0.54962373 0.25084373 -0.79686338
vn -0.12702477 0.12872671 -0.98351115
vn 0.24763218 0.23395105 -0.94018358
vn 0.55672693 0.25694242 -0.78995937
vn -0.10914035 0.11515081 -0.98733413
vn 0.25669792 0.23432063 -0.93765670
vn 0.56925952 0.25807682 -0.78060234
vn -0.45174268 -0.09907824 -0.88662964
vn -0.09846591 0.10793782 -0.98926938
vn 0.21196371 0.22372980 -0.95132351
vn -0.09880433 0.10368847 -0.98969007
vn -0.43949610 -0.11271358 -0.89114469
vn -0.43514588 -0.11704074 -0.89272034
vn -0.67338425 -0.34944525 -0.65149194
vn -0.65862966 -0.36513659 -0.65793788
vn -0.65359491 -0.37018913 -0.66013163
vn -0.73423082 -0.55286229 -0.39401576
vn -0.71721691 -0.56710845 -0.40495414
vn -0.71151739 -0.57163918 -0.40862161
vn -0.68961406 -0.69944948 -0.18762438
vn -0.67143148 -0.71181220 -0.20616317
vn -0.66538316 -0.71565694 -0.21236855
vn -0.60016805 -0.79892576 0.03893569
vn -0.57156003 -0.82050127 -0.00984343
vn -0.55431712 -0.83139861 -0.03884557
vn -0.54856795 -0.83468884 -0.04866033
vn -0.40056726 -0.86515212 0.30175769
vn -0.37803873 -0.89891803 0.22143432
vn -0.35952896 -0.92014098 0.15517586
vn -0.34813693 -0.93047059 0.11412782
vn -0.34434584 -0.93352401 0.09979390
vn -0.06337688 -0.89947999 0.43234143
vn -0.05931646 -0.93471444 0.35041466
vn -0.05586719 -0.95917732 0.27723232
vn -0.05424537 -0.97165710 0.23008688
vn -0.05386322 -0.97546089 0.21348247
vn -0.06239010 -0.88818508 0.45523036
vn 0.29671207 -0.84617114 0.44266960
vn 0.29476973 -0.87780142 0.37759164
vn 0.28973234 -0.90405774 0.31422102
vn 0.28502792 -0.91917616 0.27179834
vn 0.28349385 -0.92390674 0.25695822
vn 0.62196273 -0.75275189 0.21570125
vn 0.50559521 -0.82879436 0.23973611
vn 0.62658632 -0.73986518 0.24492671
vn 0.87939984 -0.47355229 0.04903192
vn 0.85386765 -0.51557255 0.07137992
vn 0.88111770 -0.46886161 0.06164696
vn 0.88250738 -0.46419117 0.07554667
vn 0.63144648 -0.72068471 0.28616244
vn 0.87906307 -0.47085479 0.07445738
vn 0.63081592 -0.70626915 0.32133356
vn 0.85636383 -0.51624405 0.01153580
vn 0.61343873 -0.73406148 0.29128459
vn 0.79552144 -0.58899575 -0.14223099
vn 0.29219115 -0.84791553 0.44233873
vn 0.57073110 -0.81044936 0.13205279
vn 0.71148449 -0.59708655 -0.37050968
vn -0.06365027 -0.93264312 0.35514140
vn 0.27525967 -0.91167402 0.30509436
vn 0.50614923 -0.83889616 -0.20016541
vn 0.65009570 -0.46270892 -0.60272390
vn 0.40038171 -0.68485886 -0.60882086
vn 0.20646632 -0.97786754 -0.03386297
vn 0.05047024 -0.86794138 -0.49409568
vn -0.13364582 -0.98420298 0.11611751
vn -0.48801935 -0.85246867 0.18744148
vn -0.30379894 -0.92720485 -0.21908303
vn -0.65889746 -0.75007838 0.05689073
vn 0.96933705 -0.17075898 -0.17671186
vn 0.85386765 -0.51557255 0.07137992
vn 0.87939984 -0.47355229 0.04903192
vn 0.96851897 -0.17400816 -0.17802310
vn 0.88111770 -0.46886161 0.06164696
vn 0.96561098 -0.18184574 -0.18581617
vn 0.88250738 -0.46419117 0.07554667
vn 0.95655787 -0.20108569 -0.21109611
vn 0.87906307 -0.47085479 0.07445738
vn 0.92892832 -0.24424930 -0.27827048
vn 0.85636383 -0.51624405 0.01153580
vn 0.87275153 -0.29979029 -0.38526693
vn 0.79552144 -0.58899575 -0.14223099
vn 0.80549258 -0.32151929 -0.49780223
vn 0.71148449 -0.59708655 -0.37050968
vn 0.76107776 -0.35712132 -0.54150259
vn 0.65009570 -0.46270892 -0.60272390
vn 0.77611405 -0.13715422 -0.61549628
vn 0.79106945 -0.12451047 -0.59892094
vn 0.67071104 -0.04478629 -0.74036545
vn 0.82829344 -0.09007266 -0.55300719
vn 0.68595904 -0.01783667 -0.72742152
vn 0.33972323 0.03494617 -0.93987602
vn 0.43411943 0.09581391 -0.89574552
vn 0.70123631 0.04285687 -0.71163958
vn 0.46578541 0.15202245 -0.87174147
vn 0.86728287 -0.03836424 -0.49633515
vn 0.72590297 0.09800712 -0.68077856
vn 0.49477080 0.19152464 -0.84765571
vn 0.89339417 0.00436448 -0.44925249
vn 0.74731523 0.14088018 -0.64936334
vn 0.51937509 0.22108908 -0.82545084
vn 0.90676361 0.03033191 -0.42054698
vn 0.76211131 0.16802970 -0.62526184
vn 0.53740269 0.23961392 -0.80856878
vn 0.91360003 0.04504991 -0.40411076
vn 0.77157974 0.18417470 -0.60888791
vn 0.54962373 0.25084373 -0.79686338
vn 0.91677129 0.05261118 -0.39593247
vn 0.96961290 -0.14537707 -0.19676484
vn 0.91541237 0.05910030 -0.39815494
vn 0.77676612 0.19270766 -0.59958172
vn 0.55672693 0.25694242 -0.78995937
vn 0.81181103 0.17521991 -0.55701065
vn 0.56925952 0.25807682 -0.78060234
vn 0.85494202 -0.24136318 -0.45914921
vn 0.90032876 -0.40141809 -0.16814187
vn 0.62773550 -0.55787420 -0.54288530
vn 0.90895438 -0.17754611 -0.37719935
vn 0.87856036 -0.03899822 -0.47603664
vn 0.99457109 -0.10264397 0.01710520
vn 0.88569421 -0.02926113 -0.46334609
vn 0.82225388 -0.15500467 -0.54760587
vn 0.97340471 -0.01985626 -0.22823012
vn 0.99659872 0.04793787 0.06702919
vn 0.81327593 -0.09474719 -0.57411253
vn 0.65009570 -0.46270892 -0.60272390
vn 0.60395056 -0.30365902 -0.73690909
vn 0.90270990 0.01146960 -0.43009678
vn 0.98351419 0.06973575 -0.16684370
vn 0.99458963 0.07594956 0.07087436
vn 0.78227121 -0.07209047 -0.61875260
vn 0.56894475 -0.23333547 -0.78857875
vn 0.91128939 0.02843118 -0.41078371
vn 0.98558974 0.07220926 -0.15296628
vn 0.99780619 0.02632186 0.06074539
vn 0.77149510 -0.08535890 -0.63048333
vn 0.56768095 -0.23773812 -0.78817439
vn 0.91457450 -0.01273706 -0.40421677
vn 0.98767483 0.01050344 -0.15616696
vn 0.99768561 -0.04528841 0.05071862
vn 0.76765102 -0.15659350 -0.62144214
vn 0.57636213 -0.31318754 -0.75479817
vn 0.98460084 -0.07138866 -0.15957704
vn 0.99343240 -0.10538492 0.04456531
vn 0.91140050 -0.10183774 -0.39872065
vn 0.75836426 -0.26815096 -0.59412014
vn 0.97733754 -0.13898295 -0.15967165
vn 0.99104124 -0.12802199 0.03804727
vn 0.57891649 -0.42751157 -0.69432670
vn 0.57636213 -0.31318754 -0.75479817
vn 0.56974322 -0.53305984 -0.62549168
vn 0.73858297 -0.38121778 -0.55602902
vn 0.89920354 -0.20347707 -0.38733712
vn 0.88332862 -0.28246430 -0.37409160
vn 0.98462838 -0.14084038 -0.10330047
vn 0.87519366 -0.31228957 -0.36947429
vn 0.71608210 -0.46361601 -0.52181101
vn 0.56974322 -0.53305984 -0.62549168
vn 0.70221198 -0.49693531 -0.50985646
vn 0.55572385 -0.60450369 -0.57074183
vn 0.56089157 -0.61980128 -0.54885972
vn -0.02952861 -0.92071122 0.38912591
vn -0.00000000 -0.91497225 0.40351683
vn -0.03803236 -0.92051846 0.38884351
vn -0.09391254 -0.90052664 0.42453772
vn -0.15933809 -0.91808599 0.36294556
vn -0.19319229 -0.95696437 -0.21655479
vn 0.00000000 -0.96190298 -0.27339113
vn -0.00000000 -0.91497225 0.40351683
vn -0.37119725 -0.91975343 -0.12753929
vn -0.17080751 -0.57572931 -0.79960024
vn 0.00000000 -0.59284127 -0.80531937
vn -0.37777153 -0.60388571 -0.70186239
vn -0.56642824 -0.82119250 -0.06929629
vn -0.37119725 -0.91975343 -0.12753929
vn -0.15393582 -0.57339191 -0.80468965
vn -0.31952831 -0.86632073 0.38391408
vn -0.09391254 -0.90052664 0.42453772
vn -0.19702344 -0.84389538 0.49902141
vn -0.70450675 -0.70960778 0.01127376
vn -0.45547882 -0.77026343 0.44635558
vn -0.67961198 -0.72323239 0.12272929
vn -0.57866305 -0.55557269 -0.59706616
vn -0.70450675 -0.70960778 0.01127376
vn -0.29204938 -0.51297158 -0.80719721
vn -0.48130572 -0.71556252 0.50627577
vn -0.37237012 -0.80485231 0.46211827
vn -0.43726796 -0.71344250 0.54753685
vn -0.70613497 -0.50363553 -0.49771956
vn -0.67961198 -0.72323239 0.12272929
vn -0.29568991 -0.76122028 0.57715791
vn -0.35296312 -0.70897692 0.61054790
vn -0.37420872 -0.70358044 0.60410458
vn -0.20399626 -0.75736064 0.62031472
vn -0.29568991 -0.76122028 0.57715791
vn -0.25636914 -0.73231769 0.63086104
vn -0.31214738 -0.73349792 0.60377550
vn -0.14617725 -0.83217853 0.53489351
vn -0.13287824 -0.75093645 0.64686769
vn -0.13287824 -0.75093645 0.64686769
vn -0.14807969 -0.75382906 0.64016736
vn -0.27911595 -0.78372109 0.55486530
vn -0.08377025 -0.89829904 0.43132511
vn -0.02952861 -0.92071122 0.38912591
vn -0.10105594 -0.82418436 0.55723226
vn -0.07132042 -0.74032122 0.66845930
vn -0.05715925 -0.73284245 0.67799318
vn -0.07132042 -0.74032122 0.66845930
vn -0.04490451 -0.92762154 0.37081251
vn -0.05273145 -0.82144535 0.56784415
vn 0.00000249 -0.73481005 0.67827290
vn -0.00000000 -0.71071410 0.70348096
vn 0.00000183 -0.82163405 0.57001537
vn -0.05760758 -0.89423031 0.44388458
vn -0.02291291 -0.89129823 0.45283818
vn -0.02954450 -0.92614549 0.37600759
vn -0.05760758 -0.89423031 0.44388458
vn -0.00000128 -0.98905486 0.14754817
vn -0.15309259 -0.96431422 0.21601087
vn -0.27911595 -0.78372109 0.55486530
vn -0.00000025 -0.93509060 0.35440874
vn -0.00000051 -0.93500477 0.35463518
vn 0.02954342 -0.92614424 0.37601072
vn -0.00572628 -0.92223316 0.38659176
vn -0.00000051 -0.93500477 0.35463518
vn 0.04490597 -0.92762220 0.37081060
vn 0.02953767 -0.92071229 0.38912266
vn 0.08377348 -0.89829904 0.43132460
vn 0.09391645 -0.90052634 0.42453748
vn -0.00000254 -0.89121556 0.45357999
vn 0.05760569 -0.89422870 0.44388804
vn 0.00000900 -0.92962730 0.36850113
vn 0.00573663 -0.92223310 0.38659176
vn 0.00000104 -0.91954476 0.39298531
vn 0.00000905 -0.92855442 0.37119636
vn 0.02291489 -0.89129734 0.45283985
vn 0.05760569 -0.89422870 0.44388804
vn 0.05273664 -0.82144552 0.56784344
vn 0.00000249 -0.73481005 0.67827290
vn 0.07132375 -0.74032402 0.66845584
vn 0.10105509 -0.82418424 0.55723268
vn 0.13287880 -0.75093907 0.64686459
vn 0.14617553 -0.83217955 0.53489250
vn 0.20399740 -0.75736099 0.62031394
vn 0.19702645 -0.84389538 0.49902022
vn 0.29569140 -0.76121992 0.57715762
vn 0.07132375 -0.74032402 0.66845584
vn 0.05715511 -0.73284316 0.67799282
vn 0.13287880 -0.75093907 0.64686459
vn -0.00000128 -0.98905486 0.14754817
vn 0.15308566 -0.96431327 0.21602027
vn 0.14808564 -0.75382870 0.64016640
vn 0.27911568 -0.78372121 0.55486536
vn 0.31214893 -0.73349887 0.60377347
vn 0.25637355 -0.73231673 0.63086039
vn 0.13287880 -0.75093907 0.64686459
vn 0.37420735 -0.70358109 0.60410476
vn 0.35296026 -0.70897710 0.61054939
vn 0.43727013 -0.71344203 0.54753566
vn 0.29569140 -0.76121992 0.57715762
vn 0.48130319 -0.71556413 0.50627583
vn 0.37236887 -0.80485231 0.46211931
vn 0.45548007 -0.77026266 0.44635567
vn 0.67961299 -0.72323138 0.12272973
vn 0.31952798 -0.86632115 0.38391349
vn 0.09391645 -0.90052634 0.42453748
vn 0.15933593 -0.91808659 0.36294508
vn 0.70450771 -0.70960683 0.01127385
vn 0.56642765 -0.82119298 -0.06929543
vn 0.69209844 -0.62251198 -0.36534715
vn 0.23727995 -0.96982479 0.05601876
vn 0.70613730 -0.50363332 -0.49771839
vn 0.70450771 -0.70960683 0.01127385
vn 0.52225351 -0.62994587 -0.57482117
vn -0.04683848 -0.97987658 -0.19403110
vn 0.57866347 -0.55557626 -0.59706247
vn 0.55800623 -0.45495665 -0.69400543
vn 0.32763106 -0.66004515 -0.67601645
vn -0.26456228 -0.87394327 -0.40771306
vn 0.11687682 -0.57686090 -0.80843759
vn -0.25217110 -0.62813598 -0.73610795
vn 0.21513632 -0.43474549 -0.87447852
vn 0.40626198 -0.49117434 -0.77051860
vn 0.21396476 -0.39988244 -0.89124244
vn 0.35364589 -0.45133424 -0.81928748
vn 0.16310816 -0.48459288 -0.85939837
vn 0.45662513 -0.44030714 -0.77306092
vn 0.24655633 -0.52584511 -0.81406194
vn 0.11326931 -0.57926792 -0.80722910
vn 0.29204702 -0.51296979 -0.80719924
vn 0.15663993 -0.60850734 -0.77793497
vn -0.00000397 -0.61287791 -0.79017764
vn 0.37777334 -0.60388809 -0.70185935
vn 0.15393369 -0.57339048 -0.80469114
vn 0.00000000 -0.64018852 -0.76821786
vn 0.37119883 -0.91975331 -0.12753516
vn 0.17080866 -0.57573134 -0.79959857
vn 0.19319248 -0.95696479 -0.21655264
vn 0.03803165 -0.92051828 0.38884404
vn 0.02953767 -0.92071229 0.38912266
vn -0.00000000 -0.91497225 0.40351683
vn 0.26456749 -0.87394249 -0.40771142
vn -0.11687282 -0.57686126 -0.80843794
vn 0.25217378 -0.62813568 -0.73610729
vn -0.32762194 -0.66004860 -0.67601758
vn 0.04684103 -0.97987688 -0.19402900
vn -0.21513627 -0.43474346 -0.87447959
vn -0.52224940 -0.62994909 -0.57482141
vn -0.23728922 -0.96982247 0.05601993
vn -0.40626091 -0.49117282 -0.77052015
vn -0.21396594 -0.39988056 -0.89124304
vn -0.69209886 -0.62251407 -0.36534292
vn -0.37237012 -0.80485231 0.46211827
vn -0.55800468 -0.45495722 -0.69400632
vn -0.35364810 -0.45133322 -0.81928706
vn -0.16310908 -0.48459339 -0.85939789
vn -0.45662448 -0.44030842 -0.77306050
vn -0.24655879 -0.52584898 -0.81405878
vn -0.11327272 -0.57926691 -0.80722934
vn -0.15664271 -0.60850942 -0.77793270
vn -0.00000397 -0.61287791 -0.79017764
vn 0.00000000 -0.64018852 -0.76821786
vn -0.65713561 -0.53485668 -0.53113186
vn -0.60229611 -0.51769108 -0.60764742
vn -0.49943596 -0.57772803 -0.64559591
vn -0.58159202 -0.54507083 -0.60386133
vn -0.69599557 -0.51663184 -0.49868000
vn -0.29722843 -0.61408013 -0.73113674
vn -0.64991361 -0.50472260 -0.56821424
vn -0.38663816 -0.57110870 -0.72411728
vn -0.87860548 -0.19732881 0.43487206
vn 0.00001495 -0.81556243 0.57866919
vn -0.70760244 -0.63906938 0.30147836
vn -0.87569153 -0.26390558 0.40437376
vn -0.82589614 0.13589722 0.54719967
vn -0.70004845 -0.67935181 0.22003046
vn -0.83081472 0.17681259 0.52771598
vn 0.00000107 -0.35305396 0.93560296
vn -0.39092687 -0.90017313 0.19200139
vn 0.00001277 -0.95962888 0.28126940
vn 0.00001495 -0.81556243 0.57866919
vn 0.70761371 -0.63906050 0.30147070
vn -0.00005760 -0.98112869 0.19335586
vn 0.39091349 -0.90017962 0.19199836
vn -0.00001989 -0.98883259 0.14903072
vn -0.38110772 -0.91941744 0.09710051
vn 0.38111562 -0.91941428 0.09709923
vn 0.70004719 -0.67935210 0.22003324
vn 0.00000639 -0.99836862 0.05709766
vn 0.00000319 -0.99706841 -0.07651561
vn -0.36631453 -0.92981774 -0.03539320
vn 0.36631763 -0.92981666 -0.03538878
vn -0.68444073 -0.72186780 0.10221448
vn -0.87569153 -0.26390558 0.40437376
vn -0.00000223 -0.97510034 -0.22176404
vn -0.35467777 -0.91897303 -0.17231447
vn -0.68061644 -0.73262966 -0.00387379
vn -0.87872261 -0.32865521 0.34616807
vn -0.82009268 0.10131809 0.56318969
vn -0.88677889 -0.34466738 0.30794090
vn -0.80805987 0.09393066 0.58156365
vn -0.70394254 0.09758885 0.70352066
vn -0.77359462 -0.26470244 0.57574654
vn -0.53488445 0.09767041 0.83926105
vn -0.50328833 -0.11117093 0.85693747
vn -0.67026180 -0.69751894 0.25340980
vn -0.43455356 -0.32712480 0.83913797
vn -0.30286986 -0.64317536 0.70327467
vn -0.34217814 -0.93248993 -0.11565741
vn -0.68061644 -0.73262966 -0.00387379
vn -0.35467777 -0.91897303 -0.17231447
vn -0.00000059 -0.84504700 0.53469211
vn -0.00000289 -0.97441959 -0.22473641
vn 0.35467786 -0.91897351 -0.17231162
vn 0.34217742 -0.93248987 -0.11565999
vn 0.68062061 -0.73262590 -0.00386911
vn 0.30287090 -0.64317864 0.70327121
vn 0.67026168 -0.69752157 0.25340274
vn 0.43455455 -0.32712513 0.83913732
vn 0.50328982 -0.11117087 0.85693663
vn 0.77359515 -0.26470447 0.57574487
vn 0.53488839 0.09767020 0.83925861
vn 0.70394289 0.09758981 0.70352018
vn 0.68062061 -0.73262590 -0.00386911
vn 0.88677830 -0.34466532 0.30794501
vn 0.80805868 0.09392849 0.58156574
vn 0.82009155 0.10132017 0.56319106
vn 0.87872159 -0.32865500 0.34617090
vn 0.82589424 0.13589901 0.54720217
vn 0.68443835 -0.72186977 0.10221656
vn 0.35467786 -0.91897351 -0.17231162
vn 0.87568879 -0.26391014 0.40437683
vn 0.87568879 -0.26391014 0.40437683
vn 0.87860495 -0.19732560 0.43487462
vn 0.00001495 -0.81556243 0.57866919
vn 0.83080947 0.17681573 0.52772331
vn 0.00000107 -0.35305396 0.93560296
vn -0.15309259 -0.96431422 0.21601087
vn -0.27911595 -0.78372109 0.55486530
vn -0.43358558 -0.89701062 0.08588079
vn -0.24783725 -0.73508960 -0.63104677
vn -0.00000128 -0.98905486 0.14754817
vn -0.53106564 -0.83551949 -0.14098388
vn -0.00000100 -0.55433631 -0.83229280
vn -0.27817678 -0.43828073 -0.85470915
vn -0.43991685 -0.89390981 -0.08601381
vn -0.25190091 -0.60095578 -0.75854999
vn -0.00000180 -0.99851817 -0.05441891
vn 0.00000039 -0.20634048 -0.97848028
vn 0.00035206 -0.43913919 -0.89841896
vn 0.00039931 -0.74879062 -0.66280657
vn -0.00066524 -0.55818576 -0.82971579
vn 0.00035206 -0.43913919 -0.89841896
vn 0.25176442 -0.60096943 -0.75858450
vn 0.43991780 -0.89390963 -0.08601093
vn 0.00000039 -0.20634048 -0.97848028
vn 0.27817506 -0.43827713 -0.85471153
vn 0.53106630 -0.83551908 -0.14098389
vn 0.24783516 -0.73509622 -0.63103986
vn -0.00000128 -0.98905486 0.14754817
vn 0.43358353 -0.89701116 0.08588514
vn 0.15308566 -0.96431327 0.21602027
vn 0.27911568 -0.78372121 0.55486536
vn -0.14716814 0.58713812 0.79599643
vn -0.27867702 0.58453935 0.76200587
vn 0.00000039 0.58792108 0.80891830
vn -0.00000241 0.51250172 0.85868621
vn 0.15668438 0.50398606 0.84938103
vn 0.14716621 0.58714235 0.79599375
vn -0.00000058 0.39899173 0.91695452
vn 0.18729264 0.38020608 0.90573996
vn 0.32565501 0.34964097 0.87846458
vn 0.29347083 0.48664692 0.82283026
vn 0.41184235 0.47523478 0.77752030
vn 0.39200911 0.58207059 0.71240628
vn 0.37683472 0.66461158 0.64520317
vn 0.35554159 0.73111522 0.58228916
vn 0.32387412 0.78769815 0.52405846
vn 0.29636005 0.84030122 0.45394346
vn 0.29555646 0.87834048 0.37571850
vn 0.30909917 0.90184963 0.30186912
vn 0.32290223 0.91994119 0.22235645
vn 0.43168086 0.88762230 0.16055606
vn 0.41454831 0.87653178 0.24462566
vn 0.39496550 0.86158711 0.31885731
vn 0.37548342 0.84322429 0.38468817
vn 0.35595268 0.82399118 0.44083580
vn 0.39509159 0.78041297 0.48462179
vn 0.44330147 0.79103142 0.42160779
vn 0.43298575 0.72725832 0.53255868
vn 0.47533599 0.80658144 0.35140011
vn 0.50440961 0.81848991 0.27503669
vn 0.49645913 0.73133564 0.46762869
vn 0.46609277 0.66412020 0.58455276
vn 0.52888960 0.82672876 0.19182129
vn 0.54801774 0.73937088 0.39116144
vn 0.54555249 0.66437656 0.51085842
vn 0.49802452 0.58282316 0.64209712
vn 0.59058326 0.74562210 0.30864066
vn 0.61347252 0.66406703 0.42739508
vn 0.54345775 0.83238828 0.10855143
vn 0.59601110 0.58368844 0.55143321
vn 0.67460340 0.57978940 0.45689663
vn 0.66733003 0.66305631 0.33915624
vn 0.73182058 0.57557648 0.36489788
vn 0.62292117 0.74950570 0.22407702
vn 0.76930267 0.57508183 0.27830610
vn 0.70472789 0.66276830 0.25317350
vn 0.79241693 0.57671207 0.19869217
vn 0.72705925 0.66439587 0.17309839
vn 0.64231479 0.75309592 0.14240183
vn 0.80786169 0.57708305 0.11972766
vn 0.54841137 0.83577120 0.02704552
vn 0.73943609 0.66663498 0.09397919
vn 0.65110534 0.75645602 0.06193606
vn 0.54802936 0.83415961 -0.06198098
vn 0.65404403 0.75595969 -0.02741147
vn 0.54498506 0.82016975 -0.17410603
vn 0.74650562 0.66536051 0.00498342
vn 0.65309429 0.74397564 -0.14130868
vn 0.53554791 0.78159159 -0.31984854
vn 0.50878441 0.70352393 -0.49617785
vn 0.64292341 0.70902973 -0.28970033
vn 0.61087918 0.63755959 -0.46940851
vn 0.74896932 0.65350103 -0.10945985
vn 0.81941909 0.57238394 0.03047920
vn 0.70450342 0.55645877 -0.44048676
vn 0.73973858 0.62110376 -0.25887623
vn 0.78279650 0.46412942 -0.41450396
vn 0.82612771 0.55716187 -0.08416450
vn 0.81913972 0.52401757 -0.23327176
vn 0.87740254 0.47750413 0.04641736
vn 0.88695383 0.45653024 -0.06995073
vn 0.93411785 0.35061610 -0.06702408
vn 0.88075888 0.42006290 -0.21865717
vn 0.84277529 0.36322182 -0.39724019
vn -0.32565412 0.34964129 0.87846482
vn -0.00000058 0.39899173 0.91695452
vn 0.22819251 0.26466826 0.93695194
vn 0.18729264 0.38020608 0.90573996
vn 0.28010741 0.25067997 0.92666036
vn 0.35651821 0.21998680 0.90802014
vn 0.32565501 0.34964097 0.87846458
vn 0.37986690 0.14088765 0.91424936
vn 0.33722880 0.31239757 0.88807911
vn -0.00000060 0.45089272 0.89257812
vn 0.44425434 0.21901199 0.86871850
vn 0.40574652 0.37692881 0.83264303
vn -0.00000109 0.53043902 0.84772307
vn 0.53488839 0.09767020 0.83925861
vn 0.41415054 0.11479707 0.90294021
vn 0.37986690 0.14088765 0.91424936
vn 0.56775659 0.23911190 0.78770429
vn 0.55860043 0.35315815 0.75049645
vn 0.56543738 0.14642863 0.81168914
vn 0.44162041 0.13751633 0.88660061
vn 0.37435633 0.04635812 0.92612541
vn 0.30915084 -0.04586077 0.94990659
vn 0.26622638 -0.08263557 0.96036184
vn 0.36622736 -0.00328974 0.93051958
vn 0.43455455 -0.32712513 0.83913732
vn 0.50328982 -0.11117087 0.85693663
vn 0.53488839 0.09767020 0.83925861
vn -0.30225331 -0.67583793 0.67222464
vn 0.00000050 -0.60839599 0.79363364
vn -0.00000000 -0.64105910 0.76749158
vn -0.33498028 -0.70403475 0.62619746
vn -0.27911595 -0.78372109 0.55486530
vn -0.43358558 -0.89701062 0.08588079
vn -0.00000026 -0.69753116 0.71655446
vn -0.31139335 -0.75524008 0.57675529
vn -0.53106564 -0.83551949 -0.14098388
vn -0.43991685 -0.89390981 -0.08601381
vn -0.26877752 -0.79347402 0.54603809
vn -0.00000026 -0.69753116 0.71655446
vn -0.00000180 -0.99851817 -0.05441891
vn -0.00000167 -0.85315788 0.52165282
vn -0.00000030 -0.73904091 0.67366052
vn 0.26877484 -0.79346830 0.54604781
vn 0.43991780 -0.89390963 -0.08601093
vn -0.00000000 -0.75556248 0.65507662
vn 0.31139350 -0.75523812 0.57675779
vn 0.53106630 -0.83551908 -0.14098389
vn 0.43358353 -0.89701116 0.08588514
vn 0.33498108 -0.70403492 0.62619686
vn 0.27911568 -0.78372121 0.55486536
vn 0.30225387 -0.67583895 0.67222345
vn 0.00000050 -0.60839599 0.79363364
vn 0.01238410 0.59085834 -0.80668026
vn 0.29682252 0.75041157 -0.59057510
vn 0.21655798 0.80164409 -0.55719787
vn -0.04309298 0.61841059 -0.78467280
vn 0.14873058 0.84517652 -0.51337701
vn -0.07706919 0.66456002 -0.74324983
vn -0.14863214 0.54378289 -0.82595927
vn -0.17982545 0.58287674 -0.79241246
vn -0.10209592 0.53194952 -0.84059870
vn 0.09054618 0.56282622 -0.82160091
vn -0.03021406 0.51927096 -0.85407537
vn 0.37807253 0.69294369 -0.61391389
vn 0.29682252 0.75041157 -0.59057510
vn 0.18059039 0.50908822 -0.84155589
vn 0.06510563 0.47017884 -0.88016653
vn 0.16623540 0.36686733 -0.91530001
vn 0.45039025 0.62767124 -0.63496256
vn 0.27136591 0.41249132 -0.86960423
vn 0.24841890 0.22415252 -0.94236070
vn 0.55049253 0.77998501 -0.29762632
vn 0.47007179 0.84262621 -0.26270431
vn 0.60881084 0.72026110 -0.33252579
vn 0.52512825 0.53735334 -0.65991795
vn 0.34859049 0.28077701 -0.89423096
vn 0.29136416 0.07894645 -0.95334905
vn 0.39489698 0.14620085 -0.90701801
vn 0.30295306 -0.05326209 -0.95151591
vn 0.59804177 0.41973674 -0.68276435
vn 0.67565799 0.63953757 -0.36671233
vn 0.62561488 0.74968952 -0.21580489
vn 0.56844509 0.80364734 -0.17612837
vn 0.48562849 0.86302090 -0.13913983
vn 0.69216895 0.67559874 -0.25390658
vn 0.39123866 0.91404134 -0.10705516
vn 0.75631964 0.52237999 -0.39382714
vn 0.77949715 0.55872923 -0.28320652
vn 0.37765050 0.89720291 -0.22892597
vn 0.29682252 0.75041157 -0.59057510
vn 0.21655798 0.80164409 -0.55719787
vn 0.31010896 0.94673872 -0.08670795
vn 0.29479483 0.93285120 -0.20708604
vn 0.14873058 0.84517652 -0.51337701
vn 0.24610123 0.95028096 -0.19078870
vn 0.22951652 0.95627767 -0.18125997
vn 0.08462305 0.87950027 -0.46831420
vn 0.07339960 0.89038628 -0.44924918
vn 0.65478981 0.29719320 -0.69492918
vn 0.82842219 0.38910916 -0.40287814
vn 0.85999846 0.41745681 -0.29348338
vn 0.41822219 0.01936899 -0.90813822
vn 0.30598113 -0.17171298 -0.93642414
vn 0.70345402 0.17428778 -0.68904006
vn 0.89156878 0.24733247 -0.37938341
vn 0.92745996 0.26036060 -0.26838472
vn 0.97197360 0.11615126 -0.20439245
vn 0.43530840 -0.09886624 -0.89483631
vn 0.31181231 -0.27272961 -0.91016024
vn 0.45159498 -0.20345874 -0.86871547
vn 0.93874079 0.12103567 -0.32267031
vn 0.99014276 0.03802781 -0.13480055
vn 0.96488142 0.03961559 -0.25968134
vn 0.74828207 0.05693834 -0.66093272
vn 0.74828207 0.05693834 -0.66093272
vn 0.78296232 -0.04365974 -0.62053508
vn 0.78296232 -0.04365974 -0.62053508
vn 0.80387038 -0.13166027 -0.58005005
vn 0.80387038 -0.13166027 -0.58005005
vn 0.46682084 -0.29543215 -0.83354551
vn 0.31181231 -0.27272961 -0.91016024
vn 0.81220210 -0.19778217 -0.54882598
vn 0.32193175 -0.35930780 -0.87593257
vn 0.97600263 -0.01766262 -0.21704125
vn 0.99014276 0.03802781 -0.13480055
vn 0.81220210 -0.19778217 -0.54882598
vn 0.99559236 -0.00081778 -0.09378262
vn 0.47750360 -0.36293533 -0.80016768
vn 0.81478184 -0.23232238 -0.53118443
vn 0.33058292 -0.42433697 -0.84300244
vn 0.97781610 -0.06778111 -0.19819538
vn 0.81478184 -0.23232238 -0.53118443
vn 0.99586415 -0.04151291 -0.08081593
vn 0.48298311 -0.39869788 -0.77959436
vn 0.81569266 -0.24300221 -0.52497184
vn 0.33409661 -0.46078631 -0.82222593
vn 0.54796183 -0.37758410 -0.74643689
vn 0.33485079 -0.47303534 -0.81493098
vn 0.97631037 -0.10012279 -0.19181639
vn 0.81569266 -0.24300221 -0.52497184
vn 0.99405026 -0.07539933 -0.07860707
vn 0.95409876 -0.12618470 -0.27161184
vn 0.99303883 -0.08818823 -0.07808141
vn 0.93715310 -0.33065796 -0.11139718
vn 0.90527278 -0.34447563 -0.24863170
vn 0.89480895 -0.42180145 -0.14628914
vn 0.93613350 -0.27338058 -0.22117229
vn 0.97499967 -0.20953839 -0.07395518
vn 0.96657199 -0.17170751 -0.19040787
vn 0.99422538 -0.09568800 -0.04857670
vn 0.98233211 -0.07313658 -0.17226350
vn 0.99905008 -0.01785771 -0.03975003
vn 0.98609596 -0.00849713 -0.16595951
vn 0.99769843 0.05823725 -0.03473187
vn 0.98583549 0.05621281 -0.15801406
vn 0.98683906 0.15991457 -0.02399987
vn 0.81453919 -0.08309708 -0.57412612
vn 0.82636833 -0.04895099 -0.56099838
vn 0.83219624 -0.01360837 -0.55431420
vn 0.80413723 -0.09758569 -0.58637899
vn 0.49720928 0.05852712 -0.86565441
vn 0.83675420 0.00592998 -0.54754657
vn 0.86653358 -0.40769947 -0.28792480
vn 0.78676039 -0.11581155 -0.60629684
vn 0.84654236 -0.49628630 -0.19252507
vn 0.89480895 -0.42180145 -0.14628914
vn 0.78816122 -0.55496883 -0.26610437
vn 0.81264299 -0.46342000 -0.35334587
vn 0.49705076 0.09486154 -0.86252064
vn 0.80413723 -0.09758569 -0.58637899
vn 0.50151265 0.02535425 -0.86477876
vn 0.76999122 -0.48973274 -0.40899307
vn 0.74741203 -0.57768315 -0.32811195
vn 0.76753122 -0.42240927 -0.48214754
vn 0.73390514 -0.58061326 -0.35252160
vn 0.70595646 -0.15365963 -0.69138569
vn 0.71699369 -0.14968602 -0.68081874
vn 0.75045896 -0.13910131 -0.64611316
vn 0.48242757 0.19463985 -0.85403687
vn 0.34606016 0.08095247 -0.93471336
vn 0.34923097 0.13910301 -0.92665422
vn 0.35243139 0.02583074 -0.93548107
vn 0.49790406 0.13527669 -0.85661650
vn 0.35474145 0.19290507 -0.91484761
vn 0.35668382 0.24558465 -0.90136832
vn 0.49459735 0.17068225 -0.85219777
vn 0.35528734 0.28539163 -0.89012504
vn 0.51430130 -0.00261187 -0.85760564
vn 0.36877263 -0.01572166 -0.92938668
vn 0.46878913 0.21028394 -0.85791457
vn 0.35317445 0.30344728 -0.88497889
vn 0.53494126 -0.00964338 -0.84483421
vn 0.39093900 -0.03286093 -0.91982985
vn 0.84494001 0.03439695 -0.53375399
vn 0.71699369 -0.14968602 -0.68081874
vn 0.75045896 -0.13910131 -0.64611316
vn 0.70595646 -0.15365963 -0.69138569
vn 0.54359114 0.14090571 -0.82743835
vn 0.35216561 0.30838728 -0.88367230
vn 0.55475342 0.01631244 -0.83185488
vn 0.41260767 -0.01677844 -0.91075432
vn 0.97844917 0.14754656 -0.14445499
vn 0.85108393 0.09233311 -0.51684701
vn 0.56306249 0.07261486 -0.82321787
vn 0.42385086 0.03058436 -0.90521550
vn 0.84585834 0.17666693 -0.50330156
vn 0.95835251 0.25409159 -0.13037634
vn 0.96219760 0.27216247 -0.01016784
vn 0.54773104 0.15201494 -0.82272846
vn 0.41259879 0.10198023 -0.90518636
vn 0.81737751 0.28078213 -0.50304615
vn 0.92063946 0.36834094 -0.12941371
vn 0.92296922 0.38480920 -0.00704815
vn 0.85992783 0.50976706 -0.02572418
vn 0.85616028 0.49407303 -0.15126592
vn 0.75429910 0.65442425 -0.05255316
vn 0.75425565 0.63130146 -0.18043552
vn 0.75635159 0.39446291 -0.52185369
vn 0.50255489 0.23885322 -0.83089578
vn 0.37591591 0.17817980 -0.90936196
vn 0.66460204 0.51004332 -0.54604018
vn 0.43640882 0.32153848 -0.84033352
vn 0.32544023 0.24613802 -0.91296482
vn 0.55912584 0.61383313 -0.55730343
vn 0.36499476 0.39351031 -0.84375852
vn 0.46155956 0.69331956 -0.55341738
vn 0.27494663 0.30492392 -0.91182554
vn 0.62935174 0.75425971 -0.18710606
vn 0.75429910 0.65442425 -0.05255316
vn 0.61893713 0.78361863 -0.05346732
vn 0.30237755 0.45013359 -0.84020686
vn 0.23289587 0.35366762 -0.90591323
vn 0.19921051 0.39653331 -0.89614540
vn 0.51408988 0.84141397 -0.16653585
vn 0.49757034 0.86717016 -0.02097028
vn 0.25125074 0.49770939 -0.83015567
vn 0.16073035 0.43791810 -0.88453007
vn 0.19810149 0.54383910 -0.81547219
vn 0.37420097 0.75403243 -0.53982288
vn 0.41108301 0.90099370 -0.13864031
vn 0.39444721 0.91876513 0.01679321
vn 0.49757034 0.86717016 -0.02097028
vn 0.28877082 0.95671380 0.03619662
vn 0.30252787 0.94559759 -0.11967470
vn 0.18358687 0.98247135 0.03234041
vn 0.28273931 0.80564427 -0.52057260
vn 0.19297317 0.97454828 -0.11409215
vn 0.11378837 0.99328399 0.02095460
vn 0.18508931 0.84408212 -0.50325674
vn 0.11938681 0.98649049 -0.11217523
vn 0.06517325 0.99771672 0.01771295
vn 0.13356769 0.58322233 -0.80125618
vn 0.16073035 0.43791810 -0.88453007
vn 0.10730039 0.47257742 -0.87473267
vn 0.11459505 0.86580926 -0.48707521
vn 0.06899237 0.99200791 -0.10564250
vn -0.00000487 0.99982715 0.01859398
vn -0.00000602 0.99485368 -0.10132188
vn 0.08005326 0.60805762 -0.78984648
vn 0.06556600 0.88135475 -0.46788350
vn 0.05995977 0.49226946 -0.86837530
vn -0.00000062 0.88876516 -0.45836285
vn 0.02934137 0.50124478 -0.86480796
vn 0.00000392 0.63310933 -0.77406240
vn 0.04280751 0.62520021 -0.77928960
vn 0.11459505 0.86580926 -0.48707521
vn 0.00000139 0.50447291 -0.86342758
vn -0.07706919 0.66456002 -0.74324983
vn -0.10128074 0.69563574 -0.71121943
vn -0.10801859 0.71124077 -0.69459963
vn 0.07339960 0.89038628 -0.44924918
vn 0.08462305 0.87950027 -0.46831420
vn 0.08462305 0.87950027 -0.46831420
vn -0.10128074 0.69563574 -0.71121943
vn -0.07706919 0.66456002 -0.74324983
vn -0.49861541 -0.23774655 -0.83358222
vn -0.25217110 -0.62813598 -0.73610795
vn -0.81503946 -0.38180616 -0.43581501
vn -0.61028993 -0.09998602 -0.78584284
vn -0.55565888 -0.09118903 -0.82639450
vn -0.96879631 0.13533401 -0.20764986
vn -0.53011668 -0.03115324 -0.84735227
vn -0.53405511 -0.31807005 -0.78333682
vn -0.72072566 0.18728536 -0.66744196
vn -0.90312505 0.39921165 -0.15809880
vn -0.42981368 -0.21207838 -0.87765765
vn -0.62773901 -0.55787146 -0.54288411
vn -0.05726212 -0.51311529 -0.85640746
vn -0.47986236 0.12647636 -0.86817962
vn -0.68377578 0.38819119 -0.61786598
vn -0.87941855 0.43780372 -0.18695168
vn -0.23513503 -0.05295380 -0.97051913
vn 0.14877157 -0.26450154 -0.95284098
vn -0.41504696 0.26266509 -0.87105858
vn -0.65189445 0.40135238 -0.64338934
vn -0.91031069 0.32652375 -0.25439483
vn -0.13417530 0.08018811 -0.98770785
vn 0.20184843 -0.12217657 -0.97176647
vn -0.37990558 0.24369685 -0.89234728
vn -0.65781176 0.25243640 -0.70961934
vn -0.93955529 0.12246222 -0.31974819
vn -0.10384585 0.04360098 -0.99363726
vn 0.18877885 -0.18075636 -0.96524072
vn -0.66231537 0.00185070 -0.74922287
vn -0.93699270 -0.07056405 -0.34214818
vn -0.37756714 0.06493823 -0.92370236
vn -0.11419418 -0.15707144 -0.98096293
vn -0.64012998 -0.22045311 -0.73595786
vn -0.96101326 -0.12138864 -0.24843168
vn 0.13800816 -0.39465252 -0.90840691
vn 0.18877885 -0.18075636 -0.96524072
vn 0.08090673 -0.61351889 -0.78552449
vn -0.13244607 -0.40682456 -0.90385389
vn -0.37774673 -0.19501935 -0.90513802
vn -0.36198920 -0.40148094 -0.84129477
vn -0.68984866 -0.26152503 -0.67506558
vn -0.35015041 -0.47314411 -0.80841166
vn -0.13741548 -0.58113587 -0.80212104
vn 0.08090673 -0.61351889 -0.78552449
vn -0.13528514 -0.63716257 -0.75876337
vn 0.04667486 -0.74486417 -0.66558164
vn 0.02967844 -0.77673578 -0.62912703
vn -0.26362878 -0.84899992 -0.45792910
vn -0.90032965 -0.40141669 -0.16814038
vn -0.62773901 -0.55787146 -0.54288411
vn -0.84513676 -0.52657551 0.09199023
vn -0.99457097 -0.10264512 0.01710490
vn -0.94038540 -0.18193181 0.28736076
vn 0.05610697 -0.95614070 -0.28748390
vn -0.63071787 -0.72279191 0.28243026
vn -0.75030369 -0.40123922 0.52540606
vn -0.12837991 -0.92851013 0.34840724
vn 0.35877365 -0.93294197 -0.03001167
vn -0.28139859 -0.75258666 0.59533870
vn 0.35729802 -0.86190379 0.35980558
vn 0.59931880 -0.75251895 0.27300584
vn 0.25807548 -0.84351021 0.47104952
vn 0.54081106 -0.76735091 0.34452298
vn 0.60577965 -0.73452288 0.30578953
vn 0.67306221 -0.67748994 0.29663885
vn 0.70786339 -0.67359173 0.21261157
vn 0.73617095 -0.63852292 0.22436747
vn 0.67011577 -0.71236777 0.20851143
vn 0.72205317 -0.68714261 0.08046318
vn 0.74654979 -0.65225059 0.13127288
vn 0.70205158 -0.71094954 0.04091990
vn 0.64571720 -0.75302035 -0.12652948
vn 0.65889418 -0.75008148 0.05688844
vn 0.64903831 -0.73933828 -0.17924340
vn 0.42462876 -0.78112578 -0.45774764
vn 0.30379507 -0.92720687 -0.21907975
vn 0.47379553 -0.72568965 -0.49889109
vn 0.09012491 -0.66352546 -0.74270546
vn -0.05046974 -0.86794394 -0.49409124
vn 0.14079370 -0.59724897 -0.78960168
vn -0.26655847 -0.48559254 -0.83255416
vn -0.40038669 -0.68485624 -0.60882062
vn -0.60395128 -0.30365863 -0.73690867
vn -0.65009749 -0.46270809 -0.60272264
vn -0.56894386 -0.23333593 -0.78857923
vn -0.24538761 -0.41073892 -0.87811071
vn -0.56768358 -0.23773649 -0.78817308
vn -0.26709968 -0.42095524 -0.86686474
vn -0.57636380 -0.31318626 -0.75479746
vn 0.13155316 -0.62086862 -0.77279752
vn -0.30615714 -0.49694243 -0.81198275
vn -0.57890546 -0.42751652 -0.69433284
vn 0.46582359 -0.74057257 -0.48431462
vn -0.34393388 -0.59982640 -0.72243875
vn -0.56970882 -0.53307617 -0.62550908
vn 0.07452641 -0.69440049 -0.71571904
vn 0.62240595 -0.75801015 -0.19501649
vn -0.36852512 -0.68375498 -0.62981611
vn -0.55575109 -0.60449266 -0.57072705
vn -0.00726360 -0.77864575 -0.62742180
vn -0.08129284 -0.83791929 -0.53970623
vn -0.37968770 -0.73556811 -0.56104976
vn -0.56095028 -0.61977047 -0.54883456
vn 0.39876747 -0.79883313 -0.45038888
vn 0.66609353 -0.74564743 0.01814775
vn -0.13116854 -0.86967087 -0.47588596
vn -0.39334449 -0.74642932 -0.53677136
vn -0.14827147 -0.88093245 -0.44941470
vn 0.18213540 -0.91508186 -0.35979420
vn -0.00726360 -0.77864575 -0.62742180
vn 0.29120100 -0.86701471 -0.40433580
vn 0.10210987 -0.93939072 -0.32728994
vn 0.07116257 -0.94637400 -0.31513825
vn 0.55489433 -0.80773848 -0.19912519
vn 0.44968644 -0.87043297 -0.20032102
vn 0.32972172 -0.92238820 -0.20120528
vn 0.23377280 -0.95152593 -0.19987172
vn 0.19738793 -0.95990598 -0.19904400
vn 0.61091805 -0.79169035 0.00236397
vn 0.52734578 -0.84950614 -0.01567725
vn 0.31289014 -0.94819117 -0.05507464
vn 0.27302471 -0.96005565 -0.06124301
vn 0.41473159 -0.90916443 -0.03765235
vn 0.62623352 -0.75002950 0.21280810
vn 0.33752158 -0.91926593 0.20255692
vn 0.30016446 -0.93358344 0.19576345
vn 0.58338284 -0.78105545 0.22274840
vn 0.48761240 -0.78291118 0.38637325
vn 0.25807548 -0.84351021 0.47104952
vn 0.52418554 -0.82060009 0.22769508
vn 0.43012610 -0.87588775 0.21865998
vn 0.24852623 -0.85054225 0.46347889
vn 0.22049643 -0.86011279 0.45998624
vn 0.31999853 -0.82293755 0.46944091
vn 0.22295314 -0.80819368 0.54508239
vn 0.44591251 -0.78614050 0.42795467
vn 0.39564246 -0.79512066 0.45961961
vn 0.07839487 -0.78688234 0.61210334
vn 0.06224876 -0.79116267 0.60842967
vn 0.12012371 -0.77678657 0.61820138
vn -0.26953328 -0.66813213 0.69350654
vn 0.20012534 -0.78143674 0.59102160
vn 0.16718382 -0.77171355 0.61360234
vn -0.74566185 -0.29796058 0.59599322
vn -0.24939153 -0.64039046 0.72643238
vn -0.73536944 -0.29020816 0.61238146
vn -0.24239817 -0.64876664 0.72134948
vn -0.72515291 -0.33627349 0.60089391
vn -0.24591903 -0.66623014 0.70403218
vn -0.71359259 -0.39086539 0.58138615
vn -0.25128099 -0.68228585 0.68654495
vn -0.25262803 -0.68937796 0.67892349
vn -0.70225739 -0.43390027 0.56441581
vn -0.69650966 -0.45159364 0.55761772
vn -0.94819117 -0.13364607 0.28822261
vn -0.72515291 -0.33627349 0.60089391
vn -0.94175118 -0.18956697 0.27779323
vn -0.96441591 -0.17086647 0.20175879
vn -0.99343264 -0.10538310 0.04456452
vn -0.99104208 -0.12801592 0.03804652
vn -0.99768555 -0.04529020 0.05071859
vn -0.95094013 -0.06492031 0.30248669
vn -0.99780625 0.02632020 0.06074502
vn -0.73536944 -0.29020816 0.61238146
vn -0.94850332 -0.01383178 0.31646505
vn -0.99458981 0.07594824 0.07087313
vn -0.99659884 0.04793705 0.06702855
vn -0.94662201 -0.03686301 0.32023099
vn -0.99457097 -0.10264512 0.01710490
vn -0.74566185 -0.29796058 0.59599322
vn -0.94038540 -0.18193181 0.28736076
vn -0.71797293 -0.61396104 0.32797357
vn -0.57532120 -0.51793987 0.63304335
vn -0.81675005 -0.22181471 0.53265154
vn -0.43223202 -0.78800291 0.43843687
vn -0.04683848 -0.97987658 -0.19403110
vn 0.23727995 -0.96982479 0.05601876
vn -0.86827922 -0.48693773 0.09477790
vn -0.26456228 -0.87394327 -0.40771306
vn -0.06820928 -0.84971923 0.52280468
vn 0.37236887 -0.80485231 0.46211931
vn -0.81503946 -0.38180616 -0.43581501
vn -0.25217110 -0.62813598 -0.73610795
vn -0.96879631 0.13533401 -0.20764986
vn -0.95835513 -0.00030773 0.28557903
vn -0.81675005 -0.22181471 0.53265154
vn -0.22371297 -0.72869217 0.64727139
vn 0.21488306 -0.79770130 0.56346959
vn 0.33950123 -0.75356615 0.56291825
vn 0.09807050 -0.78197646 0.61554450
vn 0.40802073 -0.74846536 0.52279890
vn 0.47797021 -0.70379782 0.52555984
vn 0.34241366 -0.77010226 0.53823364
vn 0.56964481 -0.72822130 0.38104939
vn 0.59975791 -0.68716621 0.40999153
vn 0.55205637 -0.74614888 0.37215006
vn 0.65961438 -0.74647516 0.08765712
vn 0.59931880 -0.75251895 0.27300584
vn 0.71723539 -0.69451696 0.05674142
vn 0.65396696 -0.68920779 -0.31196135
vn 0.35877365 -0.93294197 -0.03001167
vn 0.76398289 -0.55629128 -0.32691017
vn 0.57288480 -0.58592242 -0.57314736
vn 0.05610697 -0.95614070 -0.28748390
vn 0.68346161 -0.41787717 -0.59854734
vn 0.38432887 -0.56771302 -0.72800642
vn -0.26362878 -0.84899992 -0.45792910
vn -0.05726212 -0.51311529 -0.85640746
vn -0.62773901 -0.55787146 -0.54288411
vn 0.14877157 -0.26450154 -0.95284098
vn 0.49789664 -0.35435930 -0.79153550
vn 0.20184843 -0.12217657 -0.97176647
vn 0.49990159 -0.27476111 -0.82134324
vn 0.18877885 -0.18075636 -0.96524072
vn 0.68788409 -0.39982578 -0.60576802
vn 0.68788409 -0.39982578 -0.60576802
vn 0.43829995 -0.37908787 -0.81497580
vn 0.13800816 -0.39465252 -0.90840691
vn 0.59957933 -0.52959055 -0.60003215
vn 0.77206373 -0.55334038 -0.31262133
vn 0.59957933 -0.52959055 -0.60003215
vn 0.33012262 -0.58811730 -0.73833406
vn 0.08090673 -0.61351889 -0.78552449
vn 0.43967217 -0.71111524 -0.54863793
vn 0.22302592 -0.76018143 -0.61023247
vn 0.04667486 -0.74486417 -0.66558164
vn 0.28685638 -0.83417267 -0.47103012
vn 0.15800570 -0.84698296 -0.50759643
vn 0.02967844 -0.77673578 -0.62912703
vn 0.19647135 -0.88859773 -0.41447940
vn 0.13628691 -0.86811280 -0.47729030
vn 0.16978569 -0.90287805 -0.39494824
vn 0.32302073 -0.89131451 -0.31814480
vn 0.21317862 -0.92595488 -0.31170887
vn 0.17932415 -0.93421656 -0.30835411
vn 0.20362313 -0.97743475 -0.05620389
vn 0.16724436 -0.98388767 -0.06320099
vn 0.31179699 -0.94965154 -0.03073452
vn 0.20068401 -0.93835807 0.28144294
vn 0.12938060 -0.95547777 0.26518470
vn 0.10779854 -0.95792621 0.26600170
vn 0.04080396 -0.87551594 0.48146325
vn 0.03071181 -0.86955380 0.49288234
vn 0.07667694 -0.87766528 0.47310081
vn -0.05914633 -0.77398050 0.63044107
vn -0.06422617 -0.75363475 0.65414810
vn -0.04502857 -0.80198884 0.59563947
vn 0.13940054 -0.85787797 0.49458358
vn -0.19769031 -0.62145758 0.75809568
vn -0.19604394 -0.59157473 0.78205252
vn -0.20311090 -0.67530799 0.70901704
vn -0.38238528 -0.43211755 0.81673491
vn -0.37332985 -0.40657952 0.83385724
vn 0.31507909 -0.89344996 0.32011297
vn 0.31179699 -0.94965154 -0.03073452
vn 0.47101668 -0.88205618 0.01096201
vn -0.02496323 -0.80043125 0.59890461
vn 0.21315213 -0.81786573 0.53447336
vn 0.43083000 -0.82764739 0.35970181
vn 0.62227339 -0.78124368 0.04933695
vn -0.40925255 -0.48182580 0.77482665
vn -0.66328335 -0.21487769 0.71685618
vn -0.64987081 -0.21377206 0.72936237
vn -0.68975794 -0.21246146 0.69216627
vn -0.72124267 -0.16761756 0.67209625
vn -0.95399660 0.04735133 0.29605472
vn -0.95566243 -0.05489070 0.28930327
vn -0.94931662 -0.09190834 0.30058429
vn -0.45423841 -0.47943217 0.75087434
vn -0.74970692 -0.08009794 0.65690482
vn -0.93699270 -0.07056405 -0.34214818
vn -0.96101326 -0.12138864 -0.24843168
vn -0.93955529 0.12246222 -0.31974819
vn -0.21930039 -0.68625635 0.69351244
vn -0.50753367 -0.41010284 0.75777656
vn -0.78277832 -0.06305497 0.61909795
vn 0.00062602 -0.76865584 0.63966233
vn -0.55636197 -0.39234421 0.73248035
vn -0.24203907 -0.64562428 0.72428334
vn -0.25284645 -0.64416456 0.72188687
vn 0.03700376 -0.75628000 0.65320086
vn 0.28163376 -0.78415966 0.55297029
vn 0.51288348 -0.77158606 0.37630516
vn 0.70919156 -0.70220011 0.06294738
vn 0.67726451 -0.66510874 -0.31455240
vn 0.47101668 -0.88205618 0.01096201
vn 0.49972495 -0.80506408 -0.31960416
vn 0.31179699 -0.94965154 -0.03073452
vn 0.43967217 -0.71111524 -0.54863793
vn 0.28685638 -0.83417267 -0.47103012
vn 0.86415857 -0.50321847 -0.00105046
vn 0.88351572 -0.37903523 -0.27519491
vn 0.84004408 -0.54215473 -0.01985580
vn 0.90683824 -0.33474639 -0.25610399
vn 0.88636303 -0.46279034 -0.01362875
vn 0.91824412 -0.29614046 -0.26292321
vn 0.81623071 -0.12282869 -0.56451803
vn 0.81767857 -0.09676053 -0.56748492
vn 0.80018646 -0.16580957 -0.57637554
vn 0.77018023 -0.22173010 -0.59804535
vn 0.84703708 -0.43264228 -0.30878600
vn 0.84004408 -0.54215473 -0.01985580
vn 0.69967073 -0.69334763 0.17242375
vn 0.73143047 -0.66504371 0.15075241
vn 0.88636303 -0.46279034 -0.01362875
vn 0.78300613 -0.61027783 0.12025958
vn 0.42950553 -0.85028607 0.30420172
vn 0.48801926 -0.85246897 0.18744044
vn 0.65889418 -0.75008148 0.05688844
vn 0.80576009 -0.58928668 -0.05909277
vn 0.69967073 -0.69334763 0.17242375
vn 0.67292821 -0.72299248 0.15636340
vn 0.42950553 -0.85028607 0.30420172
vn 0.80330825 -0.48548996 -0.34495705
vn 0.76220083 -0.63806164 -0.10921163
vn 0.73292297 -0.27716669 -0.62129098
vn 0.41699082 -0.84141248 0.34372035
vn 0.63763487 -0.76335502 0.10349374
vn 0.06237638 -0.88818425 0.45523387
vn 0.06364946 -0.93264365 0.35514021
vn 0.76317042 -0.52662325 -0.37448493
vn 0.69837916 -0.32097453 -0.63972026
vn 0.72033268 -0.67599678 -0.15540001
vn 0.50043428 -0.03584697 -0.86503208
vn 0.47225386 -0.07423659 -0.87833095
vn 0.53064865 0.01302898 -0.84749174
vn 0.55415761 0.06117113 -0.83016109
vn 0.56492156 0.08896189 -0.82033497
vn 0.81767857 -0.09676053 -0.56748492
vn 0.56669223 0.08458801 -0.81957603
vn 0.22864436 0.21036233 -0.95051008
vn 0.24881326 0.17413835 -0.95276850
vn 0.20953728 0.20580886 -0.95589584
vn 0.18193641 0.17876406 -0.96692425
vn 0.15219077 0.15042283 -0.97683722
vn -0.10824918 0.20342103 -0.97308892
vn -0.06349478 0.13220273 -0.98918694
vn -0.14435910 0.22681490 -0.96317989
vn -0.43412039 0.09581434 -0.89574498
vn -0.33972478 0.03494620 -0.93987542
vn -0.46578634 0.15202303 -0.87174082
vn -0.17925577 0.23202220 -0.95605075
vn -0.46578634 0.15202303 -0.87174082
vn -0.49476942 0.19152546 -0.84765631
vn -0.20959885 0.23353051 -0.94949031
vn -0.51937282 0.22108868 -0.82545245
vn -0.53740698 0.23961195 -0.80856657
vn -0.23220927 0.23366421 -0.94418216
vn -0.54962343 0.25084254 -0.79686391
vn 0.12702277 0.12872522 -0.98351157
vn -0.24764010 0.23394974 -0.94018185
vn -0.55672175 0.25694421 -0.78996241
vn 0.10913619 0.11515170 -0.98733449
vn -0.25672147 0.23432289 -0.93764967
vn -0.56925398 0.25808161 -0.78060472
vn 0.45173937 -0.09907576 -0.88663161
vn 0.09846142 0.10794055 -0.98926950
vn -0.21199852 0.22373648 -0.95131415
vn 0.09880020 0.10369033 -0.98969024
vn 0.43949908 -0.11271443 -0.89114308
vn 0.43515465 -0.11704359 -0.89271563
vn 0.67338973 -0.34944433 -0.65148669
vn 0.65863335 -0.36513519 -0.65793502
vn 0.65359902 -0.37018806 -0.66012818
vn 0.73423022 -0.55286694 -0.39401031
vn 0.71720678 -0.56712139 -0.40495417
vn 0.71150208 -0.57165623 -0.40862456
vn 0.68960804 -0.69945568 -0.18762346
vn 0.67142278 -0.71181649 -0.20617658
vn 0.66538244 -0.71565157 -0.21238887
vn 0.60017067 -0.79892355 0.03894049
vn 0.55430794 -0.83140546 -0.03882939
vn 0.54856306 -0.83469266 -0.04864957
vn 0.57155877 -0.82050222 -0.00982924
vn 0.40056172 -0.86515617 0.30175340
vn 0.34806019 -0.93049544 0.11415944
vn 0.34421369 -0.93356752 0.09984282
vn 0.35950994 -0.92014652 0.15518710
vn 0.37803787 -0.89891875 0.22143270
vn 0.06336794 -0.89948231 0.43233800
vn 0.05426985 -0.97165644 0.23008388
vn 0.05387372 -0.97545850 0.21349090
vn 0.05931795 -0.93471640 0.35040915
vn 0.05588486 -0.95917755 0.27722800
vn -0.29670802 -0.84617186 0.44267100
vn -0.28499109 -0.91918862 0.27179483
vn -0.28348634 -0.92391115 0.25695080
vn -0.29477251 -0.87780231 0.37758747
vn -0.28970927 -0.90406609 0.31421810
vn -0.62201738 -0.75270957 0.21569130
vn -0.50574911 -0.82870740 0.23971210
vn -0.62659806 -0.73985749 0.24491988
vn -0.87939006 -0.47356933 0.04904241
vn -0.85384732 -0.51560384 0.07139646
vn -0.88111240 -0.46887180 0.06164596
vn -0.88250232 -0.46420109 0.07554518
vn -0.63144338 -0.72068959 0.28615707
vn -0.87906259 -0.47085521 0.07446072
vn -0.63080961 -0.70627141 0.32134095
vn -0.85636705 -0.51623863 0.01153850
vn -0.61343831 -0.73405790 0.29129457
vn -0.79552287 -0.58899397 -0.14223036
vn -0.29218975 -0.84791160 0.44234729
vn -0.57073486 -0.81044823 0.13204330
vn -0.71148521 -0.59708607 -0.37050924
vn -0.27526078 -0.91167629 0.30508676
vn -0.50615180 -0.83889264 -0.20017391
vn -0.65009749 -0.46270809 -0.60272264
vn -0.40038669 -0.68485624 -0.60882062
vn -0.20646392 -0.97786778 -0.03387167
vn -0.05046974 -0.86794394 -0.49409124
vn 0.13364841 -0.98420274 0.11611642
vn 0.30379507 -0.92720687 -0.21907975
vn 0.48801926 -0.85246897 0.18744044
vn 0.65889418 -0.75008148 0.05688844
vn -0.96933633 -0.17076981 -0.17670548
vn -0.87939006 -0.47356933 0.04904241
vn -0.85384732 -0.51560384 0.07139646
vn -0.96851784 -0.17401202 -0.17802542
vn -0.88111240 -0.46887180 0.06164596
vn -0.96561110 -0.18184321 -0.18581772
vn -0.88250232 -0.46420109 0.07554518
vn -0.95655763 -0.20108455 -0.21109828
vn -0.87906259 -0.47085521 0.07446072
vn -0.92892766 -0.24425019 -0.27827200
vn -0.85636705 -0.51623863 0.01153850
vn -0.87275118 -0.29979083 -0.38526726
vn -0.79552287 -0.58899397 -0.14223036
vn -0.80549258 -0.32152224 -0.49780035
vn -0.71148521 -0.59708607 -0.37050924
vn -0.76107943 -0.35712135 -0.54150015
vn -0.65009749 -0.46270809 -0.60272264
vn -0.77611512 -0.13715300 -0.61549520
vn -0.79106843 -0.12451116 -0.59892213
vn -0.67071426 -0.04478577 -0.74036252
vn -0.82828951 -0.09007423 -0.55301273
vn -0.68596143 -0.01783723 -0.72741926
vn -0.33972478 0.03494620 -0.93987542
vn -0.43412039 0.09581434 -0.89574498
vn -0.70123702 0.04285584 -0.71163899
vn -0.46578634 0.15202303 -0.87174082
vn -0.86728030 -0.03836484 -0.49633968
vn -0.72590351 0.09800794 -0.68077797
vn -0.49476942 0.19152546 -0.84765631
vn -0.89339405 0.00436472 -0.44925278
vn -0.74731457 0.14088106 -0.64936388
vn -0.51937282 0.22108868 -0.82545245
vn -0.90676367 0.03033198 -0.42054689
vn -0.76211190 0.16802998 -0.62526101
vn -0.53740698 0.23961195 -0.80856657
vn -0.91360080 0.04504914 -0.40410906
vn -0.77157629 0.18417591 -0.60889190
vn -0.54962343 0.25084254 -0.79686391
vn -0.91677684 0.05260810 -0.39591995
vn -0.96961325 -0.14538528 -0.19675672
vn -0.91542208 0.05909643 -0.39813319
vn -0.77676117 0.19270930 -0.59958750
vn -0.55672175 0.25694421 -0.78996241
vn -0.81182224 0.17521659 -0.55699533
vn -0.56925398 0.25808161 -0.78060472
vn -0.85494041 -0.24136353 -0.45915198
vn -0.62773901 -0.55787146 -0.54288411
vn -0.90032965 -0.40141669 -0.16814038
vn -0.90895391 -0.17754634 -0.37720028
vn -0.87855917 -0.03899880 -0.47603869
vn -0.99457097 -0.10264512 0.01710490
vn -0.88569492 -0.02926173 -0.46334466
vn -0.82225513 -0.15500356 -0.54760420
vn -0.97340477 -0.01985614 -0.22822990
vn -0.99659884 0.04793705 0.06702855
vn -0.81327653 -0.09474675 -0.57411182
vn -0.65009749 -0.46270809 -0.60272264
vn -0.60395128 -0.30365863 -0.73690867
vn -0.90271121 0.01146957 -0.43009406
vn -0.98351407 0.06973626 -0.16684388
vn -0.99458981 0.07594824 0.07087313
vn -0.78227204 -0.07209154 -0.61875135
vn -0.56894386 -0.23333593 -0.78857923
vn -0.91128814 0.02843159 -0.41078660
vn -0.98558998 0.07220889 -0.15296483
vn -0.99780625 0.02632020 0.06074502
vn -0.77149749 -0.08535715 -0.63048065
vn -0.56768358 -0.23773649 -0.78817308
vn -0.91457391 -0.01273576 -0.40421829
vn -0.98767501 0.01050457 -0.15616558
vn -0.99768555 -0.04529020 0.05071859
vn -0.76764929 -0.15659158 -0.62144482
vn -0.57636380 -0.31318626 -0.75479746
vn -0.57890546 -0.42751652 -0.69433284
vn -0.75835514 -0.26815468 -0.59413016
vn -0.56970882 -0.53307617 -0.62550908
vn -0.91140145 -0.10183479 -0.39871937
vn -0.98460108 -0.07138918 -0.15957566
vn -0.99343264 -0.10538310 0.04456452
vn -0.73857927 -0.38122219 -0.55603093
vn -0.89920759 -0.20347051 -0.38733125
vn -0.97733736 -0.13898452 -0.15967147
vn -0.99104208 -0.12801592 0.03804652
vn -0.88333249 -0.28246072 -0.37408501
vn -0.98462868 -0.14083977 -0.10329814
vn -0.73857927 -0.38122219 -0.55603093
vn -0.87519425 -0.31228918 -0.36947331
vn -0.71609485 -0.46360683 -0.52180159
vn -0.55575109 -0.60449266 -0.57072705
vn -0.70222509 -0.49692449 -0.50984907
vn -0.56095028 -0.61977047 -0.54883456
vn -0.72124267 -0.16761756 0.67209625
vn -0.68975794 -0.21246146 0.69216627
vn -0.93314016 0.16477543 0.31952864
vn -0.93955529 0.12246222 -0.31974819
vn -0.91031069 0.32652375 -0.25439483
vn -0.74970692 -0.08009794 0.65690482
vn -0.90837544 0.25208744 0.33362544
vn -0.87941855 0.43780372 -0.18695168
vn -0.90312505 0.39921165 -0.15809880
vn -0.91661930 0.22755419 0.32867643
vn -0.96879631 0.13533401 -0.20764986
vn -0.78277832 -0.06305497 0.61909795
vn -0.39781502 0.49874392 -0.77006346
vn -0.67875558 0.51548272 -0.52303779
vn -0.69975239 0.32813069 -0.63456827
vn -0.37655056 0.70077777 -0.60590452
vn -0.65674669 0.66401446 -0.35744730
vn -0.35586444 0.85100228 -0.38620681
vn 0.00000053 0.76980531 -0.63827872
vn 0.00000031 0.91738707 -0.39799613
vn 0.00000016 0.56464285 -0.82533538
vn -0.40330613 0.22704807 -0.88644987
vn -0.00000013 0.27312523 -0.96197850
vn -0.70601428 0.09907230 -0.70123357
vn -0.69975239 0.32813069 -0.63456827
vn -0.89286166 0.08941161 -0.44136557
vn -0.88374197 -0.08420397 -0.46033666
vn -0.88946426 0.23364200 -0.39276546
vn -0.65674669 0.66401446 -0.35744730
vn -0.66389388 -0.19110781 -0.72299570
vn -0.36045173 -0.13911711 -0.92234534
vn -0.83782130 -0.30312753 -0.45405856
vn -0.94605368 -0.28082427 -0.16161746
vn -0.96635431 -0.18801084 -0.17553173
vn -0.88930404 -0.42916682 -0.15796898
vn -0.83197719 -0.51619792 0.20335595
vn -0.87536657 -0.43910772 0.20228161
vn -0.60953283 -0.56865960 0.55235499
vn -0.65248066 -0.52658361 0.54495746
vn -0.74322867 -0.64942902 -0.16078900
vn -0.83197719 -0.51619792 0.20335595
vn -0.70649981 -0.57325423 -0.41501522
vn -0.88556379 -0.44072333 0.14676440
vn -0.97155899 -0.12693141 -0.19990379
vn -0.69128698 -0.70569706 0.15528676
vn -0.60953283 -0.56865960 0.55235499
vn -0.46935800 -0.75517267 0.45762143
vn -0.45521110 -0.87434250 -0.16824983
vn -0.39892182 -0.91572618 0.04803134
vn -0.22735456 -0.94129670 0.24954055
vn -0.45521110 -0.87434250 -0.16824983
vn -0.44739053 -0.82761502 -0.33896190
vn -0.54604644 -0.51359022 -0.66185987
vn -0.35566124 -0.78687984 -0.50430661
vn -0.26525024 -0.50914651 -0.81878704
vn -0.16369854 -0.78647250 -0.59553659
vn -0.00000000 -0.13022374 -0.99148464
vn -0.00000062 -0.52294344 -0.85236740
vn -0.00000280 -0.79476005 -0.60692382
vn -0.00000280 -0.79476005 -0.60692382
vn 0.16370367 -0.78647494 -0.59553200
vn 0.26525357 -0.50914776 -0.81878519
vn -0.00000000 -0.13022374 -0.99148464
vn 0.35566306 -0.78688014 -0.50430501
vn 0.36045200 -0.13911963 -0.92234486
vn 0.54604918 -0.51359159 -0.66185653
vn 0.44738489 -0.82761508 -0.33896917
vn 0.40330538 0.22704783 -0.88645029
vn 0.00000016 0.56464285 -0.82533538
vn 0.66389501 -0.19110781 -0.72299469
vn 0.70649755 -0.57325524 -0.41501758
vn 0.45521647 -0.87433946 -0.16825131
vn 0.74322671 -0.64943111 -0.16078989
vn 0.83782125 -0.30312628 -0.45405948
vn 0.88930392 -0.42916670 -0.15796982
vn 0.70601356 0.09907099 -0.70123452
vn 0.39781478 0.49874431 -0.77006328
vn 0.69975126 0.32813182 -0.63456893
vn 0.88374114 -0.08420374 -0.46033826
vn 0.94605380 -0.28082353 -0.16161782
vn 0.83197665 -0.51619691 0.20336099
vn 0.89286149 0.08941096 -0.44136617
vn 0.67875439 0.51548290 -0.52303904
vn 0.96635425 -0.18801148 -0.17553109
vn 0.87536615 -0.43910775 0.20228326
vn 0.88946342 0.23364565 -0.39276531
vn 0.88556373 -0.44072345 0.14676441
vn 0.97155923 -0.12692963 -0.19990399
vn 0.65248555 -0.52657968 0.54495543
vn 0.60953528 -0.56865412 0.55235785
vn 0.66295743 -0.60267514 0.44415107
vn 0.87851280 -0.47645348 0.03474657
vn 0.65237367 -0.71533221 0.25041643
vn 0.69128639 -0.70569772 0.15528654
vn 0.46935987 -0.75517029 0.45762333
vn 0.85615373 -0.50336683 -0.11671592
vn 0.61930174 -0.78506941 0.01146400
vn 0.96994138 -0.07809366 -0.23046720
vn 0.88266677 0.35306317 -0.31023496
vn 0.74322671 -0.64943111 -0.16078989
vn 0.88930392 -0.42916670 -0.15796982
vn 0.45521647 -0.87433946 -0.16825131
vn 0.39892629 -0.91572416 0.04803193
vn 0.22734800 -0.94129723 0.24954443
vn 0.65674520 0.66401529 -0.35744864
vn 0.96809530 -0.03057455 -0.24870995
vn 0.87552738 0.44135553 -0.19661404
vn 0.63474983 0.75760996 -0.15205225
vn 0.82778233 -0.49677104 -0.26075852
vn 0.33675939 0.93276441 -0.12862226
vn 0.35586476 0.85100108 -0.38620907
vn -0.00000101 0.99247795 -0.12242363
vn 0.00000031 0.91738707 -0.39799613
vn 0.31641757 0.93998891 0.12767459
vn -0.00000141 0.98918033 0.14670481
vn 0.60861528 0.79083562 0.06454794
vn 0.86483800 0.49850881 -0.05953270
vn 0.57916707 0.76679718 0.27674451
vn 0.97060978 0.02318548 -0.23953922
vn 0.85035461 0.51721543 0.09687749
vn 0.80802566 -0.45692667 -0.37190402
vn 0.97731233 0.07136497 -0.19941831
vn 0.57678902 -0.79107368 -0.20375700
vn 0.55195218 0.68614531 0.47387069
vn 0.83457601 0.48341125 0.26419011
vn 0.79713339 -0.39424020 -0.45733252
vn 0.54040813 -0.75152057 -0.37838602
vn 0.98655725 0.09686295 -0.13161431
vn 0.32968211 -0.93295342 0.14459462
vn 0.30201644 -0.94915926 -0.08878481
vn 0.35015705 -0.83939910 0.41569117
vn 0.65237367 -0.71533221 0.25041643
vn 0.35114682 -0.67702758 0.64678401
vn 0.66295743 -0.60267514 0.44415107
vn 0.33157265 -0.57895398 0.74489725
vn 0.65248555 -0.52657968 0.54495543
vn 0.28322443 -0.64463884 0.71008784
vn 0.60953528 -0.56865412 0.55235785
vn 0.46935987 -0.75517029 0.45762333
vn -0.00000147 -0.69526851 0.71875012
vn 0.00000000 -0.60806763 0.79388523
vn 0.00000034 -0.69803375 0.71606487
vn 0.00000076 -0.87619871 0.48195001
vn 0.00000430 -0.97797817 0.20870733
vn -0.00000070 -0.99979699 -0.02014912
vn 0.17898068 -0.81909156 0.54502749
vn -0.00000147 -0.69526851 0.71875012
vn -0.00000013 -0.85530281 0.51812851
vn 0.22734800 -0.94129723 0.24954443
vn 0.27538273 -0.91625267 -0.29093888
vn -0.00000658 -0.97377914 -0.22749537
vn 0.04704464 -0.95766467 0.28401622
vn 0.00000155 -0.96593833 0.25877228
vn 0.51148576 -0.67134058 -0.53636205
vn 0.25295874 -0.83016890 -0.49682131
vn -0.00000490 -0.89161891 -0.45278659
vn -0.03113605 -0.99513000 0.09352476
vn 0.00002110 -0.99658626 0.08255830
vn 0.02848912 -0.99690747 0.07323805
vn -0.00000262 -0.99921620 0.03958472
vn 0.00003897 -0.99942863 0.03380024
vn -0.00003240 -0.99975407 0.02217690
vn -0.00001243 -0.99856168 -0.05361528
vn 0.12086253 -0.99203312 -0.03553202
vn -0.00000605 -0.98700178 -0.16070940
vn 0.16699933 -0.97188884 -0.16596174
vn -0.00000842 -0.97446072 -0.22455798
vn 0.17315693 -0.95045841 -0.25815779
vn 0.44738489 -0.82761508 -0.33896917
vn 0.00000112 -0.97773921 -0.20982382
vn 0.16347916 -0.93600047 -0.31173331
vn 0.35566306 -0.78688014 -0.50430501
vn 0.00000565 -0.98069918 -0.19552261
vn 0.10321201 -0.93827087 -0.33014396
vn 0.00000000 -0.97858477 -0.20584434
vn 0.16370367 -0.78647494 -0.59553200
vn -0.00000242 -0.94320059 -0.33222374
vn -0.00000280 -0.79476005 -0.60692382
vn -0.16369854 -0.78647250 -0.59553659
vn -0.00000242 -0.94320059 -0.33222374
vn -0.10320418 -0.93826842 -0.33015338
vn 0.00000000 -0.97858477 -0.20584434
vn -0.35566124 -0.78687984 -0.50430661
vn 0.00000565 -0.98069918 -0.19552261
vn -0.16347638 -0.93600237 -0.31172919
vn -0.44739053 -0.82761502 -0.33896190
vn 0.00000112 -0.97773921 -0.20982382
vn -0.17316559 -0.95046258 -0.25813675
vn -0.45521110 -0.87434250 -0.16824983
vn -0.00000842 -0.97446072 -0.22455798
vn -0.16699751 -0.97189057 -0.16595329
vn -0.39892182 -0.91572618 0.04803134
vn -0.00000605 -0.98700178 -0.16070940
vn -0.12087161 -0.99203175 -0.03554010
vn -0.00001243 -0.99856168 -0.05361528
vn -0.22735456 -0.94129670 0.24954055
vn -0.02852342 -0.99690753 0.07322443
vn -0.00003240 -0.99975407 0.02217690
vn 0.03112134 -0.99513102 0.09351890
vn -0.00000262 -0.99921620 0.03958472
vn -0.04705033 -0.95766455 0.28401566
vn 0.00002110 -0.99658626 0.08255830
vn 0.00003897 -0.99942863 0.03380024
vn 0.00000155 -0.96593833 0.25877228
vn -0.00000013 -0.85530281 0.51812851
vn -0.17898096 -0.81909484 0.54502243
vn -0.00000147 -0.69526851 0.71875012
vn -0.46935800 -0.75517267 0.45762143
vn -0.28322247 -0.64464176 0.71008599
vn -0.60953283 -0.56865960 0.55235499
vn -0.33156621 -0.57896137 0.74489439
vn -0.00000147 -0.69526851 0.71875012
vn 0.00000000 -0.60806763 0.79388523
vn -0.66295809 -0.60267150 0.44415501
vn -0.35114312 -0.67702699 0.64678669
vn 0.00000034 -0.69803375 0.71606487
vn -0.65237290 -0.71533448 0.25041199
vn -0.35015908 -0.83940142 0.41568485
vn 0.00000076 -0.87619871 0.48195001
vn -0.61930454 -0.78506714 0.01146431
vn -0.32967764 -0.93295479 0.14459619
vn 0.00000430 -0.97797817 0.20870733
vn -0.30202010 -0.94916004 -0.08876415
vn -0.00000070 -0.99979699 -0.02014912
vn -0.57679057 -0.79107487 -0.20374791
vn -0.27538612 -0.91625446 -0.29092991
vn -0.00000658 -0.97377914 -0.22749537
vn -0.54040539 -0.75152439 -0.37838233
vn -0.25296021 -0.83016431 -0.49682832
vn -0.00000490 -0.89161891 -0.45278659
vn -0.51148313 -0.67134058 -0.53636450
vn -0.23611481 -0.66237634 -0.71099043
vn -0.00000151 -0.71439725 -0.69974035
vn -0.49002981 -0.53807485 -0.68581796
vn -0.22197457 -0.43109873 -0.87457484
vn 0.00000027 -0.45656124 -0.88969201
vn -0.47349054 -0.36733457 -0.80054486
vn -0.21396753 -0.21080942 -0.95382249
vn 0.00000017 -0.21188332 -0.97729498
vn -0.46594074 -0.20212482 -0.86142021
vn -0.21357583 -0.04221710 -0.97601390
vn -0.00000024 -0.02679024 -0.99964106
vn -0.46814460 -0.07088839 -0.88080388
vn -0.22019398 0.08167098 -0.97203112
vn -0.00000034 0.11070148 -0.99385369
vn -0.47829026 0.02685305 -0.87779117
vn -0.23536195 0.20649491 -0.94971818
vn -0.00000043 0.25244585 -0.96761101
vn -0.49802455 0.12293102 -0.85840523
vn -0.26164714 0.37564287 -0.88906312
vn -0.00000040 0.44498938 -0.89553589
vn -0.53021044 0.24978207 -0.81023812
vn -0.29787639 0.58345741 -0.75554425
vn -0.00000000 0.67482328 -0.73797935
vn -0.33140889 0.76922762 -0.54631221
vn 0.00000174 0.86350167 -0.50434601
vn -0.61999547 0.56141049 -0.54810941
vn -0.57510316 0.40750802 -0.70936143
vn -0.81688958 0.05271498 -0.57438016
vn -0.83324575 0.13152462 -0.53703153
vn -0.85500485 0.22343069 -0.46802294
vn -0.87642050 0.31070447 -0.36789927
vn -0.80600494 -0.00947534 -0.59183300
vn -0.89044559 0.37361377 -0.25984511
vn -0.64943349 0.66529673 -0.36826125
vn -0.79966301 -0.06824661 -0.59655809
vn -0.79533136 -0.13831392 -0.59018415
vn -0.79314154 -0.22183909 -0.56719828
vn -0.79368275 -0.31156614 -0.52248859
vn -0.79713327 -0.39424002 -0.45733294
vn -0.80802572 -0.45692751 -0.37190291
vn -0.82778233 -0.49677175 -0.26075694
vn -0.85615402 -0.50336629 -0.11671644
vn -0.65237290 -0.71533448 0.25041199
vn -0.87851143 -0.47645602 0.03474722
vn -0.66295809 -0.60267150 0.44415501
vn -0.96994126 -0.07809278 -0.23046790
vn -0.96809506 -0.03057801 -0.24871054
vn -0.97060996 0.02318595 -0.23953861
vn -0.97731239 0.07136473 -0.19941823
vn -0.88266611 0.35306519 -0.31023458
vn -0.87552857 0.44135296 -0.19661453
vn -0.86483723 0.49850994 -0.05953443
vn -0.63474900 0.75761050 -0.15205292
vn -0.98655736 0.09686204 -0.13161407
vn -0.85035396 0.51721644 0.09687771
vn -0.60861421 0.79083657 0.06454632
vn -0.57916576 0.76679826 0.27674446
vn -0.31641722 0.93998927 0.12767296
vn -0.33676004 0.93276405 -0.12862332
vn -0.35586444 0.85100228 -0.38620681
vn -0.00000141 0.98918033 0.14670481
vn -0.83457601 0.48341107 0.26419047
vn -0.55195236 0.68614531 0.47387055
vn -0.82273442 0.39341819 0.41028070
vn -0.53532958 0.55671948 0.63520515
vn -0.99420130 0.08683365 -0.06343255
vn -0.99835396 0.05420466 -0.01874128
vn -0.81979775 0.27109638 0.50441897
vn -0.99979639 0.02014266 -0.00124862
vn -0.26823452 0.63433272 0.72503257
vn -0.27759120 0.77795190 0.56367898
vn -0.53469270 0.40127686 0.74369389
vn -0.82512629 0.14766063 0.54530990
vn -0.99999851 -0.00166526 0.00047521
vn -0.26968753 0.47063854 0.84009999
vn -0.54551458 0.24051952 0.80284756
vn -0.83310902 0.04095622 0.55159044
vn -0.99993533 -0.01132746 0.00101466
vn -0.27817023 0.29638973 0.91365993
vn -0.55812991 0.08465572 0.82542384
vn -0.83889627 -0.05364039 0.54164177
vn -0.99988246 -0.01456791 0.00479061
vn -0.28690708 0.11464170 0.95107394
vn -0.56527257 -0.06762104 0.82212794
vn -0.84193677 -0.14669530 0.51925230
vn -0.99979818 -0.01606160 0.01206886
vn -0.29057074 -0.07162552 0.95416898
vn -0.56605911 -0.21920943 0.79468507
vn -0.84452975 -0.24004097 0.47869593
vn -0.99965882 -0.01861673 0.01832336
vn -0.84924543 -0.32707050 0.41449621
vn -0.99963814 -0.01986653 0.01813663
vn -0.56756282 -0.50414205 0.65093255
vn -0.56488806 -0.36748669 0.73882008
vn -0.28240868 -0.58513629 0.76017159
vn -0.28406602 -0.42910135 0.85742551
vn 0.00000076 -0.60935593 0.79289687
vn -0.28844640 -0.25547925 0.92278332
vn 0.00000011 -0.44856727 0.89374912
vn -0.00000013 -0.26734290 0.96360147
vn -0.00000052 -0.07244657 0.99737227
vn -0.00000082 0.12594782 0.99203688
vn -0.00000037 0.31656992 0.94856918
vn 0.00000000 0.49468678 0.86907136
vn 0.00000036 0.66005927 0.75121355
vn 0.28844646 -0.25547948 0.92278320
vn 0.29057121 -0.07162514 0.95416886
vn 0.28690699 0.11464299 0.95107383
vn 0.27816984 0.29639161 0.91365945
vn 0.26968789 0.47063777 0.84010035
vn 0.26823500 0.63433325 0.72503197
vn 0.28406531 -0.42910281 0.85742503
vn 0.56527334 -0.06762139 0.82212740
vn 0.55813003 0.08465465 0.82542378
vn 0.54551339 0.24051972 0.80284828
vn 0.53469145 0.40127742 0.74369448
vn 0.53532988 0.55671895 0.63520545
vn 0.56605822 -0.21921024 0.79468542
vn 0.28240824 -0.58513665 0.76017147
vn 0.56488627 -0.36748737 0.73882103
vn 0.56756085 -0.50414360 0.65093309
vn 0.84452909 -0.24004114 0.47869706
vn 0.84924591 -0.32707107 0.41449475
vn 0.84193796 -0.14669424 0.51925063
vn 0.83889574 -0.05364112 0.54164249
vn 0.99979830 -0.01605914 0.01206510
vn 0.99965882 -0.01861670 0.01832234
vn 0.99988246 -0.01456790 0.00479025
vn 0.85500550 0.22343062 -0.46802169
vn 0.87642068 0.31070355 -0.36789960
vn 0.83310944 0.04095487 0.55158985
vn 0.99993533 -0.01132760 0.00101585
vn 0.83324820 0.13152477 -0.53702772
vn 0.57510662 0.40750343 -0.70936126
vn 0.61999601 0.56140745 -0.54811198
vn 0.82512546 0.14766099 0.54531109
vn 0.99999851 -0.00166589 0.00047315
vn 0.81688869 0.05271557 -0.57438141
vn 0.53021252 0.24978304 -0.81023645
vn 0.81979644 0.27109903 0.50441962
vn 0.99979639 0.02014127 -0.00124994
vn 0.80600202 -0.00947656 -0.59183699
vn 0.49802202 0.12293672 -0.85840589
vn 0.82273376 0.39341870 0.41028151
vn 0.99835396 0.05420575 -0.01873703
vn 0.79966217 -0.06824767 -0.59655905
vn 0.47828630 0.02684873 -0.87779349
vn 0.99420118 0.08683469 -0.06343275
vn 0.79533446 -0.13831455 -0.59017986
vn 0.46814492 -0.07088592 -0.88080394
vn 0.79314017 -0.22183976 -0.56719995
vn 0.46594012 -0.20212212 -0.86142117
vn 0.47348857 -0.36734051 -0.80054331
vn 0.22019352 0.08166098 -0.97203207
vn 0.21357565 -0.04221097 -0.97601420
vn 0.21396680 -0.21079715 -0.95382535
vn 0.22197379 -0.43110949 -0.87456977
vn 0.23536275 0.20650579 -0.94971561
vn 0.26164564 0.37564307 -0.88906348
vn 0.29787818 0.58344537 -0.75555289
vn 0.61999601 0.56140745 -0.54811198
vn -0.00000024 -0.02679024 -0.99964106
vn -0.00000034 0.11070148 -0.99385369
vn 0.00000017 -0.21188332 -0.97729498
vn -0.00000043 0.25244585 -0.96761101
vn 0.00000027 -0.45656124 -0.88969201
vn -0.00000040 0.44498938 -0.89553589
vn -0.00000151 -0.71439725 -0.69974035
vn -0.00000000 0.67482328 -0.73797935
vn 0.23611639 -0.66238689 -0.71098006
vn 0.33140942 0.76922214 -0.54631966
vn 0.00000174 0.86350167 -0.50434601
vn 0.00000116 0.95775688 -0.28757918
vn 0.49003196 -0.53807706 -0.68581468
vn 0.35188600 0.87453824 -0.33370510
vn -0.00000000 0.98915809 -0.14685446
vn 0.64943385 0.66529620 -0.36826164
vn 0.79368359 -0.31156266 -0.52248925
vn 0.27759069 0.77795261 0.56367821
vn 0.36460018 0.91319805 -0.18203297
vn 0.00000033 0.99814302 -0.06091368
vn 0.37441081 0.92350227 -0.08342693
vn -0.00000013 0.99998337 0.00577030
vn 0.38166249 0.92426264 -0.00850114
vn 0.66642493 0.71213603 -0.22077164
vn 0.67772019 0.72649258 -0.11359529
vn 0.68554121 0.72732496 -0.03211833
vn 0.89864111 0.40622562 -0.16560458
vn 0.90374780 0.41817683 -0.09147689
vn 0.90706944 0.41962150 -0.03380560
vn 0.99969751 -0.01978198 0.01461322
vn 0.99977458 -0.01918674 0.00909737
vn 0.99982715 -0.01852812 0.00157794
vn 0.86640739 -0.43905360 0.23784481
vn 0.87462503 -0.46236813 0.14576271
vn 0.88036281 -0.47077110 0.05775742
vn 0.59160733 -0.70089453 0.39843148
vn 0.60611480 -0.75424081 0.25247899
vn 0.61680627 -0.78005880 0.10515881
vn 0.29556701 -0.82418001 0.48308122
vn 0.30570835 -0.89934391 0.31260672
vn 0.00000000 -0.86040467 0.50961149
vn 0.31352347 -0.94019288 0.13319308
vn -0.00000037 -0.94325578 0.33206716
vn -0.00000036 -0.98980266 0.14244550
vn -0.31352308 -0.94019288 0.13319393
vn -0.30570912 -0.89934391 0.31260598
vn -0.61680645 -0.78005844 0.10516004
vn -0.60611463 -0.75424129 0.25247791
vn -0.88036281 -0.47077101 0.05775789
vn -0.29556847 -0.82417983 0.48308066
vn -0.59160781 -0.70089424 0.39843136
vn -0.87462509 -0.46236834 0.14576194
vn -0.99982715 -0.01852806 0.00157777
vn -0.86640644 -0.43905482 0.23784618
vn -0.99977446 -0.01918943 0.00909758
vn -0.90707022 0.41961977 -0.03380547
vn -0.99969757 -0.01978073 0.01461266
vn -0.90374839 0.41817585 -0.09147558
vn -0.68553984 0.72732627 -0.03211837
vn -0.89864057 0.40622684 -0.16560459
vn -0.67772162 0.72649187 -0.11359107
vn -0.38166076 0.92426342 -0.00850109
vn -0.66642493 0.71213549 -0.22077337
vn -0.37441081 0.92350256 -0.08342406
vn -0.00000013 0.99998337 0.00577030
vn 0.00000033 0.99814302 -0.06091368
vn -0.36460224 0.91319549 -0.18204167
vn -0.00000000 0.98915809 -0.14685446
vn -0.35188341 0.87453908 -0.33370563
vn 0.00000116 0.95775688 -0.28757918
vn -0.61999547 0.56141049 -0.54810941
vn -0.33140889 0.76922762 -0.54631221
vn -0.89864057 0.40622684 -0.16560459
vn -0.66642493 0.71213549 -0.22077337
vn -0.99969757 -0.01978073 0.01461266
vn -0.85719657 -0.39516851 0.33023608
vn -0.86640644 -0.43905482 0.23784618
vn -0.84924543 -0.32707050 0.41449621
vn -0.99965882 -0.01861673 0.01832336
vn -0.56756282 -0.50414205 0.65093255
vn -0.57717860 -0.61750865 0.53436691
vn -0.59160781 -0.70089424 0.39843136
vn -0.29556847 -0.82417983 0.48308066
vn -0.28657451 -0.71811998 0.63417560
vn -0.28240868 -0.58513629 0.76017159
vn 0.00000066 -0.74732834 0.66445500
vn 0.28240824 -0.58513665 0.76017147
vn 0.28657365 -0.71811980 0.63417619
vn 0.29556701 -0.82418001 0.48308122
vn 0.56756085 -0.50414360 0.65093309
vn 0.57717764 -0.61750901 0.53436750
vn 0.59160733 -0.70089453 0.39843148
vn 0.86640739 -0.43905360 0.23784481
vn 0.85719651 -0.39516860 0.33023608
vn 0.84924591 -0.32707107 0.41449475
vn 0.99969751 -0.01978198 0.01461322
vn 0.99963814 -0.01986679 0.01813617
vn 0.99965882 -0.01861670 0.01832234
vn 0.87642068 0.31070355 -0.36789960
vn 0.89044577 0.37361282 -0.25984564
vn 0.61999601 0.56140745 -0.54811198
vn 0.89864111 0.40622562 -0.16560458
vn 0.66642493 0.71213603 -0.22077164
vn -0.31641722 0.93998927 0.12767296
vn -0.60861421 0.79083657 0.06454632
vn -0.29536486 0.88436389 0.36146945
vn -0.55195236 0.68614531 0.47387055
vn -0.00000082 0.92213976 0.38685694
vn -0.00000049 0.80740303 0.59000033
vn 0.29536474 0.88436365 0.36147010
vn 0.55195218 0.68614531 0.47387069
vn 0.31641757 0.93998891 0.12767459
vn 0.60861528 0.79083562 0.06454794
vn -0.91062438 0.35562071 0.21046886
vn -0.67359072 0.55013174 0.49358952
vn -0.66630620 0.57267433 0.47757745
vn -0.91254520 0.34687120 0.21666032
vn -0.99178636 0.07030126 -0.10685327
vn -0.90902740 0.36265209 0.20531099
vn -0.66205919 0.59203815 0.45953065
vn -0.66630620 0.57267433 0.47757745
vn -0.35138792 0.65888149 0.66513294
vn -0.34378704 0.68785125 0.63927394
vn -0.68168736 0.52400964 0.51060373
vn -0.36057630 0.62720698 0.69035947
vn -0.00000049 0.69130981 0.72255850
vn 0.00000000 0.65912920 0.75202972
vn 0.00000135 0.72172630 0.69217855
vn 0.00000076 0.62154013 0.78338236
vn -0.34034231 0.71537179 0.61025435
vn 0.00000246 0.75226587 0.65885967
vn -0.36865354 0.59022862 0.71813977
vn 0.00000096 0.57713014 0.81665224
vn -0.66220504 0.60855961 0.43719524
vn -0.34250069 0.74215108 0.57611203
vn 0.00000090 0.78392333 0.62085772
vn -0.37431917 0.54692739 0.74883616
vn -0.00000028 0.52942127 0.84835911
vn -0.68830824 0.49308303 0.53207231
vn -0.69242722 0.45664608 0.55858654
vn -0.37772176 0.50056159 0.77895087
vn -0.00000117 0.48330030 0.87545460
vn -0.34958103 0.76784277 0.53685254
vn 0.00000010 0.81581575 0.57831198
vn -0.37913170 0.45579159 0.80530316
vn 0.00000027 0.44344267 0.89630276
vn -0.69425750 0.41703349 0.58659160
vn -0.37861645 0.41736850 0.82610726
vn 0.00000036 0.41112381 0.91157949
vn -0.91631156 0.30157349 0.26348913
vn -0.69410378 0.37822440 0.61250818
vn -0.91628641 0.27750519 0.28880811
vn -0.99092066 0.09571395 -0.09441958
vn -0.37573853 0.38691890 0.84208930
vn 0.00000000 0.38593078 0.92252773
vn -0.69211757 0.34516498 0.63390410
vn -0.91556817 0.25184309 0.31354415
vn -0.36986044 0.36405659 0.85479009
vn 0.00000039 0.37058073 0.92880028
vn -0.99262589 0.09270599 -0.07809873
vn -0.68819433 0.32037079 0.65096164
vn -0.36093664 0.35148212 0.86382008
vn -0.68265986 0.30374503 0.66461605
vn -0.91211194 0.21453075 0.34932563
vn -0.67737520 0.29803845 0.67255932
vn -0.67426097 0.32218790 0.66450512
vn -0.35563311 0.36999825 0.85826945
vn -0.66910195 0.41974029 0.61328679
vn 0.00000259 0.38755399 0.92184699
vn -0.37656036 0.47160676 0.79736400
vn -0.00000083 0.49711123 0.86768681
vn -0.91412753 0.22959007 0.33415458
vn -0.69410378 0.37822440 0.61250818
vn -0.99629754 0.07616110 -0.03988322
vn -0.99580115 0.07822214 -0.04755375
vn -0.99447548 0.08539529 -0.06104232
vn -0.90622413 -0.07758576 -0.41561800
vn -0.90359133 -0.08756646 -0.41935050
vn -0.90746099 -0.06977741 -0.41430137
vn -0.99629754 0.07616110 -0.03988322
vn -0.91010648 0.20766921 0.35858020
vn -0.67737520 0.29803845 0.67255932
vn -0.90109271 -0.10291549 -0.42123669
vn -0.90007317 -0.12289942 -0.41804790
vn -0.98994780 0.09343746 -0.10617339
vn -0.69836307 -0.22461222 -0.67958689
vn -0.69811106 -0.25337690 -0.66965741
vn -0.69981831 -0.28557083 -0.65475464
vn -0.70405585 -0.31874439 -0.63459235
vn -0.90097404 -0.14539312 -0.40878683
vn -0.69849449 -0.20092995 -0.68682796
vn -0.39756918 -0.35601586 -0.84568995
vn -0.69981831 -0.28557083 -0.65475464
vn -0.40078077 -0.39757788 -0.82541305
vn -0.00000000 -0.39644593 -0.91805810
vn -0.39604145 -0.31728777 -0.86167258
vn 0.00000068 -0.35336450 -0.93548572
vn -0.39431107 -0.28307140 -0.87429368
vn 0.00000057 -0.31457737 -0.94923186
vn -0.69611031 -0.18047260 -0.69488138
vn -0.39011520 -0.25226834 -0.88553417
vn -0.00000196 -0.27911630 -0.96025729
vn -0.90671998 -0.05910650 -0.41757065
vn 0.39431119 -0.28307161 -0.87429351
vn 0.00000068 -0.35336450 -0.93548572
vn 0.39604068 -0.31728756 -0.86167306
vn -0.99590880 0.08228466 -0.03734767
vn -0.90936023 0.21260220 0.35758108
vn -0.90700984 0.24876127 0.33978078
vn -0.67426097 0.32218790 0.66450512
vn -0.88142294 0.36667687 0.29772744
vn -0.66910195 0.41974029 0.61328679
vn 0.39011356 -0.25226873 -0.88553482
vn 0.69849402 -0.20093033 -0.68682837
vn 0.69849402 -0.20093033 -0.68682837
vn 0.69611055 -0.18047257 -0.69488108
vn -0.00000239 -0.24389258 -0.96980226
vn 0.38197729 -0.22161016 -0.89720803
vn -0.98613423 0.15629958 -0.05576515
vn -0.95086294 0.29306337 -0.09986782
vn -0.86404306 0.18912622 -0.46654138
vn -0.99388397 0.10264307 -0.04073226
vn -0.89860880 0.05517127 -0.43526816
vn -0.64695370 0.10216096 -0.75565469
vn -0.90506697 -0.04133788 -0.42325521
vn -0.90374410 -0.00899763 -0.42797855
vn -0.69010556 -0.15917061 -0.70598799
vn -0.68142921 -0.13326649 -0.71964872
vn -0.38197955 -0.22160996 -0.89720714
vn -0.66308743 -0.02937765 -0.74796528
vn -0.67207801 -0.09571730 -0.73426789
vn -0.00000239 -0.24389258 -0.96980226
vn -0.36916485 -0.18756416 -0.91024005
vn -0.34608972 0.07535426 -0.93517041
vn -0.33740973 -0.07051080 -0.93871343
vn -0.00000046 0.07289191 -0.99733984
vn -0.00000073 -0.07871358 -0.99689728
vn -0.35181034 -0.14311922 -0.92506564
vn -0.00000189 -0.15564124 -0.98781365
vn -0.00000212 -0.20514898 -0.97873074
vn 0.36916375 -0.18756430 -0.91024053
vn 0.35180983 -0.14311959 -0.92506576
vn -0.00000189 -0.15564124 -0.98781365
vn -0.00000073 -0.07871358 -0.99689728
vn 0.33741009 -0.07051111 -0.93871325
vn -0.00000046 0.07289191 -0.99733984
vn 0.67207879 -0.09571708 -0.73426723
vn 0.68143034 -0.13326615 -0.71964771
vn 0.69010609 -0.15917042 -0.70598751
vn 0.66308790 -0.02937700 -0.74796492
vn 0.90374422 -0.00899770 -0.42797825
vn 0.90506774 -0.04133743 -0.42325360
vn 0.90672034 -0.05910607 -0.41756997
vn 0.34609228 0.07535798 -0.93516916
vn 0.90746105 -0.06977754 -0.41430134
vn 0.89860886 0.05517044 -0.43526810
vn 0.99388397 0.10264314 -0.04073109
vn 0.99590892 0.08228473 -0.03734658
vn 0.64695323 0.10215779 -0.75565559
vn 0.99629754 0.07616074 -0.03988383
vn 0.90622449 -0.07758576 -0.41561711
vn 0.99580109 0.07822162 -0.04755529
vn 0.91010642 0.20766933 0.35858014
vn 0.91211152 0.21453103 0.34932646
vn 0.90935963 0.21260242 0.35758263
vn 0.98613417 0.15629970 -0.05576514
vn 0.86404121 0.18912935 -0.46654361
vn 0.69836175 -0.22461228 -0.67958826
vn 0.39756921 -0.35601607 -0.84568983
vn 0.67737538 0.29803830 0.67255908
vn 0.90700930 0.24876180 0.33978191
vn 0.95086426 0.29305816 -0.09987058
vn 0.88142037 0.36668161 0.29772922
vn 0.67426199 0.32218739 0.66450435
vn 0.66909730 0.41973972 0.61329222
vn 0.68265933 0.30374527 0.66461653
vn 0.64358723 0.58453751 0.49407634
vn 0.79617089 0.55718905 0.23590727
vn 0.95086426 0.29305816 -0.09987058
vn 0.85131139 0.49777210 -0.16580676
vn 0.41815218 0.64331186 0.64132565
vn 0.37656125 0.47160295 0.79736584
vn -0.00000220 0.68887395 0.72488111
vn -0.00000083 0.49711123 0.86768681
vn 0.00000000 0.77332640 0.63400817
vn -0.00000431 0.81055230 0.58566630
vn -0.00000029 0.87198931 0.48952499
vn 0.00000835 0.95745623 0.28857863
vn 0.00000258 0.95002747 -0.31216642
vn 0.76412344 0.38060284 -0.52082330
vn 0.00000499 0.66006178 -0.75121135
vn 0.60603082 0.30034891 -0.73655772
vn 0.00001185 0.52703476 -0.84984374
vn 0.37606260 0.29418960 -0.87865204
vn 0.00000942 0.48030639 -0.87710077
vn -0.00000012 0.30150777 -0.95346373
vn -0.00000000 0.40821600 -0.91288537
vn 0.00000942 0.48030639 -0.87710077
vn -0.37605426 0.29418555 -0.87865698
vn -0.34608972 0.07535426 -0.93517041
vn 0.00001185 0.52703476 -0.84984374
vn -0.60602576 0.30035374 -0.73655993
vn 0.00000499 0.66006178 -0.75121135
vn -0.76412135 0.38061076 -0.52082062
vn -0.86404306 0.18912622 -0.46654138
vn 0.00000258 0.95002747 -0.31216642
vn -0.85130912 0.49777889 -0.16579777
vn -0.95086294 0.29306337 -0.09986782
vn 0.00000835 0.95745623 0.28857863
vn -0.79616785 0.55719346 0.23590726
vn -0.00000029 0.87198931 0.48952499
vn -0.64359301 0.58453846 0.49406764
vn -0.00000431 0.81055230 0.58566630
vn -0.41816142 0.64331096 0.64132053
vn -0.37656036 0.47160676 0.79736400
vn -0.00000220 0.68887395 0.72488111
vn -0.00000083 0.49711123 0.86768681
vn 0.00000000 0.77332640 0.63400817
vn -0.00000431 0.81055230 0.58566630
vn -0.38166076 0.92426342 -0.00850109
vn -0.00000021 0.99597013 0.08968579
vn -0.00000013 0.99998337 0.00577030
vn -0.38693357 0.91897768 0.07591061
vn -0.00000082 0.97999388 0.19902758
vn -0.68553984 0.72732627 -0.03211837
vn -0.38829842 0.90393680 0.17922781
vn -0.00000000 0.95124322 0.30844173
vn -0.69117510 0.72121084 0.04617235
vn -0.38553894 0.87872511 0.28142831
vn 0.00000014 0.91561365 0.40205923
vn -0.69308549 0.70897132 0.13035393
vn -0.69142193 0.69104064 0.21070977
vn -0.37905672 0.84843999 0.36941245
vn -0.00000059 0.88014007 0.47471410
vn -0.90943873 0.41553032 0.01599311
vn -0.90707022 0.41961977 -0.03380547
vn -0.36983430 0.81913465 0.43845299
vn -0.00000023 0.84740412 0.53094846
vn -0.91040117 0.40901181 0.06228220
vn -0.69308549 0.70897132 0.13035393
vn -0.99968696 -0.01282865 -0.02148089
vn -0.99981421 -0.01723871 -0.00862644
vn -0.99982715 -0.01852806 0.00157777
vn -0.88036281 -0.47077101 0.05775789
vn -0.88386977 -0.46709108 -0.02449842
vn -0.88656467 -0.45192885 -0.09880998
vn -0.61680645 -0.78005844 0.10516004
vn -0.62349659 -0.78118765 -0.03158888
vn -0.62941092 -0.76287436 -0.14786674
vn -0.32327062 -0.93057257 -0.17184523
vn -0.31845438 -0.94732618 -0.03405742
vn 0.00000000 -0.98382235 -0.17914701
vn -0.31352308 -0.94019288 0.13319393
vn 0.00000053 -0.99939746 -0.03470869
vn -0.00000036 -0.98980266 0.14244550
vn 0.31352347 -0.94019288 0.13319308
vn 0.31845492 -0.94732600 -0.03405815
vn 0.61680627 -0.78005880 0.10515881
vn 0.62349695 -0.78118730 -0.03159074
vn 0.32327139 -0.93057257 -0.17184372
vn 0.88386977 -0.46709105 -0.02449937
vn 0.88036281 -0.47077110 0.05775742
vn 0.62941122 -0.76287425 -0.14786629
vn 0.88656491 -0.45192832 -0.09881016
vn 0.99968696 -0.01282852 -0.02148070
vn 0.99981421 -0.01723878 -0.00862631
vn 0.99982715 -0.01852812 0.00157794
vn 0.90706944 0.41962150 -0.03380560
vn 0.90943909 0.41552943 0.01599577
vn 0.91040146 0.40901124 0.06228177
vn 0.68554121 0.72732496 -0.03211833
vn 0.69117552 0.72121000 0.04617956
vn 0.69308472 0.70897245 0.13035220
vn 0.38693315 0.91897750 0.07591521
vn 0.38166249 0.92426264 -0.00850114
vn -0.00000021 0.99597013 0.08968579
vn -0.00000013 0.99998337 0.00577030
vn -0.00000082 0.97999388 0.19902758
vn 0.38829714 0.90393770 0.17922589
vn -0.00000000 0.95124322 0.30844173
vn 0.69308472 0.70897245 0.13035220
vn 0.38554010 0.87872511 0.28142673
vn 0.00000014 0.91561365 0.40205923
vn 0.69142348 0.69104016 0.21070623
vn 0.91040146 0.40901124 0.06228177
vn 0.37905729 0.84843880 0.36941469
vn -0.00000059 0.88014007 0.47471410
vn 0.91031671 0.40086091 0.10312118
vn 0.99968696 -0.01282852 -0.02148070
vn 0.36983418 0.81913489 0.43845263
vn -0.00000023 0.84740412 0.53094846
vn 0.68683571 0.67075223 0.27990758
vn 0.99936050 -0.00434220 -0.03549326
vn 0.88656491 -0.45192832 -0.09881016
vn 0.35947454 0.79287004 0.49207237
vn 0.00000010 0.81581575 0.57831198
vn 0.90967458 0.39218688 0.13668075
vn 0.99876380 0.00749176 -0.04914028
vn 0.89004958 -0.42561153 -0.16329910
vn 0.62941122 -0.76287425 -0.14786629
vn 0.68019676 0.65221626 0.33458379
vn 0.34958249 0.76784199 0.53685260
vn 0.00000090 0.78392333 0.62085772
vn 0.89490849 -0.39003477 -0.21682183
vn 0.99788910 0.02085570 -0.06150105
vn 0.63873225 -0.73011333 -0.24280782
vn 0.33169386 -0.90069491 -0.28058493
vn 0.65349728 -0.68631631 -0.31923538
vn 0.67296594 0.63676029 0.37636843
vn 0.34250334 0.74215120 0.57611036
vn 0.00000246 0.75226587 0.65885967
vn 0.66634756 0.62291110 0.40983248
vn 0.90813792 0.37827736 0.17942058
vn 0.90813792 0.37827736 0.17942058
vn 0.90879178 0.38452521 0.16198090
vn 0.99678999 0.03349923 -0.07271539
vn 0.90967458 0.39218688 0.13668075
vn 0.99876380 0.00749176 -0.04914028
vn 0.34034327 0.71537161 0.61025405
vn 0.00000135 0.72172630 0.69217855
vn 0.90782553 0.37313443 0.19137269
vn 0.99678999 0.03349923 -0.07271539
vn 0.66220504 0.60855967 0.43719512
vn 0.90806913 0.36827379 0.19946131
vn 0.66205847 0.59203887 0.45953083
vn 0.34378767 0.68784934 0.63927567
vn -0.00000049 0.69130981 0.72255850
vn 0.99555463 0.04450542 -0.08300762
vn 0.99426079 0.05392243 -0.09240051
vn 0.35138628 0.65888137 0.66513389
vn 0.00000000 0.65912920 0.75202972
vn 0.66630423 0.57267344 0.47758126
vn 0.36057547 0.62720740 0.69035953
vn 0.00000076 0.62154013 0.78338236
vn 0.67359018 0.55013156 0.49359053
vn 0.91062456 0.35561973 0.21046966
vn 0.91062456 0.35561973 0.21046966
vn 0.90902686 0.36265326 0.20531161
vn 0.66220504 0.60855967 0.43719512
vn 0.90806913 0.36827379 0.19946131
vn 0.99178636 0.07030130 -0.10685291
vn 0.99298102 0.06226044 -0.10055993
vn 0.36865291 0.59022856 0.71814013
vn 0.00000096 0.57713014 0.81665224
vn 0.68168688 0.52401090 0.51060307
vn 0.68830878 0.49308276 0.53207189
vn 0.37431812 0.54692769 0.74883646
vn -0.00000028 0.52942127 0.84835911
vn 0.69242603 0.45664653 0.55858761
vn 0.37772241 0.50056159 0.77895051
vn -0.00000117 0.48330030 0.87545460
vn 0.37913403 0.45579141 0.80530220
vn 0.00000027 0.44344267 0.89630276
vn 0.69425708 0.41703442 0.58659130
vn 0.37861925 0.41736832 0.82610601
vn 0.00000036 0.41112381 0.91157949
vn 0.91631246 0.30157208 0.26348764
vn 0.69410467 0.37822437 0.61250722
vn 0.91628647 0.27750558 0.28880739
vn 0.99092060 0.09571271 -0.09442179
vn 0.37573934 0.38691875 0.84208900
vn 0.00000000 0.38593078 0.92252773
vn 0.69211757 0.34516510 0.63390410
vn 0.36985990 0.36405686 0.85479015
vn 0.00000039 0.37058073 0.92880028
vn 0.68819427 0.32037094 0.65096170
vn 0.91556776 0.25184393 0.31354484
vn 0.99262595 0.09270545 -0.07809907
vn 0.99447548 0.08539528 -0.06104207
vn 0.91412675 0.22959070 0.33415622
vn 0.91556776 0.25184393 0.31354484
vn 0.99629754 0.07616074 -0.03988383
vn 0.36093864 0.35148215 0.86381918
vn 0.67737538 0.29803830 0.67255908
vn 0.90359116 -0.08756647 -0.41935089
vn 0.69811147 -0.25337639 -0.66965723
vn 0.90109253 -0.10291532 -0.42123717
vn 0.69981837 -0.28557062 -0.65475464
vn 0.90007347 -0.12289903 -0.41804740
vn 0.98994780 0.09343751 -0.10617340
vn 0.40078092 -0.39757806 -0.82541287
vn 0.70405477 -0.31874546 -0.63459295
vn 0.70405477 -0.31874546 -0.63459295
vn 0.40618482 -0.43979943 -0.80099338
vn 0.00000040 -0.44234928 -0.89684290
vn -0.40618494 -0.43979922 -0.80099338
vn 0.90097398 -0.14539310 -0.40878692
vn 0.00000015 -0.48915905 -0.87219459
vn -0.00000091 -0.53630513 -0.84402418
vn -0.41265607 -0.48173887 -0.77307355
vn -0.00000125 -0.58562154 -0.81058466
vn 0.41265541 -0.48173839 -0.77307415
vn -0.70967275 -0.35101748 -0.61086118
vn 0.70967293 -0.35101706 -0.61086112
vn -0.41791582 -0.52519435 -0.74129432
vn 0.41791403 -0.52519476 -0.74129504
vn -0.90312487 -0.16766675 -0.39528894
vn -0.71456397 -0.38339362 -0.58515608
vn -0.98999149 0.08682703 -0.11125616
vn -0.91436505 0.33588654 0.22609034
vn -0.91566402 0.32129040 0.24152002
vn -0.99092066 0.09571395 -0.09441958
vn -0.91631156 0.30157349 0.26348913
vn -0.68830824 0.49308303 0.53207231
vn -0.99073911 0.07854488 -0.11075512
vn -0.91436505 0.33588654 0.22609034
vn -0.90552163 -0.18915312 -0.37980479
vn -0.71665257 -0.41941136 -0.55722821
vn -0.90746218 -0.21166496 -0.36291912
vn -0.41946992 -0.57382381 -0.70339984
vn -0.99298102 0.06226028 -0.10056010
vn -0.71409339 -0.46305725 -0.52502257
vn -0.90806997 0.36827248 0.19945994
vn -0.90835893 -0.23775481 -0.34403020
vn -0.99426079 0.05392231 -0.09240039
vn -0.00000034 -0.64022583 -0.76818681
vn -0.41513205 -0.63107550 -0.65529323
vn 0.41946945 -0.57382470 -0.70339936
vn -0.90782577 0.37313399 0.19137260
vn -0.99555463 0.04450563 -0.08300747
vn -0.90764111 -0.26951295 -0.32179239
vn -0.70555061 -0.51560044 -0.48616302
vn -0.40375021 -0.69514984 -0.59477097
vn -0.66634756 0.62291121 0.40983248
vn -0.90813762 0.37827775 0.17942151
vn -0.99678999 0.03349995 -0.07271487
vn -0.67296582 0.63675952 0.37636998
vn -0.90491819 -0.30727684 -0.29445556
vn -0.69090229 -0.57428050 -0.43915376
vn -0.35947499 0.79286909 0.49207348
vn -0.68019634 0.65221655 0.33458409
vn -0.90813762 0.37827775 0.17942151
vn -0.90033442 -0.34897572 -0.26002669
vn -0.99788910 0.02085587 -0.06150056
vn -0.38601553 -0.75937641 -0.52377433
vn 0.00000018 -0.83176440 -0.55512875
vn -0.67218441 -0.63339788 -0.38337353
vn -0.68683654 0.67075253 0.27990460
vn -0.36515024 -0.81682062 -0.44661999
vn -0.65349674 -0.68631703 -0.31923506
vn -0.89490837 -0.39003462 -0.21682248
vn -0.00000050 -0.76918232 -0.63902944
vn -0.90879190 0.38452500 0.16198111
vn -0.99678999 0.03349995 -0.07271487
vn -0.90967530 0.39218575 0.13667920
vn -0.99876374 0.00749011 -0.04914131
vn -0.91031730 0.40085948 0.10312157
vn -0.99936044 -0.00434448 -0.03549400
vn -0.91040117 0.40901181 0.06228220
vn -0.69308549 0.70897132 0.13035393
vn -0.99968696 -0.01282865 -0.02148089
vn -0.88656467 -0.45192885 -0.09880998
vn -0.89004958 -0.42561150 -0.16329928
vn -0.62941092 -0.76287436 -0.14786674
vn -0.63873100 -0.73011410 -0.24280891
vn -0.33169314 -0.90069491 -0.28058577
vn -0.34588498 -0.86319447 -0.36777565
vn -0.00000117 -0.95646524 -0.29184622
vn 0.00000018 -0.88404781 -0.46739647
vn 0.34588525 -0.86319393 -0.36777660
vn -0.00000075 -0.92401123 -0.38236538
vn 0.36515102 -0.81681967 -0.44662112
vn 0.38601619 -0.75937653 -0.52377361
vn 0.67218459 -0.63339645 -0.38337559
vn 0.40375000 -0.69515061 -0.59477025
vn 0.90033412 -0.34897575 -0.26002765
vn 0.90491849 -0.30727613 -0.29445529
vn 0.69090325 -0.57427984 -0.43915302
vn 0.90764093 -0.26951385 -0.32179222
vn 0.70555067 -0.51560152 -0.48616180
vn 0.90835881 -0.23775491 -0.34403029
vn 0.71409369 -0.46305698 -0.52502233
vn 0.90746254 -0.21166448 -0.36291856
vn 0.41513240 -0.63107538 -0.65529311
vn 0.71665335 -0.41941148 -0.55722713
vn 0.90552241 -0.18915191 -0.37980360
vn -0.00000013 -0.70261967 -0.71156555
vn 0.71409369 -0.46305698 -0.52502233
vn 0.71456397 -0.38339308 -0.58515656
vn 0.90312457 -0.16766761 -0.39528933
vn 0.99073911 0.07854372 -0.11075623
vn 0.98999155 0.08682700 -0.11125596
vn 0.91436565 0.33588639 0.22608820
vn 0.91436565 0.33588639 0.22608820
vn 0.91254526 0.34687069 0.21666071
vn 0.68168688 0.52401090 0.51060307
vn 0.91566461 0.32128987 0.24151839
vn 0.99092060 0.09571271 -0.09442179
vn 0.68830878 0.49308276 0.53207189
vn 0.91631246 0.30157208 0.26348764
vn 0.39781478 0.49874431 -0.77006328
vn 0.69975126 0.32813182 -0.63456893
vn 0.37655041 0.70077723 -0.60590512
vn 0.65674520 0.66401529 -0.35744864
vn 0.35586476 0.85100108 -0.38620907
vn 0.00000259 0.38755399 0.92184699
vn -0.00000083 0.49711123 0.86768681
vn 0.37656125 0.47160295 0.79736584
vn 0.35563964 0.36999807 0.85826683
vn 0.66909730 0.41973972 0.61329222
vn 0.36093864 0.35148215 0.86381918
vn 0.67426199 0.32218739 0.66450435
vn -0.30669007 0.83919245 0.44910714
vn 0.00000027 0.99934709 0.03612965
vn -0.00000037 0.88680464 0.46214449
vn -0.29250297 0.95539671 0.04073337
vn -0.00000387 0.97568250 -0.21918875
vn -0.56213880 0.71879011 0.40907308
vn -0.30085766 0.93048060 -0.20902279
vn -0.64759326 0.75061405 0.13115467
vn -0.66495311 0.43086299 0.61007750
vn -0.67535466 0.71945381 -0.16211839
vn -0.87622148 0.38259625 0.29301199
vn -0.68804097 0.17850544 0.70337433
vn -0.94374204 0.32256284 -0.07282998
vn -0.64812481 0.62319022 -0.43768504
vn -0.91455352 0.08583184 0.39525273
vn -0.67833191 -0.08159523 0.73021102
vn -0.88014317 -0.20925140 0.42610082
vn -0.60143244 -0.41113836 0.68501413
vn -0.99990511 -0.01301219 0.00453472
vn -0.87786353 0.22203115 -0.42433220
vn -0.94191903 -0.32630545 0.07945626
vn -0.68666667 -0.57673001 0.44257361
vn -0.91850662 -0.08843639 -0.38538882
vn -0.56624401 0.47917268 -0.67064250
vn -0.67300087 0.13927165 -0.72641122
vn -0.88561380 -0.37172115 -0.27840903
vn -0.71023780 -0.68478966 0.16317275
vn -0.70328397 -0.12918045 -0.69907373
vn -0.68713665 -0.71495974 -0.12913507
vn -0.36376485 -0.90743196 0.21033879
vn -0.69586188 -0.38710707 -0.60491681
vn -0.34762433 -0.93570757 -0.06007199
vn -0.00000403 -0.97489089 0.22268322
vn -0.00000066 -0.99804181 -0.06255025
vn -0.61021835 -0.67646384 -0.41234726
vn -0.35105464 -0.80525005 -0.47784206
vn -0.00000762 -0.86256284 -0.50594997
vn -0.00000769 -0.49280816 -0.87013799
vn -0.37891069 -0.45185962 -0.80761969
vn -0.00000126 -0.15562338 -0.98781645
vn -0.38907129 -0.14855230 -0.90915114
vn -0.00000097 0.17791836 -0.98404527
vn -0.35733271 0.15410766 -0.92117542
vn -0.00000043 0.61133122 -0.79137486
vn -0.30895588 0.57334769 -0.75882721
vn -0.00000405 0.88810819 -0.45963442
vn -0.30895588 0.57334769 -0.75882721
vn -0.29216516 0.84656239 -0.44494003
vn -0.00000387 0.97568250 -0.21918875
vn -0.30085766 0.93048060 -0.20902279
vn -0.67535466 0.71945381 -0.16211839
vn -0.36376485 -0.90743196 0.21033879
vn -0.71023780 -0.68478966 0.16317275
vn -0.35286275 -0.80701727 0.47350925
vn -0.00000403 -0.97489089 0.22268322
vn -0.00000402 -0.86553061 0.50085604
vn -0.34466285 -0.49883017 0.79522073
vn 0.00000071 -0.53921390 0.84216887
vn 0.00000099 -0.06602778 0.99781781
vn -0.35962102 -0.05391288 0.93153965
vn -0.67833191 -0.08159523 0.73021102
vn -0.00000235 0.26069164 0.96542209
vn -0.37078944 0.23983414 0.89721501
vn -0.68804097 0.17850544 0.70337433
vn -0.00000277 0.56217265 0.82701993
vn -0.34713769 0.51773852 0.78194773
vn -0.00000037 0.88680464 0.46214449
vn -0.66495311 0.43086299 0.61007750
vn -0.30669007 0.83919245 0.44910714
vn -0.56213880 0.71879011 0.40907308
vn 0.30668858 0.83919364 0.44910598
vn -0.00000037 0.88680464 0.46214449
vn 0.00000027 0.99934709 0.03612965
vn 0.29250428 0.95539618 0.04073609
vn -0.00000387 0.97568250 -0.21918875
vn 0.56213975 0.71879154 0.40906927
vn 0.30086225 0.93048006 -0.20901851
vn 0.64759457 0.75061333 0.13115199
vn 0.66495466 0.43086201 0.61007649
vn 0.67535907 0.71944952 -0.16211906
vn 0.87622333 0.38259429 0.29300895
vn 0.94374180 0.32256275 -0.07283344
vn 0.64813709 0.62317896 -0.43768293
vn 0.87786430 0.22202846 -0.42433193
vn 0.56625086 0.47916839 -0.67063975
vn 0.91455340 0.08582904 0.39525366
vn 0.68804109 0.17850171 0.70337522
vn 0.99990505 -0.01301274 0.00453452
vn 0.67300242 0.13927086 -0.72640997
vn 0.91850585 -0.08843899 -0.38539013
vn 0.88014454 -0.20925108 0.42609808
vn 0.67833173 -0.08158810 0.73021191
vn 0.94191957 -0.32630408 0.07945571
vn 0.34713444 0.51773846 0.78194928
vn 0.30668858 0.83919364 0.44910598
vn 0.56213975 0.71879154 0.40906927
vn -0.00000037 0.88680464 0.46214449
vn -0.00000277 0.56217265 0.82701993
vn 0.37078688 0.23983404 0.89721608
vn -0.00000235 0.26069164 0.96542209
vn 0.35962185 -0.05391267 0.93153936
vn 0.00000099 -0.06602778 0.99781781
vn 0.34466290 -0.49882939 0.79522121
vn 0.00000071 -0.53921390 0.84216887
vn 0.60143346 -0.41113585 0.68501467
vn 0.68667394 -0.57672411 0.44257012
vn 0.35286227 -0.80701637 0.47351116
vn 0.34466290 -0.49882939 0.79522121
vn -0.00000402 -0.86553061 0.50085604
vn 0.00000071 -0.53921390 0.84216887
vn -0.00000403 -0.97489089 0.22268322
vn 0.36376774 -0.90743119 0.21033706
vn 0.71024597 -0.68478203 0.16316919
vn 0.88561565 -0.37171838 -0.27840692
vn 0.68714118 -0.71495539 -0.12913464
vn 0.36376774 -0.90743119 0.21033706
vn 0.70328140 -0.12918399 -0.69907564
vn 0.34762490 -0.93570733 -0.06007320
vn -0.00000403 -0.97489089 0.22268322
vn -0.00000066 -0.99804181 -0.06255025
vn 0.35105345 -0.80525261 -0.47783867
vn -0.00000762 -0.86256284 -0.50594997
vn 0.61022997 -0.67645562 -0.41234353
vn 0.69586861 -0.38709983 -0.60491377
vn 0.37890780 -0.45186198 -0.80761975
vn 0.35105345 -0.80525261 -0.47783867
vn 0.38906878 -0.14855231 -0.90915221
vn -0.00000769 -0.49280816 -0.87013799
vn -0.00000762 -0.86256284 -0.50594997
vn -0.00000126 -0.15562338 -0.98781645
vn -0.00000097 0.17791836 -0.98404527
vn 0.35733086 0.15410717 -0.92117620
vn -0.00000043 0.61133122 -0.79137486
vn 0.30895731 0.57334381 -0.75882959
vn -0.00000405 0.88810819 -0.45963442
vn 0.29216969 0.84655994 -0.44494179
vn -0.00000387 0.97568250 -0.21918875
vn 0.64813709 0.62317896 -0.43768293
vn 0.30086225 0.93048006 -0.20901851
vt 0.96342158 0.78343564
vt 0.95224363 0.76887918
vt 0.95108110 0.78356117
vt 0.96179444 0.76839262
vt 0.95385587 0.75432533
vt 0.96051878 0.75382066
vt 0.95990151 0.74202174
vt 0.95597595 0.73953295
vt 0.97147286 0.76561475
vt 0.96688211 0.74982244
vt 0.96319628 0.73394871
vt 0.95951027 0.71807468
vt 0.95597601 0.73953295
vt 0.97606337 0.78140682
vt 0.96510434 0.79852188
vt 0.98001051 0.79676741
vt 0.95030797 0.79834831
vt 0.95108104 0.78356123
vt 0.96673566 0.81402165
vt 0.98395741 0.81212783
vt 0.98696327 0.82981199
vt 0.94978565 0.81360328
vt 0.96810639 0.83058757
vt 0.98996884 0.84749603
vt 0.93560725 0.79501355
vt 0.93890506 0.78031063
vt 0.93283671 0.81027162
vt 0.94937581 0.82982147
vt 0.96886969 0.84864092
vt 0.98800802 0.86949790
vt 0.96837813 0.86869997
vt 0.98604691 0.89149958
vt 0.94902003 0.84764057
vt 0.93058586 0.82668936
vt 0.91547096 0.80456233
vt 0.92087179 0.78971529
vt 0.92627251 0.77486801
vt 0.91160816 0.82196867
vt 0.93375778 0.76062858
vt 0.92898422 0.84478313
vt 0.90774512 0.83937472
vt 0.94292575 0.76590836
vt 0.95108104 0.78356117
vt 0.95224363 0.76887918
vt 0.94124275 0.74638903
vt 0.94732767 0.75206321
vt 0.95385581 0.75432527
vt 0.95128143 0.74086863
vt 0.95037663 0.73223197
vt 0.94868875 0.86738408
vt 0.92849576 0.86526650
vt 0.90774530 0.86255860
vt 0.96693277 0.88943809
vt 0.98040718 0.91162813
vt 0.94838917 0.88797605
vt 0.92904520 0.88671821
vt 0.90774512 0.88574237
vt 0.91316223 0.90819591
vt 0.96443999 0.90946960
vt 0.97476733 0.93175644
vt 0.96134067 0.92804635
vt 0.93096721 0.90773571
vt 0.91857910 0.93064922
vt 0.93348020 0.92715651
vt 0.94811660 0.90807712
vt 0.94811660 0.90807718
vt 0.94778216 0.92669493
vt 0.94778216 0.92669493
vt 0.94730169 0.94326180
vt 0.94730163 0.94326162
vt 0.95779920 0.94435978
vt 0.97476733 0.93175644
vt 0.94669193 0.95856076
vt 0.96795666 0.94652027
vt 0.93613362 0.94373447
vt 0.91857910 0.93064922
vt 0.94669199 0.95856076
vt 0.92450732 0.94531727
vt 0.95392233 0.95942163
vt 0.94599575 0.97354019
vt 0.96114576 0.96128386
vt 0.93892443 0.95886981
vt 0.94599563 0.97354025
vt 0.93043530 0.95998520
vt 0.94968027 0.97400993
vt 0.94525748 0.98845994
vt 0.95322090 0.97486907
vt 0.94527674 0.98845708
vt 0.94529587 0.98845416
vt 0.94201666 0.97367352
vt 0.94525748 0.98845994
vt 0.93782210 0.97417676
vt 0.94523323 0.98841417
vt 0.94520885 0.98836815
vt 0.76400274 0.52631581
vt 0.75009781 0.51345903
vt 0.73703718 0.52615386
vt 0.74809396 0.53720665
vt 0.77790761 0.53917247
vt 0.75723106 0.55015081
vt 0.78489196 0.55768019
vt 0.76385212 0.56541878
vt 0.79187602 0.57618779
vt 0.76863462 0.58217978
vt 0.79444903 0.59582138
vt 0.77163064 0.59996819
vt 0.79702181 0.61545473
vt 0.73212397 0.54645866
vt 0.73847032 0.55852062
vt 0.72428477 0.53580976
vt 0.74336606 0.57226276
vt 0.72406000 0.51699901
vt 0.71482211 0.52608800
vt 0.73235983 0.50614339
vt 0.75009781 0.51345903
vt 0.71462166 0.49882770
vt 0.70925146 0.50890350
vt 0.70308381 0.51643348
vt 0.69256455 0.50163192
vt 0.69653505 0.49677056
vt 0.68852532 0.50603622
vt 0.70308381 0.51643354
vt 0.67097169 0.49430120
vt 0.67471004 0.49450731
vt 0.67844826 0.49471337
vt 0.74127746 0.73999238
vt 0.74191040 0.76216066
vt 0.75240368 0.74662888
vt 0.73265874 0.75673860
vt 0.72975117 0.73500770
vt 0.73141706 0.77769232
vt 0.72412974 0.77179837
vt 0.72289491 0.78968441
vt 0.72295660 0.75183886
vt 0.71597022 0.78507912
vt 0.71437252 0.80167621
vt 0.71594095 0.76708448
vt 0.70747924 0.79809231
vt 0.70401216 0.81628370
vt 0.70879889 0.78068227
vt 0.70713514 0.76288480
vt 0.69799268 0.81222850
vt 0.69365162 0.83089095
vt 0.68794644 0.82701290
vt 0.70100111 0.79397386
vt 0.69206661 0.80824620
vt 0.68224114 0.82313472
vt 0.67732924 0.81953335
vt 0.70125335 0.77660370
vt 0.69451511 0.79004347
vt 0.68629986 0.80449122
vt 0.70100117 0.79397380
vt 0.67241722 0.81593192
vt 0.68067539 0.80082232
vt 0.68893349 0.78571260
vt 0.69359249 0.77273643
vt 0.69825125 0.75976008
vt 0.71260512 0.74753004
vt 0.69825125 0.75976008
vt 0.70191771 0.74362195
vt 0.71770602 0.73097497
vt 0.70558411 0.72748369
vt 0.70837027 0.71119410
vt 0.72225749 0.71371889
vt 0.71115625 0.69490439
vt 0.72611088 0.69594944
vt 0.71209532 0.67750216
vt 0.73607230 0.71699154
vt 0.72895473 0.67774159
vt 0.71303433 0.66009969
vt 0.74967319 0.72151178
vt 0.74165928 0.69813979
vt 0.73068804 0.65940040
vt 0.71174377 0.64271599
vt 0.76318043 0.72694850
vt 0.75240368 0.74662888
vt 0.77395701 0.70726800
vt 0.75745589 0.70184326
vt 0.74623227 0.67878807
vt 0.76409984 0.68115991
vt 0.78248847 0.68440163
vt 0.73104256 0.64121652
vt 0.71045315 0.62533218
vt 0.74944466 0.65926749
vt 0.76922250 0.66009140
vt 0.79101980 0.66153514
vt 0.79402083 0.63849503
vt 0.77207261 0.63911647
vt 0.73028904 0.62365061
vt 0.70809561 0.61040759
vt 0.75101918 0.63994175
vt 0.77294743 0.61884356
vt 0.72858083 0.60726130
vt 0.70573801 0.59548289
vt 0.75102383 0.62130922
vt 0.74962330 0.60380214
vt 0.72620821 0.59195799
vt 0.70359683 0.58262461
vt 0.74702471 0.58745229
vt 0.72335869 0.57785380
vt 0.70145541 0.56976616
vt 0.71990335 0.56494552
vt 0.73212403 0.54645866
vt 0.71564347 0.55340141
vt 0.69886184 0.55894351
vt 0.72428471 0.53580976
vt 0.71042401 0.54279584
vt 0.69626796 0.54812074
vt 0.69201434 0.53787833
vt 0.70388615 0.53267717
vt 0.71482217 0.52608794
vt 0.68776059 0.52763581
vt 0.69550788 0.52210355
vt 0.70308381 0.51643348
vt 0.68852538 0.50603622
vt 0.68471789 0.51011801
vt 0.67097169 0.49430120
vt 0.68090445 0.51398343
vt 0.67251003 0.49731606
vt 0.67404813 0.50033092
vt 0.12606177 0.03776753
vt 0.15403160 0.01733792
vt 0.12228592 0.01032102
vt 0.15218087 0.04219359
vt 0.18577726 0.02435488
vt 0.18040453 0.04856187
vt 0.21698642 0.02821851
vt 0.20852257 0.05518317
vt 0.24819554 0.03208220
vt 0.23468670 0.06332707
vt 0.26812914 0.04715466
vt 0.25695056 0.07456839
vt 0.28806269 0.06222713
vt 0.27726117 0.08591253
vt 0.30962104 0.06649405
vt 0.29715574 0.09455591
vt 0.33117929 0.07076097
vt 0.31590337 0.10318148
vt 0.34539765 0.08895999
vt 0.33232024 0.11477381
vt 0.35961589 0.10715902
vt 0.34741703 0.12707341
vt 0.37339407 0.12012768
vt 0.36193824 0.13827586
vt 0.38717213 0.13309640
vt 0.22429809 0.09024322
vt 0.20019165 0.08111686
vt 0.24604535 0.10074759
vt 0.26605970 0.11143345
vt 0.28514504 0.12118447
vt 0.30322909 0.13047230
vt 0.32012066 0.13985234
vt 0.33602902 0.14862680
vt 0.17468642 0.07329750
vt 0.14920762 0.06657648
vt 0.16809979 0.09751481
vt 0.12545395 0.06146234
vt 0.14473659 0.09061396
vt 0.12272708 0.08493519
vt 0.16066244 0.12122232
vt 0.13896112 0.11465096
vt 0.11838197 0.10904127
vt 0.13228102 0.13890857
vt 0.11292027 0.13411188
vt 0.15262552 0.14454025
vt 0.12551494 0.16303855
vt 0.14469253 0.16732967
vt 0.17324550 0.15106392
vt 0.16422109 0.17248815
vt 0.13761272 0.18935007
vt 0.15615705 0.19304323
vt 0.10726038 0.15954399
vt 0.11949988 0.18652594
vt 0.18256484 0.12878823
vt 0.19158205 0.10557610
vt 0.16809979 0.09751481
vt 0.17468640 0.07329750
vt 0.22429809 0.09024322
vt 0.21418063 0.11471045
vt 0.20391794 0.13728857
vt 0.19352260 0.15846527
vt 0.18354377 0.17851388
vt 0.17460874 0.19760215
vt 0.21297321 0.16669345
vt 0.20219502 0.18537962
vt 0.19250864 0.20300084
vt 0.22417037 0.14660507
vt 0.21418065 0.11471039
vt 0.23518841 0.12473577
vt 0.22429807 0.09024322
vt 0.24339570 0.15647995
vt 0.25484958 0.13511819
vt 0.26605973 0.11143345
vt 0.23156248 0.17562157
vt 0.24339570 0.15647995
vt 0.22005934 0.19302070
vt 0.20968553 0.20920533
vt 0.23724191 0.20143324
vt 0.24945010 0.18511730
vt 0.22619219 0.21628100
vt 0.20075482 0.22452903
vt 0.21658614 0.23033011
vt 0.18427064 0.21968889
vt 0.16712067 0.21569097
vt 0.14950034 0.21252596
vt 0.13186572 0.21021318
vt 0.24268942 0.22469938
vt 0.23234975 0.23761904
vt 0.25437996 0.21089280
vt 0.26712579 0.19510227
vt 0.26184085 0.16660619
vt 0.27982128 0.17661977
vt 0.29158342 0.15500152
vt 0.27358654 0.14530259
vt 0.30322906 0.13047230
vt 0.25484964 0.13511825
vt 0.26605970 0.11143345
vt 0.24845348 0.24684739
vt 0.25946409 0.23472548
vt 0.25437993 0.21089280
vt 0.26487893 0.25849891
vt 0.27190280 0.22179109
vt 0.27424246 0.24496949
vt 0.28961560 0.23563689
vt 0.29316339 0.24922514
vt 0.28383124 0.25283992
vt 0.29594791 0.25487149
vt 0.29024339 0.25871468
vt 0.27846831 0.26097894
vt 0.28453881 0.26255786
vt 0.27192622 0.27454627
vt 0.28027663 0.27167958
vt 0.28722242 0.27091658
vt 0.28654054 0.28209162
vt 0.28990600 0.27927524
vt 0.28054142 0.28713232
vt 0.27232757 0.29403889
vt 0.26263410 0.28182811
vt 0.26487893 0.25849891
vt 0.25203171 0.26963997
vt 0.24845347 0.24684739
vt 0.23840265 0.25910270
vt 0.22342376 0.25054657
vt 0.20849960 0.24406528
vt 0.19340429 0.23921919
vt 0.17768154 0.23549426
vt 0.16133188 0.23269397
vt 0.14453772 0.23072207
vt 0.24230018 0.28070974
vt 0.22962797 0.27115607
vt 0.21585339 0.26317751
vt 0.20186172 0.25728941
vt 0.18754923 0.25317252
vt 0.17263450 0.25034893
vt 0.20951374 0.27499604
vt 0.19652325 0.26969361
vt 0.22198112 0.28238761
vt 0.15711468 0.24854171
vt 0.18302155 0.26623726
vt 0.20413363 0.28583944
vt 0.16892998 0.26418102
vt 0.19216788 0.28120339
vt 0.17954016 0.27840042
vt 0.23348360 0.29117811
vt 0.21534675 0.29251468
vt 0.19948956 0.29563296
vt 0.18855231 0.29179549
vt 0.24363087 0.30060762
vt 0.25309786 0.29117668
vt 0.15423815 0.26319754
vt 0.16630583 0.27702206
vt 0.14113250 0.24755722
vt 0.12775317 0.22956455
vt 0.11472749 0.20875621
vt 0.10231466 0.18449086
vt 0.13903706 0.26302695
vt 0.12513421 0.24733186
vt 0.11149154 0.22920632
vt 0.15243822 0.27673715
vt 0.09855428 0.20806575
vt 0.08648135 0.18313611
vt 0.08373467 0.20801055
vt 0.09043219 0.15676254
vt 0.09517644 0.13008994
vt 0.11838198 0.10904127
vt 0.09974656 0.10434514
vt 0.12272707 0.08493519
vt 0.10315204 0.08048493
vt 0.12545395 0.06146234
vt 0.10486744 0.05835921
vt 0.10458618 0.03744203
vt 0.12228592 0.01032102
vt 0.10269316 0.01693308
vt 0.08696301 0.03868818
vt 0.08310036 0.02354515
vt 0.08759101 0.05653721
vt 0.08624550 0.07707316
vt 0.08330707 0.10054642
vt 0.07929225 0.12684023
vt 0.07303614 0.03930730
vt 0.07159199 0.02537018
vt 0.07330473 0.05521339
vt 0.07190762 0.07453835
vt 0.06907930 0.09766740
vt 0.06124161 0.03982610
vt 0.06008359 0.02719522
vt 0.05017434 0.02894682
vt 0.06113693 0.05452776
vt 0.05047197 0.04079401
vt 0.04026508 0.03069842
vt 0.05955002 0.07302779
vt 0.03958143 0.04226631
vt 0.02628033 0.03269726
vt 0.05010319 0.05476630
vt 0.02756342 0.04413205
vt 0.01229557 0.03469604
vt 0.01507407 0.04601818
vt 0.03931936 0.05587685
vt 0.02822334 0.05747437
vt 0.01785257 0.05734026
vt 0.04846067 0.07269657
vt 0.03792118 0.07342118
vt 0.02738553 0.07484746
vt 0.01692381 0.07621980
vt 0.03542170 0.09560776
vt 0.02540487 0.09652317
vt 0.01599504 0.09509927
vt 0.01305094 0.12389582
vt 0.02262512 0.12314701
vt 0.01010684 0.15269238
vt 0.04568948 0.09521264
vt 0.03229669 0.12240577
vt 0.02020578 0.15244514
vt 0.01003615 0.18293190
vt 0.05670259 0.09585226
vt 0.04228483 0.12220687
vt 0.01929633 0.18240786
vt 0.00996546 0.21317130
vt 0.02964622 0.15198219
vt 0.05311725 0.12282622
vt 0.01985745 0.21091831
vt 0.01277363 0.23654681
vt 0.02849921 0.18207294
vt 0.03935571 0.15183789
vt 0.06534203 0.12438971
vt 0.02191219 0.23593855
vt 0.01558180 0.25992227
vt 0.04990127 0.15218055
vt 0.03793530 0.18185639
vt 0.02897554 0.21049309
vt 0.06177915 0.15310687
vt 0.02481349 0.25794584
vt 0.01928616 0.27824360
vt 0.03087691 0.23552400
vt 0.03364137 0.25723296
vt 0.02815866 0.27722013
vt 0.02299051 0.29656494
vt 0.03674976 0.27625108
vt 0.03195778 0.29506516
vt 0.02843808 0.31431592
vt 0.04021797 0.29367775
vt 0.03649394 0.31245220
vt 0.03388565 0.33206677
vt 0.04422452 0.31059539
vt 0.04193293 0.32985151
vt 0.04208200 0.35024691
vt 0.04868298 0.34754974
vt 0.05027834 0.36842704
vt 0.04906341 0.32755005
vt 0.05671583 0.36551726
vt 0.06112067 0.38676512
vt 0.05503780 0.34487569
vt 0.06625745 0.38366187
vt 0.07196298 0.40510327
vt 0.06237179 0.36259413
vt 0.07715641 0.40170586
vt 0.08527509 0.42255330
vt 0.07123534 0.38059622
vt 0.08949581 0.41931427
vt 0.09858718 0.44000334
vt 0.10294680 0.43634760
vt 0.08166092 0.39856100
vt 0.09360716 0.41613543
vt 0.10687532 0.43305135
vt 0.09773367 0.41294372
vt 0.11080204 0.42975610
vt 0.08613322 0.39542663
vt 0.07619265 0.37754458
vt 0.06791963 0.35970116
vt 0.10209507 0.40958846
vt 0.11494812 0.42627650
vt 0.09084993 0.39215487
vt 0.08139064 0.37438989
vt 0.10695402 0.40588796
vt 0.11955660 0.42240864
vt 0.09609362 0.38858485
vt 0.11270561 0.40158433
vt 0.12499223 0.41784608
vt 0.06123539 0.34224975
vt 0.07367856 0.35674095
vt 0.08713244 0.37098944
vt 0.10227667 0.38450861
vt 0.11972550 0.39643776
vt 0.13160099 0.41229820
vt 0.06758121 0.33958244
vt 0.07997640 0.35358548
vt 0.09383662 0.36717963
vt 0.10978823 0.37974107
vt 0.12817922 0.39036036
vt 0.13953146 0.40564001
vt 0.07443435 0.33675826
vt 0.08723552 0.35010827
vt 0.10189259 0.36282355
vt 0.11879508 0.37423527
vt 0.13806671 0.38337886
vt 0.14877839 0.39787555
vt 0.08222674 0.33368063
vt 0.09584203 0.34621137
vt 0.11145750 0.35790992
vt 0.12928839 0.36804622
vt 0.14893569 0.37582904
vt 0.15891793 0.38936055
vt 0.09134696 0.33028346
vt 0.10594224 0.34191167
vt 0.12250571 0.35251808
vt 0.14077927 0.36149848
vt 0.13451235 0.34696424
vt 0.11749505 0.33730614
vt 0.10193779 0.32660520
vt 0.15267007 0.35496151
vt 0.12994938 0.33269691
vt 0.11395214 0.32275289
vt 0.16023311 0.36810595
vt 0.14684024 0.34159875
vt 0.12683016 0.31900543
vt 0.16440730 0.34871447
vt 0.11153641 0.30865693
vt 0.12484524 0.30567503
vt 0.09908628 0.31182086
vt 0.08804564 0.31491917
vt 0.07845818 0.31783426
vt 0.07017786 0.32050478
vt 0.06280719 0.32296431
vt 0.05589959 0.32527900
vt 0.05162427 0.30872893
vt 0.05903075 0.30677378
vt 0.06686259 0.30464900
vt 0.07558218 0.30232704
vt 0.08559868 0.29981554
vt 0.04809228 0.29220915
vt 0.04021797 0.29367781
vt 0.05594740 0.29057252
vt 0.06421837 0.28871161
vt 0.07337434 0.28664756
vt 0.04501330 0.27512509
vt 0.03674976 0.27625108
vt 0.05329428 0.27373862
vt 0.06203092 0.27206171
vt 0.04223341 0.25639689
vt 0.03364138 0.25723302
vt 0.05095357 0.25524247
vt 0.03976382 0.23493767
vt 0.03087692 0.23552400
vt 0.08382864 0.28444004
vt 0.07167985 0.27017117
vt 0.06023586 0.25376451
vt 0.04896189 0.23405987
vt 0.03813976 0.21011651
vt 0.04782853 0.20959628
vt 0.04808777 0.18177730
vt 0.05890164 0.23290753
vt 0.07049909 0.25208855
vt 0.05941515 0.18190193
vt 0.05847821 0.20897174
vt 0.06993918 0.23163211
vt 0.07524347 0.15463233
vt 0.07216458 0.18232000
vt 0.07037880 0.20838434
vt 0.08235864 0.23042989
vt 0.08209938 0.25038671
vt 0.09623070 0.22954369
vt 0.08263956 0.26818693
vt 0.10963941 0.24781638
vt 0.09515719 0.24888754
vt 0.09505773 0.26629627
vt 0.12375522 0.26355648
vt 0.10891259 0.26469594
vt 0.09573725 0.28222597
vt 0.13798267 0.27726519
vt 0.12335388 0.27845323
vt 0.10907558 0.28016764
vt 0.09706488 0.29720831
vt 0.10994662 0.29464054
vt 0.12371814 0.29232764
vt 0.13775234 0.29049301
vt 0.13835751 0.30314088
vt 0.15150866 0.28931129
vt 0.13990341 0.31566489
vt 0.15150738 0.30126095
vt 0.16456643 0.28896236
vt 0.14264235 0.32841498
vt 0.15258189 0.31295657
vt 0.17689808 0.28969491
vt 0.16384533 0.30022371
vt 0.15890171 0.33667433
vt 0.15497337 0.32469743
vt 0.16436936 0.31105852
vt 0.17529720 0.30020142
vt 0.18589191 0.30141580
vt 0.17506547 0.31003743
vt 0.16640961 0.32170933
vt 0.17016338 0.33235788
vt 0.19569528 0.30430228
vt 0.18456577 0.31002939
vt 0.17662680 0.31942070
vt 0.17548789 0.34295285
vt 0.18025972 0.32857251
vt 0.20965889 0.30140644
vt 0.18556552 0.33762705
vt 0.22565804 0.30054927
vt 0.21905184 0.30855560
vt 0.23495735 0.30920678
vt 0.20479138 0.30915564
vt 0.22766988 0.31645727
vt 0.24334902 0.31840909
vt 0.19290841 0.31168818
vt 0.21330036 0.31549591
vt 0.18528534 0.31777072
vt 0.20045514 0.31583601
vt 0.18886404 0.32509130
vt 0.19124331 0.31683075
vt 0.19561350 0.32119149
vt 0.20782243 0.32174337
vt 0.22130221 0.32274961
vt 0.19436797 0.33257139
vt 0.20176277 0.32740086
vt 0.21513373 0.32864046
vt 0.23551223 0.32499862
vt 0.20848618 0.33444226
vt 0.20080729 0.34038997
vt 0.22867964 0.33074296
vt 0.24258003 0.33419228
vt 0.25097463 0.32825691
vt 0.22210386 0.33627081
vt 0.23528652 0.33938491
vt 0.24888508 0.34404159
vt 0.25790864 0.33890694
vt 0.19200595 0.34665418
vt 0.21522631 0.34205168
vt 0.22842233 0.34444964
vt 0.24105810 0.34851611
vt 0.18214679 0.35336202
vt 0.20761576 0.34844804
vt 0.22156306 0.35000098
vt 0.23396051 0.35283953
vt 0.19916150 0.35555279
vt 0.17145483 0.36053193
vt 0.21438187 0.35654259
vt 0.22734363 0.35783690
vt 0.18986866 0.36336124
vt 0.16943723 0.38052535
vt 0.17988533 0.37174881
vt 0.20669486 0.36413485
vt 0.22097641 0.36423308
vt 0.19838762 0.37269193
vt 0.21447912 0.37203538
vt 0.18948030 0.38198876
vt 0.17988530 0.37174881
vt 0.18008190 0.39173651
vt 0.20749491 0.38104707
vt 0.19990706 0.39097106
vt 0.17052202 0.40153205
vt 0.14877836 0.39787561
vt 0.19172609 0.40145767
vt 0.16120543 0.41093427
vt 0.13953146 0.40564001
vt 0.18323116 0.41204464
vt 0.15261713 0.41946691
vt 0.13160099 0.41229820
vt 0.17479305 0.42223501
vt 0.19647026 0.42073184
vt 0.20388702 0.40950966
vt 0.21082141 0.39847350
vt 0.14516652 0.42674267
vt 0.12499224 0.41784608
vt 0.16687937 0.43150365
vt 0.18892150 0.43160444
vt 0.20974316 0.42769420
vt 0.13888046 0.43276644
vt 0.11955659 0.42240858
vt 0.15989497 0.43942523
vt 0.18169667 0.44156003
vt 0.13364385 0.43768632
vt 0.11494812 0.42627656
vt 0.15389599 0.44600070
vt 0.12915583 0.44183111
vt 0.11080204 0.42975610
vt 0.21615537 0.41592300
vt 0.20304787 0.43917352
vt 0.17519836 0.45013607
vt 0.14880772 0.45138657
vt 0.12509379 0.44554532
vt 0.10687533 0.43305135
vt 0.19651015 0.44976461
vt 0.16950974 0.45732105
vt 0.14438057 0.45593429
vt 0.12123334 0.44905621
vt 0.10294681 0.43634760
vt 0.19052392 0.45897663
vt 0.16459301 0.46326828
vt 0.14033835 0.46001410
vt 0.11738791 0.45255411
vt 0.09858718 0.44000334
vt 0.11346349 0.45614874
vt 0.13647357 0.46387678
vt 0.13259226 0.46776891
vt 0.12833978 0.47229409
vt 0.16024585 0.46833766
vt 0.18519214 0.46678567
vt 0.15623483 0.47291338
vt 0.14848062 0.48164344
vt 0.14452916 0.48616695
vt 0.15236667 0.47726953
vt 0.18050651 0.47333908
vt 0.16470820 0.49419975
vt 0.16071850 0.50003976
vt 0.17630406 0.47900045
vt 0.16857220 0.48913139
vt 0.17238694 0.48416424
vt 0.18102822 0.50523949
vt 0.17722200 0.51128036
vt 0.18476810 0.49943733
vt 0.18843257 0.49378169
vt 0.19216293 0.48798710
vt 0.19613525 0.48171937
vt 0.19730969 0.51496834
vt 0.19372548 0.52252084
vt 0.20081684 0.50833488
vt 0.20424211 0.50198644
vt 0.20772219 0.49557537
vt 0.21352831 0.52335209
vt 0.21029210 0.53097612
vt 0.21670060 0.51604801
vt 0.21982425 0.50907212
vt 0.22989535 0.53084254
vt 0.22685868 0.53943121
vt 0.23269591 0.52293295
vt 0.24684614 0.53768378
vt 0.24429876 0.54626262
vt 0.21142465 0.48873270
vt 0.22303593 0.50210524
vt 0.23550893 0.51541859
vt 0.24929030 0.52937371
vt 0.26528960 0.54432267
vt 0.26173878 0.55309391
vt 0.22648795 0.49474835
vt 0.23848358 0.50795245
vt 0.25183195 0.52141446
vt 0.26752102 0.53573298
vt 0.28651118 0.55099338
vt 0.28432992 0.55990976
vt 0.24175084 0.50011522
vt 0.25463292 0.51348346
vt 0.26983243 0.52739793
vt 0.28847045 0.54221565
vt 0.31085658 0.55734587
vt 0.30692098 0.56672543
vt 0.25779849 0.50515354
vt 0.27247953 0.51899213
vt 0.29058525 0.53354520
vt 0.31285164 0.54841727
vt 0.33890951 0.56282234
vt 0.33679333 0.57187599
vt 0.27554235 0.51008779
vt 0.29304081 0.52461845
vt 0.31480604 0.53943545
vt 0.34082863 0.55379331
vt 0.36865300 0.56709367
vt 0.36666560 0.57702643
vt 0.29589468 0.51500750
vt 0.31699219 0.52996111
vt 0.34267056 0.54451424
vt 0.37073821 0.55785078
vt 0.39800346 0.56975502
vt 0.39561373 0.57908195
vt 0.31944638 0.51955688
vt 0.34449977 0.53450465
vt 0.37255469 0.54828811
vt 0.40040204 0.56033117
vt 0.42477673 0.57159698
vt 0.42456174 0.58113742
vt 0.44337004 0.58347112
vt 0.42740604 0.56186122
vt 0.44652683 0.57337373
vt 0.46217820 0.58580470
vt 0.40231925 0.55050153
vt 0.37403378 0.53781635
vt 0.46383131 0.57553738
vt 0.47288394 0.59049851
vt 0.42956439 0.55178833
vt 0.40357345 0.53969771
vt 0.44974953 0.56321293
vt 0.47689691 0.57848608
vt 0.48358968 0.59519225
vt 0.48797143 0.58172184
vt 0.46731925 0.56485200
vt 0.48080856 0.56693578
vt 0.49235314 0.56825131
vt 0.45227951 0.55292767
vt 0.47027227 0.55439126
vt 0.48413721 0.55643153
vt 0.49578875 0.55876416
vt 0.47240660 0.54353374
vt 0.47240657 0.54353374
vt 0.48694646 0.54595977
vt 0.49922431 0.54927683
vt 0.50300670 0.53822196
vt 0.45386088 0.54191786
vt 0.47382256 0.53139716
vt 0.48948783 0.53439826
vt 0.47382256 0.53139710
vt 0.50678897 0.52716696
vt 0.49249431 0.52074760
vt 0.47497177 0.51705843
vt 0.51668817 0.50894719
vt 0.49675444 0.50355333
vt 0.52658731 0.49072731
vt 0.47614190 0.49968112
vt 0.50012213 0.48228389
vt 0.52510339 0.45816028
vt 0.50023347 0.45572376
vt 0.52361929 0.42559326
vt 0.47661352 0.47881496
vt 0.47661355 0.47881496
vt 0.49878359 0.42675197
vt 0.52514327 0.39409685
vt 0.47564018 0.45447636
vt 0.47337252 0.42815977
vt 0.49705997 0.39784253
vt 0.52666712 0.36260045
vt 0.45399469 0.49757260
vt 0.45296308 0.47747618
vt 0.47002062 0.40163106
vt 0.44832832 0.43051183
vt 0.49349326 0.37060523
vt 0.51517844 0.34033382
vt 0.44439375 0.40594363
vt 0.42364505 0.43378812
vt 0.46513447 0.37626332
vt 0.46513447 0.37626338
vt 0.48619458 0.34669495
vt 0.50368965 0.31806719
vt 0.45847997 0.35299373
vt 0.47845602 0.32469916
vt 0.50314063 0.29604542
vt 0.45134634 0.33140808
vt 0.47330952 0.30357897
vt 0.50259149 0.27402365
vt 0.44497418 0.31090337
vt 0.46798211 0.28359944
vt 0.48702833 0.25689542
vt 0.43888569 0.29147077
vt 0.45932490 0.26542294
vt 0.47146505 0.23976707
vt 0.43249997 0.27320439
vt 0.44974250 0.24843478
vt 0.46099266 0.22397530
vt 0.44114512 0.23220730
vt 0.45052016 0.20818347
vt 0.42654163 0.25601619
vt 0.42143962 0.23969263
vt 0.40284359 0.26204133
vt 0.43158972 0.21606427
vt 0.41513503 0.22370160
vt 0.40205428 0.24528873
vt 0.37567610 0.26516461
vt 0.39990237 0.23010373
vt 0.38418809 0.24556893
vt 0.39271393 0.21570385
vt 0.40561697 0.20764166
vt 0.38209748 0.20160961
vt 0.39355451 0.19195271
vt 0.38070408 0.22471279
vt 0.37001121 0.21179456
vt 0.35696894 0.22278249
vt 0.38849986 0.23383451
vt 0.36966643 0.23653817
vt 0.34320471 0.23437464
vt 0.35712627 0.24972403
vt 0.32952628 0.24589008
vt 0.34166220 0.26104498
vt 0.31847417 0.25519264
vt 0.32759348 0.26855892
vt 0.35269746 0.27780318
vt 0.38282362 0.28729647
vt 0.33284318 0.28698319
vt 0.36157015 0.29670143
vt 0.32005671 0.28116262
vt 0.34346613 0.30681401
vt 0.31831852 0.27051544
vt 0.31497920 0.27744794
vt 0.31245860 0.26991016
vt 0.31847417 0.25519264
vt 0.31218448 0.26048672
vt 0.30993795 0.26237237
vt 0.36896572 0.31608081
vt 0.38936314 0.30671012
vt 0.35121444 0.32595527
vt 0.41269621 0.29878879
vt 0.39617318 0.32615840
vt 0.32858405 0.31687015
vt 0.33559796 0.33512336
vt 0.40686613 0.28008044
vt 0.37567610 0.26516461
vt 0.40284365 0.26204133
vt 0.42654163 0.25601625
vt 0.43888572 0.29147071
vt 0.41919908 0.31820202
vt 0.44497418 0.31090343
vt 0.40301374 0.34608877
vt 0.42605269 0.33843285
vt 0.45134631 0.33140814
vt 0.43294170 0.35961401
vt 0.40947133 0.36675012
vt 0.45847997 0.35299373
vt 0.45134631 0.33140814
vt 0.43924528 0.38206780
vt 0.41519994 0.38833380
vt 0.38772997 0.37436223
vt 0.38210249 0.35449243
vt 0.40301374 0.34608871
vt 0.37579364 0.33522189
vt 0.39617321 0.32615846
vt 0.36896572 0.31608081
vt 0.38936311 0.30671012
vt 0.35121447 0.32595533
vt 0.35761112 0.34447497
vt 0.33559799 0.33512342
vt 0.36296770 0.36286354
vt 0.34107450 0.35283190
vt 0.32108644 0.34310663
vt 0.32557276 0.35989785
vt 0.30681026 0.34969097
vt 0.34522486 0.37032396
vt 0.36744559 0.38179624
vt 0.31064153 0.36551607
vt 0.29305950 0.35498691
vt 0.32857898 0.37650478
vt 0.39251763 0.39496589
vt 0.34839973 0.38833112
vt 0.41993204 0.41086823
vt 0.43924525 0.38206780
vt 0.37102190 0.40137589
vt 0.39634562 0.41624725
vt 0.31282979 0.38123280
vt 0.33052418 0.39359361
vt 0.35065433 0.40691632
vt 0.37365234 0.42147708
vt 0.39924636 0.43771970
vt 0.29646343 0.36979115
vt 0.28032112 0.35920715
vt 0.28755680 0.34004045
vt 0.31380332 0.39737809
vt 0.33152252 0.41119713
vt 0.35198367 0.42590451
vt 0.29806480 0.38460994
vt 0.37538975 0.44163561
vt 0.28331733 0.37292367
vt 0.33161667 0.42912388
vt 0.31375542 0.41398501
vt 0.29828608 0.39980257
vt 0.35244095 0.44483781
vt 0.28440472 0.38682902
vt 0.40131184 0.45876986
vt 0.42640814 0.45634192
vt 0.42841235 0.47762495
vt 0.37632936 0.46130133
vt 0.40272018 0.47870779
vt 0.33086547 0.44692028
vt 0.35211295 0.46319818
vt 0.37663981 0.47992098
vt 0.31281209 0.43088996
vt 0.29739925 0.41541886
vt 0.28400910 0.40107673
vt 0.40363988 0.49691796
vt 0.37649009 0.49701184
vt 0.42984664 0.49683344
vt 0.31106505 0.44764698
vt 0.29561970 0.43135130
vt 0.28245062 0.41573346
vt 0.32935348 0.46408159
vt 0.35116416 0.48050922
vt 0.34977508 0.49637032
vt 0.29308662 0.44717026
vt 0.30861777 0.46375215
vt 0.32724950 0.48016024
vt 0.28000122 0.43075371
vt 0.32475033 0.49479491
vt 0.34811437 0.51064283
vt 0.32207879 0.50791210
vt 0.37597841 0.51237327
vt 0.40411583 0.51316053
vt 0.30238807 0.49228668
vt 0.29905879 0.50433499
vt 0.30565473 0.47875130
vt 0.28993818 0.46237171
vt 0.27684548 0.44573426
vt 0.27896911 0.50025022
vt 0.34632975 0.52330053
vt 0.37516570 0.52592921
vt 0.40413442 0.52735692
vt 0.28265128 0.48909831
vt 0.43077075 0.51372051
vt 0.43116617 0.52826625
vt 0.45445767 0.51485616
vt 0.47497177 0.51705849
vt 0.45449516 0.52945280
vt 0.43082866 0.54080153
vt 0.42640817 0.45634192
vt 0.42841235 0.47762489
vt 0.45113432 0.45476621
vt 0.47564015 0.45447642
vt 0.44832838 0.43051177
vt 0.47337249 0.42815983
vt 0.80927968 0.89015174
vt 0.82515544 0.88404530
vt 0.81539655 0.87227231
vt 0.80162728 0.87925994
vt 0.79340380 0.89625806
vt 0.78734571 0.88515121
vt 0.77632594 0.89815831
vt 0.77280450 0.88948357
vt 0.75924796 0.90005827
vt 0.75855595 0.89269227
vt 0.79372144 0.86857784
vt 0.78115040 0.87535191
vt 0.76853526 0.88118500
vt 0.80606925 0.86095858
vt 0.75585288 0.88631719
vt 0.74687082 0.89462197
vt 0.77414638 0.86595625
vt 0.78519571 0.85804874
vt 0.79629594 0.84959501
vt 0.76327538 0.87325698
vt 0.81795084 0.85267824
vt 0.80725229 0.84073180
vt 0.82823843 0.86437261
vt 0.82515544 0.88404530
vt 0.83843726 0.87598610
vt 0.84003627 0.85583359
vt 0.85171884 0.86792666
vt 0.82906801 0.84394091
vt 0.85040057 0.84668392
vt 0.86155754 0.85823035
vt 0.81777614 0.83168459
vt 0.80614734 0.81926364
vt 0.83918017 0.83491558
vt 0.79614484 0.82874930
vt 0.85963273 0.83701891
vt 0.87139612 0.84853375
vt 0.82762045 0.82265252
vt 0.84833175 0.82561338
vt 0.86779946 0.82661361
vt 0.87893099 0.83711815
vt 0.85668033 0.81589359
vt 0.83679771 0.81364268
vt 0.87530351 0.81489563
vt 0.88646561 0.82570225
vt 0.86455232 0.80516690
vt 0.87212098 0.79310089
vt 0.88221061 0.80114377
vt 0.89269775 0.80872786
vt 0.87877947 0.78084040
vt 0.88796741 0.78707582
vt 0.89892954 0.79175323
vt 0.88392490 0.76969993
vt 0.89169419 0.77448630
vt 0.88775045 0.76019877
vt 0.90011752 0.77860487
vt 0.89398438 0.76378906
vt 0.90130532 0.76545620
vt 0.95951027 0.71807468
vt 0.95037663 0.73223191
vt 0.95128143 0.74086863
vt 0.95597607 0.73953295
vt 0.94732767 0.75206327
vt 0.75924796 0.90005827
vt 0.75855583 0.89269215
vt 0.74111056 0.89909929
vt 0.72297305 0.89813989
vt 0.74276006 0.89111710
vt 0.74344468 0.88571906
vt 0.72297305 0.89813989
vt 0.75253403 0.88010764
vt 0.74766296 0.87472594
vt 0.75696707 0.86590242
vt 0.73797351 0.88391447
vt 0.73646146 0.87835538
vt 0.76632595 0.85702735
vt 0.74254698 0.86957645
vt 0.74995726 0.85921323
vt 0.77602440 0.84783006
vt 0.73652208 0.86593312
vt 0.73103493 0.87875301
vt 0.74231935 0.85354054
vt 0.75782406 0.84874463
vt 0.74881285 0.84125215
vt 0.72775280 0.87446213
vt 0.72297662 0.87997711
vt 0.73652214 0.86593318
vt 0.78601611 0.83835465
vt 0.76630628 0.83813000
vt 0.74881285 0.84125221
vt 0.73029923 0.86289585
vt 0.77533644 0.82749325
vt 0.73425859 0.84883738
vt 0.72297996 0.86181402
vt 0.72297657 0.87997711
vt 0.72578287 0.84486097
vt 0.73935574 0.83454621
vt 0.72858560 0.82790774
vt 0.75624365 0.82905793
vt 0.74599588 0.82059693
vt 0.73552507 0.81237787
vt 0.75370347 0.80721730
vt 0.74246436 0.79684782
vt 0.76450682 0.81713134
vt 0.78476804 0.81702220
vt 0.77340537 0.80570537
vt 0.79436040 0.80699283
vt 0.80390161 0.79764128
vt 0.81579214 0.81011736
vt 0.78271985 0.79506701
vt 0.79226857 0.78544754
vt 0.81338543 0.78895432
vt 0.82508093 0.80130863
vt 0.83414745 0.79271060
vt 0.80204284 0.77680194
vt 0.84544426 0.80452365
vt 0.84342021 0.78391695
vt 0.84833169 0.82561338
vt 0.82294983 0.78080332
vt 0.85392970 0.79480547
vt 0.86455232 0.80516690
vt 0.87212104 0.79310107
vt 0.86246336 0.78420734
vt 0.87877959 0.78084034
vt 0.87038231 0.77364665
vt 0.88392478 0.76969987
vt 0.85314316 0.77469653
vt 0.87698579 0.76416510
vt 0.88775045 0.76019877
vt 0.86252815 0.76579636
vt 0.88229942 0.75610322
vt 0.87070566 0.75804144
vt 0.84413981 0.76488513
vt 0.85510552 0.75753725
vt 0.86492354 0.75144553
vt 0.83310413 0.77284509
vt 0.81219149 0.76898026
vt 0.84836692 0.74877036
vt 0.83577067 0.75476962
vt 0.85976440 0.74422276
vt 0.82332045 0.76168793
vt 0.87325579 0.74656659
vt 0.86945510 0.74090624
vt 0.85539675 0.73621076
vt 0.86620021 0.73449081
vt 0.84262735 0.73926485
vt 0.85173059 0.72758096
vt 0.86492348 0.72709167
vt 0.83853763 0.72807002
vt 0.82125658 0.73339361
vt 0.82827407 0.74426782
vt 0.80397540 0.73871696
vt 0.81417531 0.75043619
vt 0.79217625 0.74563605
vt 0.80207604 0.75730848
vt 0.78037685 0.75255495
vt 0.79125220 0.76491219
vt 0.77017254 0.76186591
vt 0.78111148 0.77361912
vt 0.75996810 0.77117664
vt 0.77142525 0.78348380
vt 0.75121629 0.78401232
vt 0.76227289 0.79481244
vt 0.74246436 0.79684782
vt 0.75370353 0.80721736
vt 0.76450688 0.81713134
vt 0.89066136 0.75238580
vt 0.88775045 0.76019871
vt 0.88657469 0.74946314
vt 0.89311922 0.74500436
vt 0.89026451 0.74360269
vt 0.88302356 0.74636018
vt 0.88740963 0.74220079
vt 0.87751120 0.75158769
vt 0.88011336 0.74264961
vt 0.88302350 0.74636018
vt 0.88616121 0.73927569
vt 0.88491255 0.73635048
vt 0.87741137 0.73841351
vt 0.86945504 0.74090630
vt 0.86620027 0.73449075
vt 0.87451178 0.73372024
vt 0.86492348 0.72709167
vt 0.88169074 0.73335898
vt 0.87169617 0.72872949
vt 0.87846881 0.73036724
vt 0.77735382 0.92026782
vt 0.78709370 0.92696679
vt 0.78878433 0.91754013
vt 0.77786654 0.92867261
vt 0.76592320 0.92299539
vt 0.78540295 0.93639326
vt 0.76854777 0.93021846
vt 0.75475311 0.92249328
vt 0.77873820 0.93657899
vt 0.78665543 0.94250959
vt 0.75922608 0.93119031
vt 0.74358290 0.92199105
vt 0.74996364 0.93203986
vt 0.77117211 0.93774611
vt 0.78040212 0.94324714
vt 0.78790760 0.94862556
vt 0.76345378 0.93923855
vt 0.75634432 0.94208854
vt 0.77391547 0.94429386
vt 0.78237641 0.94889015
vt 0.78865045 0.95316255
vt 0.76714265 0.94570786
vt 0.76023161 0.94747317
vt 0.77676666 0.94975543
vt 0.78428346 0.95360219
vt 0.78939319 0.95769924
vt 0.77076238 0.95098346
vt 0.76411879 0.95285761
vt 0.78619123 0.95775157
vt 0.78979474 0.96148741
vt 0.77972275 0.95427501
vt 0.77477950 0.95526445
vt 0.78816360 0.96157736
vt 0.79019636 0.96527541
vt 0.76951474 0.95650035
vt 0.76411879 0.95285761
vt 0.77491057 0.96014285
vt 0.77930844 0.95892906
vt 0.78291619 0.95817727
vt 0.78645158 0.96179074
vt 0.79019237 0.96527743
vt 0.79018837 0.96527934
vt 0.78457534 0.96218783
vt 0.77491057 0.96014285
vt 0.79018521 0.96528524
vt 0.78254634 0.96271706
vt 0.79018211 0.96529114
vt 0.24985373 0.98182225
vt 0.25828207 0.97998470
vt 0.25146386 0.96541423
vt 0.24371706 0.96899807
vt 0.24142535 0.98365963
vt 0.24464560 0.95084363
vt 0.23593009 0.97240251
vt 0.23190071 0.98444206
vt 0.23644912 0.95708847
vt 0.22779390 0.97556949
vt 0.22237600 0.98522425
vt 0.22689629 0.94691962
vt 0.23240814 0.94040227
vt 0.22964509 0.96227217
vt 0.21616150 0.93759865
vt 0.22017065 0.92996067
vt 0.21215236 0.94523650
vt 0.22154672 0.95352328
vt 0.20886943 0.95421195
vt 0.21633346 0.96052694
vt 0.20558643 0.96318716
vt 0.22283565 0.96746004
vt 0.21133102 0.96782786
vt 0.21942677 0.97845411
vt 0.21610606 0.97258699
vt 0.20680287 0.97535211
vt 0.20255320 0.97420537
vt 0.21097037 0.98082221
vt 0.21094801 0.98522389
vt 0.21019025 0.97709405
vt 0.21610607 0.97258699
vt 0.21019024 0.97709399
vt 0.20686905 0.97962427
vt 0.20298511 0.98258340
vt 0.19951998 0.98522341
vt 0.30294296 0.25862193
vt 0.30993795 0.26237237
vt 0.31218451 0.26048672
vt 0.30334944 0.25274360
vt 0.29594791 0.25487149
vt 0.31847417 0.25519264
vt 0.29316339 0.24922514
vt 0.30686060 0.24393874
vt 0.28961560 0.23563689
vt 0.28494304 0.20568752
vt 0.26712576 0.19510221
vt 0.27982128 0.17661971
vt 0.30203819 0.21764308
vt 0.30686051 0.24393874
vt 0.29781818 0.18636036
vt 0.29158339 0.15500152
vt 0.31666166 0.23135906
vt 0.32952625 0.24589008
vt 0.30900562 0.16391683
vt 0.30322912 0.13047230
vt 0.32012066 0.13985229
vt 0.31839374 0.19715917
vt 0.32608107 0.17093658
vt 0.31839374 0.19715917
vt 0.33044833 0.21805143
vt 0.34320474 0.23437464
vt 0.34557098 0.20793676
vt 0.35696894 0.22278249
vt 0.33913913 0.19210029
vt 0.35909486 0.19906819
vt 0.37001121 0.21179461
vt 0.34244382 0.17455184
vt 0.32608110 0.17093658
vt 0.35123697 0.15641081
vt 0.35142967 0.18984228
vt 0.35703644 0.17924279
vt 0.36591992 0.16532338
vt 0.37622127 0.15040958
vt 0.35703647 0.17924279
vt 0.37000602 0.18876219
vt 0.36591986 0.16532338
vt 0.38013265 0.17741436
vt 0.39355451 0.19195271
vt 0.39044258 0.16568035
vt 0.40082592 0.15370131
vt 0.40466407 0.18258655
vt 0.41447961 0.17430615
vt 0.41893163 0.19946015
vt 0.40466404 0.18258661
vt 0.40561694 0.20764166
vt 0.43249995 0.19124484
vt 0.41447961 0.17430615
vt 0.43158969 0.21606427
vt 0.41513500 0.22370160
vt 0.67102802 0.72501194
vt 0.67935586 0.71196049
vt 0.67113429 0.71321070
vt 0.66572446 0.72397965
vt 0.66270006 0.73806328
vt 0.66085523 0.73428214
vt 0.66291273 0.71446079
vt 0.66050935 0.72263628
vt 0.65712589 0.73062652
vt 0.65596229 0.72063011
vt 0.65794849 0.71372688
vt 0.65345448 0.72683614
vt 0.65186709 0.71840316
vt 0.65298396 0.71299279
vt 0.64898586 0.71238005
vt 0.65005463 0.72314167
vt 0.64814556 0.71634758
vt 0.64498764 0.71176720
vt 0.64465719 0.71453923
vt 0.64689755 0.71980691
vt 0.64390332 0.71683407
vt 0.64733195 0.72670263
vt 0.64490259 0.72236997
vt 0.64260244 0.71851838
vt 0.65001655 0.73164910
vt 0.65712583 0.73062652
vt 0.65319383 0.73721457
vt 0.64481121 0.73476779
vt 0.64719152 0.74168509
vt 0.64315343 0.72896129
vt 0.64177650 0.72399408
vt 0.64051914 0.71959889
vt 0.63727105 0.73605424
vt 0.63785112 0.74356323
vt 0.63719511 0.72990119
vt 0.64177644 0.72399408
vt 0.63731611 0.72470528
vt 0.64051914 0.71959889
vt 0.63753408 0.72010761
vt 0.63024008 0.72954476
vt 0.62839162 0.73560411
vt 0.63211119 0.72446710
vt 0.63404024 0.71998012
vt 0.63930398 0.71552837
vt 0.63780463 0.71579695
vt 0.64034700 0.71498448
vt 0.63604552 0.71574408
vt 0.63404030 0.71998012
vt 0.64098895 0.71414560
vt 0.64465714 0.71453923
vt 0.64134818 0.71300489
vt 0.64498764 0.71176720
vt 0.64155048 0.71168369
vt 0.63811165 0.71160340
vt 0.63811320 0.71160018
vt 0.63811004 0.71160656
vt 0.63810700 0.71160895
vt 0.63810384 0.71161115
vt 0.63809943 0.71161109
vt 0.63809490 0.71161079
vt 0.63809091 0.71160656
vt 0.63428497 0.71534383
vt 0.63808674 0.71160215
vt 0.63055444 0.71919119
vt 0.63277745 0.71471953
vt 0.63808376 0.71159488
vt 0.62693882 0.72330081
vt 0.63173765 0.71400237
vt 0.63808066 0.71158749
vt 0.62757587 0.71797216
vt 0.62333667 0.72799277
vt 0.63122720 0.71320689
vt 0.63808155 0.71158010
vt 0.63121980 0.71232468
vt 0.62552184 0.71656334
vt 0.62253505 0.72151899
vt 0.62449545 0.71498591
vt 0.61950165 0.71943474
vt 0.61794573 0.71706945
vt 0.62443024 0.71321362
vt 0.63148916 0.71138078
vt 0.63808233 0.71157265
vt 0.62489587 0.71118879
vt 0.61773771 0.71440154
vt 0.61828637 0.71154207
vt 0.61138248 0.71954226
vt 0.61095607 0.71588117
vt 0.61167675 0.71189517
vt 0.61348104 0.72278780
vt 0.60379767 0.71763384
vt 0.60412621 0.71260983
vt 0.60455662 0.72243416
vt 0.59602010 0.71938932
vt 0.59657538 0.71332437
vt 0.61748368 0.72561955
vt 0.60717201 0.72677040
vt 0.59726036 0.72561395
vt 0.58723414 0.72083718
vt 0.58522505 0.71267080
vt 0.61955553 0.73362529
vt 0.61212796 0.73054397
vt 0.60018247 0.73142451
vt 0.58947754 0.72892499
vt 0.57808346 0.72213644
vt 0.57387465 0.71201712
vt 0.58229214 0.73225558
vt 0.58314782 0.74251437
vt 0.59215021 0.73673642
vt 0.58400345 0.75277287
vt 0.59789634 0.74369836
vt 0.60334647 0.75848180
vt 0.60590380 0.73650688
vt 0.60978127 0.74895138
vt 0.62268931 0.76419055
vt 0.61518013 0.74053758
vt 0.62457263 0.75225586
vt 0.64166856 0.76330638
vt 0.62651283 0.74304986
vt 0.63928962 0.75274539
vt 0.66064763 0.76242208
vt 0.65111732 0.75013900
vt 0.64719158 0.74168509
vt 0.66167390 0.75024283
vt 0.65709621 0.74341154
vt 0.66270006 0.73806328
vt 0.65319389 0.73721445
vt 0.66085523 0.73428220
vt 0.75972044 0.09870374
vt 0.75522387 0.10623533
vt 0.76040006 0.10247785
vt 0.76422489 0.09117287
vt 0.76580501 0.09898120
vt 0.77048635 0.08579206
vt 0.77193195 0.09604514
vt 0.77674758 0.08041131
vt 0.77901870 0.09333730
vt 0.78720951 0.07485318
vt 0.78748757 0.09060442
vt 0.79767132 0.06929511
vt 0.79654413 0.08783960
vt 0.78751773 0.10640204
vt 0.79541683 0.10638416
vt 0.79654413 0.12511128
vt 0.77954531 0.10635644
vt 0.78741705 0.12228107
vt 0.79767132 0.14383841
vt 0.78706890 0.13819849
vt 0.77887625 0.11945075
vt 0.77646649 0.13255858
vt 0.77247953 0.10628873
vt 0.77172065 0.11660808
vt 0.77005166 0.12702805
vt 0.76632035 0.10622990
vt 0.76557308 0.11355305
vt 0.76363665 0.12149745
vt 0.76095897 0.10619706
vt 0.76025921 0.10999995
vt 0.75942636 0.11386603
vt 0.75522387 0.10623533
vt 0.75523174 0.10623598
vt 0.75522387 0.10623533
vt 0.65621257 0.59955776
vt 0.65023029 0.58574665
vt 0.64593309 0.59468812
vt 0.65162277 0.60456908
vt 0.64163589 0.60362953
vt 0.64651430 0.60909247
vt 0.66219467 0.61336875
vt 0.65825737 0.61394674
vt 0.65201336 0.61603898
vt 0.66663313 0.62192988
vt 0.67580444 0.62039000
vt 0.65793914 0.62313288
vt 0.67377901 0.63002968
vt 0.68941402 0.62741107
vt 0.66279602 0.63056028
vt 0.67633474 0.63967192
vt 0.68932199 0.64052451
vt 0.66507256 0.63853008
vt 0.67506063 0.64966714
vt 0.68922985 0.65363801
vt 0.66459042 0.64643085
vt 0.66997212 0.65869665
vt 0.67933464 0.66501504
vt 0.66157925 0.65345609
vt 0.66263592 0.66542447
vt 0.66943920 0.67639196
vt 0.65656579 0.65883690
vt 0.65397024 0.66823226
vt 0.65776265 0.67496854
vt 0.65012109 0.66214377
vt 0.64453655 0.67007762
vt 0.64608592 0.67354506
vt 0.64269495 0.66426885
vt 0.63468081 0.67379314
vt 0.63389176 0.68177360
vt 0.62474275 0.67829311
vt 0.62169749 0.69000202
vt 0.62778783 0.66658413
vt 0.63480008 0.66609192
vt 0.62664372 0.65973997
vt 0.63349187 0.65953827
vt 0.62549949 0.65289551
vt 0.64011776 0.65872842
vt 0.63137412 0.65346038
vt 0.62406534 0.64638054
vt 0.64607435 0.65697366
vt 0.63696420 0.65335017
vt 0.62892467 0.64724857
vt 0.62263101 0.63986546
vt 0.65094882 0.65394163
vt 0.62630892 0.64028746
vt 0.62177891 0.63151640
vt 0.63346845 0.64758426
vt 0.62961864 0.64074981
vt 0.62364328 0.63206488
vt 0.62092680 0.62316722
vt 0.62538964 0.63240075
vt 0.62093669 0.62316459
vt 0.62094659 0.62316191
vt 0.63247216 0.64040077
vt 0.62690741 0.63226622
vt 0.62095737 0.62315536
vt 0.62799555 0.63160402
vt 0.62096798 0.62314868
vt 0.63454330 0.63910151
vt 0.62847710 0.63043797
vt 0.62097651 0.62314057
vt 0.63553864 0.63688558
vt 0.63547015 0.63396776
vt 0.62837088 0.62889278
vt 0.62098491 0.62313229
vt 0.63446188 0.63061959
vt 0.62776452 0.62712145
vt 0.62098986 0.62312502
vt 0.63278484 0.62715822
vt 0.62682539 0.62529093
vt 0.62099469 0.62311757
vt 0.62573230 0.62355959
vt 0.62099665 0.62311220
vt 0.63074541 0.62388462
vt 0.62463510 0.62203658
vt 0.62099856 0.62310660
vt 0.62864608 0.62098831
vt 0.62666541 0.61854148
vt 0.62362725 0.62077320
vt 0.62099612 0.62310427
vt 0.62263548 0.61964506
vt 0.62099355 0.62310195
vt 0.62427729 0.61618817
vt 0.63630313 0.62399852
vt 0.63335967 0.61996746
vt 0.62864614 0.62098831
vt 0.63056839 0.61650336
vt 0.62427729 0.61618817
vt 0.62782127 0.61336410
vt 0.63892639 0.61890858
vt 0.63530016 0.61447066
vt 0.63136506 0.61053991
vt 0.63650054 0.60708481
vt 0.64084983 0.61216688
vt 0.64163589 0.60362953
vt 0.64651424 0.60909241
vt 0.64532399 0.61769009
vt 0.64263284 0.62394601
vt 0.64988428 0.62373966
vt 0.63903630 0.62850624
vt 0.65368271 0.63025230
vt 0.64588624 0.62948811
vt 0.64804852 0.63531065
vt 0.64588624 0.62948811
vt 0.64109600 0.63326889
vt 0.63446200 0.63061959
vt 0.65582645 0.63705915
vt 0.64880598 0.64092821
vt 0.64213830 0.63787311
vt 0.63547015 0.63396770
vt 0.63553876 0.63688558
vt 0.65606672 0.64363593
vt 0.64189655 0.64188302
vt 0.63454330 0.63910156
vt 0.64029706 0.64496511
vt 0.64798033 0.64582807
vt 0.65437347 0.64940631
vt 0.64560997 0.64964908
vt 0.64183265 0.65214181
vt 0.63738233 0.64687055
vt 0.63346845 0.64758420
vt 0.62961859 0.64074969
vt 0.34941632 0.05403578
vt 0.34316376 0.04766405
vt 0.34207633 0.05294067
vt 0.34944472 0.04840726
vt 0.34384036 0.04277939
vt 0.35675618 0.05513090
vt 0.34925023 0.04316968
vt 0.34432620 0.03821731
vt 0.35662118 0.04829437
vt 0.36508167 0.04669064
vt 0.36946210 0.05288374
vt 0.37260044 0.04315561
vt 0.36702594 0.03821522
vt 0.38216799 0.05063665
vt 0.36140949 0.04122138
vt 0.35515079 0.04275048
vt 0.34893253 0.03840905
vt 0.35378000 0.03789616
vt 0.35866702 0.03650838
vt 0.34852728 0.03383726
vt 0.34470057 0.03373528
vt 0.35250506 0.03334439
vt 0.36308235 0.03405857
vt 0.35641596 0.03216237
vt 0.34803486 0.02913612
vt 0.34503472 0.02907139
vt 0.35114256 0.02872533
vt 0.34116298 0.03310025
vt 0.34228501 0.02856106
vt 0.34004101 0.03744030
vt 0.34384039 0.04277945
vt 0.33880579 0.04179621
vt 0.34316376 0.04766405
vt 0.33738357 0.04636997
vt 0.34207633 0.05294067
vt 0.33587807 0.05112851
vt 0.33156255 0.04453492
vt 0.32967976 0.04931629
vt 0.33390576 0.04016787
vt 0.33597991 0.03601116
vt 0.33786693 0.03186876
vt 0.32519704 0.04205543
vt 0.32109377 0.04644054
vt 0.32900035 0.03783637
vt 0.31864229 0.03923148
vt 0.31250772 0.04356486
vt 0.32477686 0.03489810
vt 0.33203676 0.03389382
vt 0.32477686 0.03489810
vt 0.32820946 0.03137308
vt 0.33472100 0.03002137
vt 0.33164200 0.02784806
vt 0.33509889 0.02425200
vt 0.33739537 0.02604455
vt 0.33855569 0.02065599
vt 0.33976206 0.02755570
vt 0.34017557 0.02195370
vt 0.34236759 0.01710105
vt 0.34176692 0.02304041
vt 0.34313390 0.01777536
vt 0.34617940 0.01354611
vt 0.34348354 0.02376729
vt 0.34393075 0.01834518
vt 0.34618390 0.01354945
vt 0.34618828 0.01355278
vt 0.34480265 0.01872832
vt 0.34619361 0.01355433
vt 0.34538126 0.02413815
vt 0.34577510 0.01892501
vt 0.34619889 0.01355588
vt 0.34746963 0.02418482
vt 0.34685090 0.01895040
vt 0.34620464 0.01355529
vt 0.34963247 0.02389342
vt 0.34796542 0.01879930
vt 0.34621030 0.01355469
vt 0.35415605 0.02778882
vt 0.35171324 0.02323878
vt 0.34903324 0.01846111
vt 0.34621549 0.01355147
vt 0.35990801 0.03019220
vt 0.35680625 0.02627552
vt 0.35351968 0.02219629
vt 0.34995306 0.01792657
vt 0.34622055 0.01354831
vt 0.36266071 0.02739394
vt 0.35885629 0.02417022
vt 0.35488674 0.02076310
vt 0.35063919 0.01719636
vt 0.34622478 0.01354367
vt 0.36655012 0.03046018
vt 0.36461288 0.02396905
vt 0.36026746 0.02160257
vt 0.35579434 0.01902235
vt 0.35108355 0.01631206
vt 0.34622887 0.01353908
vt 0.35131618 0.01532561
vt 0.34623146 0.01353383
vt 0.35629919 0.01707959
vt 0.35143983 0.01428938
vt 0.34623396 0.01352853
vt 0.35664564 0.01505023
vt 0.36162344 0.01575750
vt 0.36110163 0.01874161
vt 0.36660114 0.01646477
vt 0.36582938 0.02018964
vt 0.37174547 0.01631874
vt 0.37068126 0.02123320
vt 0.37688974 0.01617265
vt 0.36904502 0.02604574
vt 0.37618911 0.02173936
vt 0.38651794 0.01373547
vt 0.37109929 0.03354412
vt 0.37399259 0.02780342
vt 0.38300711 0.02146512
vt 0.39614612 0.01129830
vt 0.39032471 0.02081186
vt 0.37964490 0.02923769
vt 0.38450325 0.03032535
vt 0.37679294 0.03685409
vt 0.37260044 0.04315561
vt 0.38333568 0.04048103
vt 0.38216799 0.05063665
vt 0.76637727 0.04960197
vt 0.76466465 0.05425298
vt 0.76752859 0.04983371
vt 0.76799554 0.04497778
vt 0.77039260 0.04541445
vt 0.76939988 0.04039162
vt 0.77265894 0.04106086
vt 0.77063394 0.03578597
vt 0.77492511 0.03670722
vt 0.77175987 0.03102469
vt 0.77679682 0.03205073
vt 0.77319574 0.02571505
vt 0.77866828 0.02739418
vt 0.77543265 0.01934326
vt 0.78352088 0.01912260
vt 0.77798092 0.01254565
vt 0.78837353 0.01085103
vt 0.76758820 0.01424021
vt 0.76754296 0.01953161
vt 0.75971812 0.01307803
vt 0.76697534 0.02525032
vt 0.76026392 0.01935768
vt 0.75184798 0.01191586
vt 0.75326300 0.01912642
vt 0.76080233 0.02531165
vt 0.75467783 0.02633703
vt 0.76662666 0.03043425
vt 0.76143271 0.03043395
vt 0.75620681 0.03083402
vt 0.76640844 0.03522986
vt 0.76211625 0.03514886
vt 0.75773555 0.03533095
vt 0.76612955 0.03993380
vt 0.76279998 0.03981614
vt 0.75942504 0.03989226
vt 0.76573747 0.04465312
vt 0.76344961 0.04453433
vt 0.76111454 0.04445362
vt 0.76522881 0.04943109
vt 0.76466006 0.05424988
vt 0.76465547 0.05424678
vt 0.76406080 0.04936200
vt 0.76287711 0.04934639
vt 0.76464754 0.05424303
vt 0.76463968 0.05423921
vt 0.58676690 0.64322257
vt 0.59924895 0.65019614
vt 0.59915233 0.64221960
vt 0.58824384 0.65047854
vt 0.57438147 0.64422548
vt 0.59934551 0.65817255
vt 0.57739091 0.65078139
vt 0.56199050 0.64308757
vt 0.58969027 0.65727246
vt 0.59924465 0.66309536
vt 0.56679308 0.65088469
vt 0.54959947 0.64194959
vt 0.55638105 0.65102524
vt 0.58033448 0.65743804
vt 0.59107602 0.66297174
vt 0.59914362 0.66801798
vt 0.57143110 0.65815258
vt 0.56316251 0.66010088
vt 0.58317471 0.66327226
vt 0.59244794 0.66786957
vt 0.59895939 0.67202204
vt 0.57571459 0.66416162
vt 0.56853974 0.66551745
vt 0.58599931 0.66826004
vt 0.59384632 0.67214668
vt 0.59877497 0.67602599
vt 0.57991308 0.66919976
vt 0.57391673 0.67093384
vt 0.59530848 0.67599601
vt 0.59861159 0.67946023
vt 0.58891302 0.67254740
vt 0.58426988 0.67337042
vt 0.59685314 0.67951941
vt 0.59844816 0.68289441
vt 0.57977647 0.67451167
vt 0.57391673 0.67093384
vt 0.58563602 0.67808944
vt 0.58881092 0.67694420
vt 0.59196228 0.67629969
vt 0.59515989 0.67968923
vt 0.59844476 0.68289489
vt 0.59844136 0.68289524
vt 0.59357208 0.68002921
vt 0.58563602 0.67808944
vt 0.59843767 0.68289936
vt 0.59203506 0.68049645
vt 0.59843391 0.68290341
vt 0.06785005 0.89807475
vt 0.07563850 0.90940523
vt 0.07047746 0.89675015
vt 0.06035371 0.88772660
vt 0.06522649 0.88522941
vt 0.07331124 0.89589691
vt 0.07565597 0.90940607
vt 0.07563850 0.90940523
vt 0.07025649 0.88421279
vt 0.07539477 0.89662451
vt 0.07568552 0.90940696
vt 0.07470068 0.88491756
vt 0.06680607 0.87394887
vt 0.07025649 0.88421279
vt 0.07734614 0.89771920
vt 0.05981721 0.87538499
vt 0.06035371 0.88772660
vt 0.05318813 0.87899828
vt 0.06276032 0.86430299
vt 0.05378161 0.86627591
vt 0.05807057 0.85377967
vt 0.07338481 0.87483287
vt 0.06276032 0.86430299
vt 0.07867333 0.88690442
vt 0.04670611 0.85669690
vt 0.05286085 0.83820671
vt 0.03883737 0.84625626
vt 0.07161355 0.86568820
vt 0.05807056 0.85377955
vt 0.04554029 0.87115347
vt 0.03649051 0.86322016
vt 0.02481388 0.85430568
vt 0.03892862 0.87821782
vt 0.04554029 0.87115341
vt 0.02882826 0.87199521
vt 0.01752429 0.86553365
vt 0.04772367 0.88450825
vt 0.03426932 0.88722301
vt 0.03426932 0.88722306
vt 0.02376395 0.88271266
vt 0.01023470 0.87676138
vt 0.05627702 0.89161646
vt 0.06785005 0.89807469
vt 0.04367169 0.89168257
vt 0.03166272 0.89791083
vt 0.02189040 0.89561224
vt 0.03166272 0.89791071
vt 0.06558451 0.90009773
vt 0.04114763 0.90021658
vt 0.03088916 0.90950090
vt 0.02166878 0.90953517
vt 0.04029445 0.90946871
vt 0.05307098 0.89673227
vt 0.05078232 0.90282893
vt 0.06332243 0.90277088
vt 0.05307098 0.89673215
vt 0.01331249 0.90956759
vt 0.01177360 0.89316463
vt 0.01023470 0.87676138
vt 0.07542160 0.90940368
vt 0.07414233 0.90940303
vt 0.06336515 0.91606152
vt 0.06072615 0.90596014
vt 0.07414233 0.90940291
vt 0.06564572 0.91872793
vt 0.06792048 0.92073923
vt 0.05639597 0.92723209
vt 0.06049123 0.93109536
vt 0.04990049 0.90944088
vt 0.05315481 0.92213291
vt 0.07015280 0.90940517
vt 0.06074784 0.91287756
vt 0.05892352 0.90942138
vt 0.06417070 0.90941334
vt 0.05082525 0.91604805
vt 0.05315481 0.92213291
vt 0.04121124 0.91871345
vt 0.03088916 0.90950096
vt 0.03174768 0.92108345
vt 0.04379441 0.92722774
vt 0.03443199 0.93174648
vt 0.04789537 0.93437183
vt 0.03915443 0.94070888
vt 0.05338840 0.93983877
vt 0.04580692 0.94771254
vt 0.03174767 0.92108333
vt 0.02199879 0.92345393
vt 0.03443198 0.93174630
vt 0.01331249 0.90956759
vt 0.01190777 0.92597932
vt 0.02397195 0.93633223
vt 0.01050305 0.94239080
vt 0.01788230 0.95354015
vt 0.02911633 0.94699752
vt 0.03443199 0.93174630
vt 0.02526153 0.96468925
vt 0.03683612 0.95569497
vt 0.03931660 0.97258770
vt 0.04580692 0.94771236
vt 0.04707771 0.96211648
vt 0.05337166 0.98048592
vt 0.05406002 0.95251429
vt 0.05842793 0.96493250
vt 0.06001751 0.94339579
vt 0.06049124 0.93109542
vt 0.06535767 0.93355381
vt 0.06301919 0.95441258
vt 0.06698301 0.94477576
vt 0.06990804 0.96207201
vt 0.06787468 0.97153449
vt 0.07182339 0.95296901
vt 0.06301918 0.95441258
vt 0.08132499 0.95678085
vt 0.08237769 0.96258289
vt 0.07352344 0.94384944
vt 0.08031098 0.94926023
vt 0.09269053 0.95186681
vt 0.09749386 0.95900786
vt 0.10390882 0.94714820
vt 0.11261003 0.95543277
vt 0.09520759 0.93886352
vt 0.08840435 0.94451624
vt 0.09060460 0.93239319
vt 0.08523382 0.93704528
vt 0.08600160 0.92592251
vt 0.07957426 0.94107109
vt 0.08236630 0.92886281
vt 0.08085725 0.91766489
vt 0.07872264 0.93179137
vt 0.07914843 0.91946048
vt 0.07571290 0.90940714
vt 0.07477913 0.93379790
vt 0.07736602 0.92103183
vt 0.07569941 0.90940714
vt 0.07036442 0.93453026
vt 0.07542924 0.92213583
vt 0.07336220 0.92287362
vt 0.07054257 0.92204392
vt 0.06792047 0.92073905
vt 0.07563850 0.90940523
vt 0.09737331 0.85945237
vt 0.10389151 0.87133384
vt 0.11259319 0.86295688
vt 0.09258786 0.86665833
vt 0.08215340 0.85594779
vt 0.09518983 0.87971079
vt 0.08113311 0.86179388
vt 0.06750713 0.84707737
vt 0.08832456 0.87406754
vt 0.09059633 0.88621926
vt 0.06962196 0.85656285
vt 0.05286085 0.83820671
vt 0.08016560 0.86935389
vt 0.08518326 0.88158476
vt 0.08600281 0.89272749
vt 0.07948013 0.87758112
vt 0.08234222 0.88981563
vt 0.08085787 0.90106738
vt 0.07913972 0.89928162
vt 0.07571290 0.90940714
vt 0.07569941 0.90940714
vt 0.90002906 0.75860643
vt 0.89875263 0.75175649
vt 0.89593601 0.74838042
vt 0.89519441 0.75553006
vt 0.90130532 0.76545620
vt 0.89311922 0.74500436
vt 0.89398438 0.76378900
vt 0.89066142 0.75238580
vt 0.03908746 0.40555787
vt 0.04428711 0.40015179
vt 0.03829509 0.40384686
vt 0.03330771 0.41086996
vt 0.03484789 0.41428351
vt 0.03216717 0.40746534
vt 0.03985994 0.40721762
vt 0.04479062 0.40015179
vt 0.03740907 0.40203154
vt 0.04249451 0.40015173
vt 0.04428711 0.40015179
vt 0.03829509 0.39645654
vt 0.03945909 0.40015173
vt 0.03740907 0.39827186
vt 0.03668757 0.40015173
vt 0.03158126 0.40386975
vt 0.03158126 0.39643359
vt 0.03216717 0.39283800
vt 0.03142980 0.40015173
vt 0.02525852 0.40015173
vt 0.02532245 0.40565354
vt 0.02532245 0.39464986
vt 0.02592462 0.41098088
vt 0.03330771 0.41086996
vt 0.01949377 0.40015167
vt 0.01952313 0.40748471
vt 0.02021727 0.41456783
vt 0.02746825 0.41601682
vt 0.02953433 0.42087626
vt 0.02213977 0.42121935
vt 0.02422076 0.42746896
vt 0.02116960 0.43460953
vt 0.01789292 0.42670822
vt 0.01811844 0.44175011
vt 0.01410197 0.43240535
vt 0.01547413 0.41844720
vt 0.01008549 0.42306060
vt 0.01080883 0.41160619
vt 0.01485317 0.40947163
vt 0.02021727 0.41456783
vt 0.01952313 0.40748465
vt 0.01153216 0.40015167
vt 0.01494327 0.40015167
vt 0.01952313 0.39281869
vt 0.01485318 0.39083159
vt 0.02021728 0.38573545
vt 0.01080886 0.38869703
vt 0.01547416 0.38185596
vt 0.01008555 0.37724227
vt 0.01410203 0.36789763
vt 0.01789295 0.37359500
vt 0.01811850 0.35855305
vt 0.02116963 0.36569369
vt 0.02021728 0.38573539
vt 0.02213978 0.37908387
vt 0.02422076 0.37283427
vt 0.02953433 0.37942708
vt 0.02746825 0.38428640
vt 0.03484789 0.38601983
vt 0.02592462 0.38932240
vt 0.01952313 0.39281869
vt 0.03330771 0.38943338
vt 0.03330771 0.38943338
vt 0.03908745 0.39474547
vt 0.04428711 0.40015179
vt 0.03985994 0.39308584
vt 0.04479062 0.40015179
vt 0.24416114 0.57613254
vt 0.26242360 0.57613349
vt 0.25260463 0.57236236
vt 0.23930581 0.57277477
vt 0.22589865 0.57613152
vt 0.24278563 0.56859118
vt 0.22597225 0.57281023
vt 0.23462081 0.56953382
vt 0.23449481 0.56545371
vt 0.23031765 0.56655538
vt 0.22620393 0.56231612
vt 0.22604160 0.56978828
vt 0.22610447 0.56714737
vt 0.22617830 0.56390345
vt 0.22615848 0.56560832
vt 0.22610447 0.56714743
vt 0.22191851 0.56637001
vt 0.21778214 0.56508487
vt 0.22604160 0.56978828
vt 0.21748003 0.56915557
vt 0.20936033 0.56785357
vt 0.21265283 0.57218671
vt 0.22589865 0.57613152
vt 0.19938433 0.57118827
vt 0.20765349 0.57532722
vt 0.18940829 0.57452285
vt 0.23495735 0.30920684
vt 0.22565806 0.30054927
vt 0.24334900 0.31840909
vt 0.25266939 0.31057131
vt 0.26093504 0.32118642
vt 0.25097460 0.32825691
vt 0.26269081 0.30214334
vt 0.27185053 0.31347620
vt 0.28031322 0.32591224
vt 0.26848570 0.33280414
vt 0.27517533 0.34564936
vt 0.26405603 0.35044885
vt 0.25431606 0.35452646
vt 0.24584296 0.35799110
vt 0.23851420 0.36111522
vt 0.23240390 0.36496472
vt 0.22739927 0.37094432
vt 0.22248699 0.37882352
vt 0.21701694 0.38812023
vt 0.22194707 0.40441096
vt 0.22686391 0.39365506
vt 0.23087993 0.38398015
vt 0.23399708 0.37573135
vt 0.23594899 0.37002176
vt 0.24130337 0.36926585
vt 0.24150234 0.37777317
vt 0.24906163 0.36778998
vt 0.23985876 0.38713503
vt 0.23700964 0.39750159
vt 0.25021991 0.37794864
vt 0.25825819 0.36554134
vt 0.23310684 0.40879309
vt 0.24959344 0.38860035
vt 0.26015979 0.37698150
vt 0.26870894 0.36264741
vt 0.24759926 0.39988494
vt 0.26022553 0.38883090
vt 0.22825012 0.42082340
vt 0.27122244 0.37523901
vt 0.27181435 0.38816953
vt 0.25882488 0.40111363
vt 0.27089623 0.40145451
vt 0.24445054 0.41186875
vt 0.26878959 0.41517687
vt 0.25623155 0.41392708
vt 0.26577821 0.42934000
vt 0.25269517 0.42728651
vt 0.24032968 0.42450821
vt 0.26208436 0.44356108
vt 0.22270033 0.43313396
vt 0.24846536 0.44080800
vt 0.23549941 0.43739271
vt 0.21678117 0.44518197
vt 0.23026106 0.44999969
vt 0.21090633 0.45636046
vt 0.24380742 0.45398867
vt 0.22498980 0.46172893
vt 0.20544764 0.46616554
vt 0.20051949 0.47456944
vt 0.22002544 0.47207975
vt 0.21549180 0.48102951
vt 0.23904999 0.46624839
vt 0.25793004 0.45734668
vt 0.23028718 0.48654997
vt 0.23449667 0.47710574
vt 0.24537073 0.49144030
vt 0.25359699 0.47014654
vt 0.24935558 0.48150986
vt 0.27316195 0.46017742
vt 0.26919255 0.47356772
vt 0.28638384 0.47647417
vt 0.26518297 0.48549139
vt 0.26133186 0.49596083
vt 0.24230017 0.28070974
vt 0.26269084 0.30214334
vt 0.28269637 0.30568337
vt 0.27185050 0.31347620
vt 0.29146406 0.29777759
vt 0.29288995 0.31822091
vt 0.28031325 0.32591224
vt 0.30607074 0.30746901
vt 0.29571995 0.29004514
vt 0.28654051 0.28209162
vt 0.30094165 0.33345944
vt 0.29766241 0.28333861
vt 0.28990600 0.27927524
vt 0.30541879 0.28740191
vt 0.30595005 0.29365283
vt 0.30607074 0.30746901
vt 0.30681026 0.34969091
vt 0.29305953 0.35498691
vt 0.32108644 0.34310663
vt 0.31474540 0.32565206
vt 0.32101348 0.30054969
vt 0.33284318 0.28698319
vt 0.32005674 0.28116262
vt 0.31489459 0.28975129
vt 0.31497920 0.27744794
vt 0.31019902 0.28242493
vt 0.30541879 0.28740191
vt 0.32561097 0.97411215
vt 0.31092039 0.96408468
vt 0.30862191 0.97152948
vt 0.31992540 0.97694623
vt 0.34030154 0.98413956
vt 0.33065706 0.98407626
vt 0.30730563 0.97579277
vt 0.31457075 0.97926319
vt 0.32101259 0.98401296
vt 0.31284583 0.98415667
vt 0.30975932 0.98106891
vt 0.30730563 0.97579283
vt 0.30467901 0.98430026
vt 0.30526394 0.98240608
vt 0.30635011 0.97888780
vt 0.30230463 0.97876734
vt 0.29801470 0.97957760
vt 0.30585378 0.98049533
vt 0.29934865 0.97456342
vt 0.29135031 0.97485483
vt 0.28334877 0.96947044
vt 0.29623216 0.96963108
vt 0.27534723 0.96408588
vt 0.29313383 0.96408534
vt 0.31092039 0.96408468
vt 0.91143221 0.46672046
vt 0.92377245 0.46684617
vt 0.92260993 0.45216417
vt 0.91305929 0.45167762
vt 0.92099774 0.43761039
vt 0.91433489 0.43710577
vt 0.90338117 0.44889975
vt 0.90797162 0.43310773
vt 0.89879042 0.46469164
vt 0.90974951 0.48180664
vt 0.89484358 0.48005205
vt 0.92454565 0.48163307
vt 0.92377251 0.46684623
vt 0.90811831 0.49730611
vt 0.89089650 0.49541235
vt 0.88789099 0.51309639
vt 0.92506808 0.49688780
vt 0.90674758 0.51387185
vt 0.88488537 0.53078026
vt 0.93924606 0.47829837
vt 0.93594837 0.46359551
vt 0.94201690 0.49355614
vt 0.92547780 0.51310575
vt 0.90598434 0.53192514
vt 0.88684630 0.55278188
vt 0.90647590 0.55198377
vt 0.88880694 0.57478333
vt 0.92583382 0.53092468
vt 0.94426763 0.50997376
vt 0.95938224 0.48784709
vt 0.95398158 0.47300011
vt 0.94858062 0.45815295
vt 0.96324515 0.50525308
vt 0.94109571 0.44391376
vt 0.94586933 0.52806723
vt 0.96710795 0.52265894
vt 0.93192768 0.44919342
vt 0.92377245 0.46684617
vt 0.92260987 0.45216411
vt 0.93361056 0.42967451
vt 0.92752588 0.43534839
vt 0.92099774 0.43761039
vt 0.92357200 0.42415404
vt 0.92447698 0.41551751
vt 0.91887754 0.42281830
vt 0.91534311 0.40136045
vt 0.92616498 0.55066800
vt 0.94635785 0.54855037
vt 0.96710801 0.54584271
vt 0.90792114 0.57272178
vt 0.89444697 0.59491146
vt 0.92646450 0.57125968
vt 0.94580823 0.57000202
vt 0.96710789 0.56902629
vt 0.96169114 0.59147954
vt 0.91041380 0.59275299
vt 0.90008676 0.61503947
vt 0.91351324 0.61132944
vt 0.94388628 0.59101927
vt 0.95627409 0.61393267
vt 0.94137335 0.61043984
vt 0.92673707 0.59136057
vt 0.92673707 0.59136063
vt 0.92707145 0.60997820
vt 0.92707145 0.60997820
vt 0.92755187 0.62654477
vt 0.92755187 0.62654483
vt 0.91705459 0.62764251
vt 0.90008676 0.61503947
vt 0.92816180 0.64184397
vt 0.90689743 0.62980282
vt 0.93871975 0.62701774
vt 0.95627409 0.61393267
vt 0.92816192 0.64184403
vt 0.95034599 0.62860084
vt 0.92093170 0.64270383
vt 0.92885923 0.65682417
vt 0.91370785 0.64456594
vt 0.93592912 0.64215374
vt 0.92885923 0.65682423
vt 0.94441772 0.64326876
vt 0.92517489 0.65729088
vt 0.92959899 0.67174608
vt 0.92163473 0.65814686
vt 0.92958033 0.67173690
vt 0.92956150 0.67172772
vt 0.93283802 0.65695947
vt 0.92959899 0.67174608
vt 0.93703258 0.65746427
vt 0.92962313 0.67170280
vt 0.92964727 0.67165953
vt 0.61764044 0.59118682
vt 0.59067488 0.59134996
vt 0.60373604 0.60404414
vt 0.60173112 0.58029664
vt 0.63154465 0.57832932
vt 0.61086768 0.56735200
vt 0.63852811 0.55982119
vt 0.61748791 0.55208367
vt 0.64551139 0.54131299
vt 0.62226957 0.53532231
vt 0.64808339 0.52167958
vt 0.62526476 0.51753390
vt 0.65065533 0.50204599
vt 0.58576071 0.57104540
vt 0.59210646 0.55898315
vt 0.59700149 0.54524076
vt 0.57792187 0.58169472
vt 0.57353914 0.55255908
vt 0.60065931 0.53005105
vt 0.57769817 0.60050565
vt 0.56845975 0.59141707
vt 0.58599859 0.61136091
vt 0.60373604 0.60404414
vt 0.56826103 0.61867750
vt 0.56288999 0.60860193
vt 0.56927979 0.56410336
vt 0.57792187 0.58169478
vt 0.57699376 0.53965056
vt 0.54620332 0.61587423
vt 0.55017418 0.62073547
vt 0.52834904 0.62299967
vt 0.53208727 0.62279332
vt 0.52461070 0.62320596
vt 0.54216391 0.61147022
vt 0.55672187 0.60107213
vt 0.54914558 0.59540248
vt 0.55509073 0.54773909
vt 0.55249768 0.55856222
vt 0.55723149 0.53488076
vt 0.56406087 0.57470948
vt 0.54990447 0.56938517
vt 0.54565126 0.57962799
vt 0.55752337 0.58482844
vt 0.54139799 0.58987069
vt 0.57984263 0.52554631
vt 0.55937213 0.52202231
vt 0.53835624 0.60738862
vt 0.53454250 0.60352355
vt 0.58221436 0.51024294
vt 0.56172895 0.50709754
vt 0.60325718 0.51370114
vt 0.54216391 0.61147016
vt 0.55672187 0.60107219
vt 0.52461070 0.62320596
vt 0.52614886 0.62019122
vt 0.52768689 0.61717641
vt 0.58392179 0.49385333
vt 0.56408566 0.49217260
vt 0.62658066 0.49865842
vt 0.60465676 0.49619383
vt 0.58467448 0.47628748
vt 0.56537551 0.47478884
vt 0.60465139 0.47756124
vt 0.62570500 0.47838551
vt 0.64765328 0.47900599
vt 0.58431923 0.45810342
vt 0.56666517 0.45740497
vt 0.60307592 0.45823550
vt 0.62285376 0.45741057
vt 0.64465117 0.45596588
vt 0.63611859 0.43309963
vt 0.61773014 0.43634224
vt 0.62758583 0.41023326
vt 0.61108488 0.41565907
vt 0.59986252 0.43871498
vt 0.58258498 0.43976223
vt 0.56572545 0.44000244
vt 0.59528834 0.41936338
vt 0.57974011 0.42155445
vt 0.56478560 0.42259991
vt 0.58970052 0.40051174
vt 0.57588565 0.40378511
vt 0.58337843 0.38249582
vt 0.56199867 0.40631056
vt 0.60330105 0.39599085
vt 0.62758583 0.41023326
vt 0.61680812 0.39055347
vt 0.57133347 0.38652921
vt 0.55921167 0.39002109
vt 0.55554450 0.37388301
vt 0.59490436 0.37751067
vt 0.60603029 0.37087357
vt 0.56623179 0.36997426
vt 0.55187726 0.35774475
vt 0.56076115 0.35461986
vt 0.57658297 0.36566496
vt 0.58628494 0.36076474
vt 0.59553635 0.35534227
vt 0.60603029 0.37087357
vt 0.58504230 0.33981091
vt 0.57775533 0.34570539
vt 0.57651955 0.32781959
vt 0.56956673 0.35041970
vt 0.56959516 0.33242512
vt 0.56799662 0.31582814
vt 0.56242406 0.33682227
vt 0.56110364 0.31941241
vt 0.55763555 0.30122119
vt 0.55487883 0.34090126
vt 0.55187726 0.35774475
vt 0.54721802 0.34476888
vt 0.55462587 0.32353115
vt 0.55161637 0.30527651
vt 0.54727441 0.28661418
vt 0.54156947 0.29049253
vt 0.54813999 0.32746184
vt 0.54569048 0.30925918
vt 0.54255861 0.33179295
vt 0.53586447 0.29437089
vt 0.53429985 0.31668383
vt 0.53095275 0.29797280
vt 0.53992414 0.31301457
vt 0.55462581 0.32353115
vt 0.52604103 0.30157465
vt 0.91433501 0.43710577
vt 0.91495216 0.42530704
vt 0.91165745 0.41723412
vt 0.91534311 0.40136045
vt 0.91887760 0.42281830
vt 0.91887754 0.42281830
vt 0.91495216 0.42530704
vt 0.91433495 0.43710577
vt 0.97551256 0.69232327
vt 0.98694378 0.69505203
vt 0.98525369 0.68562460
vt 0.97602594 0.68391788
vt 0.96408123 0.68959451
vt 0.98356342 0.67619705
vt 0.96670657 0.68237120
vt 0.95291048 0.69009596
vt 0.97689825 0.67601115
vt 0.98481649 0.67008072
vt 0.95738429 0.68139863
vt 0.94173962 0.69059736
vt 0.94812143 0.68054843
vt 0.96933162 0.67484319
vt 0.97856265 0.66934264
vt 0.98606932 0.66396433
vt 0.96161288 0.67335027
vt 0.95450306 0.67049944
vt 0.97207582 0.66829520
vt 0.98053771 0.66369939
vt 0.98681253 0.65942729
vt 0.96530271 0.66688061
vt 0.95839119 0.66511470
vt 0.97492766 0.66283345
vt 0.98244524 0.65898710
vt 0.98755550 0.65489012
vt 0.96892297 0.66160476
vt 0.96227914 0.65972972
vt 0.98435342 0.65483773
vt 0.98795766 0.65110189
vt 0.97788435 0.65831387
vt 0.97294086 0.65732396
vt 0.98632634 0.65101182
vt 0.98835963 0.64731359
vt 0.96767592 0.65608746
vt 0.96227914 0.65972972
vt 0.97307241 0.65244508
vt 0.97747040 0.65365958
vt 0.98107815 0.65441167
vt 0.98461407 0.65079838
vt 0.98835558 0.64731187
vt 0.98835140 0.64731002
vt 0.98273796 0.65040112
vt 0.97307241 0.65244508
vt 0.98834854 0.64730406
vt 0.98070902 0.64987153
vt 0.98834550 0.64729786
vt 0.14687809 0.97097641
vt 0.13507701 0.97108465
vt 0.13382803 0.97930628
vt 0.14584509 0.96567303
vt 0.13632599 0.96286291
vt 0.14450100 0.96045816
vt 0.15992814 0.96264631
vt 0.15614681 0.96080220
vt 0.15249063 0.95707345
vt 0.16527559 0.95704168
vt 0.17210752 0.96161819
vt 0.15907784 0.95314038
vt 0.17200197 0.95106173
vt 0.18428683 0.96058989
vt 0.16354741 0.94713736
vt 0.16542387 0.93779671
vt 0.17460626 0.93923372
vt 0.18516779 0.94161081
vt 0.17411430 0.92451686
vt 0.18604870 0.92263156
vt 0.16490862 0.92645842
vt 0.17080730 0.90972602
vt 0.18033671 0.90328974
vt 0.16239442 0.91512614
vt 0.16555235 0.89784193
vt 0.17462470 0.88394773
vt 0.15836221 0.90585059
vt 0.15858959 0.89209676
vt 0.16436604 0.88309371
vt 0.15327893 0.90013015
vt 0.15077782 0.88942552
vt 0.15410735 0.88223940
vt 0.14746788 0.89720899
vt 0.14268962 0.88718337
vt 0.14398751 0.87803233
vt 0.13452311 0.88517547
vt 0.13386765 0.87382519
vt 0.13517855 0.89652568
vt 0.14124319 0.89596969
vt 0.13446493 0.90407658
vt 0.13948882 0.90374756
vt 0.13375129 0.91162717
vt 0.14428927 0.90450573
vt 0.13773717 0.91090620
vt 0.13339880 0.91823721
vt 0.14862584 0.90712053
vt 0.13625851 0.91768825
vt 0.13304628 0.92484707
vt 0.14139841 0.91133213
vt 0.15240026 0.91207576
vt 0.13507220 0.92438138
vt 0.13324146 0.93144119
vt 0.13892668 0.91789603
vt 0.13684481 0.92444646
vt 0.13418591 0.93117154
vt 0.13343664 0.93803519
vt 0.14464423 0.91343015
vt 0.15548281 0.91950262
vt 0.13506836 0.93117887
vt 0.13344461 0.93803406
vt 0.13345256 0.93803293
vt 0.13842236 0.92547274
vt 0.13892670 0.91789603
vt 0.14129232 0.91945165
vt 0.13586366 0.93168974
vt 0.13345894 0.93803716
vt 0.14747655 0.91743243
vt 0.14337701 0.92248452
vt 0.13983141 0.92752671
vt 0.13658059 0.93272978
vt 0.13346529 0.93804121
vt 0.14985092 0.92328495
vt 0.14515950 0.92688817
vt 0.13720495 0.93423730
vt 0.13346945 0.93804526
vt 0.14105095 0.93050486
vt 0.15746315 0.92833859
vt 0.13760534 0.93599749
vt 0.13347358 0.93804902
vt 0.15140411 0.93018800
vt 0.15791485 0.93721783
vt 0.16354741 0.94713736
vt 0.14632683 0.93206018
vt 0.14184041 0.93399048
vt 0.13765794 0.93775618
vt 0.13347214 0.93805277
vt 0.14196856 0.93748409
vt 0.15662965 0.94475818
vt 0.15176173 0.93714297
vt 0.14656593 0.93726498
vt 0.13738902 0.93925518
vt 0.13347068 0.93805629
vt 0.14146020 0.94046903
vt 0.15351199 0.94996381
vt 0.15082294 0.94310141
vt 0.14585567 0.94172519
vt 0.14869970 0.95340276
vt 0.14856514 0.94728029
vt 0.14500472 0.95000350
vt 0.14423211 0.94485176
vt 0.14166947 0.94684708
vt 0.14038002 0.94255251
vt 0.13869593 0.94385362
vt 0.13684514 0.94029808
vt 0.13346839 0.93805957
vt 0.13600633 0.94094032
vt 0.13346606 0.93806273
vt 0.13640139 0.94460768
vt 0.14166947 0.94684702
vt 0.13486588 0.94129932
vt 0.13346294 0.93806362
vt 0.13354495 0.94150138
vt 0.13345979 0.93806434
vt 0.13363010 0.94493824
vt 0.13821046 0.94809550
vt 0.13424319 0.94893634
vt 0.14500470 0.95000356
vt 0.14026651 0.95181674
vt 0.13485625 0.95293427
vt 0.13559113 0.95789874
vt 0.14249416 0.95591152
vt 0.13632599 0.96286291
vt 0.14869970 0.95340276
vt 0.14450099 0.96045828
vt 0.55580741 0.25111091
vt 0.56499332 0.25079238
vt 0.55789924 0.24486697
vt 0.56379074 0.25948608
vt 0.55522966 0.25504786
vt 0.56225133 0.26865733
vt 0.54642993 0.24447691
vt 0.54141921 0.24906647
vt 0.57189083 0.26663160
vt 0.56927288 0.28226668
vt 0.53654927 0.23878801
vt 0.52760863 0.24308515
vt 0.54548985 0.23449081
vt 0.55095267 0.23936856
vt 0.55789912 0.24486697
vt 0.57242090 0.25564873
vt 0.58153331 0.26918697
vt 0.58238661 0.28217423
vt 0.58039075 0.25792480
vt 0.59152859 0.26791239
vt 0.59550023 0.28208160
vt 0.58829176 0.25744224
vt 0.60055822 0.26282334
vt 0.60687721 0.27218556
vt 0.59531713 0.25443053
vt 0.60728592 0.25548661
vt 0.61825401 0.26228940
vt 0.60069788 0.24941665
vt 0.61009347 0.24682057
vt 0.61682987 0.25061268
vt 0.60400450 0.24297166
vt 0.61193812 0.23738652
vt 0.61540568 0.23893583
vt 0.60612911 0.23554516
vt 0.61565310 0.22753024
vt 0.62363374 0.22674072
vt 0.62015259 0.21759164
vt 0.63186163 0.21454567
vt 0.60844344 0.22063756
vt 0.60795188 0.22764999
vt 0.60159892 0.21949351
vt 0.60139775 0.22634196
vt 0.59475434 0.21834940
vt 0.60058838 0.23296821
vt 0.60058826 0.23296821
vt 0.59531945 0.22422445
vt 0.58823889 0.21691549
vt 0.59520966 0.22981483
vt 0.59883392 0.23892516
vt 0.59520966 0.22981483
vt 0.58910716 0.22177517
vt 0.58172333 0.21548152
vt 0.58944315 0.22631919
vt 0.58214533 0.21915966
vt 0.57337290 0.21462989
vt 0.58260781 0.22246957
vt 0.57392156 0.21649438
vt 0.56502247 0.21377826
vt 0.57425767 0.21824080
vt 0.56501991 0.21378833
vt 0.56501728 0.21379834
vt 0.58225900 0.22532332
vt 0.57412314 0.21975875
vt 0.56501067 0.21380901
vt 0.57346094 0.22084701
vt 0.56500393 0.21381956
vt 0.58095986 0.22739464
vt 0.57874388 0.22839028
vt 0.57229483 0.22132850
vt 0.56499577 0.21382803
vt 0.57074946 0.22122246
vt 0.56498748 0.21383643
vt 0.57582575 0.22832191
vt 0.56897801 0.22061646
vt 0.56498033 0.21384132
vt 0.57247734 0.22731405
vt 0.57973218 0.23499012
vt 0.56714737 0.21967751
vt 0.56497300 0.21384621
vt 0.56901574 0.22563744
vt 0.56541568 0.21858484
vt 0.56496751 0.21384823
vt 0.58374202 0.23474801
vt 0.58095980 0.22739458
vt 0.58682436 0.23314822
vt 0.57512772 0.23394829
vt 0.58278805 0.24165773
vt 0.58768785 0.24083167
vt 0.59150887 0.23846108
vt 0.56574166 0.22359854
vt 0.56389129 0.21748877
vt 0.56496191 0.21385026
vt 0.56284463 0.22150022
vt 0.56182522 0.22621369
vt 0.56039685 0.21952099
vt 0.56262451 0.21648359
vt 0.56495088 0.21385336
vt 0.56585670 0.22915649
vt 0.56076735 0.23178035
vt 0.56149226 0.21549517
vt 0.56493974 0.21385634
vt 0.55804473 0.21713388
vt 0.57036477 0.23188901
vt 0.56580496 0.23548609
vt 0.55954969 0.23817772
vt 0.57717031 0.24090075
vt 0.56559950 0.24273759
vt 0.57134742 0.23873895
vt 0.57211232 0.24653548
vt 0.57891941 0.24867874
vt 0.58549631 0.24891853
vt 0.59126669 0.24722493
vt 0.59580201 0.24379992
vt 0.59400147 0.23468351
vt 0.58682436 0.23314822
vt 0.58872962 0.23023331
vt 0.58095980 0.22739464
vt 0.58944321 0.22631919
vt 0.58260787 0.22246957
vt 0.88443667 0.91505593
vt 0.87909055 0.90784377
vt 0.87885058 0.91375440
vt 0.88433176 0.90787935
vt 0.89127445 0.91498345
vt 0.88995701 0.90768021
vt 0.88339812 0.90162373
vt 0.88863933 0.90037674
vt 0.87853628 0.90244824
vt 0.87399107 0.90307230
vt 0.87432247 0.90767074
vt 0.87885052 0.91375440
vt 0.87751204 0.92005652
vt 0.88309020 0.92356122
vt 0.89127445 0.91498345
vt 0.88941354 0.92775202
vt 0.87467748 0.92576164
vt 0.87978470 0.93118382
vt 0.88755238 0.94052041
vt 0.87395686 0.91253144
vt 0.87751198 0.92005658
vt 0.87271804 0.91745824
vt 0.87467748 0.92576164
vt 0.86974055 0.90740436
vt 0.86936861 0.91139531
vt 0.86952251 0.90358257
vt 0.87040323 0.92194587
vt 0.86830574 0.91534013
vt 0.86691159 0.92552102
vt 0.87013203 0.92997473
vt 0.86502683 0.90705496
vt 0.86487114 0.90405828
vt 0.86471051 0.91017359
vt 0.86878037 0.90006602
vt 0.86427754 0.90132552
vt 0.87308413 0.89881277
vt 0.87740058 0.89744580
vt 0.88192904 0.89588547
vt 0.88863933 0.90037674
vt 0.88663983 0.89423627
vt 0.87991798 0.89012277
vt 0.88464022 0.88809544
vt 0.87562412 0.89259756
vt 0.87153238 0.89479685
vt 0.86744928 0.89680904
vt 0.87724638 0.88383543
vt 0.88150501 0.87960064
vt 0.87314463 0.88776517
vt 0.87422454 0.87736940
vt 0.87836963 0.87110585
vt 0.87007928 0.88363284
vt 0.86929613 0.89092010
vt 0.87007928 0.88363284
vt 0.86666018 0.88717115
vt 0.86550695 0.89372081
vt 0.86324090 0.89070922
vt 0.85975182 0.89427400
vt 0.86161345 0.89651477
vt 0.85626251 0.89783847
vt 0.86319584 0.89883441
vt 0.85760915 0.89941823
vt 0.85282606 0.90175700
vt 0.85874391 0.90097564
vt 0.85352331 0.90250230
vt 0.84938949 0.90567535
vt 0.85952264 0.90266931
vt 0.85411716 0.90328139
vt 0.84939283 0.90567958
vt 0.84939617 0.90568364
vt 0.85452664 0.90414119
vt 0.84939802 0.90568918
vt 0.85995102 0.90455472
vt 0.85475278 0.90510714
vt 0.84939957 0.90569448
vt 0.86006111 0.90664053
vt 0.85481083 0.90618175
vt 0.84939915 0.90570039
vt 0.85983533 0.90881097
vt 0.85469359 0.90730017
vt 0.84939855 0.90570599
vt 0.86386585 0.91321397
vt 0.85438794 0.90837759
vt 0.84939563 0.90571123
vt 0.85924423 0.91091061
vt 0.86644226 0.91889024
vt 0.85388148 0.90931302
vt 0.84939259 0.90571630
vt 0.85825700 0.91274762
vt 0.86243373 0.91590863
vt 0.86372900 0.92172641
vt 0.85317224 0.91002059
vt 0.84938765 0.90571988
vt 0.86039150 0.91802150
vt 0.85686600 0.91415727
vt 0.86036479 0.92378134
vt 0.85230172 0.91049111
vt 0.84938252 0.90572327
vt 0.85786784 0.91950971
vt 0.85515350 0.91511703
vt 0.85132277 0.91075319
vt 0.84937745 0.90572596
vt 0.85322696 0.91568017
vt 0.85029072 0.91090798
vt 0.84937227 0.90572852
vt 0.85120916 0.91608739
vt 0.85206676 0.92104167
vt 0.85503370 0.92042989
vt 0.85292429 0.92599565
vt 0.85662407 0.92511171
vt 0.85293400 0.93114233
vt 0.85781401 0.92992979
vt 0.85294354 0.93628871
vt 0.86257482 0.92814863
vt 0.85848671 0.93541992
vt 0.85079920 0.94598639
vt 0.86448169 0.93304062
vt 0.85841912 0.94224298
vt 0.84865475 0.95568407
vt 0.85798776 0.94957709
vt 0.86608642 0.93864685
vt 0.86732078 0.94346994
vt 0.87361306 0.93556553
vt 0.87743670 0.94199532
vt 0.87978470 0.93118387
vt 0.88755238 0.94052041
vt 0.89994150 0.66577071
vt 0.90109307 0.66553897
vt 0.89822841 0.66111809
vt 0.90156001 0.67039609
vt 0.90395743 0.66995978
vt 0.90296465 0.67498279
vt 0.90622395 0.67431349
vt 0.90419900 0.67958862
vt 0.90849024 0.67866701
vt 0.90532488 0.68434995
vt 0.91036195 0.68332380
vt 0.90676099 0.68965966
vt 0.91223341 0.68798053
vt 0.90899801 0.69603145
vt 0.91708636 0.69625199
vt 0.91154659 0.70282894
vt 0.92193913 0.70452338
vt 0.90115386 0.70113450
vt 0.90110832 0.69584322
vt 0.89328384 0.70229697
vt 0.90054047 0.69012457
vt 0.89382929 0.69601715
vt 0.88541365 0.70345932
vt 0.88682824 0.69624865
vt 0.89436752 0.69006318
vt 0.88824272 0.68903786
vt 0.90019172 0.68494052
vt 0.89499778 0.68494087
vt 0.88977182 0.68454099
vt 0.89997345 0.68014491
vt 0.89568138 0.68022597
vt 0.89130068 0.68004388
vt 0.89969438 0.67544079
vt 0.89636475 0.67555857
vt 0.89298999 0.67548275
vt 0.89930218 0.67072082
vt 0.89701444 0.67083973
vt 0.89467913 0.67092139
vt 0.89879310 0.66594142
vt 0.89822388 0.66112119
vt 0.89821923 0.66112429
vt 0.89762598 0.66600984
vt 0.89644337 0.66602486
vt 0.89821339 0.66112638
vt 0.89820743 0.66112828
vt 0.98699218 0.42092228
vt 0.98799515 0.40853643
vt 0.98001838 0.40843987
vt 0.97973591 0.41944534
vt 0.98598909 0.43330812
vt 0.97204143 0.40834332
vt 0.97943318 0.43029869
vt 0.98712754 0.44569939
vt 0.97294170 0.41799903
vt 0.96711874 0.40844446
vt 0.97933006 0.44089675
vt 0.98826593 0.45809054
vt 0.97918987 0.45130908
vt 0.97277629 0.42735505
vt 0.96724236 0.41661334
vt 0.96219581 0.40854549
vt 0.97206199 0.43625873
vt 0.97011369 0.44452763
vt 0.96694183 0.42451489
vt 0.96234441 0.41524148
vt 0.95819175 0.40873009
vt 0.96605259 0.43197531
vt 0.96469718 0.43915051
vt 0.96195394 0.42169023
vt 0.95806718 0.41384327
vt 0.95418739 0.40891469
vt 0.96101445 0.42777675
vt 0.95928031 0.43377328
vt 0.95570230 0.42791367
vt 0.95684350 0.42342007
vt 0.95212412 0.42205393
vt 0.95766646 0.41877675
vt 0.95421773 0.41238129
vt 0.95075345 0.40907818
vt 0.95326954 0.41887891
vt 0.95391405 0.41572756
vt 0.95069426 0.41083658
vt 0.94731927 0.40924168
vt 0.95052445 0.41252995
vt 0.94731879 0.40924501
vt 0.95326948 0.41887897
vt 0.94731826 0.40924835
vt 0.95018446 0.41411781
vt 0.94971734 0.41565502
vt 0.94731444 0.40925217
vt 0.94731045 0.40925598
vt 0.56182522 0.22621369
vt 0.56284457 0.22150028
vt 0.55836093 0.22342348
vt 0.55804473 0.21713388
vt 0.55522192 0.22067738
vt 0.56076735 0.23178035
vt 0.55632949 0.22815502
vt 0.55239898 0.22422081
vt 0.54894447 0.22935587
vt 0.55402648 0.23370433
vt 0.54548985 0.23449081
vt 0.55954963 0.23817772
vt 0.15966465 0.70446521
vt 0.18419297 0.67313796
vt 0.15966465 0.67313796
vt 0.18419297 0.70446521
vt 0.20941894 0.67313796
vt 0.20941892 0.70446521
vt 0.18419296 0.73655736
vt 0.20941892 0.73655736
vt 0.15966463 0.73655736
vt 0.13559368 0.70446527
vt 0.13559367 0.73655742
vt 0.13559367 0.67313796
vt 0.15966463 0.67313790
vt 0.15966463 0.64312482
vt 0.13559370 0.64312482
vt 0.18419297 0.64312482
vt 0.20941891 0.67313790
vt 0.11189128 0.67313790
vt 0.11189127 0.70446521
vt 0.11189128 0.64312482
vt 0.13559367 0.61411369
vt 0.15966463 0.61411369
vt 0.11189128 0.61411369
vt 0.11189128 0.58546627
vt 0.13559370 0.58546615
vt 0.11189128 0.55610192
vt 0.13559367 0.55610192
vt 0.08831812 0.61411369
vt 0.11189128 0.58546621
vt 0.08831812 0.64312482
vt 0.15966463 0.58546627
vt 0.18419296 0.61411369
vt 0.08831812 0.58546615
vt 0.11189128 0.55610192
vt 0.08831812 0.55610192
vt 0.06388158 0.61411363
vt 0.06388158 0.58546621
vt 0.06388158 0.55610192
vt 0.06388158 0.61411369
vt 0.06388157 0.64312482
vt 0.08831810 0.67313796
vt 0.06388155 0.67313790
vt 0.08831806 0.70446527
vt 0.06388149 0.70446521
vt 0.11189123 0.73655736
vt 0.08831802 0.73655742
vt 0.06388144 0.73655736
vt 0.06388143 0.73655736
vt 0.06388141 0.76864952
vt 0.08831798 0.76864940
vt 0.11189124 0.73655736
vt 0.06388140 0.79997694
vt 0.11189123 0.76864952
vt 0.08831798 0.79997700
vt 0.06388139 0.82999009
vt 0.13559368 0.76864940
vt 0.15966463 0.73655736
vt 0.11189120 0.79997694
vt 0.08831792 0.82999003
vt 0.06388137 0.85900116
vt 0.08831790 0.85900122
vt 0.11189115 0.82999009
vt 0.11189110 0.85900116
vt 0.13559365 0.79997700
vt 0.15966463 0.76864952
vt 0.15966462 0.79997694
vt 0.13559361 0.82999003
vt 0.13559356 0.85900122
vt 0.11189107 0.88764870
vt 0.15966459 0.82999015
vt 0.18419294 0.79997700
vt 0.15966457 0.85900128
vt 0.13559355 0.88764876
vt 0.18419296 0.82999009
vt 0.15966457 0.88764870
vt 0.18419294 0.85900128
vt 0.13559355 0.91701287
vt 0.11189106 0.91701293
vt 0.15966453 0.91701293
vt 0.18419293 0.88764882
vt 0.18419291 0.91701299
vt 0.08831786 0.88764870
vt 0.08831788 0.91701287
vt 0.20941889 0.88764882
vt 0.20941886 0.91701305
vt 0.20941889 0.85900140
vt 0.20941889 0.82999015
vt 0.08831790 0.85900122
vt 0.11189109 0.85900122
vt 0.06388137 0.85900122
vt 0.06388137 0.88764870
vt 0.06388136 0.91701293
vt 0.20941889 0.79997694
vt 0.23553282 0.85900134
vt 0.23553282 0.82999009
vt 0.23553284 0.79997700
vt 0.23553282 0.88764888
vt 0.23553284 0.76864952
vt 0.20941889 0.76864958
vt 0.23553285 0.73655742
vt 0.20941892 0.73655736
vt 0.26237401 0.76864958
vt 0.26237401 0.73655736
vt 0.26237401 0.79997694
vt 0.26237401 0.82999015
vt 0.28962433 0.79997700
vt 0.26237401 0.85900140
vt 0.28962427 0.82999009
vt 0.26237401 0.88764882
vt 0.28962433 0.85900140
vt 0.23553281 0.91701311
vt 0.31668720 0.79997694
vt 0.31668723 0.82999015
vt 0.28962427 0.88764888
vt 0.26237398 0.91701305
vt 0.31668717 0.85900140
vt 0.20936458 0.94792742
vt 0.23551254 0.94792742
vt 0.18417346 0.94792742
vt 0.18419290 0.91701299
vt 0.15964122 0.94792730
vt 0.15966454 0.91701293
vt 0.13558331 0.94792736
vt 0.13559353 0.91701293
vt 0.11187341 0.94792724
vt 0.11189105 0.91701293
vt 0.08831787 0.91701305
vt 0.11167931 0.97979546
vt 0.13553211 0.97979558
vt 0.15938489 0.97979546
vt 0.18407655 0.97979558
vt 0.20876814 0.97979552
vt 0.23541149 0.97979563
vt 0.08834185 0.94792730
vt 0.11167931 0.97979546
vt 0.08846176 0.97979558
vt 0.06388136 0.91701311
vt 0.26234734 0.94792742
vt 0.26205477 0.97979552
vt 0.06399491 0.94792730
vt 0.06524419 0.97979546
vt 0.28962433 0.91701311
vt 0.28962952 0.94792742
vt 0.28965554 0.97979563
vt 0.03779612 0.94790077
vt 0.03793802 0.97979558
vt 0.03776778 0.91690695
vt 0.01063197 0.94776839
vt 0.01063185 0.97979558
vt 0.01063209 0.91574109
vt 0.01063209 0.88752925
vt 0.03776779 0.88762885
vt 0.01063209 0.85931730
vt 0.03776779 0.85902756
vt 0.01063210 0.83015704
vt 0.03776779 0.83001786
vt 0.06388138 0.82999009
vt 0.01063210 0.80099660
vt 0.03776780 0.80006188
vt 0.06388140 0.79997689
vt 0.01063210 0.76877701
vt 0.03776781 0.76867080
vt 0.01063210 0.73655725
vt 0.06388141 0.76864952
vt 0.03776782 0.73655736
vt 0.06388144 0.73655730
vt 0.06388150 0.70446527
vt 0.03776782 0.73655730
vt 0.03776786 0.70444399
vt 0.01063210 0.73655725
vt 0.06388155 0.67313790
vt 0.01063210 0.70433778
vt 0.03776789 0.67305297
vt 0.06388158 0.64312482
vt 0.01063210 0.67211819
vt 0.03776792 0.64309704
vt 0.06388158 0.61411369
vt 0.01063210 0.64295793
vt 0.03776792 0.61408734
vt 0.06388158 0.58546621
vt 0.01063211 0.61379749
vt 0.03776792 0.58548605
vt 0.01063211 0.58558565
vt 0.06388158 0.55610198
vt 0.03776792 0.55620795
vt 0.01063211 0.55737364
vt 0.03779632 0.52521402
vt 0.01063211 0.52534652
vt 0.06399515 0.52518749
vt 0.03793829 0.49331933
vt 0.01063211 0.49331927
vt 0.06524445 0.49331927
vt 0.08846202 0.49331933
vt 0.08834210 0.52518749
vt 0.11167957 0.49331927
vt 0.08831812 0.55610198
vt 0.11187363 0.52518749
vt 0.11189129 0.55610198
vt 0.13558345 0.52518749
vt 0.11167957 0.49331927
vt 0.13553227 0.49331933
vt 0.15966463 0.55610192
vt 0.15964133 0.52518749
vt 0.15938495 0.49331927
vt 0.18419294 0.55610192
vt 0.18417358 0.52518755
vt 0.18407671 0.49331933
vt 0.20941889 0.55610192
vt 0.20936471 0.52518749
vt 0.20876841 0.49331927
vt 0.23551266 0.52518749
vt 0.23541167 0.49331933
vt 0.23553285 0.55610192
vt 0.26234746 0.52518749
vt 0.26205486 0.49331927
vt 0.26237404 0.55610192
vt 0.28962967 0.52518749
vt 0.28965575 0.49331933
vt 0.28962448 0.55610192
vt 0.31673479 0.52518749
vt 0.31725651 0.49331927
vt 0.31668735 0.55610192
vt 0.34308463 0.52518749
vt 0.34314987 0.49331927
vt 0.34307158 0.55610192
vt 0.36899084 0.52518749
vt 0.36904314 0.49331921
vt 0.36898607 0.55610192
vt 0.39470428 0.52518749
vt 0.39476520 0.49331927
vt 0.39469206 0.55610192
vt 0.42000338 0.52518749
vt 0.42048717 0.49331921
vt 0.41995931 0.55610192
vt 0.44451472 0.52518749
vt 0.44462571 0.49331927
vt 0.44449252 0.55610192
vt 0.46827111 0.52518749
vt 0.46876416 0.49331921
vt 0.46822625 0.55610192
vt 0.49123996 0.52518749
vt 0.49128890 0.49331927
vt 0.51387584 0.52518749
vt 0.51381356 0.49331927
vt 0.51388144 0.55610192
vt 0.49123013 0.55610192
vt 0.44449243 0.58546615
vt 0.46822625 0.58546627
vt 0.49123013 0.58546615
vt 0.51388144 0.58546627
vt 0.41995931 0.58546627
vt 0.53662670 0.58546615
vt 0.53662676 0.55610192
vt 0.39469200 0.58546615
vt 0.36898601 0.58546627
vt 0.34307152 0.58546615
vt 0.31668735 0.58546627
vt 0.28962442 0.58546615
vt 0.26237404 0.58546627
vt 0.23553286 0.58546615
vt 0.20941891 0.58546627
vt 0.18419296 0.55610192
vt 0.18419297 0.58546615
vt 0.15966463 0.55610192
vt 0.20941891 0.61411369
vt 0.23553285 0.61411369
vt 0.26237404 0.61411369
vt 0.28962439 0.61411369
vt 0.20941891 0.64312482
vt 0.23553286 0.64312482
vt 0.26237404 0.64312482
vt 0.23553285 0.67313796
vt 0.31668726 0.61411369
vt 0.28962436 0.64312482
vt 0.26237401 0.67313790
vt 0.28962436 0.67313796
vt 0.26237401 0.70446521
vt 0.23553284 0.70446527
vt 0.20941889 0.70446521
vt 0.26237401 0.73655736
vt 0.31668729 0.64312482
vt 0.31668720 0.67313790
vt 0.34307146 0.64312482
vt 0.34307143 0.67313796
vt 0.34307152 0.61411369
vt 0.36898601 0.61411369
vt 0.36898595 0.64312482
vt 0.39469200 0.61411369
vt 0.34307137 0.70446527
vt 0.31668726 0.70446521
vt 0.36898592 0.67313790
vt 0.39469194 0.64312482
vt 0.41995931 0.61411369
vt 0.36898592 0.70446521
vt 0.39469194 0.67313796
vt 0.41995928 0.64312482
vt 0.44449246 0.61411369
vt 0.39469191 0.70446527
vt 0.41995925 0.67313790
vt 0.44449240 0.64312482
vt 0.46822622 0.61411369
vt 0.41995928 0.70446521
vt 0.44449246 0.67313796
vt 0.46822625 0.64312482
vt 0.49123013 0.61411369
vt 0.44449240 0.70446527
vt 0.46822622 0.67313790
vt 0.49123013 0.64312482
vt 0.51388144 0.61411369
vt 0.51388139 0.64312482
vt 0.53662682 0.61411381
vt 0.51388144 0.67313790
vt 0.49123013 0.67313796
vt 0.51388139 0.70446521
vt 0.49123013 0.70446527
vt 0.51388144 0.73655736
vt 0.46822625 0.70446521
vt 0.49123013 0.73655742
vt 0.46822622 0.73655736
vt 0.44449246 0.73655742
vt 0.41995922 0.73655736
vt 0.39469191 0.73655742
vt 0.36898586 0.73655736
vt 0.34307140 0.73655742
vt 0.46822622 0.76864958
vt 0.44449240 0.76864952
vt 0.41995922 0.76864958
vt 0.39469191 0.76864952
vt 0.36898589 0.76864958
vt 0.34307137 0.76864952
vt 0.49123010 0.76864952
vt 0.44449237 0.79997700
vt 0.41995922 0.79997694
vt 0.39469188 0.79997700
vt 0.36898586 0.79997694
vt 0.34307140 0.79997700
vt 0.46822622 0.79997694
vt 0.51388139 0.76864958
vt 0.49123013 0.79997700
vt 0.51388144 0.79997694
vt 0.49123013 0.82999009
vt 0.51388139 0.82999015
vt 0.46822619 0.82999015
vt 0.44449237 0.82999009
vt 0.49123013 0.85900140
vt 0.51388150 0.85900140
vt 0.46822616 0.85900140
vt 0.49123013 0.88764888
vt 0.51388144 0.88764882
vt 0.41995922 0.82999015
vt 0.44449237 0.85900140
vt 0.46822622 0.88764882
vt 0.49123016 0.91701311
vt 0.51388144 0.91701305
vt 0.39469188 0.82999009
vt 0.41995922 0.85900140
vt 0.44449237 0.88764888
vt 0.46822616 0.91701305
vt 0.36898589 0.82999015
vt 0.39469188 0.85900140
vt 0.41995922 0.88764882
vt 0.44449237 0.91701311
vt 0.34307134 0.82999009
vt 0.36898586 0.85900140
vt 0.39469188 0.88764888
vt 0.41995925 0.91701305
vt 0.34307140 0.85900140
vt 0.36898589 0.88764882
vt 0.39469185 0.91701311
vt 0.34307134 0.88764888
vt 0.36898586 0.91701305
vt 0.34307140 0.91701311
vt 0.42000315 0.94792742
vt 0.39470404 0.94792742
vt 0.36899066 0.94792742
vt 0.34308445 0.94792742
vt 0.44451454 0.94792742
vt 0.46827099 0.94792742
vt 0.49123991 0.94792742
vt 0.51388144 0.91701305
vt 0.39476502 0.97979563
vt 0.42048696 0.97979552
vt 0.36904293 0.97979552
vt 0.44462559 0.97979563
vt 0.34314963 0.97979563
vt 0.46876410 0.97979552
vt 0.31725627 0.97979552
vt 0.49128884 0.97979563
vt 0.31673461 0.94792747
vt 0.51387578 0.94792742
vt 0.51381350 0.97979552
vt 0.53654188 0.97979563
vt 0.31668717 0.91701305
vt 0.53661263 0.94792742
vt 0.55927008 0.97979552
vt 0.53662682 0.91701305
vt 0.31668723 0.88764882
vt 0.31668723 0.76864958
vt 0.55983049 0.94792742
vt 0.58383209 0.97979563
vt 0.58389580 0.94790101
vt 0.60839403 0.97979569
vt 0.60839409 0.94776845
vt 0.55988145 0.91701305
vt 0.58390856 0.91690701
vt 0.60839403 0.91574121
vt 0.55988145 0.88764888
vt 0.58390862 0.88762897
vt 0.60839409 0.88752943
vt 0.55988145 0.85900134
vt 0.58390862 0.85902774
vt 0.60839403 0.85931748
vt 0.55988145 0.82999009
vt 0.58390856 0.83001792
vt 0.60839409 0.83015710
vt 0.55988133 0.79997689
vt 0.58390856 0.80006188
vt 0.60839397 0.80099660
vt 0.55988133 0.76864946
vt 0.58390856 0.76867074
vt 0.55988133 0.73655725
vt 0.60839403 0.76877701
vt 0.58390850 0.73655736
vt 0.60839397 0.73655725
vt 0.60839403 0.70433778
vt 0.58390850 0.70444405
vt 0.60839397 0.67211819
vt 0.58390850 0.67305303
vt 0.60839409 0.64295793
vt 0.55988133 0.70446527
vt 0.55988133 0.67313790
vt 0.58390850 0.64309698
vt 0.60839403 0.61379749
vt 0.55988139 0.64312482
vt 0.58390856 0.61408734
vt 0.60839415 0.58558571
vt 0.55988139 0.61411375
vt 0.58390862 0.58548611
vt 0.60839415 0.55737370
vt 0.55988145 0.58546615
vt 0.58390862 0.55620790
vt 0.60839427 0.52534652
vt 0.55988145 0.55610192
vt 0.58389586 0.52521402
vt 0.60839421 0.49331927
vt 0.58383226 0.49331933
vt 0.55983055 0.52518755
vt 0.55927014 0.49331927
vt 0.53661263 0.52518755
vt 0.53654188 0.49331933
vt 0.51388150 0.55610186
vt 0.51387578 0.52518755
vt 0.55988145 0.58546627
vt 0.55988139 0.55610192
vt 0.55988139 0.61411369
vt 0.53662670 0.64312482
vt 0.55988145 0.64312488
vt 0.51388144 0.64312488
vt 0.51388144 0.61411363
vt 0.51388144 0.67313796
vt 0.53662682 0.67313802
vt 0.55988139 0.67313796
vt 0.55988139 0.70446515
vt 0.53662670 0.70446533
vt 0.51388144 0.70446515
vt 0.53662682 0.73655730
vt 0.51388144 0.76864958
vt 0.53662664 0.76864946
vt 0.55988145 0.76864958
vt 0.51388144 0.79997694
vt 0.53662682 0.79997694
vt 0.55988133 0.79997694
vt 0.55988145 0.82999009
vt 0.53662670 0.82999003
vt 0.51388144 0.82999009
vt 0.55988139 0.85900140
vt 0.53662688 0.85900134
vt 0.51388150 0.85900140
vt 0.51388144 0.88764888
vt 0.53662676 0.88764888
vt 0.51388144 0.91701311
vt 0.55988151 0.88764888
vt 0.55988139 0.91701311
vt 0.26237404 0.70446521
vt 0.26237401 0.67313796
vt 0.28962436 0.70446521
vt 0.31668723 0.67313796
vt 0.28962439 0.73655736
vt 0.31668720 0.73655736
vt 0.28962433 0.76864946
vt 0.31668720 0.79997694
vt 0.26237401 0.76864952
vt 0.26237401 0.79997694
vt 0.62877965 0.38401663
vt 0.57731777 0.41182125
vt 0.62877959 0.41182125
vt 0.57731777 0.38401651
vt 0.62877959 0.35689044
vt 0.67902005 0.38401651
vt 0.67901993 0.41182125
vt 0.62877953 0.41182125
vt 0.57732230 0.44109380
vt 0.62884593 0.44109392
vt 0.52569103 0.41182125
vt 0.52564293 0.44109392
vt 0.57734525 0.47126979
vt 0.52511394 0.47126973
vt 0.62957639 0.47126973
vt 0.47461370 0.47126979
vt 0.67908615 0.44109386
vt 0.67941713 0.47126979
vt 0.47462028 0.44109386
vt 0.42411339 0.47126973
vt 0.72687757 0.41182125
vt 0.72707587 0.44109392
vt 0.72925770 0.47126973
vt 0.42364225 0.44109392
vt 0.37207127 0.47126973
vt 0.47462159 0.41182125
vt 0.42359948 0.41182125
vt 0.37187916 0.44109380
vt 0.32002902 0.47126961
vt 0.77144849 0.44109392
vt 0.77195793 0.47126985
vt 0.31880999 0.44109380
vt 0.26399711 0.47126967
vt 0.37184075 0.41182125
vt 0.26401046 0.44109380
vt 0.20796514 0.47126961
vt 0.42359951 0.38401651
vt 0.31869915 0.41182125
vt 0.37184078 0.38401651
vt 0.42359951 0.35689044
vt 0.20930193 0.44109380
vt 0.15630808 0.47126967
vt 0.26401314 0.41182125
vt 0.31869915 0.38401651
vt 0.15705536 0.44109380
vt 0.10465097 0.47126961
vt 0.37184083 0.35689044
vt 0.20942344 0.41182119
vt 0.10989056 0.44109368
vt 0.15720484 0.41182113
vt 0.20942344 0.38401651
vt 0.11036689 0.41182113
vt 0.07177319 0.41182107
vt 0.07150125 0.44109374
vt 0.04296905 0.41182107
vt 0.07014159 0.47126967
vt 0.04235764 0.44109368
vt 0.03563219 0.47126961
vt 0.26401317 0.38401651
vt 0.31869912 0.41182125
vt 0.20942345 0.35689038
vt 0.26401320 0.35689044
vt 0.31869918 0.35689044
vt 0.31869921 0.32941997
vt 0.37184078 0.32941997
vt 0.26401314 0.32941997
vt 0.20942345 0.35689044
vt 0.15720487 0.38401639
vt 0.11036687 0.41182107
vt 0.42359951 0.32941997
vt 0.47462171 0.32941997
vt 0.47462165 0.35689044
vt 0.37184086 0.30100083
vt 0.42359951 0.30100077
vt 0.47462165 0.30100083
vt 0.52569097 0.30100077
vt 0.52569097 0.32941997
vt 0.31869918 0.30100077
vt 0.42359951 0.27133715
vt 0.47462165 0.30100083
vt 0.47462168 0.27133709
vt 0.42359954 0.24094933
vt 0.37184083 0.27133715
vt 0.37184086 0.24094939
vt 0.31869921 0.27133715
vt 0.31869924 0.24094933
vt 0.26401320 0.30100083
vt 0.26401320 0.27133715
vt 0.26401320 0.24094933
vt 0.20942345 0.32941991
vt 0.31869921 0.21056157
vt 0.37184086 0.24094933
vt 0.37184086 0.21056157
vt 0.15720485 0.35689032
vt 0.11036690 0.38401639
vt 0.07177319 0.38401639
vt 0.07177319 0.41182101
vt 0.04296904 0.38401639
vt 0.04296904 0.41182107
vt 0.26401320 0.21056151
vt 0.31869921 0.18089795
vt 0.31869918 0.18089795
vt 0.26401320 0.18089789
vt 0.20942345 0.24094927
vt 0.20942345 0.21056151
vt 0.07177319 0.35689032
vt 0.04296905 0.35689032
vt 0.04296907 0.32941979
vt 0.11036689 0.35689032
vt 0.07177321 0.32941979
vt 0.04296908 0.30100048
vt 0.15720485 0.32941985
vt 0.11036689 0.32941985
vt 0.20942347 0.30100071
vt 0.15720485 0.30100060
vt 0.20942344 0.27133715
vt 0.07177321 0.30100054
vt 0.11036689 0.30100054
vt 0.20942345 0.24094927
vt 0.15720485 0.27133703
vt 0.04296909 0.27133691
vt 0.07177322 0.27133685
vt 0.04296909 0.24094915
vt 0.07177322 0.24094915
vt 0.11036691 0.27133697
vt 0.11036690 0.24094915
vt 0.15720485 0.24094921
vt 0.15720487 0.21056145
vt 0.11036690 0.21056139
vt 0.11036690 0.24094915
vt 0.07177322 0.24094915
vt 0.07177324 0.21056139
vt 0.04296909 0.24094915
vt 0.11036691 0.18089783
vt 0.15720487 0.18089783
vt 0.20942347 0.18089789
vt 0.07177322 0.18089783
vt 0.11036693 0.15247858
vt 0.15720488 0.15247858
vt 0.20942347 0.15247864
vt 0.04296909 0.21056139
vt 0.26401320 0.15247864
vt 0.07177325 0.15247858
vt 0.11036694 0.12500811
vt 0.15720491 0.12500811
vt 0.04296910 0.18089783
vt 0.20942348 0.12500811
vt 0.31869921 0.15247869
vt 0.26401320 0.12500817
vt 0.15720491 0.09788203
vt 0.20942350 0.09788203
vt 0.11036696 0.09788203
vt 0.07177325 0.12500811
vt 0.04296910 0.15247858
vt 0.37184083 0.18089795
vt 0.42359951 0.21056157
vt 0.11036696 0.07007736
vt 0.07177327 0.09788203
vt 0.04296911 0.12500811
vt 0.04296911 0.09788203
vt 0.07177326 0.07007736
vt 0.04296911 0.07007736
vt 0.15720491 0.07007730
vt 0.02405049 0.07017767
vt 0.02405049 0.09790087
vt 0.04296910 0.12500811
vt 0.02405049 0.12498313
vt 0.02389764 0.04082984
vt 0.04235771 0.04080474
vt 0.02313339 0.01062894
vt 0.03563227 0.01062894
vt 0.01063450 0.01062894
vt 0.01063450 0.04095531
vt 0.01063450 0.07128161
vt 0.01063450 0.09799516
vt 0.01063450 0.12470865
vt 0.02405049 0.15245223
vt 0.01063450 0.15232050
vt 0.02405049 0.18081737
vt 0.01063449 0.17993230
vt 0.02405048 0.21054125
vt 0.01063449 0.21044070
vt 0.02405048 0.24094915
vt 0.01063449 0.24094909
vt 0.01063449 0.27145755
vt 0.02405048 0.27135700
vt 0.04296909 0.27133691
vt 0.01063449 0.30196601
vt 0.02405047 0.30108094
vt 0.01063449 0.32957792
vt 0.02405046 0.32944614
vt 0.04296906 0.32941973
vt 0.01063449 0.35718971
vt 0.02405045 0.35691524
vt 0.04296905 0.35689032
vt 0.01063448 0.38390326
vt 0.02405045 0.38399756
vt 0.01063448 0.41061670
vt 0.02405044 0.41172069
vt 0.01063448 0.44094324
vt 0.02389759 0.44106865
vt 0.04235764 0.44109374
vt 0.02313334 0.47126967
vt 0.03563219 0.47126961
vt 0.01063448 0.47126967
vt 0.01063448 0.44094324
vt 0.98936760 0.44094348
vt 0.96562672 0.47126985
vt 0.98936760 0.47126985
vt 0.96546346 0.44106889
vt 0.94188571 0.47126973
vt 0.98936754 0.41061699
vt 0.94044870 0.44109392
vt 0.91344166 0.47126985
vt 0.96543086 0.41172093
vt 0.91304487 0.44109392
vt 0.88499743 0.47126973
vt 0.94031823 0.41182125
vt 0.91296554 0.41182125
vt 0.88294250 0.44109392
vt 0.84982777 0.47126985
vt 0.96543086 0.38399780
vt 0.98936760 0.38390356
vt 0.84933275 0.44109392
vt 0.81465793 0.47126973
vt 0.94031823 0.38401663
vt 0.94031823 0.41182125
vt 0.94031823 0.35689056
vt 0.96543086 0.35691559
vt 0.98936754 0.35719001
vt 0.98936760 0.32957828
vt 0.96543086 0.32944655
vt 0.94031823 0.32942021
vt 0.98936754 0.30196655
vt 0.96543086 0.30108142
vt 0.94031823 0.30100095
vt 0.94031817 0.27133733
vt 0.96543086 0.27135742
vt 0.94031823 0.24094957
vt 0.98936760 0.27145803
vt 0.96543086 0.24094957
vt 0.98936754 0.24094951
vt 0.98936760 0.21044105
vt 0.96543086 0.21054161
vt 0.98936754 0.17993253
vt 0.96543086 0.18081772
vt 0.94031817 0.21056175
vt 0.96543086 0.15245259
vt 0.98936760 0.15232086
vt 0.94031823 0.18089813
vt 0.94031823 0.15247893
vt 0.94031823 0.12500846
vt 0.96543086 0.12498355
vt 0.98936754 0.12470907
vt 0.98936778 0.09799552
vt 0.96543086 0.09790128
vt 0.94031823 0.09788245
vt 0.98936760 0.07128197
vt 0.96543086 0.07017809
vt 0.94031823 0.07007772
vt 0.96546358 0.04083019
vt 0.98936778 0.04095566
vt 0.96562684 0.01062930
vt 0.98936772 0.01062930
vt 0.94188583 0.01062930
vt 0.94044882 0.04080510
vt 0.91344184 0.01062930
vt 0.94031823 0.07007772
vt 0.91304499 0.04080510
vt 0.88499761 0.01062930
vt 0.91296560 0.07007772
vt 0.94031817 0.09788245
vt 0.88294262 0.04080510
vt 0.84982789 0.01062930
vt 0.91296554 0.09788239
vt 0.94031823 0.12500846
vt 0.84933293 0.04080510
vt 0.81465805 0.01062930
vt 0.88275576 0.07007772
vt 0.91296560 0.12500846
vt 0.94031817 0.15247893
vt 0.81235713 0.04080510
vt 0.77195799 0.01062930
vt 0.88275576 0.09788239
vt 0.88275582 0.12500840
vt 0.91296554 0.15247893
vt 0.94031823 0.18089813
vt 0.84923387 0.07007766
vt 0.77144867 0.04080510
vt 0.72925782 0.01062930
vt 0.88275576 0.15247893
vt 0.84923387 0.12500840
vt 0.91296554 0.18089813
vt 0.91296548 0.21056175
vt 0.88275576 0.18089813
vt 0.81214797 0.07007766
vt 0.72707599 0.04080504
vt 0.67941725 0.01062918
vt 0.77134669 0.07007766
vt 0.81214792 0.09788233
vt 0.81214797 0.09788233
vt 0.84923387 0.09788233
vt 0.81214797 0.12500840
vt 0.88275570 0.09788239
vt 0.88275576 0.12500840
vt 0.67908627 0.04080498
vt 0.62957644 0.01062900
vt 0.77134663 0.09788233
vt 0.81214797 0.12500840
vt 0.72687763 0.07007766
vt 0.72687763 0.09788233
vt 0.67901999 0.07007760
vt 0.62884611 0.04080486
vt 0.57734531 0.01062900
vt 0.77134669 0.12500840
vt 0.72687769 0.12500840
vt 0.57732236 0.04080486
vt 0.52511412 0.01062900
vt 0.62877965 0.07007754
vt 0.52564299 0.04080486
vt 0.47461385 0.01062900
vt 0.57731789 0.07007754
vt 0.62877971 0.09788227
vt 0.62877965 0.09788227
vt 0.67902017 0.09788227
vt 0.72687775 0.07007760
vt 0.72687757 0.09788233
vt 0.62877971 0.12500834
vt 0.67901999 0.12500834
vt 0.47462037 0.04080486
vt 0.42411345 0.01062900
vt 0.52569109 0.07007754
vt 0.47462168 0.07007754
vt 0.42364234 0.04080486
vt 0.37207133 0.01062894
vt 0.42359954 0.07007754
vt 0.37187925 0.04080486
vt 0.32002914 0.01062894
vt 0.31881008 0.04080480
vt 0.26399723 0.01062894
vt 0.37184080 0.07007748
vt 0.26401055 0.04080480
vt 0.20796522 0.01062894
vt 0.42359951 0.09788215
vt 0.31869921 0.07007748
vt 0.37184083 0.09788215
vt 0.42359954 0.12500823
vt 0.20930202 0.04080474
vt 0.15630816 0.01062894
vt 0.26401323 0.07007742
vt 0.15705545 0.04080474
vt 0.10465105 0.01062894
vt 0.20942351 0.07007736
vt 0.31869921 0.09788215
vt 0.37184083 0.12500823
vt 0.31869918 0.12500817
vt 0.26401320 0.09788209
vt 0.31869921 0.09788215
vt 0.20942348 0.12500811
vt 0.10989064 0.04080474
vt 0.11036696 0.07007730
vt 0.37184086 0.15247869
vt 0.42359954 0.18089795
vt 0.42359951 0.15247869
vt 0.47462165 0.18089795
vt 0.47462168 0.15247869
vt 0.47462165 0.12500829
vt 0.47462174 0.21056157
vt 0.52569103 0.18089795
vt 0.52569103 0.18089795
vt 0.52569109 0.21056157
vt 0.47462168 0.24094933
vt 0.52569091 0.27133715
vt 0.52569103 0.15247875
vt 0.52569103 0.24094933
vt 0.57731777 0.24094933
vt 0.57731777 0.27133715
vt 0.62877959 0.24094933
vt 0.57731777 0.21056151
vt 0.57731777 0.30100083
vt 0.57731777 0.18089795
vt 0.62877965 0.27133715
vt 0.62877959 0.21056157
vt 0.57731777 0.32941997
vt 0.62877959 0.30100077
vt 0.52569097 0.35689044
vt 0.52569091 0.38401651
vt 0.47462162 0.38401651
vt 0.42359954 0.35689044
vt 0.42359948 0.38401651
vt 0.47462159 0.41182125
vt 0.57731777 0.35689050
vt 0.52569097 0.38401651
vt 0.62877965 0.32942003
vt 0.67901993 0.30100083
vt 0.67902005 0.32942003
vt 0.67902005 0.27133715
vt 0.67901993 0.35689056
vt 0.72687757 0.30100083
vt 0.72687751 0.38401663
vt 0.72687751 0.32942009
vt 0.72687757 0.35689056
vt 0.67901993 0.24094939
vt 0.72687751 0.27133721
vt 0.67902005 0.21056163
vt 0.77134651 0.38401657
vt 0.77134657 0.35689056
vt 0.77134657 0.32942009
vt 0.77134657 0.30100095
vt 0.77134657 0.27133721
vt 0.77134663 0.41182125
vt 0.81214780 0.38401663
vt 0.81214792 0.35689056
vt 0.81214786 0.41182125
vt 0.81214792 0.32942009
vt 0.81214792 0.30100089
vt 0.81235707 0.44109392
vt 0.84923381 0.41182125
vt 0.81214786 0.38401663
vt 0.84923375 0.32942009
vt 0.84923381 0.35689056
vt 0.81214792 0.27133727
vt 0.81214797 0.24094945
vt 0.84923375 0.30100095
vt 0.88275570 0.41182125
vt 0.84923381 0.27133727
vt 0.88275570 0.30100095
vt 0.88275564 0.32942015
vt 0.77134663 0.24094939
vt 0.84923375 0.38401663
vt 0.81214792 0.35689056
vt 0.88275564 0.38401663
vt 0.88275564 0.35689056
vt 0.91296554 0.38401663
vt 0.91296548 0.35689056
vt 0.94031817 0.38401663
vt 0.94031811 0.41182131
vt 0.94031817 0.35689062
vt 0.94031817 0.32942015
vt 0.91296554 0.32942015
vt 0.94031817 0.30100095
vt 0.91296548 0.30100095
vt 0.91296554 0.27133727
vt 0.88275570 0.27133739
vt 0.91296548 0.24094951
vt 0.84923381 0.24094945
vt 0.88275564 0.21056169
vt 0.88275570 0.24094951
vt 0.84923381 0.21056169
vt 0.81214797 0.21056169
vt 0.84923381 0.18089813
vt 0.77134663 0.21056163
vt 0.84923387 0.15247887
vt 0.81214797 0.15247893
vt 0.81214797 0.18089807
vt 0.77134663 0.15247887
vt 0.77134669 0.18089813
vt 0.72687757 0.15247893
vt 0.72687763 0.18089807
vt 0.67902011 0.15247881
vt 0.72687751 0.21056163
vt 0.67901993 0.18089807
vt 0.62877959 0.15247881
vt 0.72687757 0.24094939
vt 0.72687757 0.18089807
vt 0.62877965 0.18089795
vt 0.57731783 0.15247875
vt 0.57731783 0.12500834
vt 0.52569109 0.12500829
vt 0.52569097 0.09788227
vt 0.52569103 0.09788227
vt 0.57731783 0.09788227
vt 0.52569103 0.07007754
vt 0.47462171 0.09788221
vt 0.42359954 0.12500823
vt 0.47462165 0.07007754
vt 0.42359951 0.09788221
vt 0.15966465 0.76864946
vt 0.15966462 0.79997694
vt 0.18419296 0.76864946
vt 0.20941891 0.79997694
vt 0.20941891 0.76864952
vt 0.07014167 0.01062894
vt 0.03563227 0.01062894
vt 0.04235771 0.04080474
vt 0.07150132 0.04080474
vt 0.04296910 0.07007736
vt 0.10989063 0.04080474
vt 0.07177325 0.07007736
vt 0.82419968 0.57803136
vt 0.80924958 0.59527868
vt 0.83327490 0.59500408
vt 0.80979985 0.57895702
vt 0.78522402 0.59555316
vt 0.81989896 0.56852293
vt 0.79432982 0.57501495
vt 0.81128395 0.56591117
vt 0.82430065 0.56234717
vt 0.80035257 0.56163025
vt 0.81445754 0.55659479
vt 0.82908380 0.55410028
vt 0.80471236 0.55196202
vt 0.78989571 0.55604678
vt 0.81820607 0.54888141
vt 0.83269709 0.54513764
vt 0.82196218 0.54100132
vt 0.83475530 0.53764081
vt 0.80827439 0.54413903
vt 0.79482371 0.54741579
vt 0.81195247 0.53621876
vt 0.82718378 0.53244084
vt 0.79822075 0.53942710
vt 0.78216416 0.55107677
vt 0.78392905 0.54350132
vt 0.80182177 0.53142810
vt 0.81652516 0.52650058
vt 0.78707200 0.53428644
vt 0.80504656 0.52195472
vt 0.82275248 0.51338053
vt 0.79157668 0.52566993
vt 0.80664837 0.50913906
vt 0.83255631 0.49330699
vt 0.80739141 0.49330711
vt 0.79601580 0.51932645
vt 0.79159468 0.50996315
vt 0.78222626 0.49330699
vt 0.76943970 0.50674367
vt 0.78104889 0.51727647
vt 0.75665301 0.52018023
vt 0.77390188 0.52824771
vt 0.75487041 0.53931528
vt 0.77063274 0.54111391
vt 0.75308770 0.55845016
vt 0.77209175 0.55405682
vt 0.76915598 0.57700175
vt 0.77209169 0.55405682
vt 0.78105927 0.56580383
vt 0.78522402 0.59555316
vt 0.79432976 0.57501495
vt 0.80035263 0.56163031
vt 0.82275242 0.51338047
vt 0.81652528 0.52650058
vt 0.83603817 0.52294606
vt 0.83255631 0.49330699
vt 0.84779674 0.51215041
vt 0.84463638 0.53489584
vt 0.86303693 0.53099364
vt 0.86090267 0.54964805
vt 0.84564596 0.54769808
vt 0.83269709 0.54513758
vt 0.85876828 0.56830233
vt 0.84194267 0.56023496
vt 0.82908380 0.55410022
vt 0.84602165 0.58165330
vt 0.83458036 0.57088178
vt 0.83327490 0.59500408
vt 0.82430059 0.56234717
vt 0.82419962 0.57803136
vt 0.81989896 0.56852293
vt 0.71437913 0.56480819
vt 0.73135293 0.57388425
vt 0.73162782 0.54985738
vt 0.71530497 0.55040747
vt 0.73190248 0.52583039
vt 0.70487028 0.56050712
vt 0.71136290 0.53493661
vt 0.70225829 0.55189157
vt 0.69869423 0.56490898
vt 0.69797742 0.54095960
vt 0.69294167 0.55506521
vt 0.68830866 0.54531944
vt 0.69239378 0.53050214
vt 0.68376237 0.53543031
vt 0.68742353 0.52277011
vt 0.68522793 0.55881399
vt 0.69044691 0.56969249
vt 0.68048531 0.54888159
vt 0.67984754 0.52453506
vt 0.67577320 0.53882730
vt 0.67734742 0.56257010
vt 0.68148410 0.57330573
vt 0.67256457 0.55255997
vt 0.70722920 0.57518965
vt 0.71437925 0.56480819
vt 0.70487028 0.56050712
vt 0.73135293 0.57388425
vt 0.71800148 0.58663166
vt 0.69658202 0.58255213
vt 0.70464987 0.59937894
vt 0.68404472 0.58625549
vt 0.68599463 0.60151321
vt 0.67124170 0.58524573
vt 0.66733927 0.60364735
vt 0.67398679 0.57536399
vt 0.66878641 0.56779194
vt 0.65929115 0.57664686
vt 0.67124176 0.58524573
vt 0.64849496 0.58840597
vt 0.66733927 0.60364735
vt 0.62965047 0.57316446
vt 0.64972496 0.56336045
vt 0.66284561 0.55713290
vt 0.66777354 0.54242873
vt 0.65829945 0.54565394
vt 0.64972496 0.56336051
vt 0.67063230 0.52767795
vt 0.64548320 0.54725575
vt 0.62965047 0.57316446
vt 0.62965047 0.54799885
vt 0.64630735 0.53220153
vt 0.62965047 0.52283311
vt 0.65567118 0.53662264
vt 0.66201508 0.53218317
vt 0.65362114 0.52165502
vt 0.64630735 0.53220141
vt 0.66459298 0.51450741
vt 0.64308769 0.51004553
vt 0.62965047 0.52283311
vt 0.65652478 0.49725783
vt 0.67566109 0.49547505
vt 0.67746001 0.51123810
vt 0.69479716 0.49369216
vt 0.69040370 0.51269728
vt 0.71334994 0.50976133
vt 0.70215136 0.52166528
vt 0.73190248 0.52583039
vt 0.69239372 0.53050214
vt 0.71136296 0.53493661
f 2980/2980/2980 2979/2979/2979 2978/2978/2978
f 2979/2979/2979 2981/2981/2981 2978/2978/2978
f 2979/2979/2979 2982/2982/2982 2981/2981/2981
f 2982/2982/2982 2983/2983/2983 2981/2981/2981
f 2981/2981/2981 2983/2983/2983 2984/2984/2984
f 2983/2983/2983 2985/2985/2985 2984/2984/2984
f 2978/2978/2978 2981/2981/2981 2986/2986/2986
f 2981/2981/2981 2984/2984/2984 2986/2986/2986
f 2987/2987/2987 2978/2978/2978 2986/2986/2986
f 2988/2988/2988 2987/2987/2987 2986/2986/2986
f 2987/2987/2987 2989/2989/2989 2978/2978/2978
f 2989/2989/2989 2990/2990/2990 2978/2978/2978
f 2990/2990/2990 2991/2991/2991 2979/2979/2979
f 2989/2989/2989 2992/2992/2992 2990/2990/2990
f 2992/2992/2992 2991/2991/2991 2990/2990/2990
f 2991/2991/2991 2993/2993/2993 2979/2979/2979
f 2979/2979/2979 2993/2993/2993 2994/2994/2994
f 2995/2995/2995 2989/2989/2989 2987/2987/2987
f 2996/2996/2996 2987/2987/2987 2988/2988/2988
f 2996/2996/2996 2995/2995/2995 2987/2987/2987
f 2997/2997/2997 2992/2992/2992 2989/2989/2989
f 2995/2995/2995 2997/2997/2997 2989/2989/2989
f 2992/2992/2992 2998/2998/2998 2991/2991/2991
f 2991/2991/2991 2999/2999/2999 2993/2993/2993
f 2998/2998/2998 2999/2999/2999 2991/2991/2991
f 2997/2997/2997 3000/3000/3000 2992/2992/2992
f 3000/3000/3000 2998/2998/2998 2992/2992/2992
f 3000/3000/3000 3001/3001/3001 2998/2998/2998
f 3001/3001/3001 3002/3002/3002 2998/2998/2998
f 2998/2998/2998 3002/3002/3002 2999/2999/2999
f 3001/3001/3001 3003/3003/3003 3002/3002/3002
f 3003/3003/3003 3004/3004/3004 3002/3002/3002
f 3005/3005/3005 3000/3000/3000 2997/2997/2997
f 3006/3006/3006 3000/3000/3000 3005/3005/3005
f 3007/3007/3007 2997/2997/2997 2995/2995/2995
f 3007/3007/3007 3005/3005/3005 2997/2997/2997
f 3002/3002/3002 3008/3008/3008 2999/2999/2999
f 3002/3002/3002 3004/3004/3004 3008/3008/3008
f 2999/2999/2999 3009/3009/3009 2993/2993/2993
f 2999/2999/2999 3008/3008/3008 3009/3009/3009
f 3010/3010/3010 3006/3006/3006 3005/3005/3005
f 3011/3011/3011 3006/3006/3006 3010/3010/3010
f 3012/3012/3012 3011/3011/3011 3010/3010/3010
f 3010/3010/3010 3005/3005/3005 3013/3013/3013
f 3014/3014/3014 3010/3010/3010 3013/3013/3013
f 3012/3012/3012 3010/3010/3010 3014/3014/3014
f 3015/3015/3015 3012/3012/3012 3014/3014/3014
f 3016/3016/3016 3005/3005/3005 3007/3007/3007
f 3017/3017/3017 3016/3016/3016 3007/3007/3007
f 3017/3017/3017 3007/3007/3007 3018/3018/3018
f 3018/3018/3018 3007/3007/3007 2995/2995/2995
f 3019/3019/3019 3017/3017/3017 3018/3018/3018
f 3018/3018/3018 2995/2995/2995 2996/2996/2996
f 3019/3019/3019 3018/3018/3018 3020/3020/3020
f 3020/3020/3020 3018/3018/3018 2996/2996/2996
f 3021/3021/3021 3019/3019/3019 3020/3020/3020
f 3020/3020/3020 2996/2996/2996 3022/3022/3022
f 3022/3022/3022 2996/2996/2996 2988/2988/2988
f 3023/3023/3023 3020/3020/3020 3022/3022/3022
f 3021/3021/3021 3020/3020/3020 3023/3023/3023
f 3024/3024/3024 3021/3021/3021 3023/3023/3023
f 3026/3026/3026 3025/3025/3025 3023/3023/3023
f 3027/3027/3027 3026/3026/3026 3023/3023/3023
f 3027/3027/3027 3023/3023/3023 3028/3028/3028
f 3029/3029/3029 3026/3026/3026 3027/3027/3027
f 3030/3030/3030 3028/3028/3028 2988/2988/2988
f 3030/3030/3030 3027/3027/3027 3028/3028/3028
f 3031/3031/3031 3029/3029/3029 3027/3027/3027
f 3031/3031/3031 3027/3027/3027 3030/3030/3030
f 3032/3032/3032 3029/3029/3029 3031/3031/3031
f 3033/3033/3033 3030/3030/3030 2988/2988/2988
f 3033/3033/3033 2988/2988/2988 3034/3034/3034
f 3035/3035/3035 3031/3031/3031 3030/3030/3030
f 3035/3035/3035 3030/3030/3030 3033/3033/3033
f 3036/3036/3036 3032/3032/3032 3031/3031/3031
f 3036/3036/3036 3031/3031/3031 3035/3035/3035
f 3037/3037/3037 3032/3032/3032 3036/3036/3036
f 3038/3038/3038 3037/3037/3037 3036/3036/3036
f 3038/3038/3038 3036/3036/3036 3039/3039/3039
f 3039/3039/3039 3036/3036/3036 3035/3035/3035
f 3040/3040/3040 3038/3038/3038 3039/3039/3039
f 3041/3041/3041 3035/3035/3035 3033/3033/3033
f 3039/3039/3039 3035/3035/3035 3041/3041/3041
f 3042/3042/3042 3033/3033/3033 3034/3034/3034
f 3041/3041/3041 3033/3033/3033 3042/3042/3042
f 3043/3043/3043 3041/3041/3041 3042/3042/3042
f 3044/3044/3044 3039/3039/3039 3041/3041/3041
f 3040/3040/3040 3039/3039/3039 3044/3044/3044
f 3044/3044/3044 3041/3041/3041 3043/3043/3043
f 3045/3045/3045 3040/3040/3040 3044/3044/3044
f 3046/3046/3046 3040/3040/3040 3045/3045/3045
f 3047/3047/3047 3044/3044/3044 3043/3043/3043
f 3045/3045/3045 3044/3044/3044 3047/3047/3047
f 3047/3047/3047 3043/3043/3043 3048/3048/3048
f 3049/3049/3049 3045/3045/3045 3047/3047/3047
f 3050/3050/3050 3046/3046/3046 3045/3045/3045
f 3050/3050/3050 3045/3045/3045 3049/3049/3049
f 3051/3051/3051 3047/3047/3047 3048/3048/3048
f 3049/3049/3049 3047/3047/3047 3051/3051/3051
f 3052/3052/3052 3050/3050/3050 3049/3049/3049
f 3053/3053/3053 3049/3049/3049 3051/3051/3051
f 3052/3052/3052 3049/3049/3049 3053/3053/3053
f 3054/3054/3054 3050/3050/3050 3052/3052/3052
f 3054/3054/3054 3055/3055/3055 3050/3050/3050
f 3055/3055/3055 3046/3046/3046 3050/3050/3050
f 3056/3056/3056 3054/3054/3054 3052/3052/3052
f 3056/3056/3056 3052/3052/3052 3057/3057/3057
f 3057/3057/3057 3052/3052/3052 3053/3053/3053
f 3058/3058/3058 3056/3056/3056 3057/3057/3057
f 3046/3046/3046 3055/3055/3055 3059/3059/3059
f 3055/3055/3055 3060/3060/3060 3059/3059/3059
f 3058/3058/3058 3057/3057/3057 3061/3061/3061
f 3062/3062/3062 3058/3058/3058 3061/3061/3061
f 3057/3057/3057 3053/3053/3053 3063/3063/3063
f 3061/3061/3061 3057/3057/3057 3063/3063/3063
f 3053/3053/3053 3051/3051/3051 3064/3064/3064
f 3063/3063/3063 3053/3053/3053 3064/3064/3064
f 3046/3046/3046 3059/3059/3059 3065/3065/3065
f 3066/3066/3066 3046/3046/3046 3065/3065/3065
f 3065/3065/3065 3059/3059/3059 3067/3067/3067
f 3059/3059/3059 3060/3060/3060 3068/3068/3068
f 3059/3059/3059 3068/3068/3068 3067/3067/3067
f 3060/3060/3060 3069/3069/3069 3068/3068/3068
f 3064/3064/3064 3051/3051/3051 3070/3070/3070
f 3051/3051/3051 3048/3048/3048 3070/3070/3070
f 3061/3061/3061 3063/3063/3063 3071/3071/3071
f 3063/3063/3063 3064/3064/3064 3072/3072/3072
f 3071/3071/3071 3063/3063/3063 3072/3072/3072
f 3064/3064/3064 3070/3070/3070 3073/3073/3073
f 3072/3072/3072 3064/3064/3064 3073/3073/3073
f 3074/3074/3074 3061/3061/3061 3071/3071/3071
f 3062/3062/3062 3061/3061/3061 3074/3074/3074
f 3073/3073/3073 3070/3070/3070 3075/3075/3075
f 3070/3070/3070 3076/3076/3076 3075/3075/3075
f 3075/3075/3075 3076/3076/3076 3077/3077/3077
f 3076/3076/3076 3078/3078/3078 3077/3077/3077
f 3073/3073/3073 3075/3075/3075 3079/3079/3079
f 3079/3079/3079 3075/3075/3075 3080/3080/3080
f 3075/3075/3075 3077/3077/3077 3080/3080/3080
f 3081/3081/3081 3073/3073/3073 3079/3079/3079
f 3072/3072/3072 3073/3073/3073 3081/3081/3081
f 3082/3082/3082 3072/3072/3072 3081/3081/3081
f 3071/3071/3071 3072/3072/3072 3082/3082/3082
f 3082/3082/3082 3081/3081/3081 3083/3083/3083
f 3084/3084/3084 3071/3071/3071 3082/3082/3082
f 3074/3074/3074 3071/3071/3071 3084/3084/3084
f 3085/3085/3085 3082/3082/3082 3083/3083/3083
f 3084/3084/3084 3082/3082/3082 3085/3085/3085
f 3086/3086/3086 3074/3074/3074 3084/3084/3084
f 3087/3087/3087 3084/3084/3084 3085/3085/3085
f 3086/3086/3086 3084/3084/3084 3087/3087/3087
f 3088/3088/3088 3074/3074/3074 3086/3086/3086
f 3088/3088/3088 3062/3062/3062 3074/3074/3074
f 3085/3085/3085 3083/3083/3083 3089/3089/3089
f 3087/3087/3087 3085/3085/3085 3090/3090/3090
f 3090/3090/3090 3085/3085/3085 3089/3089/3089
f 3091/3091/3091 3086/3086/3086 3087/3087/3087
f 3092/3092/3092 3088/3088/3088 3086/3086/3086
f 3092/3092/3092 3086/3086/3086 3091/3091/3091
f 3093/3093/3093 3087/3087/3087 3090/3090/3090
f 3091/3091/3091 3087/3087/3087 3093/3093/3093
f 3094/3094/3094 3062/3062/3062 3088/3088/3088
f 3095/3095/3095 3088/3088/3088 3092/3092/3092
f 3095/3095/3095 3094/3094/3094 3088/3088/3088
f 3094/3094/3094 3096/3096/3096 3062/3062/3062
f 3096/3096/3096 3097/3097/3097 3062/3062/3062
f 3096/3096/3096 3098/3098/3098 3097/3097/3097
f 3098/3098/3098 3099/3099/3099 3097/3097/3097
f 3098/3098/3098 3100/3100/3100 3099/3099/3099
f 3100/3100/3100 3101/3101/3101 3099/3099/3099
f 3100/3100/3100 3102/3102/3102 3101/3101/3101
f 3102/3102/3102 3103/3103/3103 3101/3101/3101
f 3104/3104/3104 3103/3103/3103 3102/3102/3102
f 3105/3105/3105 3102/3102/3102 3100/3100/3100
f 3106/3106/3106 3105/3105/3105 3100/3100/3100
f 3106/3106/3106 3100/3100/3100 3098/3098/3098
f 3107/3107/3107 3106/3106/3106 3098/3098/3098
f 3107/3107/3107 3098/3098/3098 3096/3096/3096
f 3108/3108/3108 3107/3107/3107 3096/3096/3096
f 3108/3108/3108 3096/3096/3096 3094/3094/3094
f 3109/3109/3109 3108/3108/3108 3094/3094/3094
f 3109/3109/3109 3094/3094/3094 3095/3095/3095
f 3110/3110/3110 3109/3109/3109 3095/3095/3095
f 3111/3111/3111 3104/3104/3104 3102/3102/3102
f 3111/3111/3111 3102/3102/3102 3112/3112/3112
f 3113/3113/3113 3111/3111/3111 3112/3112/3112
f 3114/3114/3114 3104/3104/3104 3111/3111/3111
f 3110/3110/3110 3095/3095/3095 3115/3115/3115
f 3115/3115/3115 3095/3095/3095 3092/3092/3092
f 3116/3116/3116 3110/3110/3110 3115/3115/3115
f 3117/3117/3117 3111/3111/3111 3113/3113/3113
f 3117/3117/3117 3114/3114/3114 3111/3111/3111
f 3118/3118/3118 3117/3117/3117 3113/3113/3113
f 3115/3115/3115 3092/3092/3092 3119/3119/3119
f 3119/3119/3119 3092/3092/3092 3091/3091/3091
f 3116/3116/3116 3115/3115/3115 3120/3120/3120
f 3120/3120/3120 3115/3115/3115 3119/3119/3119
f 3121/3121/3121 3116/3116/3116 3120/3120/3120
f 3122/3122/3122 3117/3117/3117 3118/3118/3118
f 3123/3123/3123 3122/3122/3122 3118/3118/3118
f 3124/3124/3124 3114/3114/3114 3117/3117/3117
f 3122/3122/3122 3124/3124/3124 3117/3117/3117
f 3125/3125/3125 3122/3122/3122 3123/3123/3123
f 3126/3126/3126 3125/3125/3125 3123/3123/3123
f 3125/3125/3125 3127/3127/3127 3122/3122/3122
f 3127/3127/3127 3124/3124/3124 3122/3122/3122
f 3127/3127/3127 3128/3128/3128 3124/3124/3124
f 3124/3124/3124 3129/3129/3129 3114/3114/3114
f 3128/3128/3128 3129/3129/3129 3124/3124/3124
f 3129/3129/3129 3068/3068/3068 3114/3114/3114
f 3128/3128/3128 3130/3130/3130 3129/3129/3129
f 3129/3129/3129 3131/3131/3131 3068/3068/3068
f 3130/3130/3130 3131/3131/3131 3129/3129/3129
f 3131/3131/3131 3067/3067/3067 3068/3068/3068
f 3130/3130/3130 3132/3132/3132 3131/3131/3131
f 3131/3131/3131 3133/3133/3133 3067/3067/3067
f 3132/3132/3132 3133/3133/3133 3131/3131/3131
f 3133/3133/3133 3134/3134/3134 3067/3067/3067
f 3132/3132/3132 3135/3135/3135 3133/3133/3133
f 3133/3133/3133 3136/3136/3136 3134/3134/3134
f 3135/3135/3135 3136/3136/3136 3133/3133/3133
f 3136/3136/3136 3137/3137/3137 3134/3134/3134
f 3135/3135/3135 3138/3138/3138 3136/3136/3136
f 3136/3136/3136 3139/3139/3139 3137/3137/3137
f 3138/3138/3138 3139/3139/3139 3136/3136/3136
f 3138/3138/3138 3140/3140/3140 3139/3139/3139
f 3139/3139/3139 3141/3141/3141 3137/3137/3137
f 3140/3140/3140 3142/3142/3142 3139/3139/3139
f 3139/3139/3139 3142/3142/3142 3141/3141/3141
f 3142/3142/3142 3143/3143/3143 3141/3141/3141
f 3143/3143/3143 3145/3145/3145 3144/3144/3144
f 3145/3145/3145 3146/3146/3146 3144/3144/3144
f 3145/3145/3145 3147/3147/3147 3146/3146/3146
f 3144/3144/3144 3146/3146/3146 3148/3148/3148
f 3147/3147/3147 3149/3149/3149 3146/3146/3146
f 3146/3146/3146 3150/3150/3150 3148/3148/3148
f 3146/3146/3146 3149/3149/3149 3150/3150/3150
f 3148/3148/3148 3150/3150/3150 3151/3151/3151
f 3149/3149/3149 3152/3152/3152 3150/3150/3150
f 3150/3150/3150 3153/3153/3153 3151/3151/3151
f 3150/3150/3150 3152/3152/3152 3153/3153/3153
f 3151/3151/3151 3153/3153/3153 3154/3154/3154
f 3152/3152/3152 3155/3155/3155 3153/3153/3153
f 3153/3153/3153 3156/3156/3156 3154/3154/3154
f 3153/3153/3153 3155/3155/3155 3156/3156/3156
f 3154/3154/3154 3156/3156/3156 3157/3157/3157
f 3155/3155/3155 3158/3158/3158 3156/3156/3156
f 3156/3156/3156 3159/3159/3159 3157/3157/3157
f 3156/3156/3156 3158/3158/3158 3159/3159/3159
f 3158/3158/3158 3160/3160/3160 3159/3159/3159
f 3157/3157/3157 3159/3159/3159 3161/3161/3161
f 3159/3159/3159 3160/3160/3160 3162/3162/3162
f 3159/3159/3159 3162/3162/3162 3161/3161/3161
f 3160/3160/3160 3163/3163/3163 3162/3162/3162
f 3162/3162/3162 3163/3163/3163 3164/3164/3164
f 3163/3163/3163 3165/3165/3165 3164/3164/3164
f 3161/3161/3161 3162/3162/3162 3166/3166/3166
f 3162/3162/3162 3164/3164/3164 3166/3166/3166
f 3164/3164/3164 3165/3165/3165 3167/3167/3167
f 3165/3165/3165 3168/3168/3168 3167/3167/3167
f 3164/3164/3164 3167/3167/3167 3169/3169/3169
f 3166/3166/3166 3164/3164/3164 3169/3169/3169
f 3166/3166/3166 3169/3169/3169 3170/3170/3170
f 3161/3161/3161 3166/3166/3166 3171/3171/3171
f 3171/3171/3171 3166/3166/3166 3170/3170/3170
f 3171/3171/3171 3170/3170/3170 3172/3172/3172
f 3173/3173/3173 3161/3161/3161 3171/3171/3171
f 3174/3174/3174 3171/3171/3171 3172/3172/3172
f 3173/3173/3173 3171/3171/3171 3174/3174/3174
f 3175/3175/3175 3173/3173/3173 3174/3174/3174
f 3175/3175/3175 3174/3174/3174 3004/3004/3004
f 3174/3174/3174 3176/3176/3176 3004/3004/3004
f 3174/3174/3174 3177/3177/3177 3176/3176/3176
f 3177/3177/3177 3178/3178/3178 3176/3176/3176
f 3004/3004/3004 3176/3176/3176 3179/3179/3179
f 3176/3176/3176 3178/3178/3178 3180/3180/3180
f 3176/3176/3176 3180/3180/3180 3179/3179/3179
f 3178/3178/3178 3181/3181/3181 3180/3180/3180
f 3179/3179/3179 3180/3180/3180 3182/3182/3182
f 3180/3180/3180 3181/3181/3181 3183/3183/3183
f 3180/3180/3180 3183/3183/3183 3182/3182/3182
f 3181/3181/3181 3184/3184/3184 3183/3183/3183
f 3182/3182/3182 3183/3183/3183 3185/3185/3185
f 3183/3183/3183 3184/3184/3184 3186/3186/3186
f 3183/3183/3183 3186/3186/3186 3185/3185/3185
f 3184/3184/3184 3187/3187/3187 3186/3186/3186
f 3186/3186/3186 3187/3187/3187 3188/3188/3188
f 3187/3187/3187 3189/3189/3189 3188/3188/3188
f 3185/3185/3185 3186/3186/3186 3190/3190/3190
f 3186/3186/3186 3188/3188/3188 3190/3190/3190
f 3188/3188/3188 3189/3189/3189 3191/3191/3191
f 3189/3189/3189 3192/3192/3192 3191/3191/3191
f 3190/3190/3190 3188/3188/3188 3193/3193/3193
f 3188/3188/3188 3191/3191/3191 3193/3193/3193
f 3191/3191/3191 3192/3192/3192 3194/3194/3194
f 3192/3192/3192 3195/3195/3195 3194/3194/3194
f 3193/3193/3193 3191/3191/3191 3196/3196/3196
f 3191/3191/3191 3194/3194/3194 3196/3196/3196
f 3194/3194/3194 3195/3195/3195 3197/3197/3197
f 3195/3195/3195 3198/3198/3198 3197/3197/3197
f 3196/3196/3196 3194/3194/3194 3199/3199/3199
f 3194/3194/3194 3197/3197/3197 3199/3199/3199
f 3197/3197/3197 3198/3198/3198 3200/3200/3200
f 3198/3198/3198 3201/3201/3201 3200/3200/3200
f 3199/3199/3199 3197/3197/3197 3202/3202/3202
f 3197/3197/3197 3200/3200/3200 3202/3202/3202
f 3200/3200/3200 3201/3201/3201 3203/3203/3203
f 3201/3201/3201 3204/3204/3204 3203/3203/3203
f 3202/3202/3202 3200/3200/3200 3205/3205/3205
f 3200/3200/3200 3203/3203/3203 3205/3205/3205
f 3203/3203/3203 3204/3204/3204 3206/3206/3206
f 3204/3204/3204 3207/3207/3207 3206/3206/3206
f 3205/3205/3205 3203/3203/3203 3208/3208/3208
f 3203/3203/3203 3206/3206/3206 3208/3208/3208
f 3206/3206/3206 3207/3207/3207 3209/3209/3209
f 3207/3207/3207 3210/3210/3210 3209/3209/3209
f 3208/3208/3208 3206/3206/3206 3211/3211/3211
f 3206/3206/3206 3209/3209/3209 3211/3211/3211
f 3209/3209/3209 3210/3210/3210 3212/3212/3212
f 3210/3210/3210 3213/3213/3213 3212/3212/3212
f 3211/3211/3211 3209/3209/3209 3214/3214/3214
f 3209/3209/3209 3212/3212/3212 3214/3214/3214
f 3212/3212/3212 3213/3213/3213 3215/3215/3215
f 3213/3213/3213 3216/3216/3216 3215/3215/3215
f 3214/3214/3214 3212/3212/3212 3217/3217/3217
f 3212/3212/3212 3215/3215/3215 3217/3217/3217
f 3215/3215/3215 3216/3216/3216 3218/3218/3218
f 3216/3216/3216 3219/3219/3219 3218/3218/3218
f 3218/3218/3218 3219/3219/3219 3220/3220/3220
f 3219/3219/3219 3221/3221/3221 3220/3220/3220
f 3218/3218/3218 3220/3220/3220 3222/3222/3222
f 3215/3215/3215 3218/3218/3218 3223/3223/3223
f 3217/3217/3217 3215/3215/3215 3223/3223/3223
f 3223/3223/3223 3218/3218/3218 3222/3222/3222
f 3211/3211/3211 3214/3214/3214 3224/3224/3224
f 3214/3214/3214 3217/3217/3217 3225/3225/3225
f 3224/3224/3224 3214/3214/3214 3225/3225/3225
f 3217/3217/3217 3223/3223/3223 3226/3226/3226
f 3225/3225/3225 3217/3217/3217 3226/3226/3226
f 3223/3223/3223 3222/3222/3222 3227/3227/3227
f 3226/3226/3226 3223/3223/3223 3227/3227/3227
f 3228/3228/3228 3211/3211/3211 3224/3224/3224
f 3208/3208/3208 3211/3211/3211 3228/3228/3228
f 3229/3229/3229 3227/3227/3227 3222/3222/3222
f 3230/3230/3230 3229/3229/3229 3222/3222/3222
f 3231/3231/3231 3208/3208/3208 3228/3228/3228
f 3205/3205/3205 3208/3208/3208 3231/3231/3231
f 3232/3232/3232 3205/3205/3205 3231/3231/3231
f 3202/3202/3202 3205/3205/3205 3232/3232/3232
f 3233/3233/3233 3202/3202/3202 3232/3232/3232
f 3199/3199/3199 3202/3202/3202 3233/3233/3233
f 3234/3234/3234 3199/3199/3199 3233/3233/3233
f 3196/3196/3196 3199/3199/3199 3234/3234/3234
f 3235/3235/3235 3196/3196/3196 3234/3234/3234
f 3193/3193/3193 3196/3196/3196 3235/3235/3235
f 3236/3236/3236 3193/3193/3193 3235/3235/3235
f 3190/3190/3190 3193/3193/3193 3236/3236/3236
f 3237/3237/3237 3190/3190/3190 3236/3236/3236
f 3185/3185/3185 3190/3190/3190 3237/3237/3237
f 3238/3238/3238 3185/3185/3185 3237/3237/3237
f 3239/3239/3239 3185/3185/3185 3238/3238/3238
f 3240/3240/3240 3239/3239/3239 3238/3238/3238
f 3241/3241/3241 3239/3239/3239 3240/3240/3240
f 3008/3008/3008 3241/3241/3241 3240/3240/3240
f 3004/3004/3004 3241/3241/3241 3008/3008/3008
f 3008/3008/3008 3240/3240/3240 3009/3009/3009
f 3240/3240/3240 3238/3238/3238 3242/3242/3242
f 3009/3009/3009 3240/3240/3240 3242/3242/3242
f 3238/3238/3238 3237/3237/3237 3243/3243/3243
f 3242/3242/3242 3238/3238/3238 3243/3243/3243
f 3237/3237/3237 3236/3236/3236 3244/3244/3244
f 3243/3243/3243 3237/3237/3237 3244/3244/3244
f 3236/3236/3236 3235/3235/3235 3245/3245/3245
f 3244/3244/3244 3236/3236/3236 3245/3245/3245
f 3009/3009/3009 3242/3242/3242 3246/3246/3246
f 2993/2993/2993 3009/3009/3009 3246/3246/3246
f 2993/2993/2993 3246/3246/3246 2994/2994/2994
f 3242/3242/3242 3243/3243/3243 3247/3247/3247
f 3246/3246/3246 3242/3242/3242 3247/3247/3247
f 3243/3243/3243 3244/3244/3244 3248/3248/3248
f 3247/3247/3247 3243/3243/3243 3248/3248/3248
f 2994/2994/2994 3246/3246/3246 3249/3249/3249
f 3246/3246/3246 3247/3247/3247 3249/3249/3249
f 3245/3245/3245 3235/3235/3235 3250/3250/3250
f 3235/3235/3235 3234/3234/3234 3250/3250/3250
f 3244/3244/3244 3245/3245/3245 3251/3251/3251
f 3248/3248/3248 3244/3244/3244 3251/3251/3251
f 3247/3247/3247 3248/3248/3248 3252/3252/3252
f 3249/3249/3249 3247/3247/3247 3252/3252/3252
f 3252/3252/3252 3248/3248/3248 3253/3253/3253
f 3248/3248/3248 3251/3251/3251 3253/3253/3253
f 3249/3249/3249 3252/3252/3252 3254/3254/3254
f 2994/2994/2994 3249/3249/3249 3255/3255/3255
f 3255/3255/3255 3249/3249/3249 3254/3254/3254
f 3256/3256/3256 2994/2994/2994 3255/3255/3255
f 3255/3255/3255 3254/3254/3254 3257/3257/3257
f 3256/3256/3256 3255/3255/3255 3077/3077/3077
f 3077/3077/3077 3255/3255/3255 3257/3257/3257
f 2985/2985/2985 3256/3256/3256 3077/3077/3077
f 3251/3251/3251 3245/3245/3245 3258/3258/3258
f 3245/3245/3245 3250/3250/3250 3258/3258/3258
f 3253/3253/3253 3251/3251/3251 3259/3259/3259
f 3251/3251/3251 3258/3258/3258 3259/3259/3259
f 3258/3258/3258 3250/3250/3250 3260/3260/3260
f 3259/3259/3259 3258/3258/3258 3261/3261/3261
f 3258/3258/3258 3260/3260/3260 3261/3261/3261
f 3250/3250/3250 3262/3262/3262 3260/3260/3260
f 3250/3250/3250 3234/3234/3234 3262/3262/3262
f 3234/3234/3234 3233/3233/3233 3262/3262/3262
f 3262/3262/3262 3233/3233/3233 3263/3263/3263
f 3233/3233/3233 3232/3232/3232 3263/3263/3263
f 3260/3260/3260 3262/3262/3262 3264/3264/3264
f 3262/3262/3262 3263/3263/3263 3264/3264/3264
f 3263/3263/3263 3232/3232/3232 3265/3265/3265
f 3232/3232/3232 3231/3231/3231 3265/3265/3265
f 3259/3259/3259 3261/3261/3261 3266/3266/3266
f 3267/3267/3267 3259/3259/3259 3266/3266/3266
f 3261/3261/3261 3260/3260/3260 3268/3268/3268
f 3260/3260/3260 3264/3264/3264 3268/3268/3268
f 3264/3264/3264 3263/3263/3263 3269/3269/3269
f 3263/3263/3263 3265/3265/3265 3269/3269/3269
f 3265/3265/3265 3231/3231/3231 3270/3270/3270
f 3231/3231/3231 3228/3228/3228 3270/3270/3270
f 3266/3266/3266 3261/3261/3261 3271/3271/3271
f 3261/3261/3261 3268/3268/3268 3271/3271/3271
f 3268/3268/3268 3264/3264/3264 3272/3272/3272
f 3264/3264/3264 3269/3269/3269 3272/3272/3272
f 3269/3269/3269 3265/3265/3265 3273/3273/3273
f 3265/3265/3265 3270/3270/3270 3273/3273/3273
f 3270/3270/3270 3228/3228/3228 3274/3274/3274
f 3228/3228/3228 3224/3224/3224 3274/3274/3274
f 3271/3271/3271 3268/3268/3268 3275/3275/3275
f 3268/3268/3268 3272/3272/3272 3275/3275/3275
f 3272/3272/3272 3269/3269/3269 3276/3276/3276
f 3269/3269/3269 3273/3273/3273 3276/3276/3276
f 3273/3273/3273 3270/3270/3270 3277/3277/3277
f 3270/3270/3270 3274/3274/3274 3277/3277/3277
f 3274/3274/3274 3224/3224/3224 3278/3278/3278
f 3224/3224/3224 3225/3225/3225 3278/3278/3278
f 3275/3275/3275 3272/3272/3272 3279/3279/3279
f 3272/3272/3272 3276/3276/3276 3279/3279/3279
f 3276/3276/3276 3273/3273/3273 3280/3280/3280
f 3273/3273/3273 3277/3277/3277 3280/3280/3280
f 3277/3277/3277 3274/3274/3274 3281/3281/3281
f 3274/3274/3274 3278/3278/3278 3281/3281/3281
f 3278/3278/3278 3225/3225/3225 3282/3282/3282
f 3225/3225/3225 3226/3226/3226 3282/3282/3282
f 3279/3279/3279 3276/3276/3276 3283/3283/3283
f 3276/3276/3276 3280/3280/3280 3283/3283/3283
f 3280/3280/3280 3277/3277/3277 3284/3284/3284
f 3277/3277/3277 3281/3281/3281 3284/3284/3284
f 3281/3281/3281 3278/3278/3278 3285/3285/3285
f 3278/3278/3278 3282/3282/3282 3285/3285/3285
f 3282/3282/3282 3226/3226/3226 3286/3286/3286
f 3226/3226/3226 3227/3227/3227 3286/3286/3286
f 3282/3282/3282 3286/3286/3286 3287/3287/3287
f 3285/3285/3285 3282/3282/3282 3287/3287/3287
f 3288/3288/3288 3286/3286/3286 3227/3227/3227
f 3285/3285/3285 3287/3287/3287 3289/3289/3289
f 3229/3229/3229 3288/3288/3288 3227/3227/3227
f 3281/3281/3281 3285/3285/3285 3290/3290/3290
f 3290/3290/3290 3285/3285/3285 3289/3289/3289
f 3284/3284/3284 3281/3281/3281 3290/3290/3290
f 3290/3290/3290 3289/3289/3289 3291/3291/3291
f 3292/3292/3292 3290/3290/3290 3291/3291/3291
f 3284/3284/3284 3290/3290/3290 3292/3292/3292
f 3292/3292/3292 3291/3291/3291 3293/3293/3293
f 3294/3294/3294 3284/3284/3284 3292/3292/3292
f 3280/3280/3280 3284/3284/3284 3294/3294/3294
f 3283/3283/3283 3280/3280/3280 3294/3294/3294
f 3294/3294/3294 3292/3292/3292 3295/3295/3295
f 3295/3295/3295 3292/3292/3292 3293/3293/3293
f 3283/3283/3283 3294/3294/3294 3296/3296/3296
f 3296/3296/3296 3294/3294/3294 3295/3295/3295
f 3297/3297/3297 3283/3283/3283 3296/3296/3296
f 3279/3279/3279 3283/3283/3283 3297/3297/3297
f 3298/3298/3298 3279/3279/3279 3297/3297/3297
f 3275/3275/3275 3279/3279/3279 3298/3298/3298
f 3299/3299/3299 3275/3275/3275 3298/3298/3298
f 3271/3271/3271 3275/3275/3275 3299/3299/3299
f 3300/3300/3300 3271/3271/3271 3299/3299/3299
f 3266/3266/3266 3271/3271/3271 3300/3300/3300
f 3301/3301/3301 3266/3266/3266 3300/3300/3300
f 3267/3267/3267 3266/3266/3266 3301/3301/3301
f 3302/3302/3302 3296/3296/3296 3295/3295/3295
f 3303/3303/3303 3297/3297/3297 3296/3296/3296
f 3302/3302/3302 3303/3303/3303 3296/3296/3296
f 3304/3304/3304 3298/3298/3298 3297/3297/3297
f 3303/3303/3303 3304/3304/3304 3297/3297/3297
f 3305/3305/3305 3299/3299/3299 3298/3298/3298
f 3304/3304/3304 3305/3305/3305 3298/3298/3298
f 3306/3306/3306 3300/3300/3300 3299/3299/3299
f 3305/3305/3305 3306/3306/3306 3299/3299/3299
f 3307/3307/3307 3301/3301/3301 3300/3300/3300
f 3306/3306/3306 3307/3307/3307 3300/3300/3300
f 3308/3308/3308 3302/3302/3302 3295/3295/3295
f 3308/3308/3308 3295/3295/3295 3293/3293/3293
f 3309/3309/3309 3303/3303/3303 3302/3302/3302
f 3310/3310/3310 3304/3304/3304 3303/3303/3303
f 3309/3309/3309 3310/3310/3310 3303/3303/3303
f 3311/3311/3311 3305/3305/3305 3304/3304/3304
f 3310/3310/3310 3311/3311/3311 3304/3304/3304
f 3312/3312/3312 3306/3306/3306 3305/3305/3305
f 3311/3311/3311 3312/3312/3312 3305/3305/3305
f 3313/3313/3313 3307/3307/3307 3306/3306/3306
f 3312/3312/3312 3313/3313/3313 3306/3306/3306
f 3314/3314/3314 3302/3302/3302 3308/3308/3308
f 3314/3314/3314 3309/3309/3309 3302/3302/3302
f 3315/3315/3315 3308/3308/3308 3293/3293/3293
f 3316/3316/3316 3308/3308/3308 3315/3315/3315
f 3316/3316/3316 3314/3314/3314 3308/3308/3308
f 3317/3317/3317 3316/3316/3316 3315/3315/3315
f 3318/3318/3318 3316/3316/3316 3317/3317/3317
f 3319/3319/3319 3318/3318/3318 3317/3317/3317
f 3320/3320/3320 3314/3314/3314 3316/3316/3316
f 3318/3318/3318 3320/3320/3320 3316/3316/3316
f 3321/3321/3321 3309/3309/3309 3314/3314/3314
f 3320/3320/3320 3321/3321/3321 3314/3314/3314
f 3322/3322/3322 3318/3318/3318 3319/3319/3319
f 3323/3323/3323 3322/3322/3322 3319/3319/3319
f 3324/3324/3324 3320/3320/3320 3318/3318/3318
f 3322/3322/3322 3324/3324/3324 3318/3318/3318
f 3325/3325/3325 3322/3322/3322 3323/3323/3323
f 3326/3326/3326 3325/3325/3325 3323/3323/3323
f 3321/3321/3321 3327/3327/3327 3309/3309/3309
f 3327/3327/3327 3310/3310/3310 3309/3309/3309
f 3328/3328/3328 3321/3321/3321 3320/3320/3320
f 3324/3324/3324 3328/3328/3328 3320/3320/3320
f 3329/3329/3329 3324/3324/3324 3322/3322/3322
f 3325/3325/3325 3329/3329/3329 3322/3322/3322
f 3330/3330/3330 3325/3325/3325 3326/3326/3326
f 3331/3331/3331 3330/3330/3330 3326/3326/3326
f 3327/3327/3327 3332/3332/3332 3310/3310/3310
f 3332/3332/3332 3311/3311/3311 3310/3310/3310
f 3333/3333/3333 3327/3327/3327 3321/3321/3321
f 3328/3328/3328 3333/3333/3333 3321/3321/3321
f 3334/3334/3334 3328/3328/3328 3324/3324/3324
f 3329/3329/3329 3334/3334/3334 3324/3324/3324
f 3335/3335/3335 3329/3329/3329 3325/3325/3325
f 3330/3330/3330 3335/3335/3335 3325/3325/3325
f 3332/3332/3332 3336/3336/3336 3311/3311/3311
f 3336/3336/3336 3312/3312/3312 3311/3311/3311
f 3337/3337/3337 3332/3332/3332 3327/3327/3327
f 3333/3333/3333 3337/3337/3337 3327/3327/3327
f 3338/3338/3338 3333/3333/3333 3328/3328/3328
f 3334/3334/3334 3338/3338/3338 3328/3328/3328
f 3339/3339/3339 3334/3334/3334 3329/3329/3329
f 3335/3335/3335 3339/3339/3339 3329/3329/3329
f 3336/3336/3336 3340/3340/3340 3312/3312/3312
f 3340/3340/3340 3313/3313/3313 3312/3312/3312
f 3341/3341/3341 3336/3336/3336 3332/3332/3332
f 3337/3337/3337 3341/3341/3341 3332/3332/3332
f 3342/3342/3342 3337/3337/3337 3333/3333/3333
f 3338/3338/3338 3342/3342/3342 3333/3333/3333
f 3343/3343/3343 3338/3338/3338 3334/3334/3334
f 3339/3339/3339 3343/3343/3343 3334/3334/3334
f 3344/3344/3344 3340/3340/3340 3336/3336/3336
f 3341/3341/3341 3344/3344/3344 3336/3336/3336
f 3345/3345/3345 3341/3341/3341 3337/3337/3337
f 3342/3342/3342 3345/3345/3345 3337/3337/3337
f 3346/3346/3346 3342/3342/3342 3338/3338/3338
f 3343/3343/3343 3346/3346/3346 3338/3338/3338
f 3347/3347/3347 3344/3344/3344 3341/3341/3341
f 3345/3345/3345 3347/3347/3347 3341/3341/3341
f 3348/3348/3348 3345/3345/3345 3342/3342/3342
f 3346/3346/3346 3348/3348/3348 3342/3342/3342
f 3349/3349/3349 3347/3347/3347 3345/3345/3345
f 3348/3348/3348 3349/3349/3349 3345/3345/3345
f 3350/3350/3350 3343/3343/3343 3339/3339/3339
f 3351/3351/3351 3346/3346/3346 3343/3343/3343
f 3350/3350/3350 3351/3351/3351 3343/3343/3343
f 3352/3352/3352 3348/3348/3348 3346/3346/3346
f 3351/3351/3351 3352/3352/3352 3346/3346/3346
f 3353/3353/3353 3349/3349/3349 3348/3348/3348
f 3352/3352/3352 3353/3353/3353 3348/3348/3348
f 3354/3354/3354 3350/3350/3350 3339/3339/3339
f 3354/3354/3354 3339/3339/3339 3335/3335/3335
f 3355/3355/3355 3354/3354/3354 3335/3335/3335
f 3355/3355/3355 3335/3335/3335 3330/3330/3330
f 3356/3356/3356 3355/3355/3355 3330/3330/3330
f 3356/3356/3356 3330/3330/3330 3357/3357/3357
f 3358/3358/3358 3351/3351/3351 3350/3350/3350
f 3359/3359/3359 3358/3358/3358 3350/3350/3350
f 3359/3359/3359 3350/3350/3350 3354/3354/3354
f 3358/3358/3358 3360/3360/3360 3351/3351/3351
f 3360/3360/3360 3352/3352/3352 3351/3351/3351
f 3361/3361/3361 3359/3359/3359 3354/3354/3354
f 3361/3361/3361 3354/3354/3354 3355/3355/3355
f 3360/3360/3360 3362/3362/3362 3352/3352/3352
f 3362/3362/3362 3353/3353/3353 3352/3352/3352
f 3363/3363/3363 3361/3361/3361 3355/3355/3355
f 3363/3363/3363 3355/3355/3355 3356/3356/3356
f 3362/3362/3362 3364/3364/3364 3353/3353/3353
f 3365/3365/3365 3363/3363/3363 3356/3356/3356
f 3364/3364/3364 3366/3366/3366 3353/3353/3353
f 3364/3364/3364 3121/3121/3121 3366/3366/3366
f 3353/3353/3353 3366/3366/3366 3349/3349/3349
f 3121/3121/3121 3120/3120/3120 3366/3366/3366
f 3365/3365/3365 3356/3356/3356 3367/3367/3367
f 3368/3368/3368 3365/3365/3365 3367/3367/3367
f 3367/3367/3367 3356/3356/3356 3357/3357/3357
f 3369/3369/3369 3368/3368/3368 3367/3367/3367
f 3366/3366/3366 3370/3370/3370 3349/3349/3349
f 3366/3366/3366 3120/3120/3120 3370/3370/3370
f 3349/3349/3349 3370/3370/3370 3347/3347/3347
f 3120/3120/3120 3119/3119/3119 3370/3370/3370
f 3371/3371/3371 3367/3367/3367 3357/3357/3357
f 3371/3371/3371 3369/3369/3369 3367/3367/3367
f 3372/3372/3372 3369/3369/3369 3371/3371/3371
f 3373/3373/3373 3371/3371/3371 3357/3357/3357
f 3370/3370/3370 3374/3374/3374 3347/3347/3347
f 3370/3370/3370 3119/3119/3119 3374/3374/3374
f 3119/3119/3119 3091/3091/3091 3374/3374/3374
f 3347/3347/3347 3374/3374/3374 3344/3344/3344
f 3374/3374/3374 3091/3091/3091 3093/3093/3093
f 3374/3374/3374 3093/3093/3093 3344/3344/3344
f 3344/3344/3344 3093/3093/3093 3340/3340/3340
f 3093/3093/3093 3090/3090/3090 3340/3340/3340
f 3340/3340/3340 3090/3090/3090 3313/3313/3313
f 3090/3090/3090 3089/3089/3089 3313/3313/3313
f 3313/3313/3313 3089/3089/3089 3307/3307/3307
f 3089/3089/3089 3375/3375/3375 3307/3307/3307
f 3307/3307/3307 3375/3375/3375 3301/3301/3301
f 3376/3376/3376 3371/3371/3371 3373/3373/3373
f 3376/3376/3376 3372/3372/3372 3371/3371/3371
f 3377/3377/3377 3372/3372/3372 3376/3376/3376
f 3378/3378/3378 3377/3377/3377 3376/3376/3376
f 3379/3379/3379 3377/3377/3377 3378/3378/3378
f 3380/3380/3380 3379/3379/3379 3378/3378/3378
f 3378/3378/3378 3376/3376/3376 3381/3381/3381
f 3381/3381/3381 3376/3376/3376 3373/3373/3373
f 3380/3380/3380 3378/3378/3378 3382/3382/3382
f 3382/3382/3382 3378/3378/3378 3381/3381/3381
f 3383/3383/3383 3380/3380/3380 3382/3382/3382
f 3382/3382/3382 3381/3381/3381 3384/3384/3384
f 3383/3383/3383 3382/3382/3382 3385/3385/3385
f 3385/3385/3385 3382/3382/3382 3384/3384/3384
f 3386/3386/3386 3383/3383/3383 3385/3385/3385
f 3385/3385/3385 3384/3384/3384 3387/3387/3387
f 3386/3386/3386 3385/3385/3385 3388/3388/3388
f 3388/3388/3388 3385/3385/3385 3387/3387/3387
f 3389/3389/3389 3386/3386/3386 3388/3388/3388
f 3388/3388/3388 3387/3387/3387 3390/3390/3390
f 3389/3389/3389 3388/3388/3388 3391/3391/3391
f 3391/3391/3391 3388/3388/3388 3390/3390/3390
f 3392/3392/3392 3389/3389/3389 3391/3391/3391
f 3391/3391/3391 3390/3390/3390 3393/3393/3393
f 3392/3392/3392 3391/3391/3391 3394/3394/3394
f 3394/3394/3394 3391/3391/3391 3393/3393/3393
f 3395/3395/3395 3392/3392/3392 3394/3394/3394
f 3394/3394/3394 3393/3393/3393 3396/3396/3396
f 3395/3395/3395 3394/3394/3394 3397/3397/3397
f 3397/3397/3397 3394/3394/3394 3396/3396/3396
f 3397/3397/3397 3396/3396/3396 3398/3398/3398
f 3399/3399/3399 3395/3395/3395 3397/3397/3397
f 3399/3399/3399 3397/3397/3397 3400/3400/3400
f 3400/3400/3400 3397/3397/3397 3398/3398/3398
f 3401/3401/3401 3399/3399/3399 3400/3400/3400
f 3402/3402/3402 3401/3401/3401 3400/3400/3400
f 3403/3403/3403 3402/3402/3402 3400/3400/3400
f 3403/3403/3403 3400/3400/3400 3398/3398/3398
f 3404/3404/3404 3402/3402/3402 3403/3403/3403
f 3405/3405/3405 3404/3404/3404 3403/3403/3403
f 3406/3406/3406 3404/3404/3404 3405/3405/3405
f 3407/3407/3407 3403/3403/3403 3398/3398/3398
f 3405/3405/3405 3403/3403/3403 3407/3407/3407
f 3408/3408/3408 3405/3405/3405 3407/3407/3407
f 3409/3409/3409 3406/3406/3406 3405/3405/3405
f 3409/3409/3409 3405/3405/3405 3408/3408/3408
f 3410/3410/3410 3406/3406/3406 3409/3409/3409
f 3411/3411/3411 3409/3409/3409 3408/3408/3408
f 3412/3412/3412 3410/3410/3410 3409/3409/3409
f 3412/3412/3412 3409/3409/3409 3411/3411/3411
f 3413/3413/3413 3410/3410/3410 3412/3412/3412
f 3414/3414/3414 3412/3412/3412 3411/3411/3411
f 3415/3415/3415 3413/3413/3413 3412/3412/3412
f 3415/3415/3415 3412/3412/3412 3414/3414/3414
f 3416/3416/3416 3413/3413/3413 3415/3415/3415
f 3417/3417/3417 3415/3415/3415 3414/3414/3414
f 3418/3418/3418 3416/3416/3416 3415/3415/3415
f 3418/3418/3418 3415/3415/3415 3417/3417/3417
f 3419/3419/3419 3416/3416/3416 3418/3418/3418
f 3420/3420/3420 3418/3418/3418 3417/3417/3417
f 3421/3421/3421 3419/3419/3419 3418/3418/3418
f 3421/3421/3421 3418/3418/3418 3420/3420/3420
f 3422/3422/3422 3419/3419/3419 3421/3421/3421
f 3423/3423/3423 3422/3422/3422 3421/3421/3421
f 3424/3424/3424 3421/3421/3421 3420/3420/3420
f 3423/3423/3423 3421/3421/3421 3424/3424/3424
f 3425/3425/3425 3423/3423/3423 3424/3424/3424
f 3424/3424/3424 3420/3420/3420 3230/3230/3230
f 3425/3425/3425 3424/3424/3424 3426/3426/3426
f 3426/3426/3426 3424/3424/3424 3230/3230/3230
f 3427/3427/3427 3425/3425/3425 3426/3426/3426
f 3426/3426/3426 3230/3230/3230 3428/3428/3428
f 3429/3429/3429 3426/3426/3426 3428/3428/3428
f 3427/3427/3427 3426/3426/3426 3429/3429/3429
f 3221/3221/3221 3427/3427/3427 3429/3429/3429
f 3431/3431/3431 3430/3430/3430 3230/3230/3230
f 3430/3430/3430 3229/3229/3229 3230/3230/3230
f 3430/3430/3430 3432/3432/3432 3229/3229/3229
f 3432/3432/3432 3288/3288/3288 3229/3229/3229
f 3288/3288/3288 3432/3432/3432 3433/3433/3433
f 3432/3432/3432 3434/3434/3434 3433/3433/3433
f 3288/3288/3288 3433/3433/3433 3435/3435/3435
f 3436/3436/3436 3288/3288/3288 3435/3435/3435
f 3435/3435/3435 3433/3433/3433 3437/3437/3437
f 3433/3433/3433 3434/3434/3434 3438/3438/3438
f 3433/3433/3433 3438/3438/3438 3437/3437/3437
f 3434/3434/3434 3439/3439/3439 3438/3438/3438
f 3439/3439/3439 3440/3440/3440 3438/3438/3438
f 3438/3438/3438 3441/3441/3441 3437/3437/3437
f 3440/3440/3440 3441/3441/3441 3438/3438/3438
f 3441/3441/3441 3442/3442/3442 3437/3437/3437
f 3440/3440/3440 3398/3398/3398 3441/3441/3441
f 3441/3441/3441 3443/3443/3443 3442/3442/3442
f 3398/3398/3398 3443/3443/3443 3441/3441/3441
f 3443/3443/3443 3293/3293/3293 3442/3442/3442
f 3293/3293/3293 3443/3443/3443 3444/3444/3444
f 3443/3443/3443 3398/3398/3398 3445/3445/3445
f 3443/3443/3443 3445/3445/3445 3444/3444/3444
f 3398/3398/3398 3446/3446/3446 3445/3445/3445
f 3444/3444/3444 3445/3445/3445 3447/3447/3447
f 3445/3445/3445 3446/3446/3446 3448/3448/3448
f 3445/3445/3445 3448/3448/3448 3447/3447/3447
f 3446/3446/3446 3449/3449/3449 3448/3448/3448
f 3449/3449/3449 3450/3450/3450 3448/3448/3448
f 3448/3448/3448 3451/3451/3451 3447/3447/3447
f 3450/3450/3450 3451/3451/3451 3448/3448/3448
f 3451/3451/3451 3452/3452/3452 3447/3447/3447
f 3450/3450/3450 3453/3453/3453 3451/3451/3451
f 3451/3451/3451 3454/3454/3454 3452/3452/3452
f 3453/3453/3453 3454/3454/3454 3451/3451/3451
f 3454/3454/3454 3455/3455/3455 3452/3452/3452
f 3455/3455/3455 3454/3454/3454 3456/3456/3456
f 3454/3454/3454 3453/3453/3453 3457/3457/3457
f 3454/3454/3454 3457/3457/3457 3456/3456/3456
f 3456/3456/3456 3457/3457/3457 3458/3458/3458
f 3453/3453/3453 3459/3459/3459 3457/3457/3457
f 3457/3457/3457 3373/3373/3373 3458/3458/3458
f 3457/3457/3457 3459/3459/3459 3373/3373/3373
f 3459/3459/3459 3460/3460/3460 3373/3373/3373
f 3462/3462/3462 3253/3253/3253 3461/3461/3461
f 3253/3253/3253 3463/3463/3463 3461/3461/3461
f 3461/3461/3461 3463/3463/3463 3257/3257/3257
f 3253/3253/3253 3464/3464/3464 3463/3463/3463
f 3463/3463/3463 3465/3465/3465 3257/3257/3257
f 3464/3464/3464 3267/3267/3267 3463/3463/3463
f 3463/3463/3463 3267/3267/3267 3465/3465/3465
f 3267/3267/3267 3466/3466/3466 3465/3465/3465
f 3466/3466/3466 3267/3267/3267 3301/3301/3301
f 3375/3375/3375 3466/3466/3466 3301/3301/3301
f 3466/3466/3466 3375/3375/3375 3465/3465/3465
f 3375/3375/3375 3467/3467/3467 3465/3465/3465
f 3465/3465/3465 3467/3467/3467 3080/3080/3080
f 3375/3375/3375 3468/3468/3468 3467/3467/3467
f 3467/3467/3467 3469/3469/3469 3080/3080/3080
f 3468/3468/3468 3083/3083/3083 3467/3467/3467
f 3467/3467/3467 3083/3083/3083 3469/3469/3469
f 3083/3083/3083 3470/3470/3470 3469/3469/3469
f 3473/3473/3473 3472/3472/3472 3471/3471/3471
f 3472/3472/3472 3474/3474/3474 3471/3471/3471
f 3471/3471/3471 3474/3474/3474 3475/3475/3475
f 3471/3471/3471 3475/3475/3475 3476/3476/3476
f 3471/3471/3471 3476/3476/3476 3477/3477/3477
f 3478/3478/3478 3471/3471/3471 3477/3477/3477
f 3479/3479/3479 3472/3472/3472 3478/3478/3478
f 3480/3480/3480 3478/3478/3478 3477/3477/3477
f 3480/3480/3480 3479/3479/3479 3478/3478/3478
f 3472/3472/3472 3481/3481/3481 3474/3474/3474
f 3479/3479/3479 3482/3482/3482 3472/3472/3472
f 3482/3482/3482 3481/3481/3481 3472/3472/3472
f 3483/3483/3483 3479/3479/3479 3480/3480/3480
f 3483/3483/3483 3484/3484/3484 3479/3479/3479
f 3484/3484/3484 3482/3482/3482 3479/3479/3479
f 3485/3485/3485 3483/3483/3483 3480/3480/3480
f 3484/3484/3484 3486/3486/3486 3482/3482/3482
f 3485/3485/3485 3480/3480/3480 3487/3487/3487
f 3487/3487/3487 3480/3480/3480 3477/3477/3477
f 3488/3488/3488 3485/3485/3485 3487/3487/3487
f 3486/3486/3486 3489/3489/3489 3482/3482/3482
f 3482/3482/3482 3489/3489/3489 3481/3481/3481
f 3486/3486/3486 3490/3490/3490 3489/3489/3489
f 3487/3487/3487 3477/3477/3477 3491/3491/3491
f 3477/3477/3477 3476/3476/3476 3491/3491/3491
f 3488/3488/3488 3487/3487/3487 3492/3492/3492
f 3492/3492/3492 3487/3487/3487 3491/3491/3491
f 3493/3493/3493 3488/3488/3488 3492/3492/3492
f 3490/3490/3490 3494/3494/3494 3489/3489/3489
f 3490/3490/3490 3495/3495/3495 3494/3494/3494
f 3489/3489/3489 3496/3496/3496 3481/3481/3481
f 3489/3489/3489 3494/3494/3494 3496/3496/3496
f 3494/3494/3494 3497/3497/3497 3496/3496/3496
f 3495/3495/3495 3498/3498/3498 3494/3494/3494
f 3494/3494/3494 3498/3498/3498 3497/3497/3497
f 3495/3495/3495 3499/3499/3499 3498/3498/3498
f 3493/3493/3493 3492/3492/3492 3500/3500/3500
f 3501/3501/3501 3493/3493/3493 3500/3500/3500
f 3499/3499/3499 3502/3502/3502 3498/3498/3498
f 3499/3499/3499 3503/3503/3503 3502/3502/3502
f 3498/3498/3498 3504/3504/3504 3497/3497/3497
f 3498/3498/3498 3502/3502/3502 3504/3504/3504
f 3503/3503/3503 3505/3505/3505 3502/3502/3502
f 3503/3503/3503 3506/3506/3506 3505/3505/3505
f 3497/3497/3497 3504/3504/3504 3507/3507/3507
f 3502/3502/3502 3508/3508/3508 3504/3504/3504
f 3502/3502/3502 3505/3505/3505 3508/3508/3508
f 3504/3504/3504 3509/3509/3509 3507/3507/3507
f 3504/3504/3504 3508/3508/3508 3509/3509/3509
f 3507/3507/3507 3509/3509/3509 3510/3510/3510
f 3506/3506/3506 3511/3511/3511 3505/3505/3505
f 3506/3506/3506 3512/3512/3512 3511/3511/3511
f 3505/3505/3505 3513/3513/3513 3508/3508/3508
f 3505/3505/3505 3511/3511/3511 3513/3513/3513
f 3508/3508/3508 3514/3514/3514 3509/3509/3509
f 3512/3512/3512 3515/3515/3515 3511/3511/3511
f 3512/3512/3512 3516/3516/3516 3515/3515/3515
f 3509/3509/3509 3517/3517/3517 3510/3510/3510
f 3509/3509/3509 3514/3514/3514 3517/3517/3517
f 3511/3511/3511 3518/3518/3518 3513/3513/3513
f 3511/3511/3511 3515/3515/3515 3518/3518/3518
f 3516/3516/3516 3519/3519/3519 3515/3515/3515
f 3515/3515/3515 3520/3520/3520 3518/3518/3518
f 3515/3515/3515 3519/3519/3519 3520/3520/3520
f 3518/3518/3518 3521/3521/3521 3513/3513/3513
f 3518/3518/3518 3520/3520/3520 3521/3521/3521
f 3519/3519/3519 3522/3522/3522 3520/3520/3520
f 3523/3523/3523 3522/3522/3522 3519/3519/3519
f 3524/3524/3524 3519/3519/3519 3516/3516/3516
f 3524/3524/3524 3523/3523/3523 3519/3519/3519
f 3525/3525/3525 3523/3523/3523 3524/3524/3524
f 3526/3526/3526 3524/3524/3524 3516/3516/3516
f 3527/3527/3527 3525/3525/3525 3524/3524/3524
f 3527/3527/3527 3524/3524/3524 3526/3526/3526
f 3528/3528/3528 3527/3527/3527 3526/3526/3526
f 3521/3521/3521 3529/3529/3529 3513/3513/3513
f 3513/3513/3513 3529/3529/3529 3530/3530/3530
f 3529/3529/3529 3514/3514/3514 3530/3530/3530
f 3521/3521/3521 3531/3531/3531 3529/3529/3529
f 3531/3531/3531 3532/3532/3532 3529/3529/3529
f 3529/3529/3529 3532/3532/3532 3514/3514/3514
f 3532/3532/3532 3533/3533/3533 3514/3514/3514
f 3514/3514/3514 3533/3533/3533 3517/3517/3517
f 3533/3533/3533 3532/3532/3532 3534/3534/3534
f 3517/3517/3517 3533/3533/3533 3535/3535/3535
f 3533/3533/3533 3534/3534/3534 3535/3535/3535
f 3532/3532/3532 3536/3536/3536 3534/3534/3534
f 3532/3532/3532 3537/3537/3537 3536/3536/3536
f 3521/3521/3521 3538/3538/3538 3537/3537/3537
f 3520/3520/3520 3538/3538/3538 3521/3521/3521
f 3520/3520/3520 3539/3539/3539 3538/3538/3538
f 3517/3517/3517 3535/3535/3535 3540/3540/3540
f 3510/3510/3510 3517/3517/3517 3540/3540/3540
f 3510/3510/3510 3540/3540/3540 3541/3541/3541
f 3542/3542/3542 3510/3510/3510 3541/3541/3541
f 3535/3535/3535 3534/3534/3534 3543/3543/3543
f 3540/3540/3540 3535/3535/3535 3544/3544/3544
f 3535/3535/3535 3543/3543/3543 3544/3544/3544
f 3540/3540/3540 3544/3544/3544 3545/3545/3545
f 3541/3541/3541 3540/3540/3540 3545/3545/3545
f 3541/3541/3541 3545/3545/3545 3546/3546/3546
f 3542/3542/3542 3541/3541/3541 3547/3547/3547
f 3547/3547/3547 3541/3541/3541 3546/3546/3546
f 3534/3534/3534 3548/3548/3548 3543/3543/3543
f 3534/3534/3534 3536/3536/3536 3548/3548/3548
f 3544/3544/3544 3543/3543/3543 3549/3549/3549
f 3544/3544/3544 3549/3549/3549 3550/3550/3550
f 3550/3550/3550 3551/3551/3551 3546/3546/3546
f 3549/3549/3549 3551/3551/3551 3550/3550/3550
f 3549/3549/3549 3552/3552/3552 3551/3551/3551
f 3543/3543/3543 3553/3553/3553 3549/3549/3549
f 3543/3543/3543 3548/3548/3548 3553/3553/3553
f 3549/3549/3549 3553/3553/3553 3552/3552/3552
f 3553/3553/3553 3554/3554/3554 3552/3552/3552
f 3553/3553/3553 3555/3555/3555 3554/3554/3554
f 3548/3548/3548 3555/3555/3555 3553/3553/3553
f 3555/3555/3555 3556/3556/3556 3554/3554/3554
f 3536/3536/3536 3557/3557/3557 3548/3548/3548
f 3558/3558/3558 3555/3555/3555 3548/3548/3548
f 3557/3557/3557 3558/3558/3558 3548/3548/3548
f 3559/3559/3559 3556/3556/3556 3555/3555/3555
f 3558/3558/3558 3559/3559/3559 3555/3555/3555
f 3536/3536/3536 3560/3560/3560 3557/3557/3557
f 3537/3537/3537 3560/3560/3560 3536/3536/3536
f 3556/3556/3556 3559/3559/3559 3561/3561/3561
f 3556/3556/3556 3561/3561/3561 3562/3562/3562
f 3562/3562/3562 3563/3563/3563 3552/3552/3552
f 3561/3561/3561 3563/3563/3563 3562/3562/3562
f 3537/3537/3537 3564/3564/3564 3560/3560/3560
f 3538/3538/3538 3564/3564/3564 3537/3537/3537
f 3538/3538/3538 3565/3565/3565 3564/3564/3564
f 3539/3539/3539 3565/3565/3565 3538/3538/3538
f 3566/3566/3566 3565/3565/3565 3539/3539/3539
f 3567/3567/3567 3566/3566/3566 3539/3539/3539
f 3568/3568/3568 3566/3566/3566 3567/3567/3567
f 3569/3569/3569 3568/3568/3568 3567/3567/3567
f 3559/3559/3559 3570/3570/3570 3561/3561/3561
f 3561/3561/3561 3570/3570/3570 3571/3571/3571
f 3561/3561/3561 3572/3572/3572 3563/3563/3563
f 3570/3570/3570 3573/3573/3573 3571/3571/3571
f 3559/3559/3559 3574/3574/3574 3570/3570/3570
f 3574/3574/3574 3575/3575/3575 3570/3570/3570
f 3570/3570/3570 3575/3575/3575 3573/3573/3573
f 3566/3566/3566 3576/3576/3576 3565/3565/3565
f 3568/3568/3568 3577/3577/3577 3566/3566/3566
f 3577/3577/3577 3576/3576/3576 3566/3566/3566
f 3577/3577/3577 3578/3578/3578 3576/3576/3576
f 3576/3576/3576 3579/3579/3579 3565/3565/3565
f 3565/3565/3565 3579/3579/3579 3564/3564/3564
f 3578/3578/3578 3580/3580/3580 3576/3576/3576
f 3576/3576/3576 3580/3580/3580 3579/3579/3579
f 3578/3578/3578 3581/3581/3581 3580/3580/3580
f 3564/3564/3564 3579/3579/3579 3582/3582/3582
f 3564/3564/3564 3582/3582/3582 3560/3560/3560
f 3580/3580/3580 3583/3583/3583 3579/3579/3579
f 3579/3579/3579 3583/3583/3583 3582/3582/3582
f 3560/3560/3560 3582/3582/3582 3584/3584/3584
f 3560/3560/3560 3584/3584/3584 3557/3557/3557
f 3582/3582/3582 3585/3585/3585 3584/3584/3584
f 3582/3582/3582 3583/3583/3583 3585/3585/3585
f 3584/3584/3584 3586/3586/3586 3557/3557/3557
f 3584/3584/3584 3585/3585/3585 3586/3586/3586
f 3586/3586/3586 3558/3558/3558 3557/3557/3557
f 3580/3580/3580 3587/3587/3587 3583/3583/3583
f 3581/3581/3581 3587/3587/3587 3580/3580/3580
f 3583/3583/3583 3588/3588/3588 3585/3585/3585
f 3587/3587/3587 3588/3588/3588 3583/3583/3583
f 3586/3586/3586 3589/3589/3589 3558/3558/3558
f 3589/3589/3589 3559/3559/3559 3558/3558/3558
f 3585/3585/3585 3590/3590/3590 3586/3586/3586
f 3585/3585/3585 3588/3588/3588 3590/3590/3590
f 3586/3586/3586 3590/3590/3590 3589/3589/3589
f 3581/3581/3581 3591/3591/3591 3587/3587/3587
f 3591/3591/3591 3592/3592/3592 3587/3587/3587
f 3587/3587/3587 3592/3592/3592 3588/3588/3588
f 3591/3591/3591 3593/3593/3593 3592/3592/3592
f 3593/3593/3593 3594/3594/3594 3592/3592/3592
f 3592/3592/3592 3595/3595/3595 3588/3588/3588
f 3592/3592/3592 3594/3594/3594 3595/3595/3595
f 3588/3588/3588 3595/3595/3595 3590/3590/3590
f 3594/3594/3594 3596/3596/3596 3595/3595/3595
f 3595/3595/3595 3596/3596/3596 3597/3597/3597
f 3590/3590/3590 3595/3595/3595 3597/3597/3597
f 3590/3590/3590 3597/3597/3597 3589/3589/3589
f 3597/3597/3597 3598/3598/3598 3589/3589/3589
f 3598/3598/3598 3575/3575/3575 3589/3589/3589
f 3599/3599/3599 3598/3598/3598 3597/3597/3597
f 3600/3600/3600 3599/3599/3599 3597/3597/3597
f 3600/3600/3600 3601/3601/3601 3599/3599/3599
f 3601/3601/3601 3602/3602/3602 3599/3599/3599
f 3601/3601/3601 3603/3603/3603 3602/3602/3602
f 3599/3599/3599 3604/3604/3604 3598/3598/3598
f 3599/3599/3599 3602/3602/3602 3604/3604/3604
f 3598/3598/3598 3605/3605/3605 3575/3575/3575
f 3604/3604/3604 3605/3605/3605 3598/3598/3598
f 3605/3605/3605 3606/3606/3606 3575/3575/3575
f 3575/3575/3575 3606/3606/3606 3573/3573/3573
f 3602/3602/3602 3607/3607/3607 3604/3604/3604
f 3604/3604/3604 3608/3608/3608 3605/3605/3605
f 3604/3604/3604 3607/3607/3607 3608/3608/3608
f 3605/3605/3605 3609/3609/3609 3606/3606/3606
f 3608/3608/3608 3609/3609/3609 3605/3605/3605
f 3606/3606/3606 3610/3610/3610 3573/3573/3573
f 3609/3609/3609 3610/3610/3610 3606/3606/3606
f 3603/3603/3603 3611/3611/3611 3602/3602/3602
f 3602/3602/3602 3611/3611/3611 3607/3607/3607
f 3610/3610/3610 3612/3612/3612 3573/3573/3573
f 3573/3573/3573 3612/3612/3612 3572/3572/3572
f 3607/3607/3607 3613/3613/3613 3608/3608/3608
f 3608/3608/3608 3614/3614/3614 3609/3609/3609
f 3608/3608/3608 3613/3613/3613 3614/3614/3614
f 3609/3609/3609 3615/3615/3615 3610/3610/3610
f 3614/3614/3614 3615/3615/3615 3609/3609/3609
f 3611/3611/3611 3616/3616/3616 3607/3607/3607
f 3607/3607/3607 3616/3616/3616 3613/3613/3613
f 3610/3610/3610 3617/3617/3617 3612/3612/3612
f 3615/3615/3615 3617/3617/3617 3610/3610/3610
f 3612/3612/3612 3618/3618/3618 3572/3572/3572
f 3617/3617/3617 3619/3619/3619 3612/3612/3612
f 3612/3612/3612 3619/3619/3619 3618/3618/3618
f 3615/3615/3615 3620/3620/3620 3617/3617/3617
f 3620/3620/3620 3621/3621/3621 3617/3617/3617
f 3614/3614/3614 3622/3622/3622 3615/3615/3615
f 3622/3622/3622 3620/3620/3620 3615/3615/3615
f 3613/3613/3613 3623/3623/3623 3614/3614/3614
f 3614/3614/3614 3623/3623/3623 3622/3622/3622
f 3616/3616/3616 3624/3624/3624 3613/3613/3613
f 3613/3613/3613 3624/3624/3624 3623/3623/3623
f 3572/3572/3572 3618/3618/3618 3625/3625/3625
f 3572/3572/3572 3625/3625/3625 3563/3563/3563
f 3563/3563/3563 3625/3625/3625 3626/3626/3626
f 3563/3563/3563 3626/3626/3626 3552/3552/3552
f 3622/3622/3622 3627/3627/3627 3620/3620/3620
f 3623/3623/3623 3628/3628/3628 3622/3622/3622
f 3622/3622/3622 3628/3628/3628 3627/3627/3627
f 3624/3624/3624 3629/3629/3629 3623/3623/3623
f 3623/3623/3623 3629/3629/3629 3628/3628/3628
f 3629/3629/3629 3630/3630/3630 3628/3628/3628
f 3628/3628/3628 3631/3631/3631 3627/3627/3627
f 3628/3628/3628 3630/3630/3630 3631/3631/3631
f 3630/3630/3630 3632/3632/3632 3631/3631/3631
f 3627/3627/3627 3633/3633/3633 3620/3620/3620
f 3620/3620/3620 3633/3633/3633 3621/3621/3621
f 3634/3634/3634 3632/3632/3632 3630/3630/3630
f 3635/3635/3635 3634/3634/3634 3630/3630/3630
f 3635/3635/3635 3630/3630/3630 3636/3636/3636
f 3637/3637/3637 3636/3636/3636 3624/3624/3624
f 3637/3637/3637 3635/3635/3635 3636/3636/3636
f 3634/3634/3634 3638/3638/3638 3632/3632/3632
f 3638/3638/3638 3639/3639/3639 3632/3632/3632
f 3638/3638/3638 3640/3640/3640 3639/3639/3639
f 3640/3640/3640 3641/3641/3641 3639/3639/3639
f 3642/3642/3642 3640/3640/3640 3638/3638/3638
f 3643/3643/3643 3642/3642/3642 3638/3638/3638
f 3643/3643/3643 3638/3638/3638 3634/3634/3634
f 3644/3644/3644 3643/3643/3643 3634/3634/3634
f 3644/3644/3644 3634/3634/3634 3635/3635/3635
f 3645/3645/3645 3644/3644/3644 3635/3635/3635
f 3645/3645/3645 3635/3635/3635 3637/3637/3637
f 3646/3646/3646 3645/3645/3645 3637/3637/3637
f 3647/3647/3647 3637/3637/3637 3624/3624/3624
f 3646/3646/3646 3637/3637/3637 3647/3647/3647
f 3647/3647/3647 3624/3624/3624 3616/3616/3616
f 3648/3648/3648 3646/3646/3646 3647/3647/3647
f 3649/3649/3649 3647/3647/3647 3616/3616/3616
f 3648/3648/3648 3647/3647/3647 3649/3649/3649
f 3649/3649/3649 3616/3616/3616 3611/3611/3611
f 3650/3650/3650 3648/3648/3648 3649/3649/3649
f 3651/3651/3651 3649/3649/3649 3611/3611/3611
f 3650/3650/3650 3649/3649/3649 3651/3651/3651
f 3652/3652/3652 3650/3650/3650 3651/3651/3651
f 3651/3651/3651 3611/3611/3611 3603/3603/3603
f 3652/3652/3652 3651/3651/3651 3653/3653/3653
f 3653/3653/3653 3651/3651/3651 3603/3603/3603
f 3654/3654/3654 3652/3652/3652 3653/3653/3653
f 3655/3655/3655 3654/3654/3654 3653/3653/3653
f 3656/3656/3656 3653/3653/3653 3603/3603/3603
f 3656/3656/3656 3655/3655/3655 3653/3653/3653
f 3657/3657/3657 3656/3656/3656 3603/3603/3603
f 3658/3658/3658 3655/3655/3655 3656/3656/3656
f 3659/3659/3659 3656/3656/3656 3657/3657/3657
f 3659/3659/3659 3658/3658/3658 3656/3656/3656
f 3581/3581/3581 3659/3659/3659 3657/3657/3657
f 3660/3660/3660 3658/3658/3658 3659/3659/3659
f 3661/3661/3661 3659/3659/3659 3581/3581/3581
f 3661/3661/3661 3660/3660/3660 3659/3659/3659
f 3662/3662/3662 3661/3661/3661 3581/3581/3581
f 3663/3663/3663 3660/3660/3660 3661/3661/3661
f 3664/3664/3664 3661/3661/3661 3662/3662/3662
f 3664/3664/3664 3663/3663/3663 3661/3661/3661
f 3665/3665/3665 3664/3664/3664 3662/3662/3662
f 3666/3666/3666 3663/3663/3663 3664/3664/3664
f 3667/3667/3667 3664/3664/3664 3665/3665/3665
f 3667/3667/3667 3666/3666/3666 3664/3664/3664
f 3568/3568/3568 3667/3667/3667 3665/3665/3665
f 3668/3668/3668 3666/3666/3666 3667/3667/3667
f 3669/3669/3669 3667/3667/3667 3568/3568/3568
f 3669/3669/3669 3668/3668/3668 3667/3667/3667
f 3670/3670/3670 3668/3668/3668 3669/3669/3669
f 3569/3569/3569 3669/3669/3669 3568/3568/3568
f 3671/3671/3671 3670/3670/3670 3669/3669/3669
f 3671/3671/3671 3669/3669/3669 3569/3569/3569
f 3672/3672/3672 3671/3671/3671 3569/3569/3569
f 3673/3673/3673 3671/3671/3671 3672/3672/3672
f 3674/3674/3674 3673/3673/3673 3672/3672/3672
f 3673/3673/3673 3675/3675/3675 3671/3671/3671
f 3675/3675/3675 3676/3676/3676 3671/3671/3671
f 3679/3679/3679 3678/3678/3678 3677/3677/3677
f 3678/3678/3678 3680/3680/3680 3677/3677/3677
f 3678/3678/3678 3681/3681/3681 3680/3680/3680
f 3677/3677/3677 3680/3680/3680 3682/3682/3682
f 3681/3681/3681 3683/3683/3683 3680/3680/3680
f 3681/3681/3681 3684/3684/3684 3683/3683/3683
f 3680/3680/3680 3685/3685/3685 3682/3682/3682
f 3680/3680/3680 3683/3683/3683 3685/3685/3685
f 3684/3684/3684 3686/3686/3686 3683/3683/3683
f 3684/3684/3684 3687/3687/3687 3686/3686/3686
f 3683/3683/3683 3688/3688/3688 3685/3685/3685
f 3683/3683/3683 3686/3686/3686 3688/3688/3688
f 3686/3686/3686 3689/3689/3689 3688/3688/3688
f 3687/3687/3687 3690/3690/3690 3686/3686/3686
f 3686/3686/3686 3690/3690/3690 3689/3689/3689
f 3687/3687/3687 3691/3691/3691 3690/3690/3690
f 3685/3685/3685 3692/3692/3692 3682/3682/3682
f 3692/3692/3692 3693/3693/3693 3682/3682/3682
f 3691/3691/3691 3694/3694/3694 3690/3690/3690
f 3691/3691/3691 3695/3695/3695 3694/3694/3694
f 3696/3696/3696 3692/3692/3692 3685/3685/3685
f 3697/3697/3697 3696/3696/3696 3685/3685/3685
f 3696/3696/3696 3698/3698/3698 3692/3692/3692
f 3692/3692/3692 3699/3699/3699 3693/3693/3693
f 3698/3698/3698 3699/3699/3699 3692/3692/3692
f 3699/3699/3699 3700/3700/3700 3693/3693/3693
f 3700/3700/3700 3699/3699/3699 3701/3701/3701
f 3699/3699/3699 3698/3698/3698 3702/3702/3702
f 3699/3699/3699 3702/3702/3702 3701/3701/3701
f 3698/3698/3698 3703/3703/3703 3702/3702/3702
f 3701/3701/3701 3702/3702/3702 3704/3704/3704
f 3702/3702/3702 3703/3703/3703 3705/3705/3705
f 3702/3702/3702 3705/3705/3705 3704/3704/3704
f 3703/3703/3703 3706/3706/3706 3705/3705/3705
f 3706/3706/3706 3707/3707/3707 3705/3705/3705
f 3705/3705/3705 3708/3708/3708 3704/3704/3704
f 3707/3707/3707 3708/3708/3708 3705/3705/3705
f 3707/3707/3707 3709/3709/3709 3708/3708/3708
f 3708/3708/3708 3710/3710/3710 3704/3704/3704
f 3708/3708/3708 3711/3711/3711 3710/3710/3710
f 3709/3709/3709 3711/3711/3711 3708/3708/3708
f 3711/3711/3711 3712/3712/3712 3710/3710/3710
f 3712/3712/3712 3711/3711/3711 3713/3713/3713
f 3711/3711/3711 3714/3714/3714 3713/3713/3713
f 3711/3711/3711 3709/3709/3709 3714/3714/3714
f 3713/3713/3713 3714/3714/3714 3715/3715/3715
f 3714/3714/3714 3716/3716/3716 3715/3715/3715
f 3709/3709/3709 3717/3717/3717 3714/3714/3714
f 3714/3714/3714 3717/3717/3717 3716/3716/3716
f 3716/3716/3716 3718/3718/3718 3715/3715/3715
f 3718/3718/3718 3719/3719/3719 3715/3715/3715
f 3717/3717/3717 3720/3720/3720 3716/3716/3716
f 3720/3720/3720 3721/3721/3721 3716/3716/3716
f 3721/3721/3721 3718/3718/3718 3716/3716/3716
f 3721/3721/3721 3722/3722/3722 3718/3718/3718
f 3718/3718/3718 3723/3723/3723 3719/3719/3719
f 3722/3722/3722 3723/3723/3723 3718/3718/3718
f 3723/3723/3723 3724/3724/3724 3719/3719/3719
f 3724/3724/3724 3723/3723/3723 3725/3725/3725
f 3723/3723/3723 3722/3722/3722 3726/3726/3726
f 3723/3723/3723 3726/3726/3726 3725/3725/3725
f 3722/3722/3722 3727/3727/3727 3726/3726/3726
f 3725/3725/3725 3726/3726/3726 3728/3728/3728
f 3726/3726/3726 3727/3727/3727 3729/3729/3729
f 3726/3726/3726 3729/3729/3729 3728/3728/3728
f 3727/3727/3727 3730/3730/3730 3729/3729/3729
f 3729/3729/3729 3731/3731/3731 3728/3728/3728
f 3731/3731/3731 3732/3732/3732 3728/3728/3728
f 3731/3731/3731 3733/3733/3733 3732/3732/3732
f 3733/3733/3733 3734/3734/3734 3732/3732/3732
f 3735/3735/3735 3733/3733/3733 3731/3731/3731
f 3736/3736/3736 3731/3731/3731 3729/3729/3729
f 3736/3736/3736 3735/3735/3735 3731/3731/3731
f 3737/3737/3737 3735/3735/3735 3736/3736/3736
f 3738/3738/3738 3736/3736/3736 3729/3729/3729
f 3739/3739/3739 3737/3737/3737 3736/3736/3736
f 3739/3739/3739 3736/3736/3736 3738/3738/3738
f 3740/3740/3740 3737/3737/3737 3739/3739/3739
f 3741/3741/3741 3739/3739/3739 3738/3738/3738
f 3741/3741/3741 3738/3738/3738 3742/3742/3742
f 3743/3743/3743 3740/3740/3740 3739/3739/3739
f 3743/3743/3743 3739/3739/3739 3741/3741/3741
f 3744/3744/3744 3740/3740/3740 3743/3743/3743
f 3745/3745/3745 3741/3741/3741 3742/3742/3742
f 3745/3745/3745 3742/3742/3742 3746/3746/3746
f 3747/3747/3747 3744/3744/3744 3743/3743/3743
f 3748/3748/3748 3744/3744/3744 3747/3747/3747
f 3749/3749/3749 3743/3743/3743 3741/3741/3741
f 3749/3749/3749 3741/3741/3741 3745/3745/3745
f 3747/3747/3747 3743/3743/3743 3749/3749/3749
f 3750/3750/3750 3745/3745/3745 3746/3746/3746
f 3750/3750/3750 3746/3746/3746 3751/3751/3751
f 3752/3752/3752 3748/3748/3748 3747/3747/3747
f 3753/3753/3753 3748/3748/3748 3752/3752/3752
f 3754/3754/3754 3749/3749/3749 3745/3745/3745
f 3754/3754/3754 3745/3745/3745 3750/3750/3750
f 3755/3755/3755 3754/3754/3754 3750/3750/3750
f 3756/3756/3756 3750/3750/3750 3751/3751/3751
f 3755/3755/3755 3750/3750/3750 3756/3756/3756
f 3756/3756/3756 3751/3751/3751 3757/3757/3757
f 3758/3758/3758 3747/3747/3747 3749/3749/3749
f 3752/3752/3752 3747/3747/3747 3758/3758/3758
f 3759/3759/3759 3753/3753/3753 3752/3752/3752
f 3760/3760/3760 3753/3753/3753 3759/3759/3759
f 3761/3761/3761 3755/3755/3755 3756/3756/3756
f 3762/3762/3762 3755/3755/3755 3761/3761/3761
f 3763/3763/3763 3756/3756/3756 3757/3757/3757
f 3761/3761/3761 3756/3756/3756 3763/3763/3763
f 3763/3763/3763 3757/3757/3757 3717/3717/3717
f 3764/3764/3764 3763/3763/3763 3717/3717/3717
f 3764/3764/3764 3717/3717/3717 3709/3709/3709
f 3765/3765/3765 3761/3761/3761 3763/3763/3763
f 3765/3765/3765 3763/3763/3763 3764/3764/3764
f 3766/3766/3766 3752/3752/3752 3758/3758/3758
f 3759/3759/3759 3752/3752/3752 3766/3766/3766
f 3767/3767/3767 3760/3760/3760 3759/3759/3759
f 3768/3768/3768 3760/3760/3760 3767/3767/3767
f 3769/3769/3769 3759/3759/3759 3766/3766/3766
f 3767/3767/3767 3759/3759/3759 3769/3769/3769
f 3770/3770/3770 3766/3766/3766 3758/3758/3758
f 3769/3769/3769 3766/3766/3766 3771/3771/3771
f 3772/3772/3772 3770/3770/3770 3758/3758/3758
f 3772/3772/3772 3758/3758/3758 3749/3749/3749
f 3773/3773/3773 3770/3770/3770 3772/3772/3772
f 3774/3774/3774 3772/3772/3772 3749/3749/3749
f 3762/3762/3762 3773/3773/3773 3772/3772/3772
f 3762/3762/3762 3772/3772/3772 3774/3774/3774
f 3775/3775/3775 3762/3762/3762 3774/3774/3774
f 3776/3776/3776 3768/3768/3768 3767/3767/3767
f 3777/3777/3777 3768/3768/3768 3776/3776/3776
f 3778/3778/3778 3769/3769/3769 3771/3771/3771
f 3778/3778/3778 3771/3771/3771 3779/3779/3779
f 3780/3780/3780 3767/3767/3767 3769/3769/3769
f 3776/3776/3776 3767/3767/3767 3780/3780/3780
f 3780/3780/3780 3769/3769/3769 3778/3778/3778
f 3781/3781/3781 3780/3780/3780 3778/3778/3778
f 3782/3782/3782 3776/3776/3776 3780/3780/3780
f 3783/3783/3783 3777/3777/3777 3776/3776/3776
f 3783/3783/3783 3776/3776/3776 3782/3782/3782
f 3784/3784/3784 3777/3777/3777 3783/3783/3783
f 3781/3781/3781 3778/3778/3778 3785/3785/3785
f 3785/3785/3785 3778/3778/3778 3779/3779/3779
f 3786/3786/3786 3781/3781/3781 3785/3785/3785
f 3787/3787/3787 3784/3784/3784 3783/3783/3783
f 3788/3788/3788 3784/3784/3784 3787/3787/3787
f 3789/3789/3789 3783/3783/3783 3782/3782/3782
f 3787/3787/3787 3783/3783/3783 3789/3789/3789
f 3790/3790/3790 3788/3788/3788 3787/3787/3787
f 3791/3791/3791 3788/3788/3788 3790/3790/3790
f 3792/3792/3792 3787/3787/3787 3789/3789/3789
f 3790/3790/3790 3787/3787/3787 3792/3792/3792
f 3793/3793/3793 3789/3789/3789 3782/3782/3782
f 3792/3792/3792 3789/3789/3789 3794/3794/3794
f 3795/3795/3795 3793/3793/3793 3782/3782/3782
f 3795/3795/3795 3782/3782/3782 3796/3796/3796
f 3797/3797/3797 3795/3795/3795 3796/3796/3796
f 3798/3798/3798 3793/3793/3793 3795/3795/3795
f 3799/3799/3799 3795/3795/3795 3797/3797/3797
f 3799/3799/3799 3798/3798/3798 3795/3795/3795
f 3786/3786/3786 3799/3799/3799 3797/3797/3797
f 3800/3800/3800 3791/3791/3791 3790/3790/3790
f 3801/3801/3801 3791/3791/3791 3800/3800/3800
f 3802/3802/3802 3790/3790/3790 3792/3792/3792
f 3800/3800/3800 3790/3790/3790 3802/3802/3802
f 3803/3803/3803 3800/3800/3800 3802/3802/3802
f 3804/3804/3804 3801/3801/3801 3800/3800/3800
f 3804/3804/3804 3800/3800/3800 3803/3803/3803
f 3805/3805/3805 3801/3801/3801 3804/3804/3804
f 3806/3806/3806 3804/3804/3804 3803/3803/3803
f 3807/3807/3807 3805/3805/3805 3804/3804/3804
f 3807/3807/3807 3804/3804/3804 3806/3806/3806
f 3808/3808/3808 3805/3805/3805 3807/3807/3807
f 3809/3809/3809 3808/3808/3808 3807/3807/3807
f 3810/3810/3810 3808/3808/3808 3809/3809/3809
f 3811/3811/3811 3807/3807/3807 3806/3806/3806
f 3809/3809/3809 3807/3807/3807 3811/3811/3811
f 3812/3812/3812 3810/3810/3810 3809/3809/3809
f 3813/3813/3813 3810/3810/3810 3812/3812/3812
f 3811/3811/3811 3806/3806/3806 3814/3814/3814
f 3815/3815/3815 3809/3809/3809 3811/3811/3811
f 3812/3812/3812 3809/3809/3809 3815/3815/3815
f 3816/3816/3816 3811/3811/3811 3814/3814/3814
f 3815/3815/3815 3811/3811/3811 3816/3816/3816
f 3816/3816/3816 3814/3814/3814 3817/3817/3817
f 3818/3818/3818 3813/3813/3813 3812/3812/3812
f 3819/3819/3819 3813/3813/3813 3818/3818/3818
f 3820/3820/3820 3812/3812/3812 3815/3815/3815
f 3818/3818/3818 3812/3812/3812 3820/3820/3820
f 3821/3821/3821 3819/3819/3819 3818/3818/3818
f 3822/3822/3822 3819/3819/3819 3821/3821/3821
f 3823/3823/3823 3818/3818/3818 3820/3820/3820
f 3821/3821/3821 3818/3818/3818 3823/3823/3823
f 3824/3824/3824 3815/3815/3815 3816/3816/3816
f 3824/3824/3824 3816/3816/3816 3825/3825/3825
f 3825/3825/3825 3816/3816/3816 3817/3817/3817
f 3826/3826/3826 3824/3824/3824 3825/3825/3825
f 3827/3827/3827 3820/3820/3820 3815/3815/3815
f 3828/3828/3828 3827/3827/3827 3815/3815/3815
f 3621/3621/3621 3823/3823/3823 3820/3820/3820
f 3827/3827/3827 3621/3621/3621 3820/3820/3820
f 3829/3829/3829 3621/3621/3621 3827/3827/3827
f 3633/3633/3633 3823/3823/3823 3621/3621/3621
f 3633/3633/3633 3821/3821/3821 3823/3823/3823
f 3619/3619/3619 3829/3829/3829 3827/3827/3827
f 3619/3619/3619 3827/3827/3827 3828/3828/3828
f 3826/3826/3826 3619/3619/3619 3828/3828/3828
f 3619/3619/3619 3826/3826/3826 3618/3618/3618
f 3830/3830/3830 3821/3821/3821 3633/3633/3633
f 3831/3831/3831 3830/3830/3830 3633/3633/3633
f 3830/3830/3830 3822/3822/3822 3821/3821/3821
f 3618/3618/3618 3826/3826/3826 3832/3832/3832
f 3618/3618/3618 3832/3832/3832 3625/3625/3625
f 3826/3826/3826 3825/3825/3825 3832/3832/3832
f 3625/3625/3625 3832/3832/3832 3833/3833/3833
f 3625/3625/3625 3833/3833/3833 3626/3626/3626
f 3832/3832/3832 3825/3825/3825 3834/3834/3834
f 3832/3832/3832 3834/3834/3834 3833/3833/3833
f 3825/3825/3825 3817/3817/3817 3834/3834/3834
f 3626/3626/3626 3833/3833/3833 3835/3835/3835
f 3833/3833/3833 3834/3834/3834 3835/3835/3835
f 3834/3834/3834 3817/3817/3817 3836/3836/3836
f 3834/3834/3834 3836/3836/3836 3835/3835/3835
f 3817/3817/3817 3837/3837/3837 3836/3836/3836
f 3838/3838/3838 3626/3626/3626 3835/3835/3835
f 3552/3552/3552 3626/3626/3626 3838/3838/3838
f 3838/3838/3838 3835/3835/3835 3839/3839/3839
f 3835/3835/3835 3836/3836/3836 3840/3840/3840
f 3841/3841/3841 3838/3838/3838 3839/3839/3839
f 3842/3842/3842 3552/3552/3552 3838/3838/3838
f 3842/3842/3842 3838/3838/3838 3841/3841/3841
f 3552/3552/3552 3842/3842/3842 3551/3551/3551
f 3551/3551/3551 3842/3842/3842 3843/3843/3843
f 3551/3551/3551 3843/3843/3843 3546/3546/3546
f 3836/3836/3836 3837/3837/3837 3844/3844/3844
f 3836/3836/3836 3844/3844/3844 3840/3840/3840
f 3845/3845/3845 3842/3842/3842 3841/3841/3841
f 3842/3842/3842 3845/3845/3845 3843/3843/3843
f 3845/3845/3845 3841/3841/3841 3846/3846/3846
f 3843/3843/3843 3845/3845/3845 3846/3846/3846
f 3546/3546/3546 3843/3843/3843 3847/3847/3847
f 3847/3847/3847 3843/3843/3843 3846/3846/3846
f 3847/3847/3847 3846/3846/3846 3848/3848/3848
f 3841/3841/3841 3849/3849/3849 3846/3846/3846
f 3841/3841/3841 3840/3840/3840 3849/3849/3849
f 3846/3846/3846 3849/3849/3849 3848/3848/3848
f 3850/3850/3850 3546/3546/3546 3847/3847/3847
f 3547/3547/3547 3546/3546/3546 3850/3850/3850
f 3840/3840/3840 3851/3851/3851 3849/3849/3849
f 3840/3840/3840 3844/3844/3844 3851/3851/3851
f 3852/3852/3852 3847/3847/3847 3848/3848/3848
f 3850/3850/3850 3847/3847/3847 3852/3852/3852
f 3849/3849/3849 3853/3853/3853 3848/3848/3848
f 3849/3849/3849 3851/3851/3851 3853/3853/3853
f 3854/3854/3854 3547/3547/3547 3850/3850/3850
f 3855/3855/3855 3850/3850/3850 3852/3852/3852
f 3854/3854/3854 3850/3850/3850 3855/3855/3855
f 3856/3856/3856 3547/3547/3547 3854/3854/3854
f 3856/3856/3856 3542/3542/3542 3547/3547/3547
f 3542/3542/3542 3856/3856/3856 3857/3857/3857
f 3858/3858/3858 3542/3542/3542 3857/3857/3857
f 3859/3859/3859 3542/3542/3542 3858/3858/3858
f 3858/3858/3858 3857/3857/3857 3481/3481/3481
f 3860/3860/3860 3859/3859/3859 3858/3858/3858
f 3861/3861/3861 3858/3858/3858 3481/3481/3481
f 3860/3860/3860 3858/3858/3858 3861/3861/3861
f 3497/3497/3497 3860/3860/3860 3861/3861/3861
f 3862/3862/3862 3856/3856/3856 3854/3854/3854
f 3863/3863/3863 3856/3856/3856 3862/3862/3862
f 3481/3481/3481 3863/3863/3863 3474/3474/3474
f 3474/3474/3474 3863/3863/3863 3862/3862/3862
f 3474/3474/3474 3862/3862/3862 3475/3475/3475
f 3862/3862/3862 3854/3854/3854 3864/3864/3864
f 3475/3475/3475 3862/3862/3862 3864/3864/3864
f 3864/3864/3864 3854/3854/3854 3855/3855/3855
f 3864/3864/3864 3855/3855/3855 3865/3865/3865
f 3855/3855/3855 3852/3852/3852 3865/3865/3865
f 3475/3475/3475 3864/3864/3864 3866/3866/3866
f 3866/3866/3866 3864/3864/3864 3865/3865/3865
f 3852/3852/3852 3867/3867/3867 3865/3865/3865
f 3852/3852/3852 3848/3848/3848 3867/3867/3867
f 3868/3868/3868 3475/3475/3475 3866/3866/3866
f 3475/3475/3475 3868/3868/3868 3476/3476/3476
f 3866/3866/3866 3865/3865/3865 3869/3869/3869
f 3865/3865/3865 3867/3867/3867 3869/3869/3869
f 3476/3476/3476 3868/3868/3868 3870/3870/3870
f 3476/3476/3476 3870/3870/3870 3491/3491/3491
f 3868/3868/3868 3866/3866/3866 3871/3871/3871
f 3871/3871/3871 3866/3866/3866 3869/3869/3869
f 3868/3868/3868 3872/3872/3872 3870/3870/3870
f 3872/3872/3872 3868/3868/3868 3871/3871/3871
f 3848/3848/3848 3873/3873/3873 3867/3867/3867
f 3867/3867/3867 3874/3874/3874 3869/3869/3869
f 3867/3867/3867 3873/3873/3873 3874/3874/3874
f 3873/3873/3873 3848/3848/3848 3875/3875/3875
f 3848/3848/3848 3853/3853/3853 3875/3875/3875
f 3491/3491/3491 3870/3870/3870 3876/3876/3876
f 3870/3870/3870 3872/3872/3872 3877/3877/3877
f 3876/3876/3876 3870/3870/3870 3877/3877/3877
f 3872/3872/3872 3871/3871/3871 3878/3878/3878
f 3877/3877/3877 3872/3872/3872 3878/3878/3878
f 3871/3871/3871 3869/3869/3869 3879/3879/3879
f 3878/3878/3878 3871/3871/3871 3879/3879/3879
f 3869/3869/3869 3874/3874/3874 3880/3880/3880
f 3879/3879/3879 3869/3869/3869 3880/3880/3880
f 3881/3881/3881 3491/3491/3491 3876/3876/3876
f 3492/3492/3492 3491/3491/3491 3881/3881/3881
f 3500/3500/3500 3492/3492/3492 3881/3881/3881
f 3881/3881/3881 3876/3876/3876 3882/3882/3882
f 3882/3882/3882 3876/3876/3876 3883/3883/3883
f 3876/3876/3876 3877/3877/3877 3883/3883/3883
f 3884/3884/3884 3881/3881/3881 3882/3882/3882
f 3500/3500/3500 3881/3881/3881 3884/3884/3884
f 3877/3877/3877 3878/3878/3878 3885/3885/3885
f 3883/3883/3883 3877/3877/3877 3885/3885/3885
f 3878/3878/3878 3879/3879/3879 3886/3886/3886
f 3885/3885/3885 3878/3878/3878 3886/3886/3886
f 3887/3887/3887 3500/3500/3500 3884/3884/3884
f 3501/3501/3501 3500/3500/3500 3887/3887/3887
f 3695/3695/3695 3501/3501/3501 3887/3887/3887
f 3695/3695/3695 3887/3887/3887 3694/3694/3694
f 3887/3887/3887 3884/3884/3884 3888/3888/3888
f 3694/3694/3694 3887/3887/3887 3888/3888/3888
f 3884/3884/3884 3889/3889/3889 3888/3888/3888
f 3883/3883/3883 3885/3885/3885 3890/3890/3890
f 3891/3891/3891 3883/3883/3883 3890/3890/3890
f 3886/3886/3886 3879/3879/3879 3892/3892/3892
f 3879/3879/3879 3880/3880/3880 3892/3892/3892
f 3892/3892/3892 3880/3880/3880 3893/3893/3893
f 3885/3885/3885 3886/3886/3886 3894/3894/3894
f 3886/3886/3886 3892/3892/3892 3894/3894/3894
f 3890/3890/3890 3885/3885/3885 3894/3894/3894
f 3694/3694/3694 3888/3888/3888 3895/3895/3895
f 3690/3690/3690 3694/3694/3694 3895/3895/3895
f 3690/3690/3690 3895/3895/3895 3689/3689/3689
f 3892/3892/3892 3896/3896/3896 3894/3894/3894
f 3892/3892/3892 3893/3893/3893 3896/3896/3896
f 3890/3890/3890 3894/3894/3894 3897/3897/3897
f 3894/3894/3894 3896/3896/3896 3897/3897/3897
f 3891/3891/3891 3890/3890/3890 3898/3898/3898
f 3898/3898/3898 3890/3890/3890 3897/3897/3897
f 3880/3880/3880 3899/3899/3899 3893/3893/3893
f 3880/3880/3880 3874/3874/3874 3899/3899/3899
f 3888/3888/3888 3900/3900/3900 3895/3895/3895
f 3889/3889/3889 3900/3900/3900 3888/3888/3888
f 3889/3889/3889 3901/3901/3901 3900/3900/3900
f 3901/3901/3901 3891/3891/3891 3900/3900/3900
f 3900/3900/3900 3902/3902/3902 3895/3895/3895
f 3900/3900/3900 3891/3891/3891 3902/3902/3902
f 3903/3903/3903 3891/3891/3891 3898/3898/3898
f 3891/3891/3891 3903/3903/3903 3902/3902/3902
f 3895/3895/3895 3902/3902/3902 3904/3904/3904
f 3689/3689/3689 3895/3895/3895 3904/3904/3904
f 3902/3902/3902 3903/3903/3903 3905/3905/3905
f 3904/3904/3904 3902/3902/3902 3905/3905/3905
f 3689/3689/3689 3904/3904/3904 3906/3906/3906
f 3907/3907/3907 3689/3689/3689 3906/3906/3906
f 3906/3906/3906 3904/3904/3904 3908/3908/3908
f 3904/3904/3904 3905/3905/3905 3908/3908/3908
f 3908/3908/3908 3905/3905/3905 3909/3909/3909
f 3905/3905/3905 3903/3903/3903 3910/3910/3910
f 3905/3905/3905 3910/3910/3910 3909/3909/3909
f 3903/3903/3903 3898/3898/3898 3910/3910/3910
f 3909/3909/3909 3910/3910/3910 3911/3911/3911
f 3910/3910/3910 3898/3898/3898 3912/3912/3912
f 3910/3910/3910 3912/3912/3912 3911/3911/3911
f 3911/3911/3911 3912/3912/3912 3707/3707/3707
f 3898/3898/3898 3897/3897/3897 3912/3912/3912
f 3912/3912/3912 3913/3913/3913 3707/3707/3707
f 3912/3912/3912 3897/3897/3897 3913/3913/3913
f 3707/3707/3707 3913/3913/3913 3709/3709/3709
f 3897/3897/3897 3914/3914/3914 3913/3913/3913
f 3896/3896/3896 3914/3914/3914 3897/3897/3897
f 3913/3913/3913 3915/3915/3915 3709/3709/3709
f 3913/3913/3913 3914/3914/3914 3915/3915/3915
f 3915/3915/3915 3764/3764/3764 3709/3709/3709
f 3896/3896/3896 3916/3916/3916 3914/3914/3914
f 3893/3893/3893 3916/3916/3916 3896/3896/3896
f 3917/3917/3917 3764/3764/3764 3915/3915/3915
f 3917/3917/3917 3765/3765/3765 3764/3764/3764
f 3914/3914/3914 3918/3918/3918 3915/3915/3915
f 3916/3916/3916 3918/3918/3918 3914/3914/3914
f 3918/3918/3918 3917/3917/3917 3915/3915/3915
f 3918/3918/3918 3916/3916/3916 3917/3917/3917
f 3916/3916/3916 3919/3919/3919 3917/3917/3917
f 3916/3916/3916 3893/3893/3893 3919/3919/3919
f 3917/3917/3917 3919/3919/3919 3765/3765/3765
f 3893/3893/3893 3920/3920/3920 3919/3919/3919
f 3919/3919/3919 3921/3921/3921 3765/3765/3765
f 3919/3919/3919 3920/3920/3920 3921/3921/3921
f 3922/3922/3922 3920/3920/3920 3893/3893/3893
f 3899/3899/3899 3922/3922/3922 3893/3893/3893
f 3921/3921/3921 3923/3923/3923 3765/3765/3765
f 3923/3923/3923 3761/3761/3761 3765/3765/3765
f 3923/3923/3923 3762/3762/3762 3761/3761/3761
f 3779/3779/3779 3762/3762/3762 3923/3923/3923
f 3924/3924/3924 3779/3779/3779 3923/3923/3923
f 3924/3924/3924 3923/3923/3923 3921/3921/3921
f 3785/3785/3785 3779/3779/3779 3924/3924/3924
f 3920/3920/3920 3925/3925/3925 3921/3921/3921
f 3925/3925/3925 3924/3924/3924 3921/3921/3921
f 3926/3926/3926 3785/3785/3785 3924/3924/3924
f 3926/3926/3926 3924/3924/3924 3925/3925/3925
f 3786/3786/3786 3785/3785/3785 3926/3926/3926
f 3927/3927/3927 3925/3925/3925 3920/3920/3920
f 3927/3927/3927 3926/3926/3926 3925/3925/3925
f 3922/3922/3922 3927/3927/3927 3920/3920/3920
f 3928/3928/3928 3786/3786/3786 3926/3926/3926
f 3928/3928/3928 3926/3926/3926 3927/3927/3927
f 3799/3799/3799 3786/3786/3786 3928/3928/3928
f 3929/3929/3929 3927/3927/3927 3922/3922/3922
f 3929/3929/3929 3928/3928/3928 3927/3927/3927
f 3930/3930/3930 3799/3799/3799 3928/3928/3928
f 3930/3930/3930 3928/3928/3928 3929/3929/3929
f 3798/3798/3798 3799/3799/3799 3930/3930/3930
f 3931/3931/3931 3929/3929/3929 3922/3922/3922
f 3932/3932/3932 3930/3930/3930 3929/3929/3929
f 3931/3931/3931 3922/3922/3922 3899/3899/3899
f 3933/3933/3933 3798/3798/3798 3930/3930/3930
f 3933/3933/3933 3930/3930/3930 3932/3932/3932
f 3934/3934/3934 3931/3931/3931 3899/3899/3899
f 3874/3874/3874 3934/3934/3934 3899/3899/3899
f 3873/3873/3873 3934/3934/3934 3874/3874/3874
f 3934/3934/3934 3873/3873/3873 3931/3931/3931
f 3873/3873/3873 3875/3875/3875 3931/3931/3931
f 3931/3931/3931 3875/3875/3875 3935/3935/3935
f 3875/3875/3875 3932/3932/3932 3935/3935/3935
f 3875/3875/3875 3853/3853/3853 3932/3932/3932
f 3853/3853/3853 3936/3936/3936 3932/3932/3932
f 3936/3936/3936 3933/3933/3933 3932/3932/3932
f 3851/3851/3851 3936/3936/3936 3853/3853/3853
f 3851/3851/3851 3937/3937/3937 3936/3936/3936
f 3937/3937/3937 3933/3933/3933 3936/3936/3936
f 3844/3844/3844 3937/3937/3937 3851/3851/3851
f 3938/3938/3938 3798/3798/3798 3933/3933/3933
f 3937/3937/3937 3938/3938/3938 3933/3933/3933
f 3844/3844/3844 3939/3939/3939 3937/3937/3937
f 3939/3939/3939 3938/3938/3938 3937/3937/3937
f 3837/3837/3837 3939/3939/3939 3844/3844/3844
f 3939/3939/3939 3940/3940/3940 3938/3938/3938
f 3939/3939/3939 3837/3837/3837 3941/3941/3941
f 3938/3938/3938 3942/3942/3942 3798/3798/3798
f 3940/3940/3940 3942/3942/3942 3938/3938/3938
f 3942/3942/3942 3794/3794/3794 3798/3798/3798
f 3942/3942/3942 3792/3792/3792 3794/3794/3794
f 3940/3940/3940 3943/3943/3943 3942/3942/3942
f 3943/3943/3943 3792/3792/3792 3942/3942/3942
f 3941/3941/3941 3944/3944/3944 3943/3943/3943
f 3837/3837/3837 3944/3944/3944 3941/3941/3941
f 3837/3837/3837 3945/3945/3945 3944/3944/3944
f 3944/3944/3944 3946/3946/3946 3943/3943/3943
f 3945/3945/3945 3947/3947/3947 3944/3944/3944
f 3944/3944/3944 3947/3947/3947 3946/3946/3946
f 3947/3947/3947 3806/3806/3806 3946/3946/3946
f 3048/3048/3048 3949/3949/3949 3948/3948/3948
f 3950/3950/3950 3048/3048/3048 3948/3948/3948
f 3950/3950/3950 3948/3948/3948 3034/3034/3034
f 3951/3951/3951 3048/3048/3048 3950/3950/3950
f 2984/2984/2984 3950/3950/3950 3034/3034/3034
f 3952/3952/3952 3951/3951/3951 3950/3950/3950
f 3952/3952/3952 3950/3950/3950 2984/2984/2984
f 3078/3078/3078 3952/3952/3952 2984/2984/2984
f 3955/3955/3955 3954/3954/3954 3953/3953/3953
f 3956/3956/3956 3955/3955/3955 3953/3953/3953
f 3956/3956/3956 3953/3953/3953 3822/3822/3822
f 3957/3957/3957 3955/3955/3955 3956/3956/3956
f 3958/3958/3958 3956/3956/3956 3822/3822/3822
f 3959/3959/3959 3957/3957/3957 3956/3956/3956
f 3959/3959/3959 3956/3956/3956 3958/3958/3958
f 3627/3627/3627 3959/3959/3959 3958/3958/3958
f 3962/3962/3962 3961/3961/3961 3960/3960/3960
f 3961/3961/3961 3963/3963/3963 3960/3960/3960
f 3961/3961/3961 3964/3964/3964 3963/3963/3963
f 3960/3960/3960 3963/3963/3963 3965/3965/3965
f 3964/3964/3964 3966/3966/3966 3963/3963/3963
f 3963/3963/3963 3967/3967/3967 3965/3965/3965
f 3963/3963/3963 3966/3966/3966 3967/3967/3967
f 3965/3965/3965 3967/3967/3967 3968/3968/3968
f 3966/3966/3966 3969/3969/3969 3967/3967/3967
f 3967/3967/3967 3970/3970/3970 3968/3968/3968
f 3967/3967/3967 3969/3969/3969 3970/3970/3970
f 3968/3968/3968 3970/3970/3970 3971/3971/3971
f 3969/3969/3969 3972/3972/3972 3970/3970/3970
f 3969/3969/3969 3973/3973/3973 3972/3972/3972
f 3970/3970/3970 3974/3974/3974 3971/3971/3971
f 3970/3970/3970 3972/3972/3972 3974/3974/3974
f 3971/3971/3971 3974/3974/3974 3975/3975/3975
f 3974/3974/3974 3976/3976/3976 3975/3975/3975
f 3975/3975/3975 3976/3976/3976 3977/3977/3977
f 3972/3972/3972 3978/3978/3978 3974/3974/3974
f 3974/3974/3974 3978/3978/3978 3976/3976/3976
f 3973/3973/3973 3979/3979/3979 3972/3972/3972
f 3972/3972/3972 3979/3979/3979 3978/3978/3978
f 3978/3978/3978 3980/3980/3980 3976/3976/3976
f 3976/3976/3976 3981/3981/3981 3977/3977/3977
f 3976/3976/3976 3980/3980/3980 3981/3981/3981
f 3979/3979/3979 3982/3982/3982 3978/3978/3978
f 3978/3978/3978 3982/3982/3982 3980/3980/3980
f 3973/3973/3973 3983/3983/3983 3979/3979/3979
f 3979/3979/3979 3984/3984/3984 3982/3982/3982
f 3983/3983/3983 3984/3984/3984 3979/3979/3979
f 3982/3982/3982 3985/3985/3985 3980/3980/3980
f 3980/3980/3980 3986/3986/3986 3981/3981/3981
f 3980/3980/3980 3985/3985/3985 3986/3986/3986
f 3984/3984/3984 3987/3987/3987 3982/3982/3982
f 3982/3982/3982 3987/3987/3987 3985/3985/3985
f 3985/3985/3985 3988/3988/3988 3986/3986/3986
f 3986/3986/3986 3988/3988/3988 3989/3989/3989
f 3987/3987/3987 3990/3990/3990 3985/3985/3985
f 3985/3985/3985 3990/3990/3990 3988/3988/3988
f 3988/3988/3988 3991/3991/3991 3989/3989/3989
f 3989/3989/3989 3991/3991/3991 3992/3992/3992
f 3991/3991/3991 3993/3993/3993 3992/3992/3992
f 3988/3988/3988 3994/3994/3994 3991/3991/3991
f 3990/3990/3990 3994/3994/3994 3988/3988/3988
f 3991/3991/3991 3995/3995/3995 3993/3993/3993
f 3994/3994/3994 3995/3995/3995 3991/3991/3991
f 3995/3995/3995 3996/3996/3996 3993/3993/3993
f 3997/3997/3997 3996/3996/3996 3995/3995/3995
f 3998/3998/3998 3995/3995/3995 3994/3994/3994
f 3998/3998/3998 3997/3997/3997 3995/3995/3995
f 3990/3990/3990 3998/3998/3998 3994/3994/3994
f 3999/3999/3999 3997/3997/3997 3998/3998/3998
f 4000/4000/4000 3998/3998/3998 3990/3990/3990
f 4000/4000/4000 3999/3999/3999 3998/3998/3998
f 3987/3987/3987 4000/4000/4000 3990/3990/3990
f 4001/4001/4001 3999/3999/3999 4000/4000/4000
f 4002/4002/4002 4000/4000/4000 3987/3987/3987
f 4002/4002/4002 4001/4001/4001 4000/4000/4000
f 3984/3984/3984 4002/4002/4002 3987/3987/3987
f 4003/4003/4003 4001/4001/4001 4002/4002/4002
f 4004/4004/4004 4002/4002/4002 3984/3984/3984
f 4004/4004/4004 4003/4003/4003 4002/4002/4002
f 3983/3983/3983 4004/4004/4004 3984/3984/3984
f 4003/4003/4003 4006/4006/4006 4005/4005/4005
f 4006/4006/4006 3983/3983/3983 4007/4007/4007
f 4006/4006/4006 4007/4007/4007 4005/4005/4005
f 4005/4005/4005 4007/4007/4007 4008/4008/4008
f 3983/3983/3983 3973/3973/3973 4007/4007/4007
f 4007/4007/4007 4009/4009/4009 4008/4008/4008
f 4007/4007/4007 3973/3973/3973 4009/4009/4009
f 3973/3973/3973 4010/4010/4010 4009/4009/4009
f 3981/3981/3981 4012/4012/4012 4011/4011/4011
f 4013/4013/4013 3981/3981/3981 4011/4011/4011
f 4013/4013/4013 4011/4011/4011 4014/4014/4014
f 4015/4015/4015 4013/4013/4013 4014/4014/4014
f 3977/3977/3977 3981/3981/3981 4013/4013/4013
f 4016/4016/4016 4013/4013/4013 4015/4015/4015
f 4016/4016/4016 3977/3977/3977 4013/4013/4013
f 4017/4017/4017 4016/4016/4016 4015/4015/4015
f 4016/4016/4016 4017/4017/4017 4018/4018/4018
f 3977/3977/3977 4016/4016/4016 4019/4019/4019
f 4019/4019/4019 4016/4016/4016 4018/4018/4018
f 4020/4020/4020 3977/3977/3977 4019/4019/4019
f 4019/4019/4019 4018/4018/4018 4021/4021/4021
f 4020/4020/4020 4019/4019/4019 4022/4022/4022
f 4022/4022/4022 4019/4019/4019 4021/4021/4021
f 4023/4023/4023 4020/4020/4020 4022/4022/4022
f 4022/4022/4022 4021/4021/4021 4024/4024/4024
f 4023/4023/4023 4022/4022/4022 4025/4025/4025
f 4025/4025/4025 4022/4022/4022 4024/4024/4024
f 4025/4025/4025 4024/4024/4024 4026/4026/4026
f 4027/4027/4027 4023/4023/4023 4025/4025/4025
f 4028/4028/4028 4025/4025/4025 4026/4026/4026
f 4027/4027/4027 4025/4025/4025 4028/4028/4028
f 4029/4029/4029 4027/4027/4027 4028/4028/4028
f 4032/4032/4032 4031/4031/4031 4030/4030/4030
f 4033/4033/4033 4032/4032/4032 4030/4030/4030
f 4034/4034/4034 4032/4032/4032 4033/4033/4033
f 4033/4033/4033 4030/4030/4030 4035/4035/4035
f 4036/4036/4036 4034/4034/4034 4033/4033/4033
f 4037/4037/4037 4033/4033/4033 4035/4035/4035
f 4036/4036/4036 4033/4033/4033 4037/4037/4037
f 4037/4037/4037 4035/4035/4035 4038/4038/4038
f 4039/4039/4039 4036/4036/4036 4037/4037/4037
f 4040/4040/4040 4037/4037/4037 4038/4038/4038
f 4039/4039/4039 4037/4037/4037 4040/4040/4040
f 4041/4041/4041 4039/4039/4039 4040/4040/4040
f 4042/4042/4042 4039/4039/4039 4041/4041/4041
f 4043/4043/4043 4042/4042/4042 4041/4041/4041
f 4044/4044/4044 4042/4042/4042 4043/4043/4043
f 4041/4041/4041 4040/4040/4040 4045/4045/4045
f 4040/4040/4040 4038/4038/4038 4046/4046/4046
f 4045/4045/4045 4040/4040/4040 4046/4046/4046
f 4043/4043/4043 4041/4041/4041 4047/4047/4047
f 4047/4047/4047 4041/4041/4041 4045/4045/4045
f 4048/4048/4048 4044/4044/4044 4043/4043/4043
f 4049/4049/4049 4043/4043/4043 4047/4047/4047
f 4048/4048/4048 4043/4043/4043 4049/4049/4049
f 4047/4047/4047 4045/4045/4045 4050/4050/4050
f 4045/4045/4045 4046/4046/4046 4051/4051/4051
f 4050/4050/4050 4045/4045/4045 4051/4051/4051
f 4049/4049/4049 4047/4047/4047 4052/4052/4052
f 4052/4052/4052 4047/4047/4047 4050/4050/4050
f 4046/4046/4046 4038/4038/4038 4053/4053/4053
f 4053/4053/4053 4038/4038/4038 4054/4054/4054
f 4038/4038/4038 4055/4055/4055 4054/4054/4054
f 4053/4053/4053 4054/4054/4054 4056/4056/4056
f 4057/4057/4057 4053/4053/4053 4056/4056/4056
f 4058/4058/4058 4046/4046/4046 4053/4053/4053
f 4058/4058/4058 4053/4053/4053 4057/4057/4057
f 4051/4051/4051 4046/4046/4046 4058/4058/4058
f 4059/4059/4059 4058/4058/4058 4057/4057/4057
f 4060/4060/4060 4058/4058/4058 4059/4059/4059
f 4060/4060/4060 4051/4051/4051 4058/4058/4058
f 4061/4061/4061 4060/4060/4060 4059/4059/4059
f 4062/4062/4062 4060/4060/4060 4061/4061/4061
f 4063/4063/4063 4062/4062/4062 4061/4061/4061
f 4062/4062/4062 4064/4064/4064 4060/4060/4060
f 4064/4064/4064 4051/4051/4051 4060/4060/4060
f 4050/4050/4050 4051/4051/4051 4064/4064/4064
f 4065/4065/4065 4050/4050/4050 4064/4064/4064
f 4052/4052/4052 4050/4050/4050 4065/4065/4065
f 4065/4065/4065 4064/4064/4064 4066/4066/4066
f 4064/4064/4064 4067/4067/4067 4066/4066/4066
f 4066/4066/4066 4067/4067/4067 4068/4068/4068
f 4067/4067/4067 4069/4069/4069 4068/4068/4068
f 4066/4066/4066 4068/4068/4068 4070/4070/4070
f 4071/4071/4071 4066/4066/4066 4070/4070/4070
f 4065/4065/4065 4066/4066/4066 4071/4071/4071
f 4072/4072/4072 4065/4065/4065 4071/4071/4071
f 4072/4072/4072 4052/4052/4052 4065/4065/4065
f 4073/4073/4073 4052/4052/4052 4072/4072/4072
f 4073/4073/4073 4049/4049/4049 4052/4052/4052
f 4074/4074/4074 4073/4073/4073 4072/4072/4072
f 4074/4074/4074 4072/4072/4072 4075/4075/4075
f 4076/4076/4076 4049/4049/4049 4073/4073/4073
f 4076/4076/4076 4048/4048/4048 4049/4049/4049
f 4077/4077/4077 4074/4074/4074 4075/4075/4075
f 4077/4077/4077 4075/4075/4075 4078/4078/4078
f 4079/4079/4079 4077/4077/4077 4078/4078/4078
f 4080/4080/4080 4077/4077/4077 4079/4079/4079
f 4081/4081/4081 4080/4080/4080 4079/4079/4079
f 4080/4080/4080 4082/4082/4082 4077/4077/4077
f 4082/4082/4082 4074/4074/4074 4077/4077/4077
f 4083/4083/4083 4073/4073/4073 4074/4074/4074
f 4082/4082/4082 4083/4083/4083 4074/4074/4074
f 4083/4083/4083 4076/4076/4076 4073/4073/4073
f 4084/4084/4084 4083/4083/4083 4082/4082/4082
f 4085/4085/4085 4084/4084/4084 4082/4082/4082
f 4086/4086/4086 4076/4076/4076 4083/4083/4083
f 4084/4084/4084 4086/4086/4086 4083/4083/4083
f 4087/4087/4087 4084/4084/4084 4085/4085/4085
f 4088/4088/4088 4087/4087/4087 4085/4085/4085
f 4087/4087/4087 4089/4089/4089 4084/4084/4084
f 4089/4089/4089 4086/4086/4086 4084/4084/4084
f 4089/4089/4089 4090/4090/4090 4086/4086/4086
f 4086/4086/4086 4091/4091/4091 4076/4076/4076
f 4090/4090/4090 4091/4091/4091 4086/4086/4086
f 4091/4091/4091 4048/4048/4048 4076/4076/4076
f 4090/4090/4090 4092/4092/4092 4091/4091/4091
f 4091/4091/4091 4093/4093/4093 4048/4048/4048
f 4092/4092/4092 4093/4093/4093 4091/4091/4091
f 4093/4093/4093 4044/4044/4044 4048/4048/4048
f 4093/4093/4093 4092/4092/4092 4094/4094/4094
f 4044/4044/4044 4093/4093/4093 4095/4095/4095
f 4095/4095/4095 4093/4093/4093 4094/4094/4094
f 4095/4095/4095 4094/4094/4094 4096/4096/4096
f 4097/4097/4097 4044/4044/4044 4095/4095/4095
f 4098/4098/4098 4095/4095/4095 4096/4096/4096
f 4097/4097/4097 4095/4095/4095 4098/4098/4098
f 4039/4039/4039 4097/4097/4097 4098/4098/4098

