# https://github.com/mikedh/trimesh
mtllib material.mtl
usemtl Cloth
v -0.04123958 0.09149128 0.04775695
v -0.03303168 0.08875786 0.03977732
v -0.03380574 0.07752942 0.04005359
v -0.04212845 0.07967681 0.04834014
v -0.03440114 0.06570289 0.04026211
v -0.04278836 0.06739514 0.04892684
v -0.03469351 0.05281360 0.04040210
v -0.04306599 0.05425030 0.04950805
v -0.03477575 0.03893028 0.04074046
v -0.05195406 0.08027662 0.05037319
v -0.05166198 0.09246414 0.04959667
v -0.05216995 0.06775600 0.05125616
v -0.06133565 0.09149126 0.04508222
v -0.06104157 0.07930027 0.04576220
v -0.06879487 0.08875784 0.03588680
v -0.06838044 0.07698177 0.03630386
v -0.06082698 0.06684748 0.04658033
v -0.05225885 0.05458115 0.05226458
v -0.04311071 0.04013124 0.05002449
v -0.05167807 0.09238186 0.04873392
v -0.06097308 0.09142911 0.04438208
v -0.06133565 0.09149126 0.04508222
v -0.04165041 0.09142913 0.04703716
v -0.03303168 0.08875786 0.03977732
v -0.06815555 0.08871333 0.03550266
v -0.06879487 0.08875784 0.03588680
v -0.06061053 0.09136698 0.04368195
v -0.06751625 0.08866885 0.03511852
v -0.05169416 0.09229955 0.04787121
v -0.07187706 0.08446433 0.02381590
v -0.04206125 0.09136700 0.04631737
v -0.07264140 0.08454166 0.02391260
v -0.07476465 0.07945173 0.01117318
v -0.03373536 0.08871335 0.03936459
v -0.03443903 0.08866885 0.03895186
v -0.07340571 0.08461898 0.02400931
v -0.07556415 0.07959525 0.01101852
v -0.07161237 0.07467768 -0.00035878
v -0.07228196 0.07474975 -0.00085869
v -0.07636365 0.07973878 0.01086386
v -0.07295159 0.07482180 -0.00135859
v -0.06763279 0.06950419 -0.01066958
v -0.03016558 0.08454167 0.02656768
v -0.03097415 0.08446433 0.02645132
v -0.07334436 0.07366333 0.02417173
v -0.07636365 0.07973878 0.01086386
v -0.02925791 0.07959525 0.01101852
v -0.03005742 0.07945172 0.01117318
v -0.02845841 0.07973878 0.01086387
v -0.02935701 0.08461900 0.02668405
v -0.02790267 0.06999922 0.01173750
v -0.02902689 0.07405695 0.02684658
v -0.03380574 0.07752942 0.04005359
v -0.02686300 0.05937854 0.01183638
v -0.02878134 0.06280201 0.02691295
v -0.03440114 0.06570289 0.04026211
v -0.02656646 0.04734279 0.01223852
v -0.02880363 0.05035002 0.02700222
v -0.03469351 0.05281360 0.04040210
v -0.02665216 0.03439636 0.01282227
v -0.02891896 0.03692068 0.02732549
v -0.02660415 0.02156619 0.01331528
v -0.02891671 0.02331515 0.02798886
v -0.02647291 0.01091411 0.01363188
v -0.02885112 0.01193877 0.02863754
v -0.03477734 0.02473794 0.04146595
v -0.03475662 0.01285317 0.04218728
v -0.04311091 0.02556185 0.05041426
v -0.04310831 0.01332111 0.05065484
v -0.05227154 0.04047806 0.05306785
v -0.05227154 0.02580897 0.05337219
v -0.05227153 0.01343323 0.05338039
v -0.06074572 0.05385667 0.04761887
v -0.06077350 0.02554473 0.04973855
v -0.06079510 0.01332111 0.05043811
v -0.06074923 0.03999431 0.04873660
v -0.06809622 0.06490632 0.03684899
v -0.06834246 0.02471304 0.04048310
v -0.06851533 0.01285317 0.04187204
v -0.06814842 0.03873112 0.03886715
v -0.06803604 0.05224106 0.03765421
v -0.07347221 0.06222946 0.02445978
v -0.07464399 0.02329726 0.02727632
v -0.07514100 0.01193876 0.02840075
v -0.07408613 0.03677755 0.02597702
v -0.07370511 0.04993851 0.02502691
v -0.07602494 0.05917940 0.01098311
v -0.07655592 0.04719966 0.01154950
v -0.07545066 0.06986231 0.01088112
v -0.07602494 0.05917940 0.01098311
v -0.07789174 0.02155997 0.01302058
v -0.07858323 0.01091411 0.01347142
v -0.07711559 0.03434658 0.01233762
v -0.07402406 0.06596120 -0.00221626
v -0.07713260 0.01979588 0.00024513
v -0.07762008 0.01012948 0.00034309
v -0.07516724 0.05591991 -0.00257654
v -0.07656820 0.03164106 -0.00029594
v -0.07604311 0.04413501 -0.00150651
v -0.07169541 0.05133379 -0.01765516
v -0.06813435 0.06952507 -0.01140951
v -0.06946554 0.06169771 -0.01383940
v -0.07619854 0.01814881 -0.01124519
v -0.07629523 0.00956446 -0.01120609
v -0.07819358 0.00917631 -0.02281301
v -0.07595211 0.02869906 -0.01198756
v -0.07516144 0.04013354 -0.01403315
v -0.07839033 0.01679202 -0.02290741
v -0.07979923 0.00920338 -0.03829373
v -0.07821128 0.02571910 -0.02386492
v -0.08009902 0.01616729 -0.03852152
v -0.07702131 0.00978980 -0.05963152
v -0.07685206 0.03479483 -0.02636713
v -0.07985555 0.02370610 -0.03949163
v -0.07808781 0.03060519 -0.04165340
v -0.07985555 0.02370610 -0.03949163
v -0.07722629 0.01652340 -0.06004000
v -0.07056943 0.01042005 -0.07929873
v -0.07252797 0.04193493 -0.03036408
v -0.07323409 0.03622365 -0.04459632
v -0.07697804 0.02341482 -0.06069934
v -0.07808781 0.03060519 -0.04165340
v -0.07062615 0.01706711 -0.07978181
v -0.07548158 0.02911256 -0.06154422
v -0.07323409 0.03622365 -0.04459632
v -0.06210596 0.01704048 -0.09023786
v -0.06210792 0.01059777 -0.08988924
v -0.07043783 0.02379149 -0.07995521
v -0.05233455 0.01686906 -0.09422095
v -0.05231969 0.01056287 -0.09399369
v -0.06201896 0.02370114 -0.08995686
v -0.04195076 0.01703412 -0.09490232
v -0.04189631 0.01059775 -0.09457890
v -0.05243861 0.02349263 -0.09368847
v -0.03261195 0.01705801 -0.08656588
v -0.03254611 0.01042002 -0.08612007
v -0.03330491 0.02371897 -0.08647860
v -0.04236097 0.02365042 -0.09444495
v -0.03507249 0.02893797 -0.08478528
v -0.04325743 0.02925254 -0.09204844
v -0.03722467 0.03210614 -0.08040962
v -0.05267417 0.02943323 -0.09147263
v -0.04369915 0.03351018 -0.08371598
v -0.06183025 0.02939512 -0.08804798
v -0.05289614 0.03430676 -0.08335617
v -0.06966320 0.02913505 -0.07900497
v -0.06202314 0.03369819 -0.08065180
v -0.07132623 0.03352064 -0.06268673
v -0.06824307 0.03234674 -0.07588793
v -0.06330677 0.03677797 -0.06506418
v -0.05296355 0.03807176 -0.06677286
v -0.04262313 0.03664666 -0.06685100
v -0.06427488 0.04004068 -0.04753633
v -0.05293960 0.04144228 -0.04905494
v -0.04160196 0.04000673 -0.04808928
v -0.05290756 0.04522220 -0.03768552
v -0.03246424 0.03617428 -0.04563317
v -0.03432791 0.03333678 -0.06584200
v -0.06390028 0.04476589 -0.03530554
v -0.05282712 0.04981879 -0.03085283
v -0.06288835 0.05085151 -0.02742638
v -0.02709262 0.03056971 -0.04304497
v -0.02937436 0.02897512 -0.06568282
v -0.03507249 0.02893797 -0.08478528
v -0.02468056 0.02369375 -0.04108456
v -0.02693955 0.02336602 -0.06537358
v -0.03330491 0.02371897 -0.08647860
v -0.06184878 0.05738801 -0.02206935
v -0.05264887 0.05504134 -0.02529391
v -0.02613108 0.01651728 -0.06490839
v -0.03261195 0.01705801 -0.08656588
v -0.06097514 0.06359548 -0.01784123
v -0.05241073 0.05728618 -0.02210143
v -0.04384662 0.06359548 -0.01784123
v -0.04341021 0.05738850 -0.02206757
v -0.04272495 0.05085553 -0.02741132
v -0.02610584 0.00978978 -0.06452414
v -0.03254611 0.01042002 -0.08612007
v -0.02390902 0.00920338 -0.03991742
v -0.02392495 0.01616574 -0.04016585
v -0.02609331 0.00917631 -0.02279145
v -0.02620000 0.01679228 -0.02297652
v -0.02851611 0.00956446 -0.01087950
v -0.02871737 0.01814900 -0.01104852
v -0.02677809 0.02572122 -0.02400546
v -0.02852149 0.03480088 -0.02649635
v -0.02709262 0.03056971 -0.04304497
v -0.03313733 0.04194319 -0.03043978
v -0.02994556 0.04013777 -0.01400921
v -0.02907391 0.02870060 -0.01191649
v -0.03357178 0.05133823 -0.01763858
v -0.02798686 0.03164747 -0.00018973
v -0.02814008 0.04415341 -0.00141289
v -0.02888402 0.05594527 -0.00246814
v -0.02781761 0.01979668 0.00041678
v -0.02851611 0.00956446 -0.01087950
v -0.02762055 0.01012948 0.00058768
v -0.02660415 0.02156619 0.01331528
v -0.02647291 0.01091411 0.01363188
v -0.02665216 0.03439636 0.01282227
v -0.02656646 0.04734279 0.01223852
v -0.02686300 0.05937854 0.01183638
v -0.02790267 0.06999922 0.01173750
v -0.03025973 0.06597842 -0.00211900
v -0.02845841 0.07973878 0.01086387
v -0.03187045 0.07482179 -0.00135859
v -0.02925791 0.07959525 0.01101852
v -0.03551731 0.06169817 -0.01383766
v -0.03254008 0.07474974 -0.00085869
v -0.03005742 0.07945172 0.01117318
v -0.03320970 0.07467768 -0.00035878
v -0.03668762 0.06952507 -0.01140952
v -0.03718917 0.06950419 -0.01066957
v -0.04411649 0.06359196 -0.01703661
v -0.05241073 0.05728618 -0.02210143
v -0.04189811 0.04477168 -0.03533727
v -0.05282712 0.04981879 -0.03085283
v -0.03246424 0.03617428 -0.04563317
v -0.05290756 0.04522220 -0.03768552
v -0.04160196 0.04000673 -0.04808928
v -0.05293960 0.04144228 -0.04905494
v -0.05241074 0.05727971 -0.02133734
v -0.04438636 0.06358843 -0.01623198
v -0.05241074 0.05727323 -0.02057324
v -0.06070527 0.06359194 -0.01703661
v -0.06043540 0.06358844 -0.01623199
v -0.06713124 0.06948330 -0.00992964
v -0.07702131 0.00978980 -0.05963152
v -0.07052672 0.00510401 -0.07889140
v -0.07056943 0.01042005 -0.07929873
v -0.07689856 0.00444175 -0.05944942
v -0.07052064 0.00066670 -0.07856894
v -0.07979923 0.00920338 -0.03829373
v -0.07688104 -0.00000012 -0.05939037
v -0.07962846 0.00378498 -0.03824820
v -0.07819358 0.00917631 -0.02281301
v -0.07960407 -0.00066694 -0.03824171
v -0.07808010 0.00352645 -0.02283465
v -0.07806389 -0.00095854 -0.02283775
v -0.07629523 0.00956446 -0.01120609
v -0.07632664 0.00353856 -0.01124026
v -0.07633113 -0.00100016 -0.01124515
v -0.07785741 -0.00095843 0.00035514
v -0.07782775 0.00364570 0.00035364
v -0.07762008 0.01012948 0.00034309
v -0.07892191 -0.00066669 0.01367749
v -0.07887958 0.00399905 0.01365174
v -0.07858323 0.01091411 0.01347142
v -0.07538445 0.00000006 0.02894839
v -0.07535399 0.00471054 0.02887994
v -0.07514100 0.01193876 0.02840075
v -0.06860001 0.00066680 0.04254758
v -0.06858942 0.00540824 0.04246313
v -0.06851533 0.01285317 0.04187204
v -0.06080568 0.00095852 0.05076269
v -0.06080436 0.00572198 0.05072211
v -0.06079510 0.01332111 0.05043811
v -0.05227154 0.00100020 0.05335980
v -0.05227154 0.00577246 0.05336236
v -0.05227153 0.01343323 0.05338039
v -0.04310679 0.00095852 0.05076269
v -0.04310698 0.00572198 0.05074922
v -0.04310831 0.01332111 0.05065484
v -0.03474441 0.00066681 0.04254759
v -0.03474594 0.00540824 0.04250255
v -0.03475662 0.01285317 0.04218728
v -0.02881305 0.00000007 0.02896065
v -0.02881780 0.00471054 0.02892026
v -0.02640035 -0.00066669 0.01377547
v -0.02885112 0.01193877 0.02863754
v -0.02640942 0.00399905 0.01375753
v -0.02647291 0.01091411 0.01363188
v -0.02640942 0.00399905 0.01375753
v -0.02751970 -0.00095842 0.00063683
v -0.02640035 -0.00066669 0.01377547
v -0.02753230 0.00364570 0.00063069
v -0.02647291 0.01091411 0.01363188
v -0.02762055 0.01012948 0.00058768
v -0.02842842 -0.00100015 -0.01085324
v -0.02843938 0.00353856 -0.01085652
v -0.02851611 0.00956446 -0.01087950
v -0.02609331 0.00917631 -0.02279145
v -0.02608100 0.00352646 -0.02277201
v -0.02607924 -0.00095853 -0.02276924
v -0.02390902 0.00920338 -0.03991742
v -0.02395598 0.00378498 -0.03985760
v -0.02396269 -0.00066694 -0.03984906
v -0.02610584 0.00978978 -0.06452414
v -0.02615192 0.00444173 -0.06434025
v -0.02615850 -0.00000014 -0.06428095
v -0.03254611 0.01042002 -0.08612007
v -0.03256304 0.00510397 -0.08571272
v -0.03256547 0.00066667 -0.08539028
v -0.04189873 0.00095829 -0.09302259
v -0.04189843 0.00538136 -0.09388190
v -0.04189631 0.01059775 -0.09457890
v -0.05231969 0.00099997 -0.09196696
v -0.05231969 0.00541346 -0.09314521
v -0.05231969 0.01056287 -0.09399369
v -0.06210184 0.00095832 -0.08833292
v -0.06210259 0.00538138 -0.08919224
v -0.07052064 0.00066670 -0.07856894
v -0.06210792 0.01059777 -0.08988924
v -0.07052672 0.00510401 -0.07889140
v -0.07056943 0.01042005 -0.07929873
v -0.02881305 0.00000007 0.02896065
v -0.04310679 0.00095852 0.05076269
v -0.03474441 0.00066681 0.04254759
v -0.04075405 0.00003481 0.03235750
v -0.02640035 -0.00066669 0.01377547
v -0.05227154 0.00100020 0.05335980
v -0.03964598 -0.00066668 0.01533435
v -0.05261284 0.00004176 0.03378930
v -0.06412543 0.00003480 0.03235137
v -0.06080568 0.00095852 0.05076269
v -0.07538445 0.00000006 0.02894839
v -0.06860001 0.00066680 0.04254758
v -0.07892191 -0.00066669 0.01367749
v -0.06590677 -0.00066668 0.01528536
v -0.05282875 -0.00066668 0.01602957
v -0.05283789 -0.00095842 0.00137314
v -0.06537566 -0.00095842 0.00102860
v -0.07785741 -0.00095843 0.00035514
v -0.07892191 -0.00066669 0.01367749
v -0.07633113 -0.00100016 -0.01124515
v -0.06459966 -0.00100015 -0.01108607
v -0.04020679 -0.00095842 0.00116945
v -0.02640035 -0.00066669 0.01377547
v -0.02751970 -0.00095842 0.00063683
v -0.04064830 -0.00100015 -0.01089011
v -0.02842842 -0.00100015 -0.01085324
v -0.05273497 -0.00100015 -0.01096032
v -0.06545319 -0.00095853 -0.02290758
v -0.07806389 -0.00095854 -0.02283775
v -0.05263224 -0.00095853 -0.02292998
v -0.06621127 -0.00066693 -0.03870700
v -0.07960407 -0.00066694 -0.03824171
v -0.03946086 -0.00095853 -0.02287332
v -0.04064830 -0.00100015 -0.01089011
v -0.02607924 -0.00095853 -0.02276924
v -0.02396269 -0.00066694 -0.03984906
v -0.03839057 -0.00066693 -0.03951067
v -0.02615850 -0.00000014 -0.06428095
v -0.05253617 -0.00066693 -0.03913766
v -0.03939024 0.00003458 -0.06422976
v -0.03256547 0.00066667 -0.08539028
v -0.04189873 0.00095829 -0.09302259
v -0.05243125 0.00004153 -0.06317719
v -0.05231969 0.00099997 -0.09196696
v -0.06488768 0.00003459 -0.06164236
v -0.06210184 0.00095832 -0.08833292
v -0.07688104 -0.00000012 -0.05939037
v -0.07052064 0.00066670 -0.07856894
v -0.03769074 0.06948332 -0.00992963
v -0.04438636 0.06358843 -0.01623198
v -0.04411649 0.06359196 -0.01703661
v -0.03718917 0.06950419 -0.01066957
v -0.03320970 0.07467768 -0.00035878
v -0.03254008 0.07474974 -0.00085869
v -0.06713124 0.06948330 -0.00992964
v -0.07161237 0.07467768 -0.00035878
v -0.07228196 0.07474975 -0.00085869
v -0.06763279 0.06950419 -0.01066958
v -0.02912540 0.09990869 0.01046777
v -0.02718347 0.11062591 0.01570093
v -0.02880493 0.10440190 0.01039527
v -0.02811665 0.10619827 0.01684234
v -0.02944185 0.09446402 0.01060681
v -0.02609099 0.11667814 0.02187259
v -0.02756170 0.11169733 0.02307882
v -0.02900871 0.10345808 0.01999976
v -0.02861679 0.10834007 0.02418816
v -0.03048133 0.09799022 0.02550534
v -0.02975164 0.08743361 0.01085673
v -0.03019204 0.10442574 0.02778223
v -0.03072073 0.09133673 0.02542507
v -0.03005742 0.07945172 0.01117318
v -0.03097415 0.08446433 0.02645132
v -0.03385344 0.10161489 0.03727349
v -0.03422140 0.09524989 0.03789132
v -0.03443903 0.08866885 0.03895186
v -0.02950146 0.11038470 0.02978592
v -0.02756170 0.11169733 0.02307882
v -0.03317980 0.10765888 0.03737032
v -0.04192757 0.09901308 0.04656975
v -0.04206125 0.09136700 0.04631737
v -0.04114032 0.10629345 0.04683827
v -0.05233321 0.11265889 0.05332571
v -0.05202725 0.10109108 0.04962843
v -0.05169416 0.09229955 0.04787121
v -0.02805023 0.11622443 0.03007461
v -0.02609099 0.11667814 0.02187259
v -0.03886722 0.11211458 0.04644058
v -0.03202530 0.11372112 0.03777072
v -0.03029489 0.12013786 0.03801310
v -0.03651676 0.11736844 0.04597982
v -0.02613460 0.12228795 0.02950604
v -0.02823397 0.12678893 0.03811637
v -0.06173014 0.09931316 0.04519714
v -0.06061053 0.09136698 0.04368195
v -0.04441696 0.11765916 0.05307368
v -0.06326583 0.10673244 0.04639903
v -0.06904489 0.09568640 0.03589480
v -0.06751625 0.08866885 0.03511852
v -0.07039963 0.10224982 0.03663461
v -0.07303169 0.09163683 0.02405246
v -0.07187706 0.08446433 0.02381590
v -0.07394906 0.09842923 0.02506610
v -0.07507015 0.08743361 0.01085673
v -0.07476465 0.07945173 0.01117318
v -0.07537971 0.09446402 0.01060681
v -0.07150795 0.08212697 -0.00041136
v -0.07161237 0.07467768 -0.00035878
v -0.07145841 0.08822196 -0.00099670
v -0.06681897 0.07693217 -0.00952014
v -0.06713124 0.06948330 -0.00992964
v -0.06685431 0.08340449 -0.00911670
v -0.06019582 0.07174480 -0.01526046
v -0.06043540 0.06358844 -0.01623199
v -0.06064956 0.07915294 -0.01412153
v -0.05226199 0.07441011 -0.01777449
v -0.05230851 0.06648626 -0.01903934
v -0.05241074 0.05727323 -0.02057324
v -0.04451932 0.07174480 -0.01526046
v -0.04438636 0.06358843 -0.01623198
v -0.04401862 0.07915294 -0.01412153
v -0.03796867 0.07693218 -0.00952013
v -0.03769074 0.06948332 -0.00992963
v -0.03791769 0.08340449 -0.00911670
v -0.03330955 0.08212698 -0.00041136
v -0.03320970 0.07467768 -0.00035878
v -0.02975164 0.08743361 0.01085673
v -0.03005742 0.07945172 0.01117318
v -0.02944185 0.09446402 0.01060681
v -0.03335695 0.08822196 -0.00099670
v -0.04221329 0.08544791 -0.01262827
v -0.03732940 0.08828814 -0.00873473
v -0.04638628 0.08436218 -0.01452142
v -0.03338151 0.09188807 -0.00279842
v -0.02944185 0.09446402 0.01060681
v -0.03077512 0.09593032 0.00269657
v -0.02912540 0.09990869 0.01046777
v -0.02965400 0.10008863 0.00444135
v -0.02880493 0.10440190 0.01039527
v -0.03317054 0.09478605 -0.00429117
v -0.03131002 0.09679267 -0.00076346
v -0.03647749 0.09242828 -0.00842716
v -0.04044202 0.09039295 -0.01138410
v -0.03063811 0.09979011 -0.00066771
v -0.03317054 0.09478605 -0.00429117
v -0.02920767 0.10429960 0.00439806
v -0.03263891 0.09855468 -0.00486550
v -0.03647749 0.09242828 -0.00842716
v -0.03567958 0.09679406 -0.00823449
v -0.03013487 0.10391264 -0.00093447
v -0.03044572 0.10429706 0.00480641
v -0.03006446 0.10440190 0.01075563
v -0.03168377 0.10429452 0.00521476
v -0.03132400 0.10440191 0.01111599
v -0.03251202 0.10387187 0.00019540
v -0.03132344 0.10389225 -0.00036954
v -0.03419758 0.10288494 -0.00332770
v -0.03310967 0.10293606 -0.00420538
v -0.03681059 0.10134967 -0.00580992
v -0.03202178 0.10298715 -0.00508307
v -0.03587877 0.10137124 -0.00696003
v -0.04027178 0.09924424 -0.00786741
v -0.03494696 0.10139283 -0.00811015
v -0.03954670 0.09911176 -0.00907875
v -0.04422265 0.09613102 -0.00968954
v -0.03882163 0.09897930 -0.01029009
v -0.04373356 0.09576175 -0.01092660
v -0.04830121 0.09168773 -0.01135794
v -0.03946344 0.09473125 -0.01071173
v -0.04324448 0.09539253 -0.01216367
v -0.04805575 0.09105714 -0.01278491
v -0.05241048 0.08646976 -0.01295000
v -0.04353933 0.09167530 -0.01267720
v -0.04352142 0.08893730 -0.01293598
v -0.04353933 0.09167530 -0.01267720
v -0.04775686 0.08669373 -0.01470333
v -0.04781028 0.09042654 -0.01421188
v -0.05241046 0.08557062 -0.01468029
v -0.05652000 0.09168775 -0.01135794
v -0.05230836 0.08018539 -0.01695801
v -0.05676545 0.09105714 -0.01278491
v -0.06059873 0.09613103 -0.00968954
v -0.05241045 0.08467147 -0.01641057
v -0.06108781 0.09576175 -0.01092660
v -0.06454968 0.09924426 -0.00786741
v -0.05701091 0.09042656 -0.01421188
v -0.05695707 0.08669373 -0.01470333
v -0.05827820 0.08436219 -0.01452142
v -0.06527475 0.09911176 -0.00907875
v -0.06801086 0.10134967 -0.00580992
v -0.06157690 0.09539253 -0.01216367
v -0.06124363 0.09167530 -0.01267720
v -0.06894268 0.10137124 -0.00696003
v -0.07062390 0.10288494 -0.00332770
v -0.06599984 0.09897930 -0.01029009
v -0.07171180 0.10293604 -0.00420538
v -0.07230945 0.10387187 0.00019540
v -0.06250251 0.08544792 -0.01262826
v -0.06122569 0.08893730 -0.01293598
v -0.06433944 0.09039295 -0.01138410
v -0.06534956 0.09473124 -0.01071173
v -0.06987452 0.10139283 -0.00811015
v -0.06914034 0.09679405 -0.00823449
v -0.06833159 0.09242828 -0.00842716
v -0.06745645 0.08828814 -0.00873473
v -0.07279969 0.10298715 -0.00508307
v -0.06914034 0.09679405 -0.00823449
v -0.07218236 0.09855468 -0.00486550
v -0.07143552 0.09188806 -0.00279842
v -0.07164938 0.09478605 -0.00429117
v -0.07349801 0.10389225 -0.00036954
v -0.07313771 0.10429452 0.00521476
v -0.07404638 0.09593033 0.00269657
v -0.07537971 0.09446402 0.01060681
v -0.07468660 0.10391264 -0.00093447
v -0.07437575 0.10429705 0.00480641
v -0.07349747 0.10440192 0.01111599
v -0.07418334 0.09979009 -0.00066771
v -0.07561380 0.10429960 0.00439806
v -0.07351145 0.09679267 -0.00076346
v -0.07516747 0.10008864 0.00444135
v -0.07468660 0.10391264 -0.00093447
v -0.07569610 0.09990869 0.01046777
v -0.07601656 0.10440191 0.01039527
v -0.07475701 0.10440191 0.01075563
v -0.07494590 0.11059569 0.01608378
v -0.07629193 0.11061078 0.01589235
v -0.07592177 0.11643644 0.02196052
v -0.07732613 0.11655727 0.02191655
v -0.07588282 0.12157152 0.02934534
v -0.07763802 0.11062589 0.01570093
v -0.07728485 0.12192973 0.02942569
v -0.07400750 0.12564953 0.03759805
v -0.07670326 0.10620928 0.01684234
v -0.07569610 0.09990869 0.01046777
v -0.07873050 0.11667813 0.02187259
v -0.07529750 0.12621923 0.03785721
v -0.06977736 0.12842080 0.04564974
v -0.07579086 0.10355921 0.01998978
v -0.07725842 0.11170669 0.02307882
v -0.07868689 0.12228795 0.02950604
v -0.07081468 0.12902933 0.04619867
v -0.06416560 0.13004056 0.05195576
v -0.07619619 0.10839958 0.02418816
v -0.07454200 0.10475051 0.02772733
v -0.07530343 0.11050071 0.02978593
v -0.07676912 0.11623916 0.03007461
v -0.07277349 0.11387984 0.03777072
v -0.07452375 0.12015770 0.03801310
v -0.07658751 0.12678893 0.03811637
v -0.07277349 0.11387984 0.03777072
v -0.07151675 0.10811525 0.03729045
v -0.07185204 0.12963790 0.04674761
v -0.07452375 0.12015770 0.03801310
v -0.07012287 0.12328141 0.04626339
v -0.06586466 0.11243934 0.04638567
v -0.06828813 0.11748445 0.04597983
v -0.06486773 0.13061026 0.05279803
v -0.05829692 0.13079719 0.05541395
v -0.06037403 0.11776031 0.05306370
v -0.06556988 0.13117997 0.05364030
v -0.05864852 0.13137338 0.05644151
v -0.05241048 0.13110638 0.05716753
v -0.06459280 0.12494433 0.05279820
v -0.06430033 0.12016252 0.05131749
v -0.05872787 0.12460428 0.05621514
v -0.05900010 0.13194956 0.05746908
v -0.05241046 0.13172786 0.05830798
v -0.04652428 0.13079719 0.05541394
v -0.05240602 0.12383150 0.05719825
v -0.04617267 0.13137338 0.05644150
v -0.04065578 0.13004056 0.05195576
v -0.05241045 0.13234936 0.05944842
v -0.04608975 0.12459329 0.05621516
v -0.03995364 0.13061026 0.05279803
v -0.03504410 0.12842079 0.04564973
v -0.04582107 0.13194956 0.05746908
v -0.04051262 0.12010299 0.05131749
v -0.04022729 0.12493496 0.05279820
v -0.03400677 0.12902932 0.04619867
v -0.03081398 0.12564954 0.03759805
v -0.03925151 0.13117997 0.05364030
v -0.03469649 0.12326667 0.04626339
v -0.03202530 0.11372112 0.03777072
v -0.03029489 0.12013786 0.03801310
v -0.03296944 0.12963788 0.04674761
v -0.02952397 0.12621923 0.03785722
v -0.02893864 0.12157151 0.02934534
v -0.02753662 0.12192972 0.02942569
v -0.02889969 0.11643645 0.02196052
v -0.02749533 0.11655729 0.02191656
v -0.02987558 0.11059570 0.01608378
v -0.02852953 0.11061079 0.01589235
v -0.03132400 0.10440191 0.01111599
v -0.03006446 0.10440190 0.01075563
v -0.02880493 0.10440190 0.01039527
v -0.02987558 0.11059570 0.01608378
v -0.03217068 0.09966015 0.01142796
v -0.03132400 0.10440191 0.01111599
v -0.03078041 0.10560521 0.01613574
v -0.02889969 0.11643645 0.02196052
v -0.03307537 0.09532851 0.01176129
v -0.02984370 0.11121149 0.02173177
v -0.02893864 0.12157151 0.02934534
v -0.03174724 0.10100785 0.01619126
v -0.03407675 0.09168029 0.01213026
v -0.02988109 0.11614039 0.02880166
v -0.03081398 0.12564954 0.03759805
v -0.03085240 0.10636350 0.02148736
v -0.03281740 0.09706550 0.01625272
v -0.03513613 0.08844217 0.01252060
v -0.03394956 0.09351621 0.01631774
v -0.03196890 0.10214379 0.02121682
v -0.03315009 0.09830105 0.02093061
v -0.03168114 0.12005464 0.03672037
v -0.03504410 0.12842079 0.04564973
v -0.03088812 0.11107208 0.02822072
v -0.03200278 0.10660850 0.02757770
v -0.03318201 0.10250778 0.02689743
v -0.03574140 0.12271462 0.04444876
v -0.04065578 0.13004056 0.05195576
v -0.03260770 0.11481141 0.03578256
v -0.03363330 0.11015417 0.03474452
v -0.03471831 0.10584857 0.03364634
v -0.04112777 0.12426937 0.05050159
v -0.04652428 0.13079719 0.05541394
v -0.03648649 0.11735248 0.04316550
v -0.03731121 0.11256365 0.04174509
v -0.03818370 0.10811882 0.04024242
v -0.04676063 0.12499563 0.05382092
v -0.05241048 0.13110638 0.05716753
v -0.04163209 0.11883771 0.04894778
v -0.04219031 0.11397198 0.04722792
v -0.04278088 0.10944575 0.04540841
v -0.05241049 0.12529239 0.05550410
v -0.05829692 0.13079719 0.05541395
v -0.04701318 0.11953150 0.05211874
v -0.04729272 0.11462983 0.05023465
v -0.04758846 0.11006562 0.04824142
v -0.05806058 0.12499563 0.05382091
v -0.06416560 0.13004056 0.05195576
v -0.05241051 0.11981501 0.05372669
v -0.05241051 0.11489866 0.05175931
v -0.05241052 0.11031889 0.04967798
v -0.06369360 0.12426936 0.05050158
v -0.06977736 0.12842080 0.04564974
v -0.05780804 0.11953151 0.05211875
v -0.05752851 0.11462985 0.05023465
v -0.05723279 0.11006562 0.04824142
v -0.06908004 0.12271460 0.04444876
v -0.07400750 0.12564953 0.03759805
v -0.06318928 0.11883771 0.04894778
v -0.06263106 0.11397197 0.04722792
v -0.06204050 0.10944575 0.04540841
v -0.07314033 0.12005465 0.03672037
v -0.07588282 0.12157152 0.02934534
v -0.06833496 0.11735249 0.04316551
v -0.06751023 0.11256366 0.04174509
v -0.06663775 0.10811882 0.04024241
v -0.07494038 0.11614037 0.02880165
v -0.07592177 0.11643644 0.02196052
v -0.07221375 0.11481141 0.03578256
v -0.07118816 0.11015417 0.03474451
v -0.07010314 0.10584856 0.03364633
v -0.07497776 0.11121149 0.02173177
v -0.07494590 0.11059569 0.01608378
v -0.07393333 0.11107208 0.02822072
v -0.07281866 0.10660850 0.02757770
v -0.07163945 0.10250778 0.02689743
v -0.07404104 0.10560524 0.01613574
v -0.07349747 0.10440192 0.01111599
v -0.07396906 0.10636350 0.02148736
v -0.07285255 0.10214379 0.02121682
v -0.07167137 0.09830106 0.02093061
v -0.07265080 0.09966017 0.01142795
v -0.07313771 0.10429452 0.00521476
v -0.07307421 0.10100784 0.01619126
v -0.07200406 0.09706551 0.01625272
v -0.07087191 0.09351622 0.01631774
v -0.07230545 0.09955709 0.00570314
v -0.07230945 0.10387187 0.00019540
v -0.07174611 0.09532851 0.01176129
v -0.07074473 0.09168031 0.01213026
v -0.06968534 0.08844217 0.01252060
v -0.07151046 0.09915141 0.00084057
v -0.07062390 0.10288494 -0.00332770
v -0.07141621 0.09523002 0.00622498
v -0.07043191 0.09158693 0.00680259
v -0.06939060 0.08835419 0.00741367
v -0.06989259 0.09820412 -0.00255949
v -0.06801086 0.10134967 -0.00580992
v -0.07065673 0.09484247 0.00152995
v -0.06971179 0.09121946 0.00229301
v -0.06871209 0.08800794 0.00310027
v -0.06738450 0.09673048 -0.00494467
v -0.06454968 0.09924426 -0.00786741
v -0.06911118 0.09393753 -0.00173864
v -0.06824626 0.09036137 -0.00083007
v -0.06733125 0.08719943 0.00013114
v -0.06406228 0.09470959 -0.00691955
v -0.06059873 0.09613103 -0.00968954
v -0.06671520 0.09252977 -0.00402014
v -0.06597435 0.08902649 -0.00299680
v -0.06519061 0.08594171 -0.00191418
v -0.06026997 0.09172137 -0.00866852
v -0.05652000 0.09168775 -0.01135794
v -0.06354146 0.09059920 -0.00590675
v -0.06296501 0.08719593 -0.00478570
v -0.06235516 0.08421693 -0.00359971
v -0.05635499 0.08745651 -0.01026993
v -0.05241048 0.08646976 -0.01295000
v -0.05991867 0.08774453 -0.00757754
v -0.05952983 0.08448911 -0.00636997
v -0.05911846 0.08166651 -0.00509243
v -0.05241049 0.08244805 -0.01179807
v -0.04830121 0.09168773 -0.01135794
v -0.05617869 0.08367033 -0.00910737
v -0.05598356 0.08062589 -0.00782056
v -0.05577710 0.07802653 -0.00645921
v -0.04846622 0.08745651 -0.01026993
v -0.04422265 0.09613102 -0.00968954
v -0.05241051 0.07888572 -0.01056720
v -0.05241052 0.07608911 -0.00920479
v -0.05241053 0.07375187 -0.00776345
v -0.04455142 0.09172137 -0.00866852
v -0.04027178 0.09924424 -0.00786741
v -0.04864253 0.08367033 -0.00910737
v -0.04883768 0.08062589 -0.00782056
v -0.04904415 0.07802653 -0.00645921
v -0.04075918 0.09470959 -0.00691955
v -0.03681059 0.10134967 -0.00580992
v -0.04490271 0.08774453 -0.00757754
v -0.04529155 0.08448911 -0.00636997
v -0.04570292 0.08166652 -0.00509243
v -0.03743697 0.09673048 -0.00494467
v -0.03419758 0.10288494 -0.00332770
v -0.04127998 0.09059920 -0.00590675
v -0.04185645 0.08719593 -0.00478570
v -0.04246629 0.08421693 -0.00359971
v -0.03492887 0.09820411 -0.00255949
v -0.03251202 0.10387187 0.00019540
v -0.03810626 0.09252977 -0.00402014
v -0.03884709 0.08902649 -0.00299680
v -0.03963084 0.08594172 -0.00191418
v -0.03331099 0.09915141 0.00084057
v -0.03168377 0.10429452 0.00521476
v -0.03571028 0.09393753 -0.00173864
v -0.03657519 0.09036138 -0.00083007
v -0.03749021 0.08719944 0.00013114
v -0.03251600 0.09955709 0.00570314
v -0.03132400 0.10440191 0.01111599
v -0.03217068 0.09966015 0.01142796
v -0.03416472 0.09484248 0.00152995
v -0.03510967 0.09121945 0.00229301
v -0.03610938 0.08800794 0.00310027
v -0.03340526 0.09523003 0.00622498
v -0.03307537 0.09532851 0.01176129
v -0.03438954 0.09158691 0.00680259
v -0.03543087 0.08835420 0.00741367
v -0.03407675 0.09168029 0.01213026
v -0.03513613 0.08844217 0.01252060
v -0.05709562 0.05582292 -0.02672868
v -0.05632776 0.05373196 -0.02784250
v -0.05477309 0.05310647 -0.02910118
v -0.05512305 0.05627600 -0.02830247
v -0.05241094 0.05271376 -0.02969610
v -0.05749109 0.05853798 -0.02470482
v -0.05241094 0.05632464 -0.02893857
v -0.05533202 0.05961540 -0.02622408
v -0.05838011 0.05695689 -0.02249089
v -0.05788067 0.05455639 -0.02467498
v -0.05632776 0.05373196 -0.02784250
v -0.05656903 0.05246509 -0.02669965
v -0.05477309 0.05310647 -0.02910118
v -0.05466863 0.05087474 -0.02818981
v -0.05799005 0.05285664 -0.02228404
v -0.05661734 0.05088969 -0.02467093
v -0.05850711 0.05511520 -0.01991921
v -0.05466111 0.04917560 -0.02627703
v -0.05799004 0.05773658 -0.01828316
v -0.05241093 0.05020016 -0.02875690
v -0.05241094 0.04840914 -0.02684054
v -0.05788068 0.05943828 -0.02066991
v -0.05661734 0.06018852 -0.01715735
v -0.05004878 0.05311213 -0.02911117
v -0.05015326 0.05087597 -0.02819196
v -0.05016077 0.04917560 -0.02627703
v -0.05709562 0.06092022 -0.02256335
v -0.05656903 0.06154700 -0.01932355
v -0.05466111 0.06186552 -0.01624190
v -0.04825284 0.05247076 -0.02670964
v -0.04820454 0.05088969 -0.02467093
v -0.04849411 0.05374289 -0.02786181
v -0.05466863 0.06300103 -0.01848919
v -0.05241093 0.06247278 -0.01583675
v -0.05632776 0.06222544 -0.02093582
v -0.05512305 0.06212617 -0.02356272
v -0.04694119 0.05457092 -0.02470066
v -0.04683183 0.05285664 -0.02228404
v -0.04969882 0.05629055 -0.02832815
v -0.05241094 0.06001632 -0.02679510
v -0.04772624 0.05584441 -0.02676664
v -0.05477309 0.06330192 -0.02087746
v -0.04644176 0.05697695 -0.02252628
v -0.04631476 0.05511520 -0.01991920
v -0.04948984 0.05963545 -0.02625948
v -0.05241094 0.06262604 -0.02385655
v -0.04733079 0.05856714 -0.02475631
v -0.05241094 0.06353340 -0.01817299
v -0.05016077 0.06186552 -0.01624190
v -0.04694119 0.05945282 -0.02069559
v -0.04683183 0.05773657 -0.01828316
v -0.04969882 0.06214072 -0.02358840
v -0.05241094 0.06379720 -0.02080357
v -0.05015324 0.06300225 -0.01849133
v -0.04820454 0.06018852 -0.01715735
v -0.04772624 0.06094171 -0.02260130
v -0.05004877 0.06330759 -0.02088745
v -0.04849411 0.06223637 -0.02095514
v -0.05004877 0.06330759 -0.02088745
v -0.04825283 0.06155266 -0.01933355
v 0.04123957 0.09149129 0.04775696
v 0.03380574 0.07752943 0.04005359
v 0.03303168 0.08875787 0.03977733
v 0.04212844 0.07967680 0.04834014
v 0.05166197 0.09246415 0.04959667
v 0.03440113 0.06570290 0.04026211
v 0.05195406 0.08027661 0.05037319
v 0.06133564 0.09149126 0.04508222
v 0.04278836 0.06739514 0.04892686
v 0.03469349 0.05281362 0.04040211
v 0.06104157 0.07930030 0.04576220
v 0.06879486 0.08875784 0.03588680
v 0.06838043 0.07698178 0.03630386
v 0.05216994 0.06775600 0.05125616
v 0.04306598 0.05425032 0.04950805
v 0.03477574 0.03893031 0.04074046
v 0.06082697 0.06684750 0.04658034
v 0.05225883 0.05458117 0.05226458
v 0.04311070 0.04013127 0.05002449
v 0.06074571 0.05385670 0.04761887
v 0.06809623 0.06490633 0.03684900
v 0.05227153 0.04047810 0.05306786
v 0.03477732 0.02473799 0.04146595
v 0.04311089 0.02556189 0.05041426
v 0.06074922 0.03999435 0.04873660
v 0.06803603 0.05224109 0.03765420
v 0.05227153 0.02580902 0.05337220
v 0.07334435 0.07366333 0.02417173
v 0.07347220 0.06222947 0.02445978
v 0.07340571 0.08461899 0.02400932
v 0.06879486 0.08875784 0.03588680
v 0.03475661 0.01285322 0.04218728
v 0.04310830 0.01332116 0.05065484
v 0.02885111 0.01193882 0.02863754
v 0.05227152 0.01343328 0.05338039
v 0.02891669 0.02331520 0.02798887
v 0.02647289 0.01091417 0.01363188
v 0.02660413 0.02156625 0.01331528
v 0.06077348 0.02554478 0.04973855
v 0.06079508 0.01332116 0.05043812
v 0.02891895 0.03692072 0.02732550
v 0.03469349 0.05281362 0.04040211
v 0.02665214 0.03439641 0.01282228
v 0.02880362 0.05035005 0.02700223
v 0.03440113 0.06570290 0.04026211
v 0.02656645 0.04734283 0.01223852
v 0.02878133 0.06280200 0.02691296
v 0.03380574 0.07752943 0.04005359
v 0.02686299 0.05937856 0.01183639
v 0.02902688 0.07405696 0.02684659
v 0.02790266 0.06999923 0.01173751
v 0.03303168 0.08875787 0.03977733
v 0.02935700 0.08461900 0.02668405
v 0.02845840 0.07973879 0.01086387
v 0.03016557 0.08454166 0.02656769
v 0.02925790 0.07959526 0.01101853
v 0.03373535 0.08871336 0.03936459
v 0.03097414 0.08446433 0.02645132
v 0.03005741 0.07945173 0.01117318
v 0.03443903 0.08866886 0.03895186
v 0.04206124 0.09136701 0.04631738
v 0.04165040 0.09142913 0.04703717
v 0.04123957 0.09149129 0.04775696
v 0.05169415 0.09229956 0.04787121
v 0.05167807 0.09238186 0.04873393
v 0.05166197 0.09246415 0.04959667
v 0.06061052 0.09136698 0.04368195
v 0.06097307 0.09142911 0.04438208
v 0.06133564 0.09149126 0.04508222
v 0.06751624 0.08866885 0.03511852
v 0.06815554 0.08871333 0.03550267
v 0.07187705 0.08446433 0.02381591
v 0.07264137 0.08454166 0.02391260
v 0.07476464 0.07945174 0.01117318
v 0.07556415 0.07959526 0.01101853
v 0.07161236 0.07467768 -0.00035878
v 0.07228197 0.07474975 -0.00085868
v 0.07636364 0.07973879 0.01086387
v 0.07295159 0.07482181 -0.00135858
v 0.06763278 0.06950422 -0.01066957
v 0.06813434 0.06952509 -0.01140951
v 0.06070526 0.06359199 -0.01703661
v 0.06043538 0.06358848 -0.01623198
v 0.06713123 0.06948332 -0.00992964
v 0.05241073 0.05727328 -0.02057323
v 0.05241073 0.05727976 -0.02133733
v 0.04438635 0.06358848 -0.01623197
v 0.04411647 0.06359199 -0.01703660
v 0.06097513 0.06359552 -0.01784123
v 0.05241072 0.05728622 -0.02210142
v 0.04384661 0.06359552 -0.01784123
v 0.03718916 0.06950422 -0.01066957
v 0.03668761 0.06952509 -0.01140951
v 0.03254006 0.07474974 -0.00085868
v 0.07402404 0.06596123 -0.00221626
v 0.06946552 0.06169776 -0.01383940
v 0.07545065 0.06986232 0.01088113
v 0.07636364 0.07973879 0.01086387
v 0.07602495 0.05917943 0.01098311
v 0.07516722 0.05591995 -0.00257654
v 0.07169539 0.05133384 -0.01765515
v 0.07655589 0.04719969 0.01154951
v 0.06184877 0.05738807 -0.02206934
v 0.05241072 0.05728622 -0.02210142
v 0.05264885 0.05504140 -0.02529391
v 0.07604310 0.04413506 -0.00150650
v 0.06288832 0.05085157 -0.02742637
v 0.04341020 0.05738855 -0.02206757
v 0.05282710 0.04981884 -0.03085282
v 0.03551730 0.06169821 -0.01383766
v 0.04272494 0.05085559 -0.02741132
v 0.06390028 0.04476595 -0.03530554
v 0.05290755 0.04522226 -0.03768551
v 0.07252796 0.04193498 -0.03036407
v 0.06427487 0.04004072 -0.04753632
v 0.05293958 0.04144233 -0.04905493
v 0.03187044 0.07482180 -0.00135859
v 0.07323407 0.03622371 -0.04459632
v 0.07685204 0.03479489 -0.02636712
v 0.07808780 0.03060525 -0.04165340
v 0.07323407 0.03622371 -0.04459632
v 0.07985553 0.02370615 -0.03949162
v 0.07821126 0.02571915 -0.02386492
v 0.07516143 0.04013360 -0.01403314
v 0.02925790 0.07959526 0.01101853
v 0.03005741 0.07945173 0.01117318
v 0.03320969 0.07467769 -0.00035878
v 0.02845840 0.07973879 0.01086387
v 0.03025972 0.06597845 -0.00211900
v 0.02790266 0.06999923 0.01173751
v 0.02888401 0.05594530 -0.00246814
v 0.02686299 0.05937856 0.01183639
v 0.03357177 0.05133829 -0.01763858
v 0.02994555 0.04013783 -0.01400921
v 0.02814006 0.04415345 -0.00141289
v 0.02656645 0.04734283 0.01223852
v 0.02798685 0.03164752 -0.00018973
v 0.02665214 0.03439641 0.01282228
v 0.02907389 0.02870065 -0.01191649
v 0.02781760 0.01979673 0.00041678
v 0.02660413 0.02156625 0.01331528
v 0.02871736 0.01814905 -0.01104851
v 0.02762054 0.01012953 0.00058769
v 0.02647289 0.01091417 0.01363188
v 0.02851610 0.00956452 -0.01087949
v 0.02677807 0.02572127 -0.02400546
v 0.02852147 0.03480092 -0.02649635
v 0.03357177 0.05133829 -0.01763858
v 0.03313731 0.04194325 -0.03043977
v 0.02709260 0.03056977 -0.04304497
v 0.03246423 0.03617435 -0.04563316
v 0.02468054 0.02369380 -0.04108455
v 0.02619999 0.01679234 -0.02297652
v 0.02851610 0.00956452 -0.01087949
v 0.02609329 0.00917636 -0.02279144
v 0.02392493 0.01616579 -0.04016583
v 0.02390900 0.00920343 -0.03991741
v 0.02613106 0.01651731 -0.06490839
v 0.02610583 0.00978980 -0.06452412
v 0.02693954 0.02336604 -0.06537357
v 0.03261194 0.01705801 -0.08656588
v 0.03254610 0.01042001 -0.08612005
v 0.03330490 0.02371897 -0.08647858
v 0.03507248 0.02893797 -0.08478528
v 0.02937434 0.02897515 -0.06568281
v 0.02709260 0.03056977 -0.04304497
v 0.03722465 0.03210614 -0.08040960
v 0.03432789 0.03333681 -0.06584200
v 0.04262311 0.03664669 -0.06685099
v 0.04160195 0.04000680 -0.04808928
v 0.04369914 0.03351018 -0.08371595
v 0.05296354 0.03807178 -0.06677286
v 0.04325742 0.02925253 -0.09204842
v 0.03507248 0.02893797 -0.08478528
v 0.05289613 0.03430676 -0.08335616
v 0.06330676 0.03677800 -0.06506418
v 0.04236095 0.02365041 -0.09444493
v 0.03330490 0.02371897 -0.08647858
v 0.05267416 0.02943322 -0.09147262
v 0.06202312 0.03369818 -0.08065179
v 0.07132622 0.03352067 -0.06268671
v 0.04195074 0.01703411 -0.09490231
v 0.03261194 0.01705801 -0.08656588
v 0.05243859 0.02349262 -0.09368846
v 0.06183024 0.02939511 -0.08804797
v 0.06824306 0.03234674 -0.07588791
v 0.06966318 0.02913504 -0.07900495
v 0.07548155 0.02911258 -0.06154421
v 0.07808780 0.03060525 -0.04165340
v 0.07043783 0.02379148 -0.07995520
v 0.07043783 0.02379148 -0.07995520
v 0.06201894 0.02370114 -0.08995686
v 0.07062614 0.01706710 -0.07978179
v 0.07697802 0.02341484 -0.06069934
v 0.07062614 0.01706710 -0.07978179
v 0.07985553 0.02370615 -0.03949162
v 0.06210595 0.01704048 -0.09023783
v 0.07056940 0.01042005 -0.07929872
v 0.07722628 0.01652343 -0.06004000
v 0.06210791 0.01059777 -0.08988923
v 0.07702129 0.00978982 -0.05963150
v 0.05233454 0.01686905 -0.09422094
v 0.05231968 0.01056287 -0.09399368
v 0.04189629 0.01059774 -0.09457888
v 0.03254610 0.01042001 -0.08612005
v 0.08009900 0.01616734 -0.03852152
v 0.07979923 0.00920343 -0.03829372
v 0.07839032 0.01679208 -0.02290740
v 0.07819358 0.00917636 -0.02281301
v 0.07595211 0.02869911 -0.01198756
v 0.07619853 0.01814886 -0.01124519
v 0.07629522 0.00956452 -0.01120608
v 0.07762008 0.01012954 0.00034310
v 0.07713258 0.01979593 0.00024513
v 0.07858321 0.01091417 0.01347142
v 0.07656818 0.03164110 -0.00029594
v 0.07789173 0.02156002 0.01302058
v 0.07514098 0.01193882 0.02840076
v 0.07711556 0.03434663 0.01233762
v 0.07464398 0.02329731 0.02727633
v 0.06851532 0.01285322 0.04187204
v 0.07408610 0.03677759 0.02597703
v 0.06834245 0.02471309 0.04048310
v 0.06814840 0.03873116 0.03886715
v 0.07370509 0.04993853 0.02502692
v 0.07602495 0.05917943 0.01098311
v 0.02640940 0.00399910 0.01375753
v 0.02640033 -0.00066663 0.01377548
v 0.02751968 -0.00095837 0.00063683
v 0.02753229 0.00364575 0.00063069
v 0.02647289 0.01091417 0.01363188
v 0.02762054 0.01012953 0.00058769
v 0.02842841 -0.00100010 -0.01085324
v 0.02843936 0.00353862 -0.01085651
v 0.02851610 0.00956452 -0.01087949
v 0.02609329 0.00917636 -0.02279144
v 0.02608098 0.00352651 -0.02277200
v 0.02607923 -0.00095848 -0.02276923
v 0.02390900 0.00920343 -0.03991741
v 0.02395597 0.00378503 -0.03985759
v 0.02396268 -0.00066689 -0.03984905
v 0.02610583 0.00978980 -0.06452412
v 0.02615190 0.00444175 -0.06434023
v 0.02615848 -0.00000012 -0.06428093
v 0.03254610 0.01042001 -0.08612005
v 0.03256303 0.00510396 -0.08571270
v 0.03256545 0.00066666 -0.08539026
v 0.04189841 0.00538135 -0.09388189
v 0.04189629 0.01059774 -0.09457888
v 0.04189871 0.00095829 -0.09302258
v 0.03256545 0.00066666 -0.08539026
v 0.05231968 0.00099996 -0.09196695
v 0.05231969 0.00541345 -0.09314519
v 0.05231968 0.01056287 -0.09399368
v 0.06210182 0.00095831 -0.08833291
v 0.06210258 0.00538138 -0.08919222
v 0.06210791 0.01059777 -0.08988923
v 0.07052062 0.00066670 -0.07856893
v 0.07052670 0.00510400 -0.07889138
v 0.07056940 0.01042005 -0.07929872
v 0.07702129 0.00978982 -0.05963150
v 0.07689854 0.00444177 -0.05944939
v 0.07688102 -0.00000010 -0.05939035
v 0.07979923 0.00920343 -0.03829372
v 0.07962845 0.00378504 -0.03824819
v 0.07960406 -0.00066689 -0.03824170
v 0.07819358 0.00917636 -0.02281301
v 0.07808009 0.00352651 -0.02283465
v 0.07806388 -0.00095849 -0.02283774
v 0.07629522 0.00956452 -0.01120608
v 0.07632662 0.00353861 -0.01124026
v 0.07633112 -0.00100010 -0.01124514
v 0.07785742 -0.00095837 0.00035515
v 0.07782774 0.00364575 0.00035364
v 0.07762008 0.01012954 0.00034310
v 0.07892189 -0.00066663 0.01367749
v 0.07887957 0.00399910 0.01365174
v 0.07858321 0.01091417 0.01347142
v 0.07538442 0.00000012 0.02894839
v 0.07535397 0.00471059 0.02887994
v 0.07514098 0.01193882 0.02840076
v 0.06859999 0.00066686 0.04254758
v 0.06858940 0.00540829 0.04246314
v 0.06851532 0.01285322 0.04187204
v 0.06080566 0.00095857 0.05076269
v 0.06080434 0.00572203 0.05072212
v 0.06079508 0.01332116 0.05043812
v 0.05227153 0.00100025 0.05335980
v 0.05227153 0.00577251 0.05336236
v 0.05227152 0.01343328 0.05338039
v 0.04310678 0.00095857 0.05076269
v 0.04310697 0.00572203 0.05074921
v 0.04310830 0.01332116 0.05065484
v 0.03474440 0.00066686 0.04254759
v 0.03474593 0.00540829 0.04250255
v 0.03475661 0.01285322 0.04218728
v 0.02881303 0.00000012 0.02896065
v 0.02881779 0.00471059 0.02892026
v 0.02640033 -0.00066663 0.01377548
v 0.02885111 0.01193882 0.02863754
v 0.02640940 0.00399910 0.01375753
v 0.02647289 0.01091417 0.01363188
v 0.02881303 0.00000012 0.02896065
v 0.03474440 0.00066686 0.04254759
v 0.04310678 0.00095857 0.05076269
v 0.04075404 0.00003486 0.03235750
v 0.05227153 0.00100025 0.05335980
v 0.05261283 0.00004181 0.03378930
v 0.02640033 -0.00066663 0.01377548
v 0.03964596 -0.00066662 0.01533435
v 0.05282874 -0.00066662 0.01602958
v 0.04020678 -0.00095837 0.00116945
v 0.02751968 -0.00095837 0.00063683
v 0.05283788 -0.00095837 0.00137314
v 0.04064828 -0.00100010 -0.01089011
v 0.02842841 -0.00100010 -0.01085324
v 0.02607923 -0.00095848 -0.02276923
v 0.05273496 -0.00100010 -0.01096031
v 0.03946084 -0.00095848 -0.02287332
v 0.02396268 -0.00066689 -0.03984905
v 0.03839055 -0.00066688 -0.03951066
v 0.02615848 -0.00000012 -0.06428093
v 0.05263223 -0.00095848 -0.02292997
v 0.06459965 -0.00100010 -0.01108606
v 0.06537566 -0.00095837 0.00102861
v 0.03939022 0.00003460 -0.06422975
v 0.03256545 0.00066666 -0.08539026
v 0.04189871 0.00095829 -0.09302258
v 0.05253616 -0.00066688 -0.03913765
v 0.05243124 0.00004155 -0.06317718
v 0.05231968 0.00099996 -0.09196695
v 0.06545316 -0.00095848 -0.02290757
v 0.06621125 -0.00066688 -0.03870697
v 0.06488766 0.00003461 -0.06164233
v 0.06210182 0.00095831 -0.08833291
v 0.07688102 -0.00000010 -0.05939035
v 0.07052062 0.00066670 -0.07856893
v 0.07960406 -0.00066689 -0.03824170
v 0.07806388 -0.00095849 -0.02283774
v 0.07633112 -0.00100010 -0.01124514
v 0.07785742 -0.00095837 0.00035515
v 0.06590676 -0.00066662 0.01528536
v 0.07892189 -0.00066663 0.01367749
v 0.05261283 0.00004181 0.03378930
v 0.06412542 0.00003486 0.03235137
v 0.05227153 0.00100025 0.05335980
v 0.07538442 0.00000012 0.02894839
v 0.06080566 0.00095857 0.05076269
v 0.06859999 0.00066686 0.04254758
v 0.05290755 0.04522226 -0.03768551
v 0.04160195 0.04000680 -0.04808928
v 0.05293958 0.04144233 -0.04905493
v 0.04189811 0.04477173 -0.03533726
v 0.05282710 0.04981884 -0.03085282
v 0.03246423 0.03617435 -0.04563316
v 0.03313731 0.04194325 -0.03043977
v 0.03357177 0.05133829 -0.01763858
v 0.03769073 0.06948335 -0.00992963
v 0.04411647 0.06359199 -0.01703660
v 0.04438635 0.06358848 -0.01623197
v 0.03718916 0.06950422 -0.01066957
v 0.03320969 0.07467769 -0.00035878
v 0.03254006 0.07474974 -0.00085868
v 0.06713123 0.06948332 -0.00992964
v 0.06763278 0.06950422 -0.01066957
v 0.07228197 0.07474975 -0.00085868
v 0.07161236 0.07467768 -0.00035878
v 0.05240601 0.12383150 0.05719825
v 0.05241044 0.13234936 0.05944842
v 0.05900010 0.13194956 0.05746908
v 0.05872787 0.12460428 0.05621516
v 0.05233320 0.11265889 0.05332571
v 0.06556987 0.13117997 0.05364030
v 0.06459279 0.12494433 0.05279821
v 0.06037403 0.11776031 0.05306371
v 0.06430032 0.12016252 0.05131750
v 0.06586465 0.11243934 0.04638568
v 0.06326584 0.10673244 0.04639903
v 0.06828814 0.11748444 0.04597984
v 0.06459279 0.12494433 0.05279821
v 0.07012286 0.12328141 0.04626340
v 0.07039962 0.10224982 0.03663461
v 0.07151674 0.10811525 0.03729045
v 0.07394905 0.09842923 0.02506611
v 0.07277349 0.11387984 0.03777073
v 0.07454197 0.10475052 0.02772733
v 0.07537970 0.09446402 0.01060682
v 0.07579085 0.10355923 0.01998978
v 0.07530344 0.11050071 0.02978594
v 0.07452374 0.12015770 0.03801310
v 0.07185204 0.12963790 0.04674761
v 0.06486773 0.13061026 0.05279804
v 0.05864851 0.13137338 0.05644152
v 0.05900010 0.13194956 0.05746908
v 0.05241046 0.13172786 0.05830798
v 0.05241044 0.13234936 0.05944842
v 0.04617267 0.13137338 0.05644152
v 0.04582106 0.13194956 0.05746908
v 0.05241048 0.13110638 0.05716754
v 0.05829692 0.13079719 0.05541395
v 0.04652427 0.13079719 0.05541395
v 0.06416559 0.13004056 0.05195576
v 0.04065578 0.13004056 0.05195576
v 0.07081468 0.12902930 0.04619868
v 0.06977735 0.12842080 0.04564974
v 0.03995364 0.13061026 0.05279804
v 0.03504409 0.12842079 0.04564974
v 0.07658751 0.12678893 0.03811637
v 0.07529750 0.12621923 0.03785721
v 0.07400749 0.12564953 0.03759805
v 0.03400676 0.12902932 0.04619867
v 0.03081397 0.12564954 0.03759806
v 0.07868689 0.12228795 0.02950605
v 0.07728484 0.12192973 0.02942569
v 0.07588281 0.12157152 0.02934534
v 0.07676911 0.11623916 0.03007461
v 0.07277349 0.11387984 0.03777073
v 0.07873049 0.11667813 0.02187259
v 0.07732613 0.11655727 0.02191656
v 0.07592177 0.11643644 0.02196052
v 0.07725842 0.11170669 0.02307882
v 0.07629193 0.11061078 0.01589236
v 0.07494589 0.11059570 0.01608378
v 0.07763801 0.11062589 0.01570094
v 0.07619618 0.10839958 0.02418816
v 0.07670325 0.10620928 0.01684234
v 0.07475700 0.10440191 0.01075563
v 0.07349746 0.10440192 0.01111600
v 0.07601655 0.10440191 0.01039527
v 0.07569609 0.09990869 0.01046778
v 0.07437574 0.10429706 0.00480642
v 0.07313770 0.10429452 0.00521477
v 0.07561380 0.10429960 0.00439807
v 0.07349800 0.10389225 -0.00036953
v 0.07230944 0.10387187 0.00019540
v 0.07516746 0.10008863 0.00444136
v 0.07468659 0.10391264 -0.00093447
v 0.07171179 0.10293604 -0.00420538
v 0.07062390 0.10288494 -0.00332770
v 0.07279968 0.10298715 -0.00508307
v 0.06894267 0.10137124 -0.00696003
v 0.06801085 0.10134967 -0.00580991
v 0.06987451 0.10139283 -0.00811014
v 0.06527476 0.09911176 -0.00907875
v 0.06454968 0.09924424 -0.00786740
v 0.06599983 0.09897930 -0.01029009
v 0.06914033 0.09679405 -0.00823448
v 0.07218236 0.09855469 -0.00486549
v 0.07418334 0.09979010 -0.00066771
v 0.06108780 0.09576175 -0.01092660
v 0.06059872 0.09613103 -0.00968954
v 0.06157689 0.09539253 -0.01216366
v 0.06534955 0.09473125 -0.01071173
v 0.06833157 0.09242829 -0.00842716
v 0.06833157 0.09242829 -0.00842716
v 0.06433943 0.09039296 -0.01138409
v 0.05676544 0.09105714 -0.01278491
v 0.05651999 0.09168776 -0.01135794
v 0.06124363 0.09167531 -0.01267719
v 0.05701090 0.09042656 -0.01421188
v 0.05241046 0.08557063 -0.01468029
v 0.05241048 0.08646977 -0.01295000
v 0.05241045 0.08467147 -0.01641057
v 0.05695706 0.08669373 -0.01470332
v 0.04805575 0.09105714 -0.01278491
v 0.04830120 0.09168774 -0.01135794
v 0.04781028 0.09042655 -0.01421188
v 0.04373356 0.09576175 -0.01092660
v 0.04422265 0.09613102 -0.00968954
v 0.06122567 0.08893730 -0.01293598
v 0.05230835 0.08018540 -0.01695801
v 0.05827819 0.08436219 -0.01452142
v 0.05226198 0.07441013 -0.01777449
v 0.04775685 0.08669373 -0.01470332
v 0.04324448 0.09539253 -0.01216366
v 0.04324448 0.09539253 -0.01216366
v 0.04353933 0.09167530 -0.01267719
v 0.06250250 0.08544792 -0.01262826
v 0.04638627 0.08436218 -0.01452142
v 0.03882162 0.09897930 -0.01029009
v 0.03946343 0.09473126 -0.01071173
v 0.03954669 0.09911176 -0.00907875
v 0.04027177 0.09924424 -0.00786740
v 0.03587877 0.10137124 -0.00696003
v 0.03681058 0.10134967 -0.00580991
v 0.03494695 0.10139283 -0.00811014
v 0.03310966 0.10293606 -0.00420538
v 0.03419756 0.10288494 -0.00332770
v 0.03567957 0.09679407 -0.00823448
v 0.03202177 0.10298715 -0.00508307
v 0.03132343 0.10389226 -0.00036953
v 0.03251201 0.10387187 0.00019540
v 0.03013486 0.10391264 -0.00093447
v 0.03263890 0.09855468 -0.00486549
v 0.03647748 0.09242829 -0.00842715
v 0.03044571 0.10429706 0.00480642
v 0.03168376 0.10429452 0.00521477
v 0.02920767 0.10429960 0.00439807
v 0.03006445 0.10440191 0.01075563
v 0.03132399 0.10440192 0.01111600
v 0.02880492 0.10440191 0.01039527
v 0.03063811 0.09979011 -0.00066771
v 0.02965399 0.10008863 0.00444136
v 0.02912539 0.09990869 0.01046778
v 0.03317053 0.09478606 -0.00429116
v 0.03131001 0.09679267 -0.00076346
v 0.03077511 0.09593032 0.00269657
v 0.03317053 0.09478606 -0.00429116
v 0.02944185 0.09446402 0.01060682
v 0.03338151 0.09188807 -0.00279841
v 0.03732939 0.08828814 -0.00873473
v 0.03335695 0.08822196 -0.00099670
v 0.04044201 0.09039295 -0.01138409
v 0.04352142 0.08893730 -0.01293598
v 0.04221328 0.08544791 -0.01262826
v 0.03791768 0.08340450 -0.00911669
v 0.04401861 0.07915295 -0.01412152
v 0.03330954 0.08212698 -0.00041135
v 0.02975163 0.08743361 0.01085673
v 0.03796865 0.07693219 -0.00952013
v 0.03320969 0.07467769 -0.00035878
v 0.03005741 0.07945173 0.01117318
v 0.03769073 0.06948335 -0.00992963
v 0.04438635 0.06358848 -0.01623197
v 0.04451931 0.07174481 -0.01526045
v 0.05241073 0.05727328 -0.02057323
v 0.05230850 0.06648630 -0.01903934
v 0.06043538 0.06358848 -0.01623198
v 0.06019580 0.07174481 -0.01526046
v 0.06713123 0.06948332 -0.00992964
v 0.06064956 0.07915295 -0.01412152
v 0.06681897 0.07693218 -0.00952014
v 0.07161236 0.07467768 -0.00035878
v 0.06745644 0.08828814 -0.00873473
v 0.07150794 0.08212698 -0.00041136
v 0.07476464 0.07945174 0.01117318
v 0.06685428 0.08340450 -0.00911669
v 0.07164937 0.09478606 -0.00429116
v 0.07507014 0.08743362 0.01085674
v 0.07187705 0.08446433 0.02381591
v 0.07143551 0.09188807 -0.00279841
v 0.07145842 0.08822197 -0.00099670
v 0.07351144 0.09679268 -0.00076346
v 0.07404635 0.09593033 0.00269657
v 0.07303168 0.09163683 0.02405246
v 0.06751624 0.08866885 0.03511852
v 0.07394905 0.09842923 0.02506611
v 0.06904490 0.09568640 0.03589480
v 0.06061052 0.09136698 0.04368195
v 0.07039962 0.10224982 0.03663461
v 0.06173014 0.09931318 0.04519714
v 0.05169415 0.09229956 0.04787121
v 0.05202724 0.10109107 0.04962844
v 0.04206124 0.09136701 0.04631738
v 0.04192757 0.09901308 0.04656975
v 0.03443903 0.08866886 0.03895186
v 0.04114032 0.10629345 0.04683827
v 0.03422140 0.09524990 0.03789133
v 0.03097414 0.08446433 0.02645132
v 0.03072073 0.09133673 0.02542507
v 0.03005741 0.07945173 0.01117318
v 0.02975163 0.08743361 0.01085673
v 0.03385343 0.10161489 0.03727350
v 0.03048132 0.09799023 0.02550534
v 0.02944185 0.09446402 0.01060682
v 0.03317979 0.10765888 0.03737032
v 0.03019204 0.10442574 0.02778224
v 0.02900870 0.10345807 0.01999976
v 0.03886722 0.11211459 0.04644058
v 0.05233320 0.11265889 0.05332571
v 0.02811664 0.10619827 0.01684234
v 0.02912539 0.09990869 0.01046778
v 0.04441696 0.11765916 0.05307370
v 0.05240601 0.12383150 0.05719825
v 0.02718346 0.11062591 0.01570094
v 0.02880492 0.10440191 0.01039527
v 0.03006445 0.10440191 0.01075563
v 0.02852952 0.11061079 0.01589236
v 0.03132399 0.10440192 0.01111600
v 0.02987557 0.11059570 0.01608379
v 0.02609099 0.11667814 0.02187259
v 0.02749533 0.11655729 0.02191656
v 0.02889968 0.11643645 0.02196052
v 0.02753661 0.12192973 0.02942569
v 0.02893864 0.12157151 0.02934534
v 0.04608975 0.12459329 0.05621516
v 0.05241044 0.13234936 0.05944842
v 0.02756170 0.11169733 0.02307882
v 0.02613459 0.12228795 0.02950605
v 0.02952396 0.12621923 0.03785723
v 0.02823396 0.12678893 0.03811637
v 0.02805022 0.11622442 0.03007461
v 0.03029488 0.12013786 0.03801310
v 0.03202529 0.11372112 0.03777072
v 0.03296943 0.12963788 0.04674761
v 0.03029488 0.12013786 0.03801310
v 0.02950145 0.11038471 0.02978593
v 0.03925150 0.13117997 0.05364030
v 0.03469649 0.12326666 0.04626339
v 0.04022728 0.12493496 0.05279821
v 0.03651675 0.11736844 0.04597982
v 0.04051261 0.12010299 0.05131749
v 0.03651675 0.11736844 0.04597982
v 0.02861678 0.10834008 0.02418817
v 0.02987557 0.11059570 0.01608379
v 0.03132399 0.10440192 0.01111600
v 0.03217067 0.09966016 0.01142796
v 0.03078040 0.10560524 0.01613574
v 0.02889968 0.11643645 0.02196052
v 0.03307536 0.09532851 0.01176130
v 0.02984370 0.11121149 0.02173178
v 0.02893864 0.12157151 0.02934534
v 0.03174723 0.10100784 0.01619127
v 0.03407674 0.09168029 0.01213026
v 0.02988108 0.11614039 0.02880166
v 0.03081397 0.12564954 0.03759806
v 0.03085239 0.10636349 0.02148736
v 0.03281739 0.09706551 0.01625272
v 0.03513613 0.08844217 0.01252061
v 0.03394955 0.09351621 0.01631775
v 0.03196890 0.10214379 0.02121682
v 0.03315008 0.09830106 0.02093062
v 0.03168112 0.12005464 0.03672037
v 0.03504409 0.12842079 0.04564974
v 0.03088811 0.11107208 0.02822072
v 0.03200277 0.10660850 0.02757770
v 0.03318200 0.10250779 0.02689743
v 0.03574140 0.12271462 0.04444876
v 0.04065578 0.13004056 0.05195576
v 0.03260769 0.11481141 0.03578256
v 0.03363330 0.11015417 0.03474452
v 0.03471830 0.10584857 0.03364633
v 0.04112776 0.12426936 0.05050160
v 0.04652427 0.13079719 0.05541395
v 0.03648649 0.11735248 0.04316551
v 0.03731120 0.11256366 0.04174510
v 0.03818369 0.10811882 0.04024241
v 0.04676063 0.12499563 0.05382092
v 0.05241048 0.13110638 0.05716754
v 0.04163209 0.11883771 0.04894778
v 0.04219031 0.11397198 0.04722792
v 0.04278087 0.10944576 0.04540842
v 0.05241048 0.12529239 0.05550411
v 0.05829692 0.13079719 0.05541395
v 0.04701317 0.11953150 0.05211875
v 0.04729271 0.11462983 0.05023466
v 0.04758845 0.11006563 0.04824143
v 0.05806058 0.12499563 0.05382092
v 0.06416559 0.13004056 0.05195576
v 0.05241050 0.11981501 0.05372669
v 0.05241050 0.11489866 0.05175932
v 0.05241052 0.11031890 0.04967798
v 0.06369359 0.12426939 0.05050159
v 0.06977735 0.12842080 0.04564974
v 0.05780803 0.11953151 0.05211875
v 0.05752850 0.11462986 0.05023466
v 0.05723279 0.11006562 0.04824142
v 0.06908002 0.12271465 0.04444876
v 0.07400749 0.12564953 0.03759805
v 0.06318929 0.11883771 0.04894779
v 0.06263106 0.11397196 0.04722792
v 0.06204049 0.10944576 0.04540841
v 0.07314032 0.12005465 0.03672037
v 0.07588281 0.12157152 0.02934534
v 0.06833495 0.11735248 0.04316552
v 0.06751022 0.11256365 0.04174510
v 0.06663774 0.10811882 0.04024242
v 0.07494037 0.11614038 0.02880166
v 0.07592177 0.11643644 0.02196052
v 0.07221375 0.11481140 0.03578256
v 0.07118815 0.11015417 0.03474451
v 0.07010313 0.10584857 0.03364635
v 0.07497775 0.11121149 0.02173178
v 0.07494589 0.11059570 0.01608378
v 0.07393332 0.11107208 0.02822072
v 0.07281865 0.10660851 0.02757770
v 0.07163944 0.10250778 0.02689743
v 0.07404103 0.10560524 0.01613574
v 0.07349746 0.10440192 0.01111600
v 0.07396905 0.10636351 0.02148736
v 0.07285254 0.10214379 0.02121682
v 0.07167137 0.09830106 0.02093062
v 0.07265079 0.09966017 0.01142796
v 0.07313770 0.10429452 0.00521477
v 0.07307421 0.10100784 0.01619127
v 0.07200406 0.09706552 0.01625273
v 0.07087190 0.09351622 0.01631774
v 0.07230546 0.09955709 0.00570315
v 0.07230944 0.10387187 0.00019540
v 0.07174610 0.09532851 0.01176130
v 0.07074472 0.09168031 0.01213027
v 0.06968533 0.08844218 0.01252061
v 0.07151046 0.09915141 0.00084057
v 0.07062390 0.10288494 -0.00332770
v 0.07141620 0.09523002 0.00622498
v 0.07043190 0.09158693 0.00680260
v 0.06939059 0.08835419 0.00741367
v 0.06989258 0.09820411 -0.00255948
v 0.06801085 0.10134967 -0.00580991
v 0.07065674 0.09484248 0.00152995
v 0.06971177 0.09121946 0.00229301
v 0.06871208 0.08800795 0.00310028
v 0.06738449 0.09673049 -0.00494467
v 0.06454968 0.09924424 -0.00786740
v 0.06911118 0.09393754 -0.00173864
v 0.06824624 0.09036139 -0.00083006
v 0.06733124 0.08719944 0.00013115
v 0.06406227 0.09470960 -0.00691955
v 0.06059872 0.09613103 -0.00968954
v 0.06671519 0.09252977 -0.00402014
v 0.06597435 0.08902650 -0.00299680
v 0.06519060 0.08594172 -0.00191417
v 0.06026996 0.09172139 -0.00866852
v 0.05651999 0.09168776 -0.01135794
v 0.06354146 0.09059921 -0.00590674
v 0.06296500 0.08719593 -0.00478570
v 0.06235515 0.08421694 -0.00359970
v 0.05635498 0.08745651 -0.01026992
v 0.05241048 0.08646977 -0.01295000
v 0.05991866 0.08774455 -0.00757754
v 0.05952983 0.08448911 -0.00636996
v 0.05911846 0.08166652 -0.00509242
v 0.05241048 0.08244806 -0.01179806
v 0.04830120 0.09168774 -0.01135794
v 0.05617868 0.08367034 -0.00910737
v 0.05598355 0.08062590 -0.00782056
v 0.05577710 0.07802653 -0.00645920
v 0.04846621 0.08745651 -0.01026992
v 0.04422265 0.09613102 -0.00968954
v 0.05241050 0.07888573 -0.01056720
v 0.05241051 0.07608912 -0.00920479
v 0.05241052 0.07375188 -0.00776344
v 0.04455142 0.09172138 -0.00866852
v 0.04027177 0.09924424 -0.00786740
v 0.04864252 0.08367033 -0.00910737
v 0.04883768 0.08062590 -0.00782056
v 0.04904414 0.07802653 -0.00645920
v 0.04075917 0.09470960 -0.00691955
v 0.03681058 0.10134967 -0.00580991
v 0.04490271 0.08774454 -0.00757754
v 0.04529155 0.08448912 -0.00636996
v 0.04570292 0.08166653 -0.00509242
v 0.03743696 0.09673049 -0.00494467
v 0.03419756 0.10288494 -0.00332770
v 0.04127998 0.09059922 -0.00590674
v 0.04185644 0.08719593 -0.00478570
v 0.04246628 0.08421694 -0.00359970
v 0.03492886 0.09820411 -0.00255948
v 0.03251201 0.10387187 0.00019540
v 0.03810626 0.09252977 -0.00402014
v 0.03884709 0.08902650 -0.00299680
v 0.03963083 0.08594172 -0.00191417
v 0.03331099 0.09915141 0.00084057
v 0.03168376 0.10429452 0.00521477
v 0.03571026 0.09393752 -0.00173864
v 0.03657518 0.09036136 -0.00083006
v 0.03749020 0.08719944 0.00013115
v 0.03251599 0.09955708 0.00570314
v 0.03132399 0.10440192 0.01111600
v 0.03217067 0.09966016 0.01142796
v 0.03416471 0.09484247 0.00152995
v 0.03510966 0.09121944 0.00229301
v 0.03610937 0.08800794 0.00310028
v 0.03340524 0.09523003 0.00622499
v 0.03307536 0.09532851 0.01176130
v 0.03438954 0.09158692 0.00680260
v 0.03543086 0.08835420 0.00741367
v 0.03407674 0.09168029 0.01213026
v 0.03513613 0.08844217 0.01252061
v 0.05241093 0.06353343 -0.01817299
v 0.05241092 0.06247282 -0.01583675
v 0.05016075 0.06186556 -0.01624189
v 0.05015323 0.06300230 -0.01849133
v 0.04820453 0.06018856 -0.01715734
v 0.05466862 0.06300107 -0.01848918
v 0.05466110 0.06186556 -0.01624189
v 0.04825282 0.06155270 -0.01933354
v 0.04683181 0.05773663 -0.01828315
v 0.05656902 0.06154704 -0.01932354
v 0.05661733 0.06018856 -0.01715734
v 0.04694119 0.05945286 -0.02069558
v 0.04631474 0.05511525 -0.01991920
v 0.05788066 0.05943832 -0.02066990
v 0.05799003 0.05773661 -0.01828315
v 0.04644174 0.05697699 -0.02252628
v 0.04683181 0.05285669 -0.02228403
v 0.05838009 0.05695694 -0.02249088
v 0.05850710 0.05511525 -0.01991920
v 0.04694118 0.05457097 -0.02470065
v 0.04820452 0.05088973 -0.02467092
v 0.05788065 0.05455644 -0.02467498
v 0.05799003 0.05285669 -0.02228404
v 0.04825282 0.05247080 -0.02670963
v 0.05016075 0.04917566 -0.02627703
v 0.05656901 0.05246514 -0.02669964
v 0.05661732 0.05088973 -0.02467092
v 0.05015323 0.05087602 -0.02819195
v 0.05241092 0.04840919 -0.02684053
v 0.05466861 0.05087480 -0.02818980
v 0.05466110 0.04917566 -0.02627703
v 0.05241092 0.05020022 -0.02875689
v 0.05477308 0.05310652 -0.02910117
v 0.05241092 0.05271381 -0.02969609
v 0.05632775 0.05373200 -0.02784250
v 0.05709561 0.05582296 -0.02672867
v 0.05477308 0.05310652 -0.02910117
v 0.05004876 0.05311219 -0.02911116
v 0.05512303 0.05627605 -0.02830246
v 0.05749108 0.05853803 -0.02470480
v 0.05241092 0.05632469 -0.02893856
v 0.04849410 0.05374295 -0.02786180
v 0.05533201 0.05961544 -0.02622407
v 0.05709561 0.06092028 -0.02256334
v 0.04969881 0.05629060 -0.02832814
v 0.04772623 0.05584445 -0.02676663
v 0.05241092 0.06001638 -0.02679509
v 0.05632775 0.06222548 -0.02093581
v 0.05512303 0.06212623 -0.02356272
v 0.05477308 0.06330196 -0.02087745
v 0.04948983 0.05963550 -0.02625947
v 0.04733077 0.05856718 -0.02475630
v 0.05241093 0.06262609 -0.02385655
v 0.05241093 0.06379724 -0.02080356
v 0.04969881 0.06214076 -0.02358840
v 0.04772624 0.06094177 -0.02260129
v 0.05004877 0.06330764 -0.02088744
v 0.04849410 0.06223642 -0.02095513
vn 0.42181361 0.69048709 0.58762312
vn 0.70749539 0.65683585 0.26080054
vn 0.84391612 -0.01539474 0.53625417
vn 0.47346646 0.01529205 0.88067907
vn 0.83654881 -0.00695169 0.54784828
vn 0.49873772 0.02436366 0.86641043
vn 0.83789241 0.00387564 0.54582173
vn 0.52680761 0.03066561 0.84943122
vn 0.84023517 0.01654870 0.54196960
vn -0.13169257 0.05546708 0.98973757
vn -0.08680496 0.71815807 0.69044477
vn -0.12465388 0.06237690 0.99023759
vn -0.51710355 0.70021093 0.49224851
vn -0.63810158 0.03466339 0.76917154
vn -0.69964266 0.68338805 0.20852073
vn -0.86625743 0.00481034 0.49957475
vn -0.65396184 0.04681963 0.75507736
vn -0.10444300 0.06167957 0.99261642
vn 0.54155022 0.02819533 0.84019548
vn 0.01114440 0.99415582 -0.10737798
vn -0.08469408 0.98453063 -0.15338290
vn -0.51710355 0.70021093 0.49224851
vn 0.09998979 0.98162878 -0.16250226
vn 0.70749539 0.65683585 0.26080054
vn -0.07348591 0.96113753 -0.26610976
vn -0.69964266 0.68338805 0.20852073
vn -0.54880518 0.67716217 0.49016768
vn -0.74088031 0.64637798 0.18246068
vn -0.06508525 0.74513263 0.66373289
vn -0.73583817 0.67400783 -0.06523469
vn 0.44150558 0.77257943 0.45628265
vn 0.05665942 0.93249887 -0.35670102
vn -0.55868572 0.74755204 -0.35921627
vn 0.07683014 0.96299165 -0.25834912
vn 0.64250809 0.75874132 0.10721499
vn -0.71218055 0.70141453 -0.02857663
vn 0.20602316 0.91704154 -0.34145170
vn -0.45056012 0.71764416 -0.53102022
vn 0.32339454 0.89888805 -0.29566240
vn -0.69833320 0.68354255 -0.21236826
vn -0.48975414 0.74684072 -0.44985533
vn 0.43824163 0.85941088 -0.26335746
vn -0.05401743 0.95055461 -0.30582365
vn 0.67747766 0.72506338 -0.12372177
vn -0.95858586 -0.00561896 0.28474832
vn -0.69833320 0.68354255 -0.21236826
vn -0.20267220 0.93089247 -0.30391315
vn 0.57612652 0.73749775 -0.35238531
vn 0.62771136 0.72784126 -0.27608967
vn 0.71481413 0.69677454 -0.05954806
vn 0.99386495 0.08353937 -0.07248224
vn 0.97817618 0.02035322 0.20677796
vn 0.84391612 -0.01539474 0.53625417
vn 0.99799311 0.05795341 -0.02551720
vn 0.96874821 0.01567842 0.24755022
vn 0.83654881 -0.00695169 0.54784828
vn 0.99988306 0.01127401 0.01033748
vn 0.96214473 0.00247251 0.27252778
vn 0.83789241 0.00387564 0.54582173
vn 0.99967682 0.00141834 0.02538273
vn 0.96070248 0.00739182 0.27748170
vn 0.99949437 0.01064392 0.02996162
vn 0.96050799 0.01783309 0.27768049
vn 0.99935156 0.01282322 0.03364626
vn 0.95996261 0.01832903 0.27952805
vn 0.83661962 0.02556580 0.54718733
vn 0.82940298 0.02387048 0.55814064
vn 0.53485620 0.02229588 0.84464890
vn 0.51789123 0.01617752 0.85529351
vn -0.07618659 0.04563186 0.99604887
vn -0.04768364 0.02687693 0.99850082
vn -0.02526654 0.01541090 0.99956197
vn -0.65694392 0.05638276 0.75182825
vn -0.60132670 0.04956666 0.79746431
vn -0.55901635 0.03859589 0.82825786
vn -0.63942009 0.05573493 0.76683480
vn -0.86718744 0.02281429 0.49745899
vn -0.84537208 0.06698970 0.52996087
vn -0.83015347 0.05745817 0.55456626
vn -0.85913950 0.05890806 0.50833964
vn -0.86586767 0.04249340 0.49846512
vn -0.95807618 0.02806548 0.28513584
vn -0.94485617 0.06915706 0.32010028
vn -0.94194537 0.05931600 0.33048528
vn -0.94890165 0.05858085 0.31008697
vn -0.95298719 0.04215927 0.30006340
vn -0.99756765 0.05477417 0.04311132
vn -0.99651992 0.04653023 0.06915890
vn -0.99967188 0.02336374 0.01050047
vn -0.99756765 0.05477417 0.04311132
vn -0.99532121 0.06075347 0.07513095
vn -0.99590158 0.05195043 0.07403521
vn -0.99569404 0.05158026 0.07702493
vn -0.94731206 0.14141843 -0.28740332
vn -0.99619347 0.04274943 -0.07596731
vn -0.99505335 0.03558639 -0.09274991
vn -0.97323537 0.13110250 -0.18874606
vn -0.99701881 0.04233004 -0.06451059
vn -0.99220705 0.07343107 -0.10066346
vn -0.83135360 0.39072800 -0.39519966
vn -0.25559372 0.77070206 -0.58368677
vn -0.73253202 0.34981000 -0.58397752
vn -0.99880809 0.02475655 0.04206672
vn -0.99960405 0.00955180 0.02646771
vn -0.99077970 -0.01724209 0.13438125
vn -0.99755108 0.06200825 0.03235510
vn -0.98230171 0.17112581 -0.07615326
vn -0.98986185 0.00925541 0.14173158
vn -0.99939746 -0.03242661 -0.01237931
vn -0.98833561 0.09946863 0.11532024
vn -0.99993724 -0.00473338 -0.01015848
vn -0.97429276 -0.03620435 -0.22235753
vn -0.95397687 0.29964441 -0.01188942
vn -0.99292368 0.11620942 -0.02445264
vn -0.91789770 0.38555273 -0.09387680
vn -0.99292368 0.11620942 -0.02445264
vn -0.97440630 -0.01308278 -0.22441302
vn -0.87665212 -0.04719046 -0.47880489
vn -0.73304278 0.62377143 -0.27121487
vn -0.65314114 0.73002940 -0.20115621
vn -0.96808785 0.11026223 -0.22505136
vn -0.91789770 0.38555273 -0.09387680
vn -0.87490004 -0.01273680 -0.48413599
vn -0.88334674 0.41391814 -0.21993242
vn -0.65314114 0.73002940 -0.20115621
vn -0.59053683 -0.00170969 -0.80700886
vn -0.59385514 -0.07559998 -0.80101228
vn -0.86309969 0.11612077 -0.49150267
vn -0.22186328 0.01017754 -0.97502464
vn -0.22228695 -0.09337527 -0.97049963
vn -0.56688619 0.16053294 -0.80800325
vn 0.32647544 0.02066605 -0.94497973
vn 0.32485545 -0.08282601 -0.94212991
vn -0.21117838 0.20251231 -0.95623869
vn 0.84254849 0.03499517 -0.53748250
vn 0.84322798 -0.03922502 -0.53612304
vn 0.81167585 0.24842584 -0.52864635
vn 0.30832919 0.24377824 -0.91951364
vn 0.67035830 0.60401416 -0.43102977
vn 0.24942151 0.64015102 -0.72663307
vn 0.48363152 0.83959699 -0.24734077
vn -0.15528114 0.62806940 -0.76250684
vn 0.21388546 0.91502118 -0.34203699
vn -0.47604537 0.55551505 -0.68175060
vn -0.05568109 0.92881489 -0.36633661
vn -0.76989979 0.45544872 -0.44701317
vn -0.32614937 0.87369442 -0.36094972
vn -0.60771418 0.76814264 -0.20159468
vn -0.57015866 0.77174050 -0.28166607
vn -0.27848837 0.94050670 -0.19465697
vn -0.01224315 0.97997934 -0.19872241
vn 0.24903937 0.95075387 -0.18451704
vn -0.30108404 0.91868317 -0.25567484
vn -0.00542408 0.96605098 -0.25829464
vn 0.28513524 0.92558300 -0.24898598
vn -0.00279610 0.89347136 -0.44911143
vn 0.61644089 0.76408702 -0.19018860
vn 0.54406255 0.82094222 -0.17334864
vn -0.32316175 0.84121495 -0.43350187
vn -0.00039019 0.76582015 -0.64305478
vn -0.35084230 0.70178258 -0.62000877
vn 0.88286358 0.46281704 -0.07970155
vn 0.82213360 0.53955764 -0.18158725
vn 0.67035830 0.60401416 -0.43102977
vn 0.98077202 0.19514659 -0.00201179
vn 0.95522636 0.22874033 -0.18767108
vn 0.81167585 0.24842584 -0.52864635
vn -0.31409878 0.58826095 -0.74517852
vn 0.00168218 0.67578918 -0.73709309
vn 0.98113155 0.04606090 -0.18777440
vn 0.84254849 0.03499517 -0.53748250
vn 0.09848157 0.80505484 -0.58496851
vn -0.00013138 0.80749893 -0.58986908
vn -0.09050237 0.80094475 -0.59185886
vn 0.31328478 0.57987410 -0.75206292
vn 0.34676155 0.69697171 -0.62768376
vn 0.98207611 -0.01117474 -0.18815334
vn 0.84322798 -0.03922502 -0.53612304
vn 0.99980402 -0.00042066 0.01979323
vn 0.99852884 0.05039377 0.02001481
vn 0.98654521 0.01025006 0.16316727
vn 0.98601753 0.04783697 0.15962781
vn 0.99808174 0.01622386 0.05974646
vn 0.99812901 0.03201995 0.05208898
vn 0.98330426 0.13952647 0.11681224
vn 0.94348150 0.33054432 -0.02414787
vn 0.88286358 0.46281704 -0.07970155
vn 0.71729058 0.63742661 -0.28139207
vn 0.97851342 0.16851875 -0.11879820
vn 0.99783289 0.06453981 0.01281503
vn 0.81724983 0.38308114 -0.43052480
vn 0.99433357 0.01075385 -0.10575988
vn 0.98552275 0.04855211 -0.16244249
vn 0.95814699 0.13036685 -0.25487027
vn 0.99584723 0.01406321 -0.08994758
vn 0.99808174 0.01622386 0.05974646
vn 0.99633312 0.01427188 -0.08436026
vn 0.99949437 0.01064392 0.02996162
vn 0.99935156 0.01282322 0.03364626
vn 0.99967682 0.00141834 0.02538273
vn 0.99988306 0.01127401 0.01033748
vn 0.99799311 0.05795341 -0.02551720
vn 0.99386495 0.08353937 -0.07248224
vn 0.92471439 0.17514193 -0.33797735
vn 0.62771136 0.72784126 -0.27608967
vn 0.45208451 0.76134741 -0.46472552
vn -0.20267220 0.93089247 -0.30391315
vn 0.71675783 0.34313175 -0.60705751
vn -0.32338813 0.89888960 -0.29566467
vn 0.57612652 0.73749775 -0.35238531
vn 0.45169964 0.71727663 -0.53054845
vn 0.24575095 0.76856971 -0.59068364
vn -0.43824485 0.85940796 -0.26336175
vn -0.53602219 0.82802922 -0.16446231
vn -0.00013138 0.80749893 -0.58986908
vn 0.31418782 0.84471136 -0.43329990
vn -0.00039019 0.76582015 -0.64305478
vn 0.61644089 0.76408702 -0.19018860
vn -0.00279610 0.89347136 -0.44911143
vn 0.28513524 0.92558300 -0.24898598
vn -0.00542408 0.96605098 -0.25829464
vn -0.00000386 0.99357378 -0.11318646
vn -0.08165599 0.68210852 -0.72667760
vn -0.00045019 0.86258906 -0.50590503
vn 0.53601450 0.82803518 -0.16445763
vn 0.08504804 0.68379259 -0.72470313
vn -0.17706758 0.70978552 -0.68180031
vn -0.97429276 -0.03620435 -0.22235753
vn -0.87425745 -0.05228344 -0.48263901
vn -0.87665212 -0.04719046 -0.47880489
vn -0.97497803 -0.02099379 -0.22130777
vn -0.63799143 -0.67625999 -0.36829242
vn -0.99939746 -0.03242661 -0.01237931
vn -0.70451140 -0.68647963 -0.18002628
vn -0.99977005 -0.01634968 -0.01387688
vn -0.99077970 -0.01724209 0.13438125
vn -0.72810358 -0.68498224 -0.02577823
vn -0.99193990 -0.00967852 0.12633918
vn -0.70484746 -0.70482057 0.08011305
vn -0.99960405 0.00955180 0.02646771
vn -0.99990159 0.00344846 0.01360122
vn -0.67240208 -0.74015719 0.00653696
vn -0.70960671 -0.70152462 -0.06573794
vn -0.99464101 0.01662339 -0.10204349
vn -0.99505335 0.03558639 -0.09274991
vn -0.73786563 -0.67097139 0.07315515
vn -0.99691683 0.02493202 0.07439948
vn -0.99590158 0.05195043 0.07403521
vn -0.69064277 -0.66880912 0.27514881
vn -0.94096369 0.02918303 0.33724731
vn -0.94194537 0.05931600 0.33048528
vn -0.60760647 -0.65363216 0.45119774
vn -0.82106787 0.02886516 0.57010037
vn -0.83015347 0.05745817 0.55456626
vn -0.39941040 -0.63265187 0.66349304
vn -0.53335047 0.01914638 0.84567767
vn -0.55901635 0.03859589 0.82825786
vn -0.00780615 -0.63052100 0.77613294
vn -0.01344229 0.00695396 0.99988544
vn -0.02526654 0.01541090 0.99956197
vn 0.37994841 -0.63584650 0.67181730
vn 0.50610846 0.00785740 0.86243403
vn 0.51789123 0.01617752 0.85529351
vn 0.61542881 -0.64818823 0.44844118
vn 0.82445025 0.01214070 0.56580424
vn 0.82940298 0.02387048 0.55814064
vn 0.70425290 -0.67062318 0.23300742
vn 0.95959800 0.00929911 0.28122082
vn 0.73138720 -0.68041784 0.04587355
vn 0.95996261 0.01832903 0.27952805
vn 0.99932981 0.00651711 0.03602113
vn 0.99935156 0.01282322 0.03364626
vn 0.99932981 0.00651711 0.03602113
vn 0.70347631 -0.70904076 -0.04880847
vn 0.73138720 -0.68041784 0.04587355
vn 0.99657917 0.00685606 -0.08235888
vn 0.99935156 0.01282322 0.03364626
vn 0.99633312 0.01427188 -0.08436026
vn 0.67237401 -0.73918372 0.03899531
vn 0.99825692 0.00628125 0.05868306
vn 0.99808174 0.01622386 0.05974646
vn 0.98654521 0.01025006 0.16316727
vn 0.98715377 0.00178461 0.15976331
vn 0.70519322 -0.70109415 0.10568609
vn 0.99980402 -0.00042066 0.01979323
vn 0.99983537 -0.00382843 0.01773852
vn 0.72770971 -0.68588245 -0.00198063
vn 0.98207611 -0.01117474 -0.18815334
vn 0.98186946 -0.01197521 -0.18917970
vn 0.70999074 -0.68673116 -0.15592787
vn 0.84322798 -0.03922502 -0.53612304
vn 0.83806252 -0.05665959 -0.54262406
vn 0.62160599 -0.66408616 -0.41544616
vn 0.22661452 -0.68424469 -0.69314873
vn 0.31123623 -0.14918782 -0.93854940
vn 0.32485545 -0.08282601 -0.94212991
vn -0.15258570 -0.74550563 -0.64879805
vn -0.22123766 -0.18093789 -0.95828772
vn -0.22228695 -0.09337527 -0.97049963
vn -0.42049423 -0.69806165 -0.57956415
vn -0.58346516 -0.13076915 -0.80154091
vn -0.63799143 -0.67625999 -0.36829242
vn -0.59385514 -0.07559998 -0.80101228
vn -0.87425745 -0.05228344 -0.48263901
vn -0.87665212 -0.04719046 -0.47880489
vn 0.70425290 -0.67062318 0.23300742
vn 0.37994841 -0.63584650 0.67181730
vn 0.61542881 -0.64818823 0.44844118
vn 0.00835735 -0.99885637 0.04707625
vn 0.73138720 -0.68041784 0.04587355
vn -0.00780615 -0.63052100 0.77613294
vn 0.00330591 -0.99949545 0.03158962
vn -0.00018536 -0.99895531 0.04569716
vn -0.00920397 -0.99881971 0.04769142
vn -0.39941040 -0.63265187 0.66349304
vn -0.69064277 -0.66880912 0.27514881
vn -0.60760647 -0.65363216 0.45119774
vn -0.73786563 -0.67097139 0.07315515
vn -0.00356847 -0.99949288 0.03164186
vn -0.00009076 -0.99952698 0.03075407
vn -0.00005189 -0.99992901 0.01191561
vn -0.00073743 -0.99992657 0.01209783
vn -0.70960671 -0.70152462 -0.06573794
vn -0.73786563 -0.67097139 0.07315515
vn -0.67240208 -0.74015719 0.00653696
vn -0.00003916 -1.00000000 -0.00003645
vn 0.00062997 -0.99992567 0.01217544
vn 0.73138720 -0.68041784 0.04587355
vn 0.70347631 -0.70904076 -0.04880847
vn 0.00003101 -1.00000000 -0.00000139
vn 0.67237401 -0.73918372 0.03899531
vn -0.00000379 -1.00000000 -0.00003541
vn -0.00016668 -0.99993956 -0.01099316
vn -0.70484746 -0.70482057 0.08011305
vn -0.00012161 -0.99994212 -0.01075574
vn -0.00116647 -0.99969769 -0.02455868
vn -0.72810358 -0.68498224 -0.02577823
vn -0.00007937 -0.99994463 -0.01052281
vn 0.00003101 -1.00000000 -0.00000139
vn 0.70519322 -0.70109415 0.10568609
vn 0.72770971 -0.68588245 -0.00198063
vn -0.00094103 -0.99973702 -0.02291188
vn 0.70999074 -0.68673116 -0.15592787
vn -0.00107231 -0.99971759 -0.02374057
vn -0.00312621 -0.99954265 -0.03007870
vn 0.62160599 -0.66408616 -0.41544616
vn 0.22661452 -0.68424469 -0.69314873
vn -0.00366173 -0.99949920 -0.03143183
vn -0.15258570 -0.74550563 -0.64879805
vn -0.00368764 -0.99945378 -0.03284041
vn -0.42049423 -0.69806165 -0.57956415
vn -0.70451140 -0.68647963 -0.18002628
vn -0.63799143 -0.67625999 -0.36829242
vn 0.18039428 0.70866901 -0.68208957
vn -0.08165599 0.68210852 -0.72667760
vn -0.53602219 0.82802922 -0.16446231
vn -0.43824485 0.85940796 -0.26336175
vn 0.45169964 0.71727663 -0.53054845
vn -0.32338813 0.89888960 -0.29566467
vn -0.17706758 0.70978552 -0.68180031
vn -0.45056012 0.71764416 -0.53102022
vn 0.32339454 0.89888805 -0.29566240
vn 0.43824163 0.85941088 -0.26335746
vn 0.99131751 -0.12110379 -0.05121977
vn 0.71214682 0.41154274 -0.56875253
vn 0.80014551 0.50714129 -0.32027313
vn 0.98415494 -0.17430721 0.03249671
vn 0.99262798 -0.09665244 -0.07313044
vn 0.76500463 0.47871491 -0.43081316
vn 0.95903116 -0.23458698 0.15883395
vn 0.97961813 -0.16569696 0.11354642
vn 0.95886928 -0.21857189 0.18109669
vn 0.97743243 -0.08657859 0.19269161
vn 0.99361718 -0.03321871 -0.10780250
vn 0.95187116 -0.17109826 0.25429651
vn 0.98513323 -0.02339011 0.17019236
vn 0.57612652 0.73749775 -0.35238531
vn 0.67747766 0.72506338 -0.12372177
vn 0.87417936 -0.09666597 0.47588456
vn 0.87601662 -0.01236830 0.48212224
vn 0.64250809 0.75874132 0.10721499
vn 0.92622280 -0.22670111 0.30119419
vn 0.95903116 -0.23458698 0.15883395
vn 0.85627407 -0.19232297 0.47938141
vn 0.52410436 -0.09340128 0.84651685
vn 0.44150558 0.77257943 0.45628265
vn 0.56892627 -0.20411894 0.79665452
vn -0.01204850 -0.33607537 0.94175804
vn -0.05743991 -0.21767704 0.97432917
vn -0.06508525 0.74513263 0.66373289
vn 0.91953099 -0.25307211 0.30069458
vn 0.76500463 0.47871491 -0.43081316
vn 0.65215331 -0.27431473 0.70671600
vn 0.84842241 -0.24134986 0.47109413
vn 0.85128415 -0.25859901 0.45655441
vn 0.73725706 -0.26434413 0.62175095
vn 0.77288008 0.59051615 -0.23226523
vn 0.71887189 0.69506741 0.01022389
vn -0.56260979 -0.24058802 0.79094100
vn -0.54880518 0.67716217 0.49016768
vn 0.42409912 -0.31909278 0.84753746
vn -0.56232744 -0.29755840 0.77152240
vn -0.82531965 -0.21969715 0.52017373
vn -0.74088031 0.64637798 0.18246068
vn -0.82927352 -0.23713396 0.50603652
vn -0.94945043 -0.14617561 0.27780664
vn -0.73583817 0.67400783 -0.06523469
vn -0.95031255 -0.18205935 0.25250822
vn -0.99669814 -0.06411359 -0.04982233
vn -0.55868572 0.74755204 -0.35921627
vn -0.99190301 -0.11740054 -0.04843163
vn -0.92746598 -0.00896346 -0.37380022
vn -0.45056012 0.71764416 -0.53102022
vn -0.92804968 -0.09833085 -0.35924199
vn -0.76739848 0.04936371 -0.63926744
vn -0.17706758 0.70978552 -0.68180031
vn -0.76512390 -0.01449884 -0.64371979
vn -0.48723966 0.11283712 -0.86594766
vn 0.08504804 0.68379259 -0.72470313
vn -0.48251450 0.08049528 -0.87218136
vn 0.00405194 0.13489753 -0.99085128
vn 0.00416216 0.14592932 -0.98928624
vn -0.00045019 0.86258906 -0.50590503
vn 0.49363399 0.10787079 -0.86295384
vn -0.08165599 0.68210852 -0.72667760
vn 0.48878548 0.07936876 -0.86878616
vn 0.77100199 0.04609033 -0.63516265
vn 0.18039428 0.70866901 -0.68208957
vn 0.76887459 -0.01473439 -0.63922989
vn 0.92814511 -0.00988008 -0.37208748
vn 0.45169964 0.71727663 -0.53054845
vn 0.99361718 -0.03321871 -0.10780250
vn 0.57612652 0.73749775 -0.35238531
vn 0.99262798 -0.09665244 -0.07313044
vn 0.92870927 -0.09793954 -0.35764074
vn 0.51616037 0.03339473 -0.85584068
vn 0.76523173 -0.09698281 -0.63640767
vn 0.34468508 0.10510132 -0.93281609
vn 0.90755290 -0.20642884 -0.36569780
vn 0.99262798 -0.09665244 -0.07313044
vn 0.95840782 -0.19429576 -0.20905422
vn 0.99131751 -0.12110379 -0.05121977
vn 0.98194969 -0.12525198 -0.14172789
vn 0.80014551 0.50714129 -0.32027313
vn 0.87095279 -0.20913205 -0.44464040
vn 0.93239433 -0.22424379 -0.28347060
vn 0.73211658 -0.12125818 -0.67029983
vn 0.52162015 0.00768316 -0.85314322
vn 0.94720107 -0.15970075 -0.27803925
vn 0.87095279 -0.20913205 -0.44464040
vn 0.73105556 0.67019105 -0.12806940
vn 0.84701514 -0.15218824 -0.50931722
vn 0.73211658 -0.12125818 -0.67029983
vn 0.67726827 -0.09087458 -0.73010236
vn 0.68471569 0.65884656 -0.31158575
vn -0.02227012 0.99876094 -0.04450459
vn -0.09146649 0.90511507 -0.41521147
vn -0.62675732 0.77841371 0.03531731
vn -0.79349244 0.58167654 -0.17894733
vn -0.61183184 0.78858018 0.06166973
vn -0.09053269 0.98810720 -0.12429001
vn -0.62594819 0.76971596 0.12540402
vn -0.21146424 0.95431656 -0.21109909
vn -0.63351738 0.73867816 0.23023988
vn 0.53167093 0.63628328 -0.55898988
vn -0.32493633 0.90539241 -0.27327824
vn -0.64810777 0.71577847 0.26003376
vn 0.28998002 0.60159332 -0.74430978
vn -0.41702348 0.83994317 -0.34725621
vn -0.70924282 0.66247195 0.24105090
vn 0.04215595 0.56930524 -0.82104474
vn -0.52269852 0.74840558 -0.40825906
vn -0.77029961 0.59045112 0.24084438
vn 0.48044854 0.01293526 -0.87692755
vn -0.12714608 0.52942944 -0.83877194
vn -0.62211382 0.67598343 -0.39499474
vn -0.00002542 0.88555545 0.46453372
vn 0.35318783 0.09081836 -0.93113393
vn 0.37799150 0.08464647 -0.92193133
vn 0.35318783 0.09081836 -0.93113393
vn 0.30824417 0.11888343 -0.94384968
vn -0.21406108 0.50464731 -0.83636653
vn -0.00001369 0.87142086 -0.49053612
vn 0.77028507 0.59046680 0.24085245
vn -0.00030040 0.12902316 -0.99164152
vn 0.62209833 0.67599654 -0.39499670
vn 0.70923346 0.66248035 0.24105547
vn -0.00718965 0.32054803 -0.94720501
vn 0.52268928 0.74841219 -0.40825877
vn 0.64810503 0.71578103 0.26003343
vn 0.21110526 0.50182235 -0.83881402
vn -0.31363001 0.11091633 -0.94304496
vn -0.34319997 0.10131711 -0.93378192
vn 0.41701999 0.83994472 -0.34725666
vn 0.63351595 0.73867929 0.23024015
vn 0.12638979 0.52810413 -0.83972120
vn -0.35470352 0.08606499 -0.93100923
vn 0.32493374 0.90539306 -0.27327904
vn 0.62594301 0.76972038 0.12540324
vn -0.04224629 0.56884199 -0.82136106
vn 0.21146189 0.95431709 -0.21109895
vn 0.61182868 0.78858268 0.06166910
vn -0.51206392 0.03034053 -0.85841131
vn -0.37695527 0.07982471 -0.92278534
vn -0.51992345 0.00342117 -0.85420603
vn -0.48026472 0.01056815 -0.87705994
vn -0.28997165 0.60145998 -0.74442077
vn -0.67697686 -0.09192311 -0.73024142
vn -0.73096049 -0.12429889 -0.67100412
vn -0.76268715 -0.10012551 -0.63897049
vn -0.53166872 0.63625348 -0.55902582
vn -0.67697686 -0.09192311 -0.73024142
vn -0.84689748 -0.15251270 -0.50941592
vn -0.90681070 -0.20806465 -0.36661083
vn -0.87047040 -0.21047257 -0.44495228
vn 0.09053388 0.98810703 -0.12429033
vn 0.62675512 0.77841556 0.03531710
vn -0.95832628 -0.19463082 -0.20911641
vn -0.99190301 -0.11740054 -0.04843163
vn -0.68471509 0.65884358 -0.31159320
vn 0.02227200 0.99876088 -0.04450478
vn 0.79349136 0.58167762 -0.17894869
vn -0.94718724 -0.15974084 -0.27806330
vn -0.73105484 0.67019165 -0.12807053
vn -0.93229914 -0.22458510 -0.28351358
vn -0.98194969 -0.12524903 -0.14173041
vn -0.68471509 0.65884358 -0.31159320
vn -0.99130565 -0.12192832 -0.04946300
vn -0.80028182 0.50708115 -0.32002783
vn 0.09146444 0.90511483 -0.41521248
vn 0.68861955 0.55355412 -0.46838129
vn 0.12773664 0.68558890 -0.71669471
vn 0.64437270 0.60057360 -0.47338703
vn 0.11265544 0.76352423 -0.63587701
vn 0.62870222 0.62049657 -0.46874034
vn -0.71238607 0.41134009 -0.56859952
vn 0.18048528 0.82711285 -0.53226811
vn 0.60304725 0.61797690 -0.50441909
vn -0.98371840 -0.17633401 0.03470497
vn -0.99130565 -0.12192832 -0.04946300
vn -0.76527512 0.47846660 -0.43060857
vn 0.25522205 0.84963471 -0.46150044
vn 0.53928322 0.61850989 -0.57150608
vn -0.97295189 -0.18971750 0.13180272
vn -0.95792443 -0.23756747 0.16106664
vn -0.77317166 0.59024048 -0.23199506
vn 0.26293588 0.86180657 -0.43376738
vn 0.40510887 0.63710898 -0.65572780
vn -0.95436645 -0.23076886 0.18955339
vn -0.93338728 -0.22315155 0.28105435
vn -0.91932786 -0.24259204 0.30981517
vn -0.91794991 -0.25643492 0.30267003
vn -0.84125197 -0.25842458 0.47488090
vn -0.84975618 -0.26224172 0.45732233
vn -0.71916658 0.69475967 0.01041780
vn -0.84125197 -0.25842458 0.47488090
vn -0.83190614 -0.25425577 0.49324051
vn -0.62025684 0.74827594 0.23529699
vn -0.84975618 -0.26224172 0.45732233
vn -0.75905538 -0.25020823 0.60102475
vn -0.63813275 -0.32156664 0.69955814
vn -0.73266375 -0.27907407 0.62074274
vn 0.20115568 0.87503773 -0.44027874
vn 0.25508854 0.64027971 -0.72454935
vn -0.42233515 -0.33854836 0.84084368
vn -0.48728248 0.75921273 0.43145311
vn 0.12365268 0.87892324 -0.46065602
vn -0.00000261 0.67242813 -0.74016249
vn -0.60252827 -0.22974597 0.76431435
vn -0.61927205 -0.28416687 0.73195034
vn -0.34961307 -0.25283855 0.90213269
vn -0.28199822 0.77520925 0.56526780
vn -0.00000136 0.88148957 -0.47220352
vn -0.25509647 0.64028049 -0.72454590
vn -0.00107892 -0.28536120 0.95841944
vn -0.12365698 0.87892455 -0.46065244
vn -0.40511566 0.63711119 -0.65572155
vn -0.00014438 0.73215860 0.68113416
vn 0.34942299 -0.25070053 0.90280277
vn -0.20115891 0.87503898 -0.44027478
vn -0.53928435 0.61851144 -0.57150322
vn 0.28189045 0.77532923 0.56515688
vn 0.62199396 -0.27357990 0.73367399
vn 0.60324681 -0.22713150 0.76452899
vn -0.26293704 0.86180663 -0.43376666
vn -0.60304523 0.61797887 -0.50441903
vn 0.48716184 0.75937593 0.43130219
vn 0.75988477 -0.24716809 0.60123461
vn 0.84842241 -0.24134986 0.47109413
vn 0.85128415 -0.25859901 0.45655441
vn 0.61999512 0.74852782 0.23518553
vn -0.25522372 0.84963453 -0.46149984
vn -0.62870175 0.62049723 -0.46874014
vn -0.18048419 0.82711357 -0.53226745
vn -0.64437234 0.60057324 -0.47338796
vn -0.11265398 0.76352412 -0.63587731
vn -0.68862283 0.55355185 -0.46837908
vn -0.12773857 0.68558854 -0.71669465
vn -0.79349244 0.58167654 -0.17894733
vn -0.09146649 0.90511507 -0.41521147
vn 0.80014551 0.50714129 -0.32027313
vn -0.68862283 0.55355185 -0.46837908
vn -0.97935218 0.19682691 0.04613489
vn -0.79349244 0.58167654 -0.17894733
vn -0.98135126 0.19193855 0.01045951
vn -0.64437234 0.60057324 -0.47338796
vn -0.96969831 0.24396409 0.01291374
vn -0.97762322 0.19322115 -0.08317715
vn -0.62870175 0.62049723 -0.46874014
vn -0.97192246 0.23242337 -0.03669035
vn -0.95608461 0.29249305 -0.01870967
vn -0.95293730 0.20091015 -0.22703667
vn -0.60304523 0.61797887 -0.50441903
vn -0.96536499 0.23306617 -0.11726277
vn -0.95533210 0.27945626 -0.09614951
vn -0.95046401 0.31083256 -0.00114488
vn -0.94739181 0.29947278 -0.11298174
vn -0.94641620 0.28021714 -0.16054514
vn -0.93930936 0.30036691 -0.16576388
vn -0.88402474 0.21544136 -0.41483158
vn -0.53928435 0.61851144 -0.57150322
vn -0.93822271 0.24073695 -0.24856357
vn -0.91755152 0.28752899 -0.27463859
vn -0.91546094 0.30613577 -0.26117465
vn -0.76555824 0.23407574 -0.59927380
vn -0.40511566 0.63711119 -0.65572155
vn -0.86801648 0.25597402 -0.42546996
vn -0.84673870 0.30301574 -0.43728146
vn -0.85039341 0.32060069 -0.41718856
vn -0.58393842 0.25736159 -0.76992273
vn -0.25509647 0.64028049 -0.72454590
vn -0.75000459 0.27623570 -0.60098827
vn -0.73018694 0.32425213 -0.60140473
vn -0.73601985 0.34198615 -0.58422619
vn -0.36394167 0.27580634 -0.88965011
vn -0.00000261 0.67242813 -0.74016249
vn -0.57045358 0.30173233 -0.76389807
vn -0.55379331 0.35167077 -0.75474548
vn -0.56481856 0.37017414 -0.73753041
vn -0.00000512 0.29050297 -0.95687413
vn 0.25508854 0.64027971 -0.72454935
vn -0.35472175 0.32200688 -0.87777221
vn -0.34347814 0.37343666 -0.86172378
vn -0.34877858 0.39396414 -0.85037977
vn 0.36393175 0.27580696 -0.88965398
vn 0.40510887 0.63710898 -0.65572780
vn -0.00000466 0.33740059 -0.94136119
vn -0.00000479 0.39060906 -0.92055666
vn -0.00000485 0.41373825 -0.91039586
vn 0.58393049 0.25736269 -0.76992840
vn 0.53928322 0.61850989 -0.57150608
vn 0.35471219 0.32200658 -0.87777621
vn 0.34346834 0.37343678 -0.86172760
vn 0.34876928 0.39396346 -0.85038394
vn 0.76555514 0.23407769 -0.59927702
vn 0.60304725 0.61797690 -0.50441909
vn 0.57044607 0.30173323 -0.76390332
vn 0.55378622 0.35167113 -0.75475043
vn 0.56481266 0.37017384 -0.73753506
vn 0.88402402 0.21544287 -0.41483241
vn 0.62870222 0.62049657 -0.46874034
vn 0.75000173 0.27623713 -0.60099125
vn 0.73018503 0.32425204 -0.60140705
vn 0.73601812 0.34198630 -0.58422828
vn 0.95293701 0.20091140 -0.22703683
vn 0.64437270 0.60057360 -0.47338703
vn 0.86801589 0.25597513 -0.42547047
vn 0.84673858 0.30301604 -0.43728149
vn 0.85039395 0.32059970 -0.41718826
vn 0.97762275 0.19322276 -0.08317868
vn 0.68861955 0.55355412 -0.46838129
vn 0.93822223 0.24073848 -0.24856393
vn 0.91755104 0.28752908 -0.27464008
vn 0.91546160 0.30613297 -0.26117554
vn 0.98135126 0.19193843 0.01045798
vn 0.79349136 0.58167762 -0.17894869
vn 0.96536493 0.23306617 -0.11726353
vn 0.94641614 0.28021625 -0.16054699
vn 0.93931001 0.30036515 -0.16576342
vn 0.97935236 0.19682637 0.04613382
vn 0.62675512 0.77841556 0.03531710
vn 0.97192264 0.23242216 -0.03669290
vn 0.95533246 0.27945533 -0.09614921
vn 0.94739199 0.29947323 -0.11297857
vn 0.97552019 0.19636320 0.09900487
vn 0.61182868 0.78858268 0.06166910
vn 0.96969849 0.24396311 0.01291474
vn 0.95608455 0.29249328 -0.01870709
vn 0.95046419 0.31083202 -0.00114291
vn 0.94303453 0.21017367 0.25790110
vn 0.62594301 0.76972038 0.12540324
vn 0.96576506 0.24151516 0.09470069
vn 0.95105803 0.29591137 0.08902323
vn 0.94380897 0.31965679 0.08392935
vn 0.83075541 0.23003173 0.50688350
vn 0.63351595 0.73867929 0.23024015
vn 0.93469375 0.25688648 0.24567640
vn 0.92143887 0.31392530 0.22891337
vn 0.91414994 0.34000441 0.22074178
vn 0.67244226 0.24084480 0.69986802
vn 0.64810503 0.71578103 0.26003343
vn 0.82899934 0.28055066 0.48378861
vn 0.82398146 0.34207994 0.45170325
vn 0.81174880 0.37213862 0.45008519
vn 0.57903528 0.24378344 0.77800244
vn 0.70923346 0.66248035 0.24105547
vn 0.68145257 0.29527655 0.66965228
vn 0.68957579 0.36039093 0.62817478
vn 0.67913455 0.39075068 0.62136161
vn 0.56923044 0.24368215 0.78523606
vn 0.77028507 0.59046680 0.24085245
vn 0.59866124 0.29943049 0.74293071
vn 0.62004209 0.36596480 0.69398677
vn 0.62725443 0.39551374 0.67091036
vn 0.59076518 0.24160555 0.76982027
vn -0.00002542 0.88555545 0.46453372
vn 0.60047078 0.29828379 0.74193102
vn 0.63524228 0.36243582 0.68198788
vn 0.65889889 0.38777393 0.64458019
vn -0.00001647 0.31260994 0.94988161
vn -0.77029961 0.59045112 0.24084438
vn 0.63115841 0.29393113 0.71780473
vn 0.67404938 0.35324350 0.64874989
vn 0.69657004 0.37551746 0.61137289
vn -0.59078670 0.24160315 0.76980454
vn -0.70924282 0.66247195 0.24105090
vn -0.00001608 0.40560731 0.91404742
vn -0.00001702 0.49780798 0.86728728
vn -0.00000634 0.52490485 0.85116094
vn -0.56924319 0.24368085 0.78522730
vn -0.64810777 0.71577847 0.26003376
vn -0.63118041 0.29392859 0.71778637
vn -0.67407024 0.35323846 0.64873099
vn -0.69659150 0.37551078 0.61135250
vn -0.57903916 0.24378297 0.77799970
vn -0.63351738 0.73867816 0.23023988
vn -0.60048354 0.29828203 0.74192137
vn -0.63525510 0.36243367 0.68197709
vn -0.65891314 0.38777012 0.64456791
vn -0.67244220 0.24084447 0.69986814
vn -0.62594819 0.76971596 0.12540402
vn -0.59866530 0.29943001 0.74292767
vn -0.62004578 0.36596420 0.69398373
vn -0.62725943 0.39551300 0.67090619
vn -0.83075625 0.23003082 0.50688261
vn -0.61183184 0.78858018 0.06166973
vn -0.68145257 0.29527622 0.66965246
vn -0.68957663 0.36039108 0.62817389
vn -0.67913556 0.39075083 0.62136042
vn -0.94303513 0.21017170 0.25790045
vn -0.62675732 0.77841371 0.03531731
vn -0.82899970 0.28055069 0.48378804
vn -0.82398194 0.34207997 0.45170245
vn -0.81175011 0.37213883 0.45008278
vn -0.97552055 0.19636199 0.09900328
vn -0.79349244 0.58167654 -0.17894733
vn -0.97935218 0.19682691 0.04613489
vn -0.93469387 0.25688770 0.24567486
vn -0.92143881 0.31392616 0.22891247
vn -0.91414976 0.34000525 0.22074124
vn -0.96576500 0.24151643 0.09469843
vn -0.96969831 0.24396409 0.01291374
vn -0.95105791 0.29591212 0.08902192
vn -0.94380862 0.31965807 0.08392873
vn -0.95608461 0.29249305 -0.01870967
vn -0.95046401 0.31083256 -0.00114488
vn -0.81576025 0.13809387 -0.56166297
vn -0.76137930 -0.08998924 -0.64203078
vn -0.47330305 -0.09337720 -0.87593657
vn -0.43251106 0.32542190 -0.84085357
vn -0.00202687 -0.10668616 -0.99429071
vn -0.83163923 0.35295105 -0.42872116
vn -0.00463906 0.35882986 -0.93339145
vn -0.44243938 0.56775033 -0.69419521
vn -0.98567474 0.10885012 -0.12882911
vn -0.95384008 -0.11561208 -0.27716962
vn -0.76137930 -0.08998924 -0.64203078
vn -0.83563882 -0.33172709 -0.43779546
vn -0.47330305 -0.09337720 -0.87593657
vn -0.54433727 -0.49297652 -0.67872757
vn -0.96396720 -0.19323559 -0.18283127
vn -0.85130805 -0.40060550 -0.33880648
vn -0.99917251 0.03268409 -0.02420809
vn -0.58379531 -0.60833931 -0.53768605
vn -0.95273775 0.26776186 0.14350756
vn -0.00039030 -0.57931942 -0.81510055
vn -0.00004959 -0.73949748 -0.67315930
vn -0.94077772 0.33577421 0.04682938
vn -0.80212170 0.51852763 0.29619226
vn 0.47021142 -0.09555274 -0.87736589
vn 0.54373556 -0.49386635 -0.67856294
vn 0.58369279 -0.60854083 -0.53756928
vn -0.79529458 0.55194962 -0.25071520
vn -0.77979285 0.58986640 0.20971608
vn -0.49202383 0.77520436 0.39619535
vn 0.83521283 -0.33315846 -0.43752146
vn 0.85120463 -0.40104061 -0.33855149
vn 0.76025772 -0.09313905 -0.64291000
vn -0.45591092 0.84680218 0.27399141
vn -0.00001629 0.90163010 0.43250805
vn -0.70736110 0.70555663 -0.04277930
vn -0.41451496 0.77391708 -0.47877941
vn 0.95377809 -0.11706360 -0.27677351
vn 0.96394414 -0.19371834 -0.18244137
vn 0.42634013 0.32428113 -0.84443820
vn -0.00571318 0.63197714 -0.77496600
vn 0.81459093 0.13620254 -0.56381780
vn -0.40527406 0.90893984 -0.09788413
vn 0.98581183 0.10830188 -0.12824087
vn 0.99918795 0.03250086 -0.02381686
vn 0.43519551 0.56991124 -0.69699794
vn -0.00429441 0.85039872 -0.52612132
vn 0.83061481 0.35386589 -0.42995119
vn -0.00025796 0.95865089 0.28458461
vn 0.49200732 0.77520055 0.39622331
vn 0.94071490 0.33581957 0.04775625
vn 0.95270556 0.26779619 0.14365691
vn 0.40859896 0.77724427 -0.47847494
vn -0.00171213 0.99271256 -0.12049404
vn 0.45551690 0.84684014 0.27452898
vn 0.80211467 0.51855010 0.29617211
vn 0.79397523 0.55432844 -0.24964654
vn 0.40254903 0.91031718 -0.09631693
vn 0.70626235 0.70678550 -0.04059192
vn 0.40254903 0.91031718 -0.09631693
vn 0.77945942 0.59001601 0.21053314
vn -0.42181194 0.69048923 0.58762169
vn -0.84391618 -0.01539474 0.53625417
vn -0.70749336 0.65683836 0.26079965
vn -0.47346637 0.01529220 0.88067919
vn 0.08680505 0.71815991 0.69044280
vn -0.83654892 -0.00695149 0.54784817
vn 0.13169293 0.05546729 0.98973751
vn 0.51710296 0.70021212 0.49224737
vn -0.49873745 0.02436377 0.86641061
vn -0.83789235 0.00387566 0.54582185
vn 0.63810152 0.03466359 0.76917160
vn 0.69964224 0.68338901 0.20851897
vn 0.86625749 0.00481060 0.49957469
vn 0.12465365 0.06237691 0.99023765
vn -0.52680767 0.03066549 0.84943122
vn -0.84023511 0.01654872 0.54196966
vn 0.65396142 0.04681962 0.75507772
vn 0.10444286 0.06167942 0.99261642
vn -0.54154998 0.02819541 0.84019566
vn 0.65694392 0.05638252 0.75182825
vn 0.86718738 0.02281424 0.49745911
vn 0.07618669 0.04563189 0.99604887
vn -0.83661979 0.02556588 0.54718709
vn -0.53485614 0.02229597 0.84464896
vn 0.63942033 0.05573491 0.76683462
vn 0.86586779 0.04249294 0.49846503
vn 0.04768404 0.02687698 0.99850082
vn 0.95858586 -0.00561862 0.28474835
vn 0.95807612 0.02806543 0.28513601
vn 0.71217817 0.70141691 -0.02857720
vn 0.69964224 0.68338901 0.20851897
vn -0.82940310 0.02387029 0.55814046
vn -0.51789141 0.01617721 0.85529339
vn -0.95996261 0.01832902 0.27952796
vn 0.02526658 0.01541071 0.99956197
vn -0.96050805 0.01783301 0.27768037
vn -0.99935156 0.01282326 0.03364633
vn -0.99949437 0.01064377 0.02996162
vn 0.60132676 0.04956673 0.79746431
vn 0.55901611 0.03859586 0.82825804
vn -0.96070248 0.00739187 0.27748173
vn -0.83789235 0.00387566 0.54582185
vn -0.99967682 0.00141837 0.02538260
vn -0.96214473 0.00247255 0.27252784
vn -0.83654892 -0.00695149 0.54784817
vn -0.99988306 0.01127406 0.01033748
vn -0.96874821 0.01567852 0.24755016
vn -0.84391618 -0.01539474 0.53625417
vn -0.99799311 0.05795342 -0.02551720
vn -0.97817618 0.02035322 0.20677802
vn -0.99386495 0.08353941 -0.07248223
vn -0.70749336 0.65683836 0.26079965
vn -0.71481109 0.69677764 -0.05954900
vn -0.62770706 0.72784483 -0.27609023
vn 0.05401751 0.95055449 -0.30582383
vn 0.20267324 0.93089229 -0.30391303
vn -0.07683015 0.96299154 -0.25834957
vn -0.67748207 0.72505939 -0.12372097
vn -0.57613218 0.73749381 -0.35238421
vn -0.64251244 0.75873739 0.10721649
vn -0.44150722 0.77257645 0.45628613
vn -0.09998909 0.98162872 -0.16250323
vn -0.42181194 0.69048923 0.58762169
vn 0.06508747 0.74512964 0.66373599
vn -0.01114420 0.99415570 -0.10737883
vn 0.08680505 0.71815991 0.69044280
vn 0.54880613 0.67716056 0.49016881
vn 0.08469395 0.98453063 -0.15338309
vn 0.51710296 0.70021212 0.49224737
vn 0.74087965 0.64637816 0.18246274
vn 0.07348417 0.96113753 -0.26611042
vn 0.73583907 0.67400700 -0.06523420
vn -0.05666177 0.93249857 -0.35670140
vn 0.55868870 0.74754953 -0.35921675
vn -0.20602459 0.91704112 -0.34145203
vn 0.45056263 0.71764350 -0.53101897
vn -0.32339334 0.89888841 -0.29566261
vn 0.69833112 0.68354464 -0.21236850
vn 0.48975313 0.74684095 -0.44985598
vn -0.43824032 0.85941166 -0.26335734
vn 0.25559193 0.77070296 -0.58368629
vn -0.53601414 0.82803541 -0.16445726
vn -0.08504476 0.68379247 -0.72470361
vn 0.17707169 0.70978546 -0.68179929
vn 0.00044961 0.86258954 -0.50590426
vn 0.00000511 0.99357378 -0.11318631
vn 0.08165286 0.68210876 -0.72667772
vn 0.53602302 0.82802898 -0.16446106
vn -0.09848204 0.80505544 -0.58496761
vn 0.00013191 0.80749911 -0.58986884
vn 0.09050439 0.80094504 -0.59185809
vn 0.43824604 0.85940760 -0.26336104
vn -0.24574736 0.76857144 -0.59068286
vn 0.32338947 0.89888924 -0.29566437
vn 0.94731194 0.14141847 -0.28740385
vn 0.73253202 0.34981000 -0.58397752
vn 0.99967188 0.02336405 0.01050037
vn 0.69833112 0.68354464 -0.21236850
vn 0.99756765 0.05477405 0.04311119
vn 0.97323531 0.13110250 -0.18874630
vn 0.83135384 0.39072788 -0.39519930
vn 0.99651992 0.04652969 0.06915928
vn 0.31409883 0.58826095 -0.74517852
vn 0.00013191 0.80749911 -0.58986884
vn -0.00168241 0.67578918 -0.73709303
vn 0.99220705 0.07343097 -0.10066301
vn 0.35084218 0.70178276 -0.62000871
vn -0.31328481 0.57987404 -0.75206298
vn 0.00038976 0.76582009 -0.64305478
vn -0.71675789 0.34313166 -0.60705745
vn -0.34676155 0.69697154 -0.62768400
vn 0.32316154 0.84121501 -0.43350187
vn 0.00279606 0.89347136 -0.44911149
vn 0.73304290 0.62377137 -0.27121481
vn 0.30108404 0.91868317 -0.25567484
vn 0.00542416 0.96605098 -0.25829464
vn -0.45208013 0.76134944 -0.46472633
vn 0.65314114 0.73002934 -0.20115626
vn 0.95397681 0.29964456 -0.01188964
vn 0.91789782 0.38555253 -0.09387690
vn 0.65314114 0.73002934 -0.20115626
vn 0.99292368 0.11620960 -0.02445262
vn 0.98833567 0.09946871 0.11531979
vn 0.98230171 0.17112589 -0.07615346
vn 0.20267324 0.93089229 -0.30391303
vn -0.57613218 0.73749381 -0.35238421
vn -0.45170477 0.71727443 -0.53054708
vn -0.62770706 0.72784483 -0.27609023
vn -0.92471439 0.17514195 -0.33797729
vn -0.99386495 0.08353941 -0.07248223
vn -0.95814705 0.13036679 -0.25487015
vn -0.99799311 0.05795342 -0.02551720
vn -0.81724972 0.38308126 -0.43052492
vn -0.97851336 0.16851883 -0.11879826
vn -0.98552275 0.04855222 -0.16244249
vn -0.99988306 0.01127406 0.01033748
vn -0.99433357 0.01075379 -0.10575984
vn -0.99967682 0.00141837 0.02538260
vn -0.99783289 0.06453971 0.01281504
vn -0.99584723 0.01406305 -0.08994742
vn -0.99949437 0.01064377 0.02996162
vn -0.99812895 0.03201990 0.05208904
vn -0.99633318 0.01427189 -0.08436001
vn -0.99935156 0.01282326 0.03364633
vn -0.99808174 0.01622393 0.05974646
vn -0.98330426 0.13952638 0.11681217
vn -0.94348156 0.33054420 -0.02414789
vn -0.81724972 0.38308126 -0.43052492
vn -0.71729070 0.63742661 -0.28139186
vn -0.88286370 0.46281672 -0.07970152
vn -0.61644071 0.76408720 -0.19018860
vn -0.98077208 0.19514647 -0.00201181
vn -0.98601753 0.04783708 0.15962772
vn -0.99808174 0.01622393 0.05974646
vn -0.98654521 0.01025007 0.16316713
vn -0.99852884 0.05039393 0.02001484
vn -0.99980402 -0.00042074 0.01979322
vn -0.98113155 0.04606101 -0.18777436
vn -0.98207611 -0.01117473 -0.18815327
vn -0.95522642 0.22874022 -0.18767101
vn -0.84254819 0.03499516 -0.53748292
vn -0.84322822 -0.03922449 -0.53612280
vn -0.81167591 0.24842574 -0.52864623
vn -0.67035830 0.60401386 -0.43103030
vn -0.82213378 0.53955740 -0.18158716
vn -0.88286370 0.46281672 -0.07970152
vn -0.48363128 0.83959711 -0.24734090
vn -0.54406238 0.82094234 -0.17334871
vn -0.24903932 0.95075381 -0.18451717
vn -0.28513485 0.92558312 -0.24898586
vn -0.21388547 0.91502112 -0.34203714
vn 0.01224306 0.97997934 -0.19872248
vn -0.24942169 0.64015079 -0.72663319
vn -0.67035830 0.60401386 -0.43103030
vn 0.05568084 0.92881501 -0.36633644
vn 0.27848867 0.94050664 -0.19465709
vn -0.30832916 0.24377808 -0.91951364
vn -0.81167591 0.24842574 -0.52864623
vn 0.15528087 0.62806904 -0.76250720
vn 0.32614943 0.87369442 -0.36094967
vn 0.60771447 0.76814234 -0.20159483
vn -0.32647559 0.02066630 -0.94497967
vn -0.84254819 0.03499516 -0.53748292
vn 0.21117817 0.20251201 -0.95623881
vn 0.47604531 0.55551511 -0.68175060
vn 0.57015926 0.77174002 -0.28166613
vn 0.76989961 0.45544925 -0.44701296
vn 0.88334674 0.41391817 -0.21993250
vn 0.91789782 0.38555253 -0.09387690
vn 0.86309969 0.11612120 -0.49150264
vn 0.86309969 0.11612120 -0.49150264
vn 0.56688601 0.16053231 -0.80800354
vn 0.87489986 -0.01273784 -0.48413634
vn 0.96808785 0.11026282 -0.22505130
vn 0.87489986 -0.01273784 -0.48413634
vn 0.99292368 0.11620960 -0.02445262
vn 0.59053701 -0.00170980 -0.80700874
vn 0.87665206 -0.04719066 -0.47880504
vn 0.97440624 -0.01308289 -0.22441320
vn 0.59385514 -0.07560071 -0.80101222
vn 0.97429270 -0.03620471 -0.22235787
vn 0.22186324 0.01017840 -0.97502464
vn 0.22228666 -0.09337568 -0.97049969
vn -0.32485598 -0.08282539 -0.94212979
vn -0.84322822 -0.03922449 -0.53612280
vn 0.99993724 -0.00473280 -0.01015846
vn 0.99939746 -0.03242693 -0.01237916
vn 0.98986191 0.00925581 0.14173149
vn 0.99077964 -0.01724222 0.13438167
vn 0.99755102 0.06200824 0.03235548
vn 0.99880803 0.02475674 0.04206703
vn 0.99960405 0.00955181 0.02646775
vn 0.99505335 0.03558648 -0.09274992
vn 0.99619347 0.04274981 -0.07596692
vn 0.99590158 0.05195048 0.07403513
vn 0.99701887 0.04233001 -0.06450999
vn 0.99532127 0.06075385 0.07513056
vn 0.94194543 0.05931601 0.33048505
vn 0.99569404 0.05158033 0.07702494
vn 0.94485611 0.06915735 0.32010034
vn 0.83015341 0.05745815 0.55456638
vn 0.94890159 0.05858096 0.31008717
vn 0.84537190 0.06698985 0.52996105
vn 0.85913938 0.05890810 0.50833976
vn 0.95298719 0.04215867 0.30006352
vn 0.99756765 0.05477405 0.04311119
vn -0.99932981 0.00651728 0.03602102
vn -0.73138726 -0.68041772 0.04587333
vn -0.70347643 -0.70904070 -0.04880835
vn -0.99657917 0.00685613 -0.08235868
vn -0.99935156 0.01282326 0.03364633
vn -0.99633318 0.01427189 -0.08436001
vn -0.67237401 -0.73918372 0.03899550
vn -0.99825692 0.00628114 0.05868314
vn -0.99808174 0.01622393 0.05974646
vn -0.98654521 0.01025007 0.16316713
vn -0.98715377 0.00178443 0.15976319
vn -0.70519310 -0.70109427 0.10568608
vn -0.99980402 -0.00042074 0.01979322
vn -0.99983537 -0.00382852 0.01773863
vn -0.72770971 -0.68588245 -0.00198062
vn -0.98207611 -0.01117473 -0.18815327
vn -0.98186952 -0.01197494 -0.18917969
vn -0.70999080 -0.68673104 -0.15592784
vn -0.84322822 -0.03922449 -0.53612280
vn -0.83806276 -0.05665889 -0.54262388
vn -0.62160611 -0.66408622 -0.41544589
vn -0.31123614 -0.14918742 -0.93854952
vn -0.32485598 -0.08282539 -0.94212979
vn -0.22661449 -0.68424481 -0.69314861
vn -0.62160611 -0.66408622 -0.41544589
vn 0.15258612 -0.74550509 -0.64879858
vn 0.22123814 -0.18093809 -0.95828760
vn 0.22228666 -0.09337568 -0.97049969
vn 0.42049420 -0.69806075 -0.57956529
vn 0.58346528 -0.13076860 -0.80154097
vn 0.59385514 -0.07560071 -0.80101222
vn 0.63799137 -0.67625993 -0.36829272
vn 0.87425721 -0.05228262 -0.48263946
vn 0.87665206 -0.04719066 -0.47880504
vn 0.97429270 -0.03620471 -0.22235787
vn 0.97497797 -0.02099380 -0.22130804
vn 0.70451117 -0.68647981 -0.18002640
vn 0.99939746 -0.03242693 -0.01237916
vn 0.99977005 -0.01635026 -0.01387687
vn 0.72810370 -0.68498218 -0.02577825
vn 0.99077964 -0.01724222 0.13438167
vn 0.99193984 -0.00967899 0.12633944
vn 0.70484740 -0.70482063 0.08011308
vn 0.99960405 0.00955181 0.02646775
vn 0.99990159 0.00344857 0.01360117
vn 0.67240214 -0.74015719 0.00653657
vn 0.70960742 -0.70152390 -0.06573801
vn 0.99464107 0.01662392 -0.10204336
vn 0.99505335 0.03558648 -0.09274992
vn 0.73786581 -0.67097121 0.07315587
vn 0.99691683 0.02493210 0.07439987
vn 0.99590158 0.05195048 0.07403513
vn 0.69064254 -0.66880935 0.27514884
vn 0.94096369 0.02918268 0.33724719
vn 0.94194543 0.05931601 0.33048505
vn 0.60760635 -0.65363228 0.45119768
vn 0.82106781 0.02886502 0.57010037
vn 0.83015341 0.05745815 0.55456638
vn 0.39941025 -0.63265181 0.66349316
vn 0.53335041 0.01914650 0.84567773
vn 0.55901611 0.03859586 0.82825804
vn 0.00780587 -0.63052046 0.77613342
vn 0.01344227 0.00695432 0.99988544
vn 0.02526658 0.01541071 0.99956197
vn -0.37994874 -0.63584590 0.67181766
vn -0.50610876 0.00785778 0.86243391
vn -0.51789141 0.01617721 0.85529339
vn -0.61542886 -0.64818799 0.44844133
vn -0.82445025 0.01214086 0.56580418
vn -0.82940310 0.02387029 0.55814046
vn -0.70425290 -0.67062312 0.23300737
vn -0.95959806 0.00929925 0.28122079
vn -0.73138726 -0.68041772 0.04587333
vn -0.95996261 0.01832902 0.27952796
vn -0.99932981 0.00651728 0.03602102
vn -0.99935156 0.01282326 0.03364633
vn -0.70425290 -0.67062312 0.23300737
vn -0.61542886 -0.64818799 0.44844133
vn -0.37994874 -0.63584590 0.67181766
vn -0.00835735 -0.99885637 0.04707622
vn 0.00780587 -0.63052046 0.77613342
vn 0.00018537 -0.99895531 0.04569715
vn -0.73138726 -0.68041772 0.04587333
vn -0.00330591 -0.99949545 0.03158960
vn 0.00009076 -0.99952698 0.03075404
vn -0.00062997 -0.99992567 0.01217543
vn -0.70347643 -0.70904070 -0.04880835
vn 0.00005189 -0.99992901 0.01191560
vn -0.00003101 -1.00000000 -0.00000140
vn -0.67237401 -0.73918372 0.03899550
vn -0.70519310 -0.70109427 0.10568608
vn 0.00000379 -1.00000000 -0.00003541
vn 0.00007937 -0.99994463 -0.01052281
vn -0.72770971 -0.68588245 -0.00198062
vn 0.00094104 -0.99973702 -0.02291184
vn -0.70999080 -0.68673104 -0.15592784
vn 0.00012161 -0.99994212 -0.01075574
vn 0.00003916 -1.00000000 -0.00003645
vn 0.00073743 -0.99992657 0.01209782
vn 0.00312623 -0.99954265 -0.03007863
vn -0.62160611 -0.66408622 -0.41544589
vn -0.22661449 -0.68424481 -0.69314861
vn 0.00107231 -0.99971759 -0.02374054
vn 0.00366172 -0.99949920 -0.03143178
vn 0.15258612 -0.74550509 -0.64879858
vn 0.00016668 -0.99993956 -0.01099316
vn 0.00116647 -0.99969769 -0.02455864
vn 0.00368762 -0.99945378 -0.03284031
vn 0.42049420 -0.69806075 -0.57956529
vn 0.70451117 -0.68647981 -0.18002640
vn 0.63799137 -0.67625993 -0.36829272
vn 0.72810370 -0.68498218 -0.02577825
vn 0.70484740 -0.70482063 0.08011308
vn 0.67240214 -0.74015719 0.00653657
vn 0.70960742 -0.70152390 -0.06573801
vn 0.00356847 -0.99949288 0.03164184
vn 0.73786581 -0.67097121 0.07315587
vn 0.00018537 -0.99895531 0.04569715
vn 0.00920398 -0.99881971 0.04769141
vn 0.00780587 -0.63052046 0.77613342
vn 0.69064254 -0.66880935 0.27514884
vn 0.39941025 -0.63265181 0.66349316
vn 0.60760635 -0.65363228 0.45119768
vn 0.00279606 0.89347136 -0.44911149
vn -0.28513485 0.92558312 -0.24898586
vn 0.00542416 0.96605098 -0.25829464
vn -0.31418759 0.84471142 -0.43329984
vn 0.00038976 0.76582009 -0.64305478
vn -0.61644071 0.76408720 -0.19018860
vn -0.71729070 0.63742661 -0.28139186
vn -0.81724972 0.38308126 -0.43052492
vn -0.18039837 0.70866829 -0.68208927
vn 0.53602302 0.82802898 -0.16446106
vn 0.08165286 0.68210876 -0.72667772
vn 0.43824604 0.85940760 -0.26336104
vn -0.45170477 0.71727443 -0.53054708
vn 0.32338947 0.89888924 -0.29566437
vn 0.17707169 0.70978546 -0.68179929
vn -0.43824032 0.85941166 -0.26335734
vn -0.32339334 0.89888841 -0.29566261
vn 0.45056263 0.71764350 -0.53101897
vn 0.00107864 -0.28536099 0.95841950
vn 0.00014332 0.73215973 0.68113291
vn 0.28199556 0.77521127 0.56526625
vn 0.34961298 -0.25283808 0.90213287
vn 0.01204820 -0.33607557 0.94175798
vn 0.48728186 0.75921482 0.43145013
vn 0.60252863 -0.22974508 0.76431435
vn 0.42233500 -0.33854857 0.84084368
vn 0.61927211 -0.28416640 0.73195052
vn 0.63813257 -0.32156709 0.69955808
vn 0.56232786 -0.29755825 0.77152216
vn 0.73266387 -0.27907398 0.62074262
vn 0.60252863 -0.22974508 0.76431435
vn 0.75905579 -0.25020751 0.60102463
vn 0.82927412 -0.23713320 0.50603592
vn 0.83190620 -0.25425616 0.49324024
vn 0.95031279 -0.18205857 0.25250793
vn 0.84125191 -0.25842497 0.47488084
vn 0.93338728 -0.22315198 0.28105423
vn 0.99190301 -0.11740066 -0.04843142
vn 0.97295177 -0.18971747 0.13180351
vn 0.91932756 -0.24259262 0.30981562
vn 0.84975666 -0.26224130 0.45732173
vn 0.62025583 0.74827766 0.23529392
vn -0.20115662 0.87503761 -0.44027865
vn -0.12365375 0.87892336 -0.46065554
vn 0.28199556 0.77521127 0.56526625
vn 0.00000126 0.88148934 -0.47220397
vn 0.00014332 0.73215973 0.68113291
vn 0.12365609 0.87892455 -0.46065259
vn -0.28189164 0.77532971 0.56515574
vn 0.00000302 0.67243022 -0.74016058
vn -0.25508720 0.64028263 -0.72454727
vn 0.25509569 0.64028132 -0.72454536
vn -0.40510836 0.63711214 -0.65572500
vn 0.40511400 0.63711107 -0.65572268
vn -0.26293674 0.86180580 -0.43376839
vn -0.53928143 0.61851263 -0.57150483
vn 0.20115846 0.87503886 -0.44027519
vn 0.53928375 0.61851132 -0.57150406
vn 0.71916431 0.69476199 0.01041706
vn -0.25522351 0.84963411 -0.46150070
vn -0.60304523 0.61797869 -0.50441927
vn 0.26293698 0.86180651 -0.43376678
vn 0.60304552 0.61797863 -0.50441891
vn 0.77317125 0.59024101 -0.23199508
vn -0.18048690 0.82711256 -0.53226805
vn -0.62870300 0.62049615 -0.46873996
vn 0.91795003 -0.25643441 0.30267000
vn 0.84125191 -0.25842497 0.47488084
vn 0.76527464 0.47846666 -0.43060926
vn -0.11265548 0.76352400 -0.63587719
vn -0.64437169 0.60057402 -0.47338781
vn 0.95792449 -0.23756716 0.16106687
vn -0.12773487 0.68558884 -0.71669507
vn -0.68861902 0.55355465 -0.46838138
vn 0.71238649 0.41133937 -0.56859952
vn 0.95436609 -0.23076963 0.18955417
vn 0.98371840 -0.17633413 0.03470525
vn -0.09146450 0.90511489 -0.41521233
vn -0.79349178 0.58167696 -0.17894880
vn 0.80028200 0.50708079 -0.32002789
vn 0.99130559 -0.12192877 -0.04946335
vn -0.02227200 0.99876088 -0.04450432
vn -0.62675691 0.77841401 0.03531800
vn 0.73105615 0.67019027 -0.12807015
vn -0.09053360 0.98810709 -0.12429041
vn -0.61183226 0.78857970 0.06167170
vn 0.98194957 -0.12524997 -0.14173040
vn 0.68471730 0.65884161 -0.31159264
vn -0.21146375 0.95431650 -0.21109965
vn -0.62594616 0.76971745 0.12540491
vn 0.53166896 0.63625282 -0.55902642
vn -0.32493538 0.90539277 -0.27327821
vn -0.63351744 0.73867774 0.23024087
vn 0.28997174 0.60146040 -0.74442047
vn -0.41702038 0.83994555 -0.34725410
vn -0.64810532 0.71578008 0.26003534
vn 0.04224651 0.56884241 -0.82136077
vn 0.67697692 -0.09192406 -0.73024118
vn 0.84689718 -0.15251304 -0.50941622
vn 0.94718736 -0.15974130 -0.27806261
vn -0.52268928 0.74841243 -0.40825823
vn -0.70923293 0.66248077 0.24105594
vn -0.12639004 0.52810431 -0.83972108
vn 0.48026577 0.01056753 -0.87705940
vn 0.73096049 -0.12429885 -0.67100412
vn 0.73096049 -0.12429885 -0.67100412
vn 0.51992434 0.00342152 -0.85420543
vn -0.62209827 0.67599648 -0.39499688
vn -0.77028549 0.59046674 0.24085118
vn 0.35470468 0.08606503 -0.93100882
vn -0.21110456 0.50182253 -0.83881408
vn 0.00001402 0.87142050 -0.49053672
vn 0.00002507 0.88555682 0.46453115
vn 0.00719020 0.32054806 -0.94720495
vn 0.31363040 0.11091653 -0.94304478
vn 0.62211454 0.67598224 -0.39499554
vn 0.77030110 0.59045082 0.24084035
vn 0.21406247 0.50464803 -0.83636570
vn 0.52269942 0.74840468 -0.40825942
vn 0.70924324 0.66247213 0.24104916
vn 0.37695518 0.07982521 -0.92278528
vn 0.00030027 0.12902308 -0.99164152
vn 0.34319943 0.10131729 -0.93378210
vn -0.00405237 0.13489762 -0.99085128
vn -0.30824456 0.11888330 -0.94384962
vn 0.12714756 0.52943063 -0.83877099
vn 0.12714756 0.52943063 -0.83877099
vn -0.35318759 0.09081835 -0.93113405
vn 0.51206398 0.03034009 -0.85841131
vn -0.34468505 0.10510144 -0.93281615
vn -0.04215617 0.56930500 -0.82104486
vn -0.48044887 0.01293510 -0.87692732
vn 0.41702345 0.83994311 -0.34725639
vn 0.64810777 0.71577847 0.26003364
vn 0.32493711 0.90539223 -0.27327800
vn 0.63351804 0.73867702 0.23024154
vn -0.28998071 0.60159254 -0.74431020
vn 0.21146479 0.95431644 -0.21109912
vn 0.62594908 0.76971507 0.12540522
vn -0.67726851 -0.09087479 -0.73010218
vn -0.53167176 0.63628191 -0.55899054
vn 0.09053120 0.98810738 -0.12428980
vn 0.61183101 0.78858072 0.06167058
vn -0.68471622 0.65884572 -0.31158629
vn -0.84701532 -0.15218830 -0.50931704
vn -0.73211646 -0.12125809 -0.67029989
vn 0.02226892 0.99876100 -0.04450391
vn 0.62675625 0.77841461 0.03531813
vn -0.73105538 0.67019129 -0.12806924
vn 0.09146604 0.90511507 -0.41521156
vn 0.79349226 0.58167678 -0.17894752
vn -0.80014533 0.50714147 -0.32027325
vn -0.94720101 -0.15970090 -0.27803937
vn -0.98194963 -0.12525202 -0.14172795
vn -0.99131751 -0.12110389 -0.05121997
vn -0.87095249 -0.20913227 -0.44464082
vn -0.93239391 -0.22424448 -0.28347135
vn -0.95840764 -0.19429614 -0.20905456
vn -0.87095249 -0.20913227 -0.44464082
vn -0.99262792 -0.09665252 -0.07313043
vn -0.90755278 -0.20642887 -0.36569813
vn -0.76523191 -0.09698254 -0.63640749
vn -0.92870945 -0.09793946 -0.35764042
vn -0.52161998 0.00768304 -0.85314339
vn -0.37799200 0.08464615 -0.92193121
vn -0.51616073 0.03339490 -0.85584050
vn -0.76887512 -0.01473424 -0.63922924
vn -0.48878556 0.07936914 -0.86878604
vn -0.92814511 -0.00988006 -0.37208748
vn -0.99361718 -0.03321872 -0.10780253
vn -0.77100194 0.04609034 -0.63516277
vn -0.45170477 0.71727443 -0.53054708
vn -0.57613218 0.73749381 -0.35238421
vn -0.18039837 0.70866829 -0.68208927
vn 0.08165286 0.68210876 -0.72667772
vn -0.49363390 0.10787079 -0.86295390
vn 0.00044961 0.86258954 -0.50590426
vn -0.00416217 0.14592934 -0.98928624
vn -0.08504476 0.68379247 -0.72470361
vn 0.48723924 0.11283729 -0.86594784
vn 0.17707169 0.70978546 -0.68179929
vn 0.48251450 0.08049533 -0.87218136
vn 0.76739860 0.04936387 -0.63926721
vn 0.45056263 0.71764350 -0.53101897
vn 0.76268685 -0.10012530 -0.63897079
vn 0.92746603 -0.00896370 -0.37379992
vn 0.55868870 0.74754953 -0.35921675
vn 0.76512337 -0.01449922 -0.64372045
vn 0.87047029 -0.21047340 -0.44495216
vn 0.99669814 -0.06411396 -0.04982143
vn 0.73583907 0.67400700 -0.06523420
vn 0.90681076 -0.20806313 -0.36661148
vn 0.92804956 -0.09833030 -0.35924247
vn 0.93229914 -0.22458638 -0.28351235
vn 0.95832634 -0.19463034 -0.20911656
vn 0.94945049 -0.14617582 0.27780637
vn 0.74087965 0.64637816 0.18246274
vn 0.95031279 -0.18205857 0.25250793
vn 0.82531977 -0.21969730 0.52017337
vn 0.54880613 0.67716056 0.49016881
vn 0.82927412 -0.23713320 0.50603592
vn 0.56260973 -0.24058822 0.79094094
vn 0.06508747 0.74512964 0.66373599
vn 0.05744021 -0.21767709 0.97432917
vn -0.44150722 0.77257645 0.45628613
vn -0.52410424 -0.09340104 0.84651697
vn -0.64251244 0.75873739 0.10721649
vn -0.56892622 -0.20411892 0.79665458
vn -0.87601650 -0.01236837 0.48212257
vn -0.67748207 0.72505939 -0.12372097
vn -0.98513323 -0.02339026 0.17019227
vn -0.57613218 0.73749381 -0.35238421
vn -0.99361718 -0.03321872 -0.10780253
vn -0.87417930 -0.09666564 0.47588474
vn -0.97743243 -0.08657844 0.19269158
vn -0.99262792 -0.09665252 -0.07313043
vn -0.85627395 -0.19232289 0.47938168
vn -0.95187116 -0.17109787 0.25429663
vn -0.97961819 -0.16569687 0.11354646
vn -0.65215325 -0.27431521 0.70671582
vn 0.01204820 -0.33607557 0.94175798
vn -0.98415494 -0.17430714 0.03249677
vn -0.99131751 -0.12110389 -0.05121997
vn -0.42409876 -0.31909308 0.84753752
vn 0.00107864 -0.28536099 0.95841950
vn -0.71214676 0.41154256 -0.56875277
vn -0.80014533 0.50714147 -0.32027325
vn 0.09146604 0.90511507 -0.41521156
vn 0.12773730 0.68558866 -0.71669483
vn 0.79349226 0.58167678 -0.17894752
vn 0.68862182 0.55355281 -0.46837938
vn -0.76500392 0.47871539 -0.43081391
vn 0.11265550 0.76352412 -0.63587713
vn 0.64437234 0.60057342 -0.47338772
vn 0.18048726 0.82711333 -0.53226680
vn 0.62870342 0.62049633 -0.46873912
vn -0.34942281 -0.25070029 0.90280288
vn 0.00014332 0.73215973 0.68113291
vn -0.95903105 -0.23458707 0.15883422
vn -0.77287924 0.59051722 -0.23226531
vn 0.25522438 0.84963429 -0.46149981
vn -0.71887147 0.69506788 0.01022383
vn -0.91953105 -0.25307229 0.30069441
vn -0.85128415 -0.25859901 0.45655441
vn -0.84842235 -0.24135013 0.47109404
vn -0.61999422 0.74852830 0.23518637
vn -0.85128415 -0.25859901 0.45655441
vn -0.92622262 -0.22670130 0.30119470
vn -0.48716065 0.75937623 0.43130296
vn -0.75988519 -0.24716802 0.60123408
vn -0.60324717 -0.22713153 0.76452869
vn -0.73725712 -0.26434436 0.62175071
vn -0.62199396 -0.27358007 0.73367393
vn -0.73725712 -0.26434436 0.62175071
vn -0.95886922 -0.21857187 0.18109703
vn 0.68862182 0.55355281 -0.46837938
vn 0.79349226 0.58167678 -0.17894752
vn 0.97935236 0.19682638 0.04613512
vn 0.98135132 0.19193812 0.01045990
vn 0.64437234 0.60057342 -0.47338772
vn 0.96969825 0.24396427 0.01291294
vn 0.97762328 0.19322097 -0.08317707
vn 0.62870342 0.62049633 -0.46873912
vn 0.97192240 0.23242351 -0.03669094
vn 0.95608449 0.29249349 -0.01870961
vn 0.95293730 0.20091021 -0.22703668
vn 0.60304552 0.61797863 -0.50441891
vn 0.96536499 0.23306623 -0.11726291
vn 0.95533204 0.27945662 -0.09614970
vn 0.95046395 0.31083277 -0.00114417
vn 0.94739181 0.29947308 -0.11298069
vn 0.94641590 0.28021750 -0.16054627
vn 0.93930960 0.30036661 -0.16576311
vn 0.88402468 0.21544157 -0.41483167
vn 0.53928375 0.61851132 -0.57150406
vn 0.93822247 0.24073716 -0.24856439
vn 0.91755134 0.28752893 -0.27463913
vn 0.91546112 0.30613497 -0.26117477
vn 0.76555830 0.23407575 -0.59927380
vn 0.40511400 0.63711107 -0.65572268
vn 0.86801630 0.25597420 -0.42547023
vn 0.84673870 0.30301574 -0.43728143
vn 0.85039395 0.32060018 -0.41718787
vn 0.58393842 0.25736126 -0.76992285
vn 0.25509569 0.64028132 -0.72454536
vn 0.75000447 0.27623594 -0.60098833
vn 0.73018718 0.32425201 -0.60140443
vn 0.73602027 0.34198663 -0.58422542
vn 0.36394179 0.27580595 -0.88965017
vn 0.00000302 0.67243022 -0.74016058
vn 0.57045364 0.30173245 -0.76389802
vn 0.55379313 0.35167089 -0.75474548
vn 0.56481868 0.37017366 -0.73753053
vn 0.00000505 0.29050276 -0.95687413
vn -0.25508720 0.64028263 -0.72454727
vn 0.35472178 0.32200670 -0.87777227
vn 0.34347817 0.37343729 -0.86172348
vn 0.34877893 0.39396378 -0.85037982
vn -0.36393204 0.27580726 -0.88965380
vn -0.40510836 0.63711214 -0.65572500
vn 0.00000406 0.33740056 -0.94136119
vn 0.00000440 0.39060926 -0.92055655
vn 0.00000485 0.41373846 -0.91039580
vn -0.58393091 0.25736260 -0.76992804
vn -0.53928143 0.61851263 -0.57150483
vn -0.35471240 0.32200658 -0.87777609
vn -0.34346846 0.37343675 -0.86172760
vn -0.34876952 0.39396369 -0.85038370
vn -0.76555568 0.23407696 -0.59927660
vn -0.60304523 0.61797869 -0.50441927
vn -0.57044667 0.30173251 -0.76390326
vn -0.55378616 0.35167155 -0.75475031
vn -0.56481266 0.37017414 -0.73753500
vn -0.88402426 0.21544279 -0.41483197
vn -0.62870300 0.62049615 -0.46873996
vn -0.75000244 0.27623639 -0.60099065
vn -0.73018515 0.32425225 -0.60140687
vn -0.73601848 0.34198600 -0.58422798
vn -0.95293683 0.20091142 -0.22703736
vn -0.64437169 0.60057402 -0.47338781
vn -0.86801612 0.25597489 -0.42547020
vn -0.84673905 0.30301577 -0.43728068
vn -0.85039467 0.32059956 -0.41718686
vn -0.97762269 0.19322281 -0.08317936
vn -0.68861902 0.55355465 -0.46838138
vn -0.93822223 0.24073824 -0.24856415
vn -0.91755128 0.28752905 -0.27463913
vn -0.91546202 0.30613300 -0.26117411
vn -0.98135120 0.19193874 0.01045797
vn -0.79349178 0.58167696 -0.17894880
vn -0.96536487 0.23306639 -0.11726357
vn -0.94641638 0.28021622 -0.16054557
vn -0.93931025 0.30036455 -0.16576286
vn -0.97935241 0.19682650 0.04613294
vn -0.62675691 0.77841401 0.03531800
vn -0.97192258 0.23242244 -0.03669197
vn -0.95533258 0.27945492 -0.09614909
vn -0.94739181 0.29947284 -0.11298128
vn -0.97552025 0.19636293 0.09900405
vn -0.61183226 0.78857970 0.06167170
vn -0.96969843 0.24396344 0.01291440
vn -0.95608455 0.29249328 -0.01870855
vn -0.95046419 0.31083211 -0.00114432
vn -0.94303435 0.21017317 0.25790212
vn -0.62594616 0.76971745 0.12540491
vn -0.96576470 0.24151719 0.09469974
vn -0.95105791 0.29591155 0.08902401
vn -0.94380933 0.31965551 0.08393067
vn -0.83075494 0.23003143 0.50688434
vn -0.63351744 0.73867774 0.23024087
vn -0.93469316 0.25688902 0.24567601
vn -0.92143828 0.31392616 0.22891450
vn -0.91415060 0.34000143 0.22074358
vn -0.67244238 0.24084474 0.69986790
vn -0.64810532 0.71578008 0.26003534
vn -0.82899904 0.28055221 0.48378819
vn -0.82398182 0.34208062 0.45170206
vn -0.81175077 0.37213662 0.45008337
vn -0.57903546 0.24378373 0.77800226
vn -0.70923293 0.66248077 0.24105594
vn -0.68145335 0.29527736 0.66965115
vn -0.68957722 0.36039144 0.62817305
vn -0.67913622 0.39075056 0.62135988
vn -0.56923074 0.24368240 0.78523576
vn -0.77028549 0.59046674 0.24085118
vn -0.59866154 0.29943040 0.74293053
vn -0.62004244 0.36596480 0.69398648
vn -0.62725461 0.39551485 0.67090958
vn -0.59076536 0.24160551 0.76982015
vn 0.00002507 0.88555682 0.46453115
vn -0.60047072 0.29828298 0.74193138
vn -0.63524199 0.36243582 0.68198824
vn -0.65889907 0.38777506 0.64457935
vn 0.00001652 0.31260964 0.94988167
vn 0.77030110 0.59045082 0.24084035
vn -0.63115788 0.29393059 0.71780539
vn -0.67404938 0.35324356 0.64874989
vn -0.69657010 0.37551787 0.61137265
vn 0.59078681 0.24160321 0.76980442
vn 0.70924324 0.66247213 0.24104916
vn 0.00001629 0.40560713 0.91404748
vn 0.00001710 0.49780792 0.86728728
vn 0.00000638 0.52490503 0.85116082
vn 0.56924313 0.24368091 0.78522724
vn 0.64810777 0.71577847 0.26003364
vn 0.63118017 0.29392847 0.71778667
vn 0.67407018 0.35323858 0.64873105
vn 0.69659144 0.37551084 0.61135262
vn 0.57903904 0.24378301 0.77799982
vn 0.63351804 0.73867702 0.23024154
vn 0.60048389 0.29828212 0.74192113
vn 0.63525510 0.36243376 0.68197703
vn 0.65891248 0.38777021 0.64456862
vn 0.67244184 0.24084459 0.69986844
vn 0.62594908 0.76971507 0.12540522
vn 0.59866548 0.29942963 0.74292773
vn 0.62004590 0.36596388 0.69398379
vn 0.62725848 0.39551249 0.67090738
vn 0.83075601 0.23003098 0.50688291
vn 0.61183101 0.78858072 0.06167058
vn 0.68145192 0.29527572 0.66965330
vn 0.68957573 0.36039087 0.62817490
vn 0.67913437 0.39075068 0.62136173
vn 0.94303513 0.21017174 0.25790024
vn 0.62675625 0.77841461 0.03531813
vn 0.82899928 0.28055036 0.48378885
vn 0.82398146 0.34208050 0.45170292
vn 0.81174958 0.37214005 0.45008275
vn 0.97552055 0.19636184 0.09900342
vn 0.79349226 0.58167678 -0.17894752
vn 0.97935236 0.19682638 0.04613512
vn 0.93469399 0.25688717 0.24567492
vn 0.92143875 0.31392664 0.22891207
vn 0.91414958 0.34000620 0.22074051
vn 0.96576512 0.24151613 0.09469807
vn 0.96969825 0.24396427 0.01291294
vn 0.95105791 0.29591221 0.08902162
vn 0.94380850 0.31965837 0.08392890
vn 0.95608449 0.29249349 -0.01870961
vn 0.95046395 0.31083277 -0.00114417
vn 0.00025733 0.95865065 0.28458539
vn 0.00001567 0.90162998 0.43250820
vn -0.49200705 0.77520066 0.39622343
vn -0.45551744 0.84683973 0.27452937
vn -0.80211502 0.51855057 0.29617035
vn 0.45591167 0.84680176 0.27399147
vn 0.49202302 0.77520478 0.39619547
vn -0.77946001 0.59001505 0.21053338
vn -0.95270538 0.26779750 0.14365551
vn 0.77979320 0.58986574 0.20971638
vn 0.80212182 0.51852709 0.29619285
vn -0.94071478 0.33581987 0.04775646
vn -0.99918789 0.03250122 -0.02381695
vn 0.94077742 0.33577481 0.04683062
vn 0.95273751 0.26776212 0.14350827
vn -0.98581189 0.10830181 -0.12824051
vn -0.96394414 -0.19371845 -0.18244140
vn 0.98567468 0.10884994 -0.12882973
vn 0.99917251 0.03268401 -0.02420875
vn -0.95377791 -0.11706370 -0.27677387
vn -0.85120428 -0.40104118 -0.33855182
vn 0.95383984 -0.11561255 -0.27717012
vn 0.96396703 -0.19323632 -0.18283138
vn -0.83521247 -0.33315903 -0.43752170
vn -0.58369136 -0.60854173 -0.53756988
vn 0.83563817 -0.33172795 -0.43779612
vn 0.85130841 -0.40060577 -0.33880532
vn -0.54373467 -0.49386638 -0.67856365
vn 0.00005052 -0.73949736 -0.67315942
vn 0.54433668 -0.49297646 -0.67872810
vn 0.58379626 -0.60833895 -0.53768551
vn 0.00039171 -0.57931906 -0.81510079
vn 0.47330201 -0.09337794 -0.87593710
vn 0.00202743 -0.10668658 -0.99429065
vn 0.76137787 -0.08998995 -0.64203238
vn 0.81576049 0.13809329 -0.56166279
vn 0.47330201 -0.09337794 -0.87593710
vn -0.47021049 -0.09555328 -0.87736636
vn 0.43251121 0.32542187 -0.84085357
vn 0.83163911 0.35295156 -0.42872095
vn 0.00463963 0.35882896 -0.93339181
vn -0.76025724 -0.09313975 -0.64291054
vn 0.44243991 0.56775016 -0.69419503
vn 0.79529500 0.55194968 -0.25071394
vn -0.42633992 0.32428020 -0.84443867
vn -0.81459075 0.13620211 -0.56381810
vn 0.00571348 0.63197678 -0.77496630
vn 0.70736271 0.70555514 -0.04277802
vn 0.41451490 0.77391750 -0.47877878
vn 0.40527457 0.90893972 -0.09788340
vn -0.43519560 0.56991142 -0.69699764
vn -0.83061552 0.35386574 -0.42994991
vn 0.00429422 0.85039830 -0.52612197
vn 0.00171130 0.99271256 -0.12049400
vn -0.40859884 0.77724433 -0.47847489
vn -0.79397529 0.55432934 -0.24964422
vn -0.40254939 0.91031700 -0.09631673
vn -0.70626307 0.70678490 -0.04058985
vt 0.96763265 0.76220202
vt 0.97219086 0.75273311
vt 0.96318525 0.74676919
vt 0.95825589 0.75703102
vt 0.95334321 0.74047840
vt 0.94810027 0.75148600
vt 0.94206798 0.73365545
vt 0.93659562 0.74531204
vt 0.92972070 0.72657961
vt 0.95403302 0.76617408
vt 0.96391273 0.77063292
vt 0.94345218 0.76132131
vt 0.96013081 0.77920073
vt 0.94976455 0.77537376
vt 0.95563030 0.78854668
vt 0.94497180 0.78540003
vt 0.93877339 0.77114218
vt 0.93165278 0.75579011
vt 0.92400974 0.73873270
vt 0.96450424 0.77096975
vt 0.96073860 0.77951366
vt 0.96013087 0.77920073
vt 0.96820772 0.76257449
vt 0.97219080 0.75273311
vt 0.95631409 0.78878552
vt 0.95563036 0.78854668
vt 0.96142125 0.77974188
vt 0.95769578 0.78829324
vt 0.96514654 0.77119029
vt 0.95145816 0.79947674
vt 0.96868867 0.76305771
vt 0.95070630 0.79926836
vt 0.94522029 0.81066018
vt 0.97270787 0.75321752
vt 0.97223055 0.75492483
vt 0.95002431 0.79898685
vt 0.94449067 0.81036508
vt 0.94030905 0.82224590
vt 0.93963808 0.82217276
vt 0.94376111 0.81006998
vt 0.93883216 0.82205224
vt 0.93597424 0.83443832
vt 0.97884506 0.74179924
vt 0.97935200 0.74238956
vt 0.93940568 0.79676276
vt 0.94376099 0.81006986
vt 0.98582995 0.72930527
vt 0.98647332 0.72985405
vt 0.98518652 0.72875649
vt 0.97823870 0.74133140
vt 0.97647613 0.72110140
vt 0.96940070 0.73452705
vt 0.96318519 0.74676913
vt 0.96776563 0.71344608
vt 0.95974869 0.72749090
vt 0.95334321 0.74047828
vt 0.95557332 0.70528036
vt 0.94849527 0.72005600
vt 0.94206804 0.73365545
vt 0.94338083 0.69711453
vt 0.93632716 0.71254379
vt 0.93153071 0.68997622
vt 0.92387444 0.70534784
vt 0.91968042 0.68283772
vt 0.91124475 0.69842017
vt 0.91676444 0.71968603
vt 0.90280890 0.71400243
vt 0.91076577 0.73206919
vt 0.89712185 0.72549421
vt 0.91884893 0.74973261
vt 0.90540063 0.74339503
vt 0.89143455 0.73698586
vt 0.92669833 0.76620144
vt 0.90025532 0.75463539
vt 0.88651848 0.74825978
vt 0.91374201 0.76064646
vt 0.93371028 0.78183246
vt 0.89492047 0.76696861
vt 0.88160223 0.75953346
vt 0.90834665 0.77255815
vt 0.92141539 0.77752382
vt 0.92808646 0.79402566
vt 0.88911742 0.78151131
vt 0.87568223 0.77660304
vt 0.90247774 0.78616840
vt 0.91563964 0.79043168
vt 0.92216319 0.80762637
vt 0.90959489 0.80452311
vt 0.93349874 0.80935371
vt 0.92216325 0.80762637
vt 0.88330162 0.79671097
vt 0.86976200 0.79367256
vt 0.89642638 0.80062479
vt 0.92805129 0.82303441
vt 0.87796229 0.81111062
vt 0.86581123 0.80766642
vt 0.91623622 0.82265484
vt 0.89042193 0.81496561
vt 0.90339148 0.81928039
vt 0.90992045 0.84179002
vt 0.93520105 0.83457017
vt 0.92452282 0.83768833
vt 0.87265539 0.82534957
vt 0.86186033 0.82166004
vt 0.85758662 0.83694661
vt 0.88396758 0.82934213
vt 0.89608377 0.83453816
vt 0.86703920 0.84038937
vt 0.85331273 0.85223299
vt 0.87670249 0.84430069
vt 0.86149108 0.85741699
vt 0.84897941 0.87585813
vt 0.88662541 0.84963316
vt 0.86953360 0.86085266
vt 0.87728834 0.86524111
vt 0.86953360 0.86085266
vt 0.85665464 0.87743962
vt 0.84464604 0.89948308
vt 0.89596242 0.85747617
vt 0.88467842 0.87162548
vt 0.86370158 0.87927663
vt 0.87728834 0.86524105
vt 0.85393560 0.89668834
vt 0.87000889 0.88166022
vt 0.88467836 0.87162560
vt 0.85503912 0.91131979
vt 0.84827614 0.91360641
vt 0.86051679 0.89645821
vt 0.85946679 0.92224991
vt 0.85190606 0.92772949
vt 0.86095786 0.90934145
vt 0.86771035 0.93004322
vt 0.86346459 0.93570113
vt 0.86461180 0.91850168
vt 0.88109803 0.93475145
vt 0.87502289 0.94367260
vt 0.88301826 0.92852545
vt 0.87128037 0.92503959
vt 0.88469034 0.92310899
vt 0.87504733 0.92038876
vt 0.88697797 0.91847426
vt 0.86953890 0.91466278
vt 0.88146776 0.91504633
vt 0.86631608 0.90688634
vt 0.87639976 0.90905046
vt 0.86610258 0.89619917
vt 0.87258554 0.90189379
vt 0.87577951 0.88557321
vt 0.87077415 0.89525074
vt 0.88111150 0.89242148
vt 0.88677508 0.90047050
vt 0.89277256 0.90816724
vt 0.89176869 0.88041633
vt 0.89912754 0.89022398
vt 0.90702617 0.89957106
vt 0.91134512 0.88007277
vt 0.91404772 0.90842628
vt 0.89783084 0.91511476
vt 0.90344787 0.86861426
vt 0.92213738 0.87112534
vt 0.91498941 0.85860032
vt 0.91879630 0.91707158
vt 0.90017772 0.92176735
vt 0.88469034 0.92310894
vt 0.92165047 0.92559415
vt 0.90112823 0.92845964
vt 0.88301826 0.92852539
vt 0.92513984 0.85224038
vt 0.93042058 0.86432308
vt 0.90147620 0.93561679
vt 0.88109815 0.93475151
vt 0.93373364 0.84798098
vt 0.93356413 0.86192733
vt 0.94757795 0.86370033
vt 0.94172543 0.87137383
vt 0.93345290 0.88026762
vt 0.90142083 0.94331622
vt 0.87502289 0.94367260
vt 0.92781848 0.94295949
vt 0.92365378 0.93407744
vt 0.94450468 0.94101685
vt 0.94257414 0.93124467
vt 0.96119064 0.93907398
vt 0.95904452 0.92815506
vt 0.94034868 0.92107701
vt 0.93686622 0.91024548
vt 0.91879636 0.91707164
vt 0.93083006 0.89946687
vt 0.95430148 0.90341121
vt 0.95714509 0.91638964
vt 0.94963944 0.88820839
vt 0.97289360 0.91274863
vt 0.97153497 0.89900088
vt 0.97090083 0.88522166
vt 0.97406077 0.92557943
vt 0.96119064 0.93907398
vt 0.97508508 0.93785214
vt 0.98844928 0.92336261
vt 0.98897940 0.93663019
vt 0.98791903 0.91009492
vt 0.98829883 0.89578295
vt 0.98867840 0.88147068
vt 0.98878348 0.86938620
vt 0.97262955 0.87278676
vt 0.98888844 0.85730153
vt 0.97524011 0.86138737
vt 0.98845911 0.85647523
vt 0.95652336 0.87418419
vt 0.97510237 0.86053163
vt 0.98802972 0.85564888
vt 0.97497195 0.85984254
vt 0.96149200 0.86387539
vt 0.96166784 0.86312240
vt 0.94808686 0.86288184
vt 0.93356425 0.86192745
vt 0.92118514 0.88997024
vt 0.92213732 0.87112528
vt 0.91404766 0.90842634
vt 0.91134512 0.88007277
vt 0.90702611 0.89957106
vt 0.89912748 0.89022398
vt 0.93442798 0.86117554
vt 0.94860297 0.86222988
vt 0.93529177 0.86042362
vt 0.93460667 0.84757805
vt 0.93534482 0.84712768
vt 0.93539774 0.83383155
vt 0.02154130 0.60065889
vt 0.01594507 0.62215751
vt 0.02154130 0.62679160
vt 0.01594506 0.60061520
vt 0.01034886 0.62679160
vt 0.02154130 0.57452607
vt 0.01034883 0.60065889
vt 0.01594505 0.57872397
vt 0.02154130 0.56350559
vt 0.01034880 0.57452607
vt 0.01594505 0.56398946
vt 0.01034880 0.56350559
vt 0.02154130 0.55248499
vt 0.01594505 0.55312639
vt 0.01034880 0.55248499
vt 0.01034880 0.54377323
vt 0.01594505 0.54373384
vt 0.02154130 0.54377323
vt 0.01034880 0.53506142
vt 0.01594505 0.53402644
vt 0.02154130 0.53506142
vt 0.01034880 0.52262360
vt 0.01594505 0.52260309
vt 0.02154130 0.52262360
vt 0.01034880 0.51018572
vt 0.01594505 0.51101571
vt 0.02154130 0.51018572
vt 0.01034880 0.50073576
vt 0.01594505 0.50081122
vt 0.02154130 0.50073576
vt 0.01034880 0.49128568
vt 0.01594506 0.49121082
vt 0.02154130 0.49128568
vt 0.01034883 0.48156607
vt 0.01594509 0.48148304
vt 0.02154136 0.48156607
vt 0.01034886 0.47184634
vt 0.01594513 0.47109139
vt 0.02154142 0.47184634
vt 0.01034886 0.45940864
vt 0.01594514 0.45933306
vt 0.01034886 0.44697088
vt 0.02154142 0.45940864
vt 0.01594514 0.44697082
vt 0.02154142 0.44697088
vt 0.01594469 0.75686085
vt 0.01034868 0.74814922
vt 0.01034862 0.75686097
vt 0.01594481 0.74808514
vt 0.02154076 0.75686097
vt 0.02154094 0.74814922
vt 0.01034874 0.73943740
vt 0.01594490 0.73879617
vt 0.02154112 0.73943740
vt 0.02154112 0.72841704
vt 0.01594496 0.72793305
vt 0.01034880 0.72841704
vt 0.02154112 0.71739638
vt 0.01594499 0.71319854
vt 0.01034886 0.71739638
vt 0.02154115 0.69126374
vt 0.01594500 0.69129986
vt 0.01034886 0.69126374
vt 0.02154118 0.66513091
vt 0.01594501 0.66969019
vt 0.01034886 0.66513091
vt 0.01034886 0.65541136
vt 0.01594502 0.65587473
vt 0.02154118 0.65541136
vt 0.01034886 0.64569163
vt 0.01594502 0.64576662
vt 0.02154118 0.64569163
vt 0.01034886 0.63624167
vt 0.01594505 0.63578570
vt 0.01034886 0.62679160
vt 0.02154124 0.63624167
vt 0.01594507 0.62215757
vt 0.02154130 0.62679160
vt 0.51834446 0.84224343
vt 0.52961189 0.84890699
vt 0.52640736 0.84419554
vt 0.52038473 0.84826827
vt 0.51028156 0.84029132
vt 0.53281629 0.85361838
vt 0.51180559 0.84790468
vt 0.52154577 0.85420191
vt 0.52089673 0.86011571
vt 0.53002769 0.85826433
vt 0.51937789 0.86611730
vt 0.52723897 0.86291027
vt 0.51151675 0.86932421
vt 0.51237601 0.86152768
vt 0.51250905 0.85471910
vt 0.50456566 0.85509598
vt 0.50468254 0.86199284
vt 0.50459629 0.86891448
vt 0.51151675 0.86932421
vt 0.49767578 0.86850446
vt 0.49732998 0.86219746
vt 0.50412762 0.84815514
vt 0.51028156 0.84029132
vt 0.50349891 0.84115446
vt 0.49674109 0.84848338
vt 0.49671614 0.84201729
vt 0.49706191 0.85538185
vt 0.48965245 0.86271423
vt 0.49025410 0.86974061
vt 0.48919052 0.85565519
vt 0.48062098 0.86308748
vt 0.48283228 0.87097657
vt 0.48883003 0.84846449
vt 0.49674109 0.84848344
vt 0.48864698 0.84113920
vt 0.48057771 0.84026074
vt 0.47941372 0.84871101
vt 0.46809173 0.84319782
vt 0.47970900 0.85599536
vt 0.46745524 0.84995317
vt 0.45560569 0.84613490
vt 0.45402873 0.85167533
vt 0.46758518 0.85647523
vt 0.45245171 0.85721564
vt 0.46920201 0.86273712
vt 0.45637906 0.86208147
vt 0.47156933 0.86896187
vt 0.46030632 0.86694723
vt 0.96191412 0.86403608
vt 0.94860297 0.86222988
vt 0.94808686 0.86288184
vt 0.96166784 0.86312240
vt 0.97497195 0.85984254
vt 0.97510237 0.86053163
vt 0.93539774 0.83383155
vt 0.94030905 0.82224590
vt 0.93963808 0.82217276
vt 0.93597424 0.83443832
vt 0.98139703 0.04134196
vt 0.97583961 0.05347991
vt 0.98166841 0.04704356
vt 0.97468060 0.04876459
vt 0.98112559 0.03564030
vt 0.96977556 0.05962855
vt 0.96841437 0.05508345
vt 0.97131455 0.04619312
vt 0.96711850 0.05190837
vt 0.96494764 0.04064667
vt 0.98033208 0.02695167
vt 0.96296567 0.04820931
vt 0.96475703 0.03273886
vt 0.97953844 0.01826298
vt 0.96339768 0.02472651
vt 0.95176512 0.04623604
vt 0.95023990 0.03867680
vt 0.94725680 0.03118998
vt 0.96145827 0.05466348
vt 0.96841431 0.05508345
vt 0.95276499 0.05290085
vt 0.93738580 0.04449439
vt 0.93541437 0.03536785
vt 0.93977726 0.05288339
vt 0.92692304 0.06153983
vt 0.92494851 0.04869264
vt 0.92357177 0.03954571
vt 0.96189153 0.06009644
vt 0.96977556 0.05962855
vt 0.94322646 0.05877537
vt 0.95370269 0.05888045
vt 0.95493263 0.06456167
vt 0.94614512 0.06351101
vt 0.96328634 0.06522769
vt 0.95636421 0.07012016
vt 0.91191500 0.04864371
vt 0.91078746 0.03928792
vt 0.93647856 0.06530070
vt 0.91230124 0.05742162
vt 0.89826012 0.04661232
vt 0.89800298 0.03903013
vt 0.89921486 0.05437666
vt 0.88352746 0.04387105
vt 0.88276362 0.03570610
vt 0.88534749 0.05170482
vt 0.86803037 0.04093701
vt 0.86752409 0.03238207
vt 0.86845553 0.04894531
vt 0.85514265 0.03622621
vt 0.85426039 0.02816749
vt 0.85517436 0.04310566
vt 0.84288234 0.03167462
vt 0.84099668 0.02395296
vt 0.84418309 0.03885394
vt 0.83150649 0.02709776
vt 0.82976890 0.01838762
vt 0.83386528 0.03514910
vt 0.82213777 0.03126907
vt 0.82041264 0.02251148
vt 0.81854093 0.01282227
vt 0.81202579 0.03098577
vt 0.81034577 0.02229059
vt 0.81290913 0.03929961
vt 0.80339473 0.03954798
vt 0.80215061 0.03175890
vt 0.80493361 0.04661000
vt 0.79398245 0.04842120
vt 0.79170334 0.04080641
vt 0.78408909 0.05771947
vt 0.78125590 0.04985392
vt 0.78692228 0.06558496
vt 0.79658014 0.05468851
vt 0.81208146 0.04707313
vt 0.80597824 0.05224472
vt 0.81691206 0.04438454
vt 0.79977739 0.05816227
vt 0.78692228 0.06558496
vt 0.79533041 0.06399471
vt 0.78938937 0.07067519
vt 0.79501182 0.06865144
vt 0.79185635 0.07576537
vt 0.80223870 0.06074834
vt 0.79907721 0.06378007
vt 0.80665886 0.05683970
vt 0.81111461 0.05313146
vt 0.79970950 0.06656516
vt 0.80223864 0.06074834
vt 0.79658258 0.07285374
vt 0.80357283 0.06395477
vt 0.80665880 0.05683970
vt 0.80722928 0.06096762
vt 0.80086726 0.07010525
vt 0.79710805 0.07407600
vt 0.79231685 0.07709813
vt 0.79767662 0.07527542
vt 0.79277742 0.07843083
vt 0.80257571 0.07212007
vt 0.80150664 0.07122648
vt 0.80592728 0.06978393
vt 0.80517113 0.06867635
vt 0.80927873 0.06744772
vt 0.80444670 0.06757677
vt 0.80857849 0.06601995
vt 0.81303155 0.06400448
vt 0.80776680 0.06489974
vt 0.81221563 0.06275666
vt 0.81678426 0.06056124
vt 0.81136626 0.06159645
vt 0.81622672 0.05858487
vt 0.82134283 0.05507195
vt 0.81102788 0.05766010
vt 0.81544524 0.05717683
vt 0.82070786 0.05318969
vt 0.82590139 0.04958272
vt 0.81494385 0.05328548
vt 0.81436944 0.05042440
vt 0.81494391 0.05328548
vt 0.81908184 0.04678148
vt 0.82005042 0.05136418
vt 0.82542729 0.04716480
vt 0.83220547 0.05295056
vt 0.82361877 0.03847384
vt 0.83208382 0.05096745
vt 0.83850956 0.05631840
vt 0.82495320 0.04474694
vt 0.83827949 0.05428296
vt 0.84327781 0.05811703
vt 0.83200479 0.04902792
vt 0.83105081 0.04443681
vt 0.83209717 0.04140097
vt 0.84357226 0.05665672
vt 0.84804595 0.05991560
vt 0.83847582 0.05268347
vt 0.83741122 0.04889035
vt 0.84817314 0.05835199
vt 0.85200977 0.06091988
vt 0.84393197 0.05526209
vt 0.85234976 0.05962771
vt 0.85597342 0.06192410
vt 0.83764946 0.04204214
vt 0.83682096 0.04602325
vt 0.84090799 0.04729509
vt 0.84273821 0.05147064
vt 0.84852374 0.05700904
vt 0.84754646 0.05312824
vt 0.84651381 0.04905534
vt 0.84538591 0.04450947
vt 0.85265613 0.05833048
vt 0.84754646 0.05312824
vt 0.85212338 0.05457926
vt 0.85352349 0.04766226
vt 0.85217971 0.05104923
vt 0.85684955 0.06088805
vt 0.86195314 0.06390715
vt 0.86003780 0.05148572
vt 0.86845553 0.04894531
vt 0.85716558 0.05958009
vt 0.86236930 0.06247681
vt 0.86793280 0.06589025
vt 0.85685718 0.05568391
vt 0.86272949 0.06101930
vt 0.85636276 0.05274612
vt 0.86233807 0.05607462
vt 0.85716569 0.05958009
vt 0.86874545 0.05604237
vt 0.86895424 0.06259280
vt 0.86844349 0.06424153
vt 0.87602681 0.07036191
vt 0.87665910 0.06890112
vt 0.88412070 0.07483357
vt 0.88484675 0.07323086
vt 0.89244616 0.07822138
vt 0.87728500 0.06747049
vt 0.89301026 0.07686841
vt 0.90077126 0.08160919
vt 0.87767982 0.06217140
vt 0.86874551 0.05604237
vt 0.88550854 0.07192928
vt 0.90119356 0.07968086
vt 0.90922016 0.08274537
vt 0.88061994 0.05861515
vt 0.88577050 0.06705737
vt 0.89356470 0.07560813
vt 0.90938210 0.08141124
vt 0.91766876 0.08388156
vt 0.88625741 0.06354654
vt 0.88927150 0.05887526
vt 0.89248317 0.06493783
vt 0.89353520 0.07033527
vt 0.90101558 0.06705725
vt 0.90141642 0.07276142
vt 0.90158165 0.07837802
vt 0.90101564 0.06705725
vt 0.90022504 0.06109554
vt 0.90960169 0.08018500
vt 0.90141636 0.07276142
vt 0.90926552 0.07467192
vt 0.91082144 0.06405509
vt 0.90942502 0.06935030
vt 0.91709781 0.08223611
vt 0.92392457 0.08338571
vt 0.91899955 0.06813931
vt 0.91713601 0.08104396
vt 0.92381114 0.08219922
vt 0.93018025 0.08288985
vt 0.91635042 0.07540709
vt 0.91521496 0.07109195
vt 0.92247134 0.07424462
vt 0.92375886 0.08105803
vt 0.93000412 0.08175200
vt 0.93631315 0.08148038
vt 0.92858720 0.07254720
vt 0.93606722 0.08031338
vt 0.94244581 0.08007085
vt 0.92982787 0.08061415
vt 0.93494791 0.07227230
vt 0.94252115 0.07834309
vt 0.95024914 0.07651615
vt 0.93577486 0.07920605
vt 0.94101894 0.06697208
vt 0.94120073 0.07150900
vt 0.94970846 0.07528454
vt 0.95805222 0.07296145
vt 0.94213259 0.07721114
vt 0.94785655 0.06867135
vt 0.95370263 0.05888045
vt 0.95493257 0.06456167
vt 0.94914186 0.07416850
vt 0.95710689 0.07126087
vt 0.96512538 0.06739146
vt 0.96417814 0.06626910
vt 0.97219831 0.06182146
vt 0.97081167 0.06060010
vt 0.97801006 0.05535221
vt 0.97690725 0.05440360
vt 0.98382175 0.04888296
vt 0.98274505 0.04796326
vt 0.98166841 0.04704356
vt 0.53394300 0.04390883
vt 0.53641725 0.04138851
vt 0.53394306 0.04138851
vt 0.53639430 0.04399347
vt 0.53394288 0.04642916
vt 0.53889138 0.04138851
vt 0.53638965 0.04717398
vt 0.53394294 0.05138689
vt 0.53868991 0.04401040
vt 0.54070634 0.04138851
vt 0.53638959 0.05143392
vt 0.53394288 0.05634463
vt 0.53867155 0.04724163
vt 0.54068339 0.04399347
vt 0.54252130 0.04138851
vt 0.54252124 0.04390883
vt 0.54067874 0.04717398
vt 0.54252112 0.04642916
vt 0.53638959 0.05601358
vt 0.53394294 0.06021893
vt 0.53867149 0.05144334
vt 0.54067868 0.05143392
vt 0.54252112 0.05138689
vt 0.53638959 0.06013435
vt 0.53394288 0.06409323
vt 0.53867149 0.05598348
vt 0.54067868 0.05601358
vt 0.54252100 0.05634463
vt 0.53638959 0.06367958
vt 0.53394294 0.06661367
vt 0.53867149 0.06011736
vt 0.54067868 0.06013435
vt 0.54252106 0.06021893
vt 0.53638965 0.06656665
vt 0.53394294 0.06913400
vt 0.53867149 0.06364197
vt 0.54067868 0.06367958
vt 0.54252100 0.06409323
vt 0.53638965 0.06913400
vt 0.53394294 0.07163042
vt 0.53867149 0.06655723
vt 0.54067868 0.06656665
vt 0.54252106 0.06661367
vt 0.53638959 0.07167453
vt 0.53394288 0.07412678
vt 0.53867155 0.06913400
vt 0.54067874 0.06913400
vt 0.54252106 0.06913400
vt 0.53638959 0.07451499
vt 0.53394294 0.07789367
vt 0.53867149 0.07168335
vt 0.54067868 0.07167453
vt 0.54252106 0.07163042
vt 0.53638959 0.07797915
vt 0.53394288 0.08166051
vt 0.53867149 0.07455033
vt 0.54067868 0.07451499
vt 0.54252100 0.07412678
vt 0.53638959 0.08202446
vt 0.53394294 0.08661842
vt 0.53867149 0.07799625
vt 0.54067868 0.07797915
vt 0.54252106 0.07789367
vt 0.53638959 0.08657432
vt 0.53394288 0.09157628
vt 0.53867149 0.08205754
vt 0.54067868 0.08202446
vt 0.54252100 0.08166051
vt 0.53638959 0.09082419
vt 0.53394294 0.09407270
vt 0.53867149 0.08656549
vt 0.54067868 0.08657432
vt 0.54252106 0.08661842
vt 0.53638965 0.09398723
vt 0.53394294 0.09656912
vt 0.53867149 0.09075582
vt 0.54067868 0.09082419
vt 0.54252100 0.09157628
vt 0.53638965 0.09656906
vt 0.53394294 0.09883296
vt 0.53867149 0.09397012
vt 0.54067868 0.09398723
vt 0.54252106 0.09407270
vt 0.53638959 0.09887499
vt 0.53394288 0.10109687
vt 0.53867155 0.09656906
vt 0.54067874 0.09656906
vt 0.54252106 0.09656912
vt 0.53638959 0.10146630
vt 0.53394294 0.10456967
vt 0.53867149 0.09888339
vt 0.54067868 0.09887499
vt 0.54252106 0.09883296
vt 0.53638959 0.10462189
vt 0.53394288 0.10804242
vt 0.53867149 0.10149986
vt 0.54067862 0.10146630
vt 0.54252100 0.10109687
vt 0.53638959 0.10813236
vt 0.53394294 0.11180937
vt 0.53867143 0.10463232
vt 0.54067862 0.10462183
vt 0.54252106 0.10456967
vt 0.53638959 0.11176741
vt 0.53394288 0.11557627
vt 0.53867149 0.10814047
vt 0.54067862 0.10813230
vt 0.54252100 0.10804242
vt 0.53638953 0.11511701
vt 0.53394294 0.11784017
vt 0.53867137 0.11175901
vt 0.54067862 0.11176741
vt 0.54252106 0.11180937
vt 0.53638953 0.11778796
vt 0.53394294 0.12010401
vt 0.53867137 0.11507529
vt 0.54067862 0.11511701
vt 0.54252100 0.11557627
vt 0.53638953 0.12010401
vt 0.53394294 0.12236410
vt 0.53867131 0.11777753
vt 0.54067856 0.11778796
vt 0.54252106 0.11784017
vt 0.53638953 0.12242013
vt 0.53394288 0.12462413
vt 0.53867137 0.12010401
vt 0.54067862 0.12010401
vt 0.54252106 0.12010401
vt 0.53638953 0.12511736
vt 0.53394294 0.12849844
vt 0.53867131 0.12243134
vt 0.54067856 0.12242013
vt 0.54252106 0.12236410
vt 0.53638953 0.12854052
vt 0.53394288 0.13237268
vt 0.53867131 0.12516224
vt 0.54067856 0.12511742
vt 0.54252100 0.12462413
vt 0.53638947 0.13224995
vt 0.53394288 0.13584530
vt 0.53867131 0.12854898
vt 0.54067862 0.12854052
vt 0.54252106 0.12849844
vt 0.53638947 0.13578928
vt 0.53394276 0.13931793
vt 0.53867131 0.13223881
vt 0.54067856 0.13224995
vt 0.54252100 0.13237268
vt 0.53638941 0.13894749
vt 0.53394282 0.14157808
vt 0.53867120 0.13577807
vt 0.54067856 0.13578928
vt 0.54252106 0.13584530
vt 0.53639400 0.14153600
vt 0.53394282 0.14383817
vt 0.53641683 0.14383817
vt 0.53867120 0.13891381
vt 0.54067850 0.13894749
vt 0.54252100 0.13931793
vt 0.53868943 0.14152753
vt 0.53889078 0.14383817
vt 0.54068303 0.14153600
vt 0.54252106 0.14157808
vt 0.54070598 0.14383817
vt 0.54252106 0.14383817
vt 0.84585494 0.65662414
vt 0.84194201 0.65971369
vt 0.84240568 0.66398984
vt 0.84796315 0.66143942
vt 0.84399587 0.66895652
vt 0.85150468 0.65316075
vt 0.84989303 0.66609490
vt 0.85370886 0.65841717
vt 0.84906030 0.64690346
vt 0.84247845 0.65179282
vt 0.84194201 0.65971369
vt 0.83790517 0.65813929
vt 0.84240562 0.66398984
vt 0.83673352 0.66509265
vt 0.83807373 0.64650500
vt 0.83048761 0.65542519
vt 0.84565967 0.63758469
vt 0.83048719 0.66546583
vt 0.85632223 0.63810843
vt 0.83822584 0.67175549
vt 0.83048654 0.67550629
vt 0.85666549 0.64508045
vt 0.86698472 0.63863212
vt 0.84690678 0.67327714
vt 0.84252906 0.67705417
vt 0.83836311 0.68173498
vt 0.85753590 0.65095901
vt 0.86383080 0.64583862
vt 0.87391388 0.64488482
vt 0.84870607 0.68044055
vt 0.84623963 0.68796355
vt 0.84996963 0.67628604
vt 0.86935180 0.64946038
vt 0.88084280 0.65113741
vt 0.86214137 0.64997005
vt 0.85947603 0.65582150
vt 0.85650927 0.68078178
vt 0.85793787 0.68754339
vt 0.85234261 0.67048889
vt 0.85589880 0.66318440
vt 0.85480732 0.67512298
vt 0.86476994 0.65315413
vt 0.86441529 0.67865098
vt 0.86963600 0.68712312
vt 0.85826635 0.66785425
vt 0.86175269 0.66035503
vt 0.86101371 0.67283791
vt 0.87329042 0.65478581
vt 0.88144106 0.66045099
vt 0.87055987 0.67382807
vt 0.87583756 0.67844385
vt 0.86387891 0.66495210
vt 0.86746728 0.65759718
vt 0.87501079 0.66118056
vt 0.88203895 0.66976440
vt 0.86647916 0.66948682
vt 0.86926192 0.66247058
vt 0.87011880 0.66650295
vt 0.86926186 0.66247052
vt 0.87441546 0.66775155
vt 0.88196576 0.53948885
vt 0.87752020 0.55492228
vt 0.88652515 0.54895729
vt 0.87258971 0.54466081
vt 0.87824488 0.53105843
vt 0.86767894 0.56121409
vt 0.86836547 0.53551829
vt 0.87446195 0.52249110
vt 0.86243463 0.55020708
vt 0.85640460 0.56803828
vt 0.86409605 0.52631915
vt 0.86996019 0.51314557
vt 0.85930204 0.51629329
vt 0.85778558 0.54037219
vt 0.85093087 0.55638230
vt 0.84405810 0.57511544
vt 0.85310555 0.53055197
vt 0.84598678 0.54590493
vt 0.83834577 0.56296307
vt 0.84103119 0.53549409
vt 0.84804106 0.51986223
vt 0.83318365 0.55196387
vt 0.83110291 0.58201081
vt 0.82510275 0.56962836
vt 0.82807553 0.54105073
vt 0.83574677 0.52417243
vt 0.81973630 0.55830294
vt 0.85373473 0.50493115
vt 0.84241581 0.50766963
vt 0.86435306 0.50270599
vt 0.86996031 0.51314557
vt 0.81714803 0.58769619
vt 0.81145972 0.57620507
vt 0.82558554 0.60327774
vt 0.80577117 0.56471378
vt 0.83821446 0.59634817
vt 0.83402300 0.61885923
vt 0.84587234 0.61171919
vt 0.81458962 0.54706323
vt 0.80085361 0.55344051
vt 0.85066617 0.58915067
vt 0.85640454 0.56803828
vt 0.85772169 0.60457909
vt 0.86283362 0.58163702
vt 0.86767888 0.56121409
vt 0.86991334 0.59641200
vt 0.87408596 0.57420093
vt 0.87752014 0.55492228
vt 0.88210487 0.58824486
vt 0.88373733 0.56716353
vt 0.89081430 0.58058858
vt 0.88652515 0.54895729
vt 0.89257431 0.56035823
vt 0.89952356 0.57293218
vt 0.89318079 0.55989015
vt 0.90016699 0.57238346
vt 0.88704240 0.54847264
vt 0.89368784 0.55929989
vt 0.90081048 0.57183468
vt 0.88656515 0.54676509
vt 0.88302207 0.53863281
vt 0.88254106 0.53911608
vt 0.88196576 0.53948891
vt 0.87947887 0.53050035
vt 0.87883657 0.53072125
vt 0.87824494 0.53105843
vt 0.87575263 0.52194929
vt 0.87506980 0.52217782
vt 0.87446195 0.52249104
vt 0.87202609 0.51339811
vt 0.87064421 0.51290637
vt 0.86578679 0.50221568
vt 0.86503500 0.50242424
vt 0.85954744 0.49103326
vt 0.85881805 0.49132836
vt 0.85463494 0.47944796
vt 0.85396397 0.47952110
vt 0.85808861 0.49162340
vt 0.85315812 0.47964180
vt 0.85029876 0.46725595
vt 0.84952569 0.46712434
vt 0.84892982 0.45411634
vt 0.84966803 0.45456672
vt 0.84972233 0.46786267
vt 0.84961361 0.44127071
vt 0.84874976 0.44051880
vt 0.86292458 0.43946278
vt 0.86240846 0.43881100
vt 0.84805673 0.45371360
vt 0.84788597 0.43976694
vt 0.86189938 0.43799263
vt 0.87598932 0.43856877
vt 0.87581336 0.43781602
vt 0.88942415 0.44115812
vt 0.84237725 0.47866082
vt 0.83884704 0.46400738
vt 0.84782630 0.49234080
vt 0.85808849 0.49162334
vt 0.83649099 0.49406946
vt 0.83056229 0.47904170
vt 0.82424414 0.45990741
vt 0.82392317 0.49717432
vt 0.83946264 0.44945514
vt 0.84788585 0.43976688
vt 0.84474188 0.43737173
vt 0.81771797 0.48241782
vt 0.82931137 0.44309640
vt 0.85604590 0.43031967
vt 0.83645791 0.43057048
vt 0.87084347 0.42750770
vt 0.84777230 0.42142665
vt 0.81776875 0.43308371
vt 0.82566464 0.42162412
vt 0.81028455 0.44422281
vt 0.80608827 0.42128313
vt 0.81344587 0.41147441
vt 0.88956177 0.44030237
vt 0.79899877 0.43007469
vt 0.80094838 0.45206690
vt 0.79160953 0.43646008
vt 0.79899877 0.43007469
vt 0.78385496 0.44084954
vt 0.79102594 0.45740056
vt 0.81040847 0.46716094
vt 0.90278125 0.44521296
vt 0.90235192 0.44603944
vt 0.88929367 0.44184715
vt 0.90321064 0.44438654
vt 0.88694984 0.42890304
vt 0.90310407 0.43230182
vt 0.88521957 0.41646850
vt 0.90299743 0.42021710
vt 0.86395776 0.41348416
vt 0.86861813 0.39828074
vt 0.88585216 0.40268898
vt 0.90261638 0.40590513
vt 0.88720918 0.38894111
vt 0.90223509 0.39159304
vt 0.87146020 0.38530195
vt 0.88837492 0.37611032
vt 0.90276372 0.37832522
vt 0.87335843 0.37353635
vt 0.88939810 0.36383748
vt 0.90329236 0.36505747
vt 0.87550378 0.36261749
vt 0.85466331 0.38061643
vt 0.85118210 0.39144832
vt 0.86395776 0.41348416
vt 0.84514731 0.40222776
vt 0.83311141 0.38462436
vt 0.82836378 0.39327025
vt 0.83596450 0.37610149
vt 0.85688770 0.37044865
vt 0.87550378 0.36261749
vt 0.85881704 0.36067641
vt 0.83796686 0.36761796
vt 0.84213024 0.35873526
vt 0.81578904 0.36608124
vt 0.81573266 0.35838211
vt 0.81544197 0.37323844
vt 0.79541099 0.36694908
vt 0.78933483 0.35802883
vt 0.79733199 0.37317491
vt 0.79900479 0.37859118
vt 0.81449229 0.37993091
vt 0.83311135 0.38462436
vt 0.80129308 0.38322568
vt 0.81214625 0.38658375
vt 0.80708879 0.39353198
vt 0.82134330 0.40212637
vt 0.79578334 0.38665420
vt 0.80109239 0.40122938
vt 0.78936225 0.38131255
vt 0.79900467 0.37859112
vt 0.79071593 0.39265066
vt 0.79542947 0.40927923
vt 0.78559470 0.37666219
vt 0.79733193 0.37317491
vt 0.78385442 0.38703936
vt 0.78690225 0.39980799
vt 0.79009819 0.41612816
vt 0.78202385 0.37165886
vt 0.79541105 0.36694908
vt 0.77892685 0.38320094
vt 0.78063244 0.39481622
vt 0.78509182 0.40645123
vt 0.78042001 0.40550339
vt 0.78432792 0.42004180
vt 0.79160947 0.43646008
vt 0.77483404 0.40524495
vt 0.77483398 0.40524495
vt 0.77527398 0.39236164
vt 0.76825297 0.40501547
vt 0.77802080 0.42242604
vt 0.76825291 0.40501547
vt 0.78385502 0.44084954
vt 0.76935482 0.39038390
vt 0.75896299 0.40222168
vt 0.77097428 0.42426407
vt 0.76259142 0.38809800
vt 0.76329929 0.42584634
vt 0.77378136 0.37945330
vt 0.76621974 0.37397420
vt 0.77777743 0.36600155
vt 0.78933483 0.35802883
vt 0.77581298 0.44428611
vt 0.76763552 0.44947100
vt 0.78136313 0.46131325
vt 0.77191114 0.46475708
vt 0.79829282 0.47235847
vt 0.78698117 0.47635233
vt 0.77618647 0.48004299
vt 0.78013921 0.49403632
vt 0.79228979 0.49059069
vt 0.78409171 0.50802952
vt 0.80474895 0.48673415
vt 0.79763085 0.50498956
vt 0.79001391 0.52509838
vt 0.81075513 0.50107419
vt 0.80344856 0.52018857
vt 0.79593581 0.54216719
vt 0.81680810 0.51552993
vt 0.80925316 0.53473061
vt 0.82267869 0.52913958
vt 0.82996935 0.51126516
vt 0.83649105 0.49406946
vt 0.27860975 0.89752734
vt 0.27860975 0.90318507
vt 0.28722560 0.90318501
vt 0.28728899 0.89752728
vt 0.27860975 0.89186966
vt 0.28722560 0.89186960
vt 0.29584137 0.90318495
vt 0.29647565 0.89752734
vt 0.29584137 0.89186954
vt 0.30674055 0.89186960
vt 0.30721912 0.89752728
vt 0.30674055 0.90318501
vt 0.31763965 0.89186949
vt 0.32179126 0.89752728
vt 0.31763965 0.90318489
vt 0.34348458 0.89186960
vt 0.34344885 0.89752728
vt 0.34348458 0.90318495
vt 0.36932942 0.89186949
vt 0.36482036 0.89752722
vt 0.36932942 0.90318489
vt 0.37848353 0.89752722
vt 0.37894183 0.89186960
vt 0.37894183 0.90318495
vt 0.36932942 0.90318489
vt 0.38855413 0.90318489
vt 0.38848022 0.89752722
vt 0.38855413 0.89186949
vt 0.39790025 0.90318495
vt 0.39835113 0.89752722
vt 0.39790025 0.89186960
vt 0.40724626 0.90318489
vt 0.41182932 0.89752722
vt 0.40724626 0.89186949
vt 0.43309110 0.89186960
vt 0.43313426 0.89752722
vt 0.43309110 0.90318495
vt 0.45893583 0.89186949
vt 0.45478427 0.89752722
vt 0.45893583 0.90318489
vt 0.46983489 0.89186960
vt 0.46935630 0.89752722
vt 0.46983489 0.90318495
vt 0.48073384 0.89186949
vt 0.48009968 0.89752716
vt 0.48073384 0.90318477
vt 0.48934966 0.90318489
vt 0.48938861 0.89752716
vt 0.48934966 0.89186960
vt 0.49796537 0.90318477
vt 0.49898908 0.89752716
vt 0.49796537 0.89186949
vt 0.51026630 0.90318489
vt 0.51028663 0.89752716
vt 0.51026630 0.89186960
vt 0.52256721 0.90318477
vt 0.52174646 0.89752716
vt 0.52256721 0.89186949
vt 0.53191322 0.90318489
vt 0.53183854 0.89752716
vt 0.53191322 0.89186960
vt 0.54125917 0.90318483
vt 0.54133320 0.89752722
vt 0.54125917 0.89186949
vt 0.55087161 0.90318489
vt 0.55095363 0.89752716
vt 0.55087161 0.89186954
vt 0.56048393 0.90318477
vt 0.56123078 0.89752716
vt 0.56048393 0.89186943
vt 0.57278490 0.90318495
vt 0.57285953 0.89752722
vt 0.58508575 0.90318501
vt 0.57278484 0.89186966
vt 0.58508575 0.89752734
vt 0.58508575 0.89186972
vt 0.01464438 0.84295094
vt 0.01659431 0.85101473
vt 0.02130505 0.85422063
vt 0.02066879 0.84499288
vt 0.02601578 0.85742652
vt 0.02660250 0.84615570
vt 0.01269444 0.83488703
vt 0.02030759 0.83641326
vt 0.02712217 0.83711874
vt 0.02056021 0.82873487
vt 0.01355927 0.82810414
vt 0.02750128 0.82917500
vt 0.02089057 0.82134801
vt 0.01442410 0.82132113
vt 0.01354827 0.81325150
vt 0.02778930 0.82167089
vt 0.02087398 0.81343657
vt 0.01267244 0.80518156
vt 0.02112321 0.80401987
vt 0.01561300 0.79269588
vt 0.02806493 0.81379908
vt 0.03460521 0.82194078
vt 0.03439854 0.82929379
vt 0.02236889 0.79206109
vt 0.01855357 0.78021002
vt 0.02409471 0.77863443
vt 0.02840783 0.80431724
vt 0.02889113 0.79219294
vt 0.02963586 0.77705878
vt 0.03512410 0.81426311
vt 0.03550000 0.80523121
vt 0.03515288 0.79381162
vt 0.03450079 0.78098780
vt 0.04137727 0.79618090
vt 0.03936572 0.78491688
vt 0.04338880 0.80744487
vt 0.04215072 0.81486666
vt 0.04091265 0.82228822
vt 0.04132053 0.82920957
vt 0.03393123 0.83698767
vt 0.04172840 0.83613074
vt 0.02660250 0.84615576
vt 0.03251676 0.84550834
vt 0.02601578 0.85742652
vt 0.03851899 0.84399122
vt 0.03066268 0.85463905
vt 0.03530958 0.85185158
vt 0.82566464 0.42162412
vt 0.82134330 0.40212637
vt 0.81344587 0.41147447
vt 0.83550340 0.41172552
vt 0.83645785 0.43057048
vt 0.82836378 0.39327025
vt 0.84514719 0.40222776
vt 0.86395776 0.41348416
vt 0.87623537 0.43765479
vt 0.86240846 0.43881100
vt 0.86292458 0.43946278
vt 0.87598932 0.43856877
vt 0.88929367 0.44184715
vt 0.88942415 0.44115812
vt 0.84972233 0.46786267
vt 0.85029876 0.46725595
vt 0.85396397 0.47952110
vt 0.85463494 0.47944796
vt 0.46295169 0.07001752
vt 0.45488533 0.06877422
vt 0.45443973 0.07484329
vt 0.46125248 0.07613277
vt 0.47395828 0.07168519
vt 0.45445180 0.08146614
vt 0.46008813 0.08225328
vt 0.46735647 0.07960647
vt 0.46440277 0.08339000
vt 0.47143817 0.08778572
vt 0.47807196 0.08630794
vt 0.46614257 0.08918041
vt 0.46008810 0.08225334
vt 0.46082115 0.08933830
vt 0.48111299 0.09939492
vt 0.47439441 0.09838271
vt 0.48378059 0.11326277
vt 0.46843308 0.09759039
vt 0.47661141 0.10933673
vt 0.48653483 0.13015509
vt 0.47686893 0.11798811
vt 0.47054991 0.10612327
vt 0.46272919 0.09718794
vt 0.45530841 0.08900058
vt 0.45325968 0.08150375
vt 0.45329860 0.07479042
vt 0.45443976 0.07484329
vt 0.45374763 0.06859773
vt 0.45488539 0.06877422
vt 0.45518807 0.06253541
vt 0.45629528 0.06282794
vt 0.45260981 0.06842124
vt 0.45211214 0.07467663
vt 0.45402128 0.06228924
vt 0.45161444 0.08093196
vt 0.45543271 0.05615717
vt 0.45408207 0.08921957
vt 0.45274794 0.08938110
vt 0.45716035 0.05608219
vt 0.45898962 0.04835498
vt 0.45711285 0.09702098
vt 0.45580983 0.09740853
vt 0.45388135 0.09783018
vt 0.46022099 0.04889590
vt 0.46254638 0.04055279
vt 0.45988017 0.10503858
vt 0.45861971 0.10559255
vt 0.45726657 0.10615635
vt 0.46515286 0.10506970
vt 0.46843311 0.09759039
vt 0.46355647 0.11309564
vt 0.46225458 0.11375701
vt 0.46065170 0.11448252
vt 0.46842837 0.11283523
vt 0.46658182 0.12194574
vt 0.46512091 0.12257755
vt 0.46801266 0.12132037
vt 0.47193927 0.11234933
vt 0.47331184 0.12092710
vt 0.47123888 0.13016242
vt 0.46959007 0.13067245
vt 0.47288769 0.12965238
vt 0.47943801 0.12986302
vt 0.47300172 0.13623714
vt 0.47157133 0.13665283
vt 0.47445935 0.13587749
vt 0.47458884 0.14175731
vt 0.47355250 0.14263308
vt 0.47940376 0.13627028
vt 0.47589681 0.14144170
vt 0.47584784 0.14625728
vt 0.47455573 0.14659685
vt 0.47714502 0.14595151
vt 0.47712231 0.15043414
vt 0.47555885 0.15056050
vt 0.47846523 0.15008402
vt 0.47881609 0.15503532
vt 0.47735578 0.15532947
vt 0.48021084 0.15467620
vt 0.48234561 0.15106243
vt 0.48089606 0.14648515
vt 0.47979292 0.14175123
vt 0.48118815 0.16032898
vt 0.47915256 0.16009837
vt 0.48278785 0.16013294
vt 0.48400182 0.15587103
vt 0.48641807 0.15209615
vt 0.48641807 0.15209621
vt 0.48817664 0.15770251
vt 0.48450163 0.16652548
vt 0.48251849 0.16640329
vt 0.48658049 0.16119879
vt 0.48644128 0.16660506
vt 0.48830214 0.17318308
vt 0.48588437 0.17270815
vt 0.49071991 0.17365807
vt 0.49103200 0.16756058
vt 0.48227587 0.17790043
vt 0.48039377 0.17726481
vt 0.48410124 0.17855853
vt 0.47687945 0.18237978
vt 0.47490317 0.18182147
vt 0.48944736 0.16178995
vt 0.49699247 0.17499435
vt 0.49406803 0.16651505
vt 0.50419658 0.17647743
vt 0.48868346 0.17952847
vt 0.47828722 0.18316174
vt 0.47828722 0.18316174
vt 0.48217827 0.18366432
vt 0.49342844 0.16096264
vt 0.49107969 0.18169898
vt 0.47386637 0.18723935
vt 0.47780240 0.18757886
vt 0.47270656 0.18638951
vt 0.47145918 0.18557322
vt 0.46944225 0.19002569
vt 0.46801507 0.18932492
vt 0.47056198 0.19083780
vt 0.46678489 0.19343221
vt 0.46567777 0.19267559
vt 0.47449383 0.19137645
vt 0.46788409 0.19415700
vt 0.46423367 0.19709587
vt 0.46334034 0.19602621
vt 0.46535459 0.19773561
vt 0.47150564 0.19503194
vt 0.47862148 0.19194818
vt 0.46138290 0.20149350
vt 0.46018362 0.20092463
vt 0.46260488 0.20201939
vt 0.45835936 0.20628375
vt 0.45702687 0.20582300
vt 0.45969185 0.20674449
vt 0.46889427 0.19889450
vt 0.46680671 0.20359135
vt 0.46478146 0.20921302
vt 0.47471163 0.19636708
vt 0.47167912 0.19952750
vt 0.47146353 0.20327425
vt 0.47471166 0.19636708
vt 0.46987095 0.21168160
vt 0.47729707 0.19882905
vt 0.48321640 0.19263029
vt 0.48076993 0.20202744
vt 0.48233101 0.18749350
vt 0.48503906 0.18423969
vt 0.48838967 0.18652868
vt 0.48885074 0.19367659
vt 0.49616334 0.18570334
vt 0.48703638 0.20462704
vt 0.47773552 0.21451724
vt 0.49591222 0.19521761
vt 0.49465027 0.20690840
vt 0.48559999 0.21735275
vt 0.50370049 0.19646400
vt 0.51317126 0.18827200
vt 0.50447679 0.18658936
vt 0.52264196 0.18007994
vt 0.51295346 0.17820525
vt 0.51708025 0.16885042
vt 0.50837070 0.16711003
vt 0.51151842 0.15762091
vt 0.50032020 0.16474891
vt 0.50379741 0.15573299
vt 0.50730795 0.14435625
vt 0.49096349 0.15322560
vt 0.49924967 0.14347160
vt 0.50309741 0.13109159
vt 0.49661860 0.15443003
vt 0.48442593 0.14642990
vt 0.49454287 0.13058269
vt 0.49977803 0.11585152
vt 0.48781329 0.14508712
vt 0.49237031 0.14343774
vt 0.48273045 0.14224648
vt 0.48399195 0.13857186
vt 0.49161360 0.11508512
vt 0.49645862 0.10061145
vt 0.48378056 0.11326277
vt 0.48887682 0.10035205
vt 0.49620506 0.08782709
vt 0.48111296 0.09939492
vt 0.48684970 0.08669680
vt 0.49595135 0.07504272
vt 0.48680469 0.07366347
vt 0.50013238 0.06320190
vt 0.49100652 0.06122768
vt 0.50431335 0.05136102
vt 0.48261851 0.05883384
vt 0.49682796 0.04837567
vt 0.51078182 0.03522259
vt 0.50277019 0.03386080
vt 0.51725018 0.01908410
vt 0.50856215 0.01828790
vt 0.48926947 0.04684812
vt 0.49486277 0.03366774
vt 0.49987400 0.01749170
vt 0.48260510 0.04584634
vt 0.48729974 0.03564733
vt 0.48931840 0.02729928
vt 0.47672775 0.05538279
vt 0.47395828 0.07168519
vt 0.48674804 0.02393240
vt 0.49417251 0.01721853
vt 0.47020045 0.06212854
vt 0.46295163 0.07001752
vt 0.48203304 0.02277201
vt 0.48847100 0.01694536
vt 0.48755169 0.01586843
vt 0.48110971 0.02170408
vt 0.48663235 0.01479155
vt 0.48016146 0.02060115
vt 0.47588277 0.02883404
vt 0.47491151 0.02779764
vt 0.47369051 0.02641076
vt 0.46924061 0.03442925
vt 0.46811849 0.03348178
vt 0.46322858 0.06365705
vt 0.45488533 0.06877422
vt 0.48042741 0.03019667
vt 0.47028178 0.03532135
vt 0.46424675 0.04149890
vt 0.46538734 0.04224193
vt 0.47541246 0.03671777
vt 0.47094521 0.04367524
vt 0.47662601 0.04490685
vt 0.46133685 0.04946291
vt 0.47094518 0.04367524
vt 0.48084524 0.03715265
vt 0.45829210 0.05647111
vt 0.46683347 0.05074978
vt 0.46399385 0.05740458
vt 0.47199312 0.05246264
vt 0.46853057 0.05758774
vt 0.47199312 0.05246264
vt 0.48360205 0.03149343
vt 0.94803083 0.97441363
vt 0.95071417 0.97441363
vt 0.95071423 0.97208995
vt 0.94794059 0.97211134
vt 0.94534725 0.97441351
vt 0.95071405 0.96976614
vt 0.94455427 0.97211581
vt 0.94006878 0.97441363
vt 0.94792259 0.96995550
vt 0.95071423 0.96806198
vt 0.94001865 0.97211570
vt 0.93479002 0.97441351
vt 0.94448221 0.96997273
vt 0.94794065 0.96808338
vt 0.95071417 0.96635771
vt 0.94803083 0.96635771
vt 0.94455433 0.96808773
vt 0.94534725 0.96635759
vt 0.93514246 0.97211576
vt 0.93066502 0.97441363
vt 0.94000846 0.96997267
vt 0.94001865 0.96808773
vt 0.94006878 0.96635771
vt 0.93075502 0.97211570
vt 0.92653978 0.97441351
vt 0.93517452 0.96997273
vt 0.93514258 0.96808773
vt 0.93479002 0.96635759
vt 0.92698032 0.97211570
vt 0.92385668 0.97441363
vt 0.93077302 0.96997267
vt 0.93075514 0.96808773
vt 0.93066502 0.96635771
vt 0.92390674 0.97211570
vt 0.92117345 0.97441363
vt 0.92702043 0.96997273
vt 0.92698038 0.96808773
vt 0.92653978 0.96635759
vt 0.92117351 0.97211570
vt 0.91851544 0.97441363
vt 0.92391676 0.96997267
vt 0.92390668 0.96808773
vt 0.92385668 0.96635765
vt 0.91846853 0.97211570
vt 0.91585737 0.97441351
vt 0.92117351 0.96997261
vt 0.92117351 0.96808773
vt 0.92117345 0.96635759
vt 0.91544408 0.97211570
vt 0.91184676 0.97441363
vt 0.91845912 0.96997261
vt 0.91846853 0.96808767
vt 0.91851544 0.96635765
vt 0.91175574 0.97211570
vt 0.90783584 0.97441351
vt 0.91540653 0.96997267
vt 0.91544408 0.96808761
vt 0.91585737 0.96635747
vt 0.90744847 0.97211570
vt 0.90255731 0.97441363
vt 0.91173750 0.96997261
vt 0.91175568 0.96808761
vt 0.91184676 0.96635765
vt 0.90260428 0.97211570
vt 0.89727861 0.97441351
vt 0.90741318 0.96997267
vt 0.90744853 0.96808761
vt 0.90783584 0.96635747
vt 0.89807945 0.97211570
vt 0.89462072 0.97441363
vt 0.90261364 0.96997261
vt 0.90260416 0.96808761
vt 0.90255731 0.96635765
vt 0.89471161 0.97211570
vt 0.89196271 0.97441363
vt 0.89815223 0.96997267
vt 0.89807945 0.96808761
vt 0.89727861 0.96635747
vt 0.89196265 0.97211570
vt 0.88955235 0.97441363
vt 0.89472997 0.96997261
vt 0.89471161 0.96808773
vt 0.89462072 0.96635765
vt 0.88950765 0.97211570
vt 0.88714182 0.97441351
vt 0.89196265 0.96997261
vt 0.89196265 0.96808773
vt 0.89196271 0.96635759
vt 0.88674867 0.97211570
vt 0.88344443 0.97441363
vt 0.88949877 0.96997261
vt 0.88950771 0.96808767
vt 0.88955235 0.96635765
vt 0.88338888 0.97211570
vt 0.87974691 0.97441351
vt 0.88671285 0.96997267
vt 0.88674867 0.96808761
vt 0.88714182 0.96635747
vt 0.87965137 0.97211570
vt 0.87573647 0.97441363
vt 0.88337779 0.96997261
vt 0.88338882 0.96808761
vt 0.88344443 0.96635765
vt 0.87578112 0.97211570
vt 0.87172580 0.97441351
vt 0.87964272 0.96997267
vt 0.87965137 0.96808761
vt 0.87974691 0.96635747
vt 0.87221473 0.97211570
vt 0.86931539 0.97441363
vt 0.87579000 0.96997261
vt 0.87578106 0.96808761
vt 0.87573647 0.96635765
vt 0.86937082 0.97211570
vt 0.86690480 0.97441363
vt 0.87225920 0.96997267
vt 0.87221467 0.96808761
vt 0.87172580 0.96635747
vt 0.86690485 0.97211570
vt 0.86449850 0.97441363
vt 0.86938190 0.96997261
vt 0.86937088 0.96808773
vt 0.86931539 0.96635765
vt 0.86443883 0.97211570
vt 0.86209214 0.97441351
vt 0.86690485 0.96997261
vt 0.86690485 0.96808773
vt 0.86690480 0.96635759
vt 0.86156702 0.97211570
vt 0.85796714 0.97441363
vt 0.86442685 0.96997261
vt 0.86443883 0.96808767
vt 0.86449850 0.96635765
vt 0.85792232 0.97211570
vt 0.85384196 0.97441351
vt 0.86151934 0.96997267
vt 0.86156708 0.96808761
vt 0.86209214 0.96635747
vt 0.85397273 0.97211570
vt 0.85014474 0.97441363
vt 0.85791337 0.96997261
vt 0.85792232 0.96808761
vt 0.85796714 0.96635765
vt 0.85020435 0.97211570
vt 0.84644729 0.97441351
vt 0.85398465 0.96997267
vt 0.85397273 0.96808761
vt 0.85384196 0.96635747
vt 0.84684187 0.97211570
vt 0.84404111 0.97441363
vt 0.85021633 0.96997261
vt 0.85020441 0.96808761
vt 0.85014474 0.96635765
vt 0.84408581 0.97211140
vt 0.84163475 0.97441363
vt 0.84163469 0.97208995
vt 0.84687769 0.96997267
vt 0.84684187 0.96808767
vt 0.84644729 0.96635747
vt 0.84409475 0.96995544
vt 0.84163463 0.96976614
vt 0.84408581 0.96808344
vt 0.84404111 0.96635765
vt 0.84163469 0.96806192
vt 0.84163475 0.96635759
vt 0.09665169 0.81465149
vt 0.10030995 0.82219905
vt 0.10655849 0.81526721
vt 0.10196901 0.81070459
vt 0.11280701 0.80833513
vt 0.09025848 0.81638330
vt 0.09099670 0.82280231
vt 0.10557979 0.80518258
vt 0.11333011 0.79768074
vt 0.08368179 0.81579727
vt 0.08168343 0.82340533
vt 0.10632721 0.79802489
vt 0.11385319 0.78702611
vt 0.07759252 0.81194526
vt 0.07299711 0.81719935
vt 0.10450178 0.79043007
vt 0.10494091 0.77943754
vt 0.07276006 0.80579627
vt 0.06431077 0.81099319
vt 0.09962455 0.78385317
vt 0.09602860 0.77184880
vt 0.07063282 0.79787785
vt 0.06389736 0.79929101
vt 0.09329394 0.77927834
vt 0.08598667 0.77184492
vt 0.07098486 0.79006332
vt 0.06348393 0.78758866
vt 0.08634861 0.77810043
vt 0.07594470 0.77184081
vt 0.07438103 0.78388357
vt 0.06971432 0.77971476
vt 0.07968608 0.77958488
vt 0.07814466 0.78826815
vt 0.08247375 0.78536034
vt 0.07512750 0.79133368
vt 0.07627866 0.79618460
vt 0.07814466 0.78826821
vt 0.08743761 0.78377885
vt 0.08091998 0.79371691
vt 0.07855981 0.80240649
vt 0.08532230 0.79126376
vt 0.09170657 0.78332013
vt 0.08355007 0.79965234
vt 0.08192290 0.80787575
vt 0.08996987 0.78933847
vt 0.09477828 0.78723431
vt 0.08822566 0.79727298
vt 0.08492071 0.81150913
vt 0.08646171 0.80526662
vt 0.08895772 0.81064349
vt 0.09298005 0.79508042
vt 0.09822705 0.79287744
vt 0.09106034 0.80312443
vt 0.09382997 0.80883342
vt 0.09558020 0.80083913
vt 0.10043331 0.79889685
vt 0.09826147 0.80612564
vt 0.10143574 0.80349535
f 3/3/3 2/2/2 1/1/1
f 4/4/4 3/3/3 1/1/1
f 5/5/5 3/3/3 4/4/4
f 6/6/6 5/5/5 4/4/4
f 7/7/7 5/5/5 6/6/6
f 8/8/8 7/7/7 6/6/6
f 9/9/9 7/7/7 8/8/8
f 6/6/6 4/4/4 10/10/10
f 4/4/4 1/1/1 11/11/11
f 10/10/10 4/4/4 11/11/11
f 8/8/8 6/6/6 12/12/12
f 12/12/12 6/6/6 10/10/10
f 10/10/10 11/11/11 13/13/13
f 14/14/14 10/10/10 13/13/13
f 12/12/12 10/10/10 14/14/14
f 14/14/14 13/13/13 15/15/15
f 16/16/16 14/14/14 15/15/15
f 17/17/17 12/12/12 14/14/14
f 17/17/17 14/14/14 16/16/16
f 18/18/18 8/8/8 12/12/12
f 18/18/18 12/12/12 17/17/17
f 19/19/19 9/9/9 8/8/8
f 19/19/19 8/8/8 18/18/18
f 11/11/11 1/1/1 20/20/20
f 11/11/11 20/20/20 21/21/21
f 22/22/22 11/11/11 21/21/21
f 1/1/1 23/23/23 20/20/20
f 1/1/1 24/24/24 23/23/23
f 22/22/22 21/21/21 25/25/25
f 26/26/26 22/22/22 25/25/25
f 21/21/21 20/20/20 27/27/27
f 21/21/21 27/27/27 28/28/28
f 25/25/25 21/21/21 28/28/28
f 20/20/20 29/29/29 27/27/27
f 20/20/20 23/23/23 29/29/29
f 25/25/25 28/28/28 30/30/30
f 23/23/23 31/31/31 29/29/29
f 32/32/32 25/25/25 30/30/30
f 26/26/26 25/25/25 32/32/32
f 32/32/32 30/30/30 33/33/33
f 23/23/23 34/34/34 31/31/31
f 24/24/24 34/34/34 23/23/23
f 34/34/34 35/35/35 31/31/31
f 36/36/36 26/26/26 32/32/32
f 16/16/16 26/26/26 36/36/36
f 37/37/37 32/32/32 33/33/33
f 36/36/36 32/32/32 37/37/37
f 37/37/37 33/33/33 38/38/38
f 39/39/39 37/37/37 38/38/38
f 40/40/40 36/36/36 37/37/37
f 40/40/40 37/37/37 39/39/39
f 41/41/41 40/40/40 39/39/39
f 41/41/41 39/39/39 42/42/42
f 34/34/34 43/43/43 35/35/35
f 43/43/43 44/44/44 35/35/35
f 45/45/45 16/16/16 36/36/36
f 45/45/45 36/36/36 46/46/46
f 43/43/43 47/47/47 44/44/44
f 47/47/47 48/48/48 44/44/44
f 49/49/49 47/47/47 43/43/43
f 50/50/50 43/43/43 34/34/34
f 50/50/50 49/49/49 43/43/43
f 24/24/24 50/50/50 34/34/34
f 51/51/51 49/49/49 50/50/50
f 52/52/52 50/50/50 24/24/24
f 52/52/52 51/51/51 50/50/50
f 53/53/53 52/52/52 24/24/24
f 54/54/54 51/51/51 52/52/52
f 55/55/55 52/52/52 53/53/53
f 55/55/55 54/54/54 52/52/52
f 56/56/56 55/55/55 53/53/53
f 57/57/57 54/54/54 55/55/55
f 58/58/58 55/55/55 56/56/56
f 58/58/58 57/57/57 55/55/55
f 59/59/59 58/58/58 56/56/56
f 60/60/60 57/57/57 58/58/58
f 61/61/61 58/58/58 59/59/59
f 61/61/61 60/60/60 58/58/58
f 62/62/62 60/60/60 61/61/61
f 9/9/9 61/61/61 59/59/59
f 63/63/63 62/62/62 61/61/61
f 63/63/63 61/61/61 9/9/9
f 64/64/64 62/62/62 63/63/63
f 65/65/65 64/64/64 63/63/63
f 66/66/66 63/63/63 9/9/9
f 65/65/65 63/63/63 66/66/66
f 67/67/67 65/65/65 66/66/66
f 66/66/66 9/9/9 19/19/19
f 67/67/67 66/66/66 68/68/68
f 68/68/68 66/66/66 19/19/19
f 69/69/69 67/67/67 68/68/68
f 68/68/68 19/19/19 70/70/70
f 70/70/70 19/19/19 18/18/18
f 69/69/69 68/68/68 71/71/71
f 71/71/71 68/68/68 70/70/70
f 72/72/72 69/69/69 71/71/71
f 70/70/70 18/18/18 73/73/73
f 73/73/73 18/18/18 17/17/17
f 72/72/72 71/71/71 74/74/74
f 75/75/75 72/72/72 74/74/74
f 71/71/71 70/70/70 76/76/76
f 76/76/76 70/70/70 73/73/73
f 74/74/74 71/71/71 76/76/76
f 73/73/73 17/17/17 77/77/77
f 77/77/77 17/17/17 16/16/16
f 77/77/77 16/16/16 45/45/45
f 75/75/75 74/74/74 78/78/78
f 79/79/79 75/75/75 78/78/78
f 74/74/74 76/76/76 80/80/80
f 78/78/78 74/74/74 80/80/80
f 76/76/76 73/73/73 81/81/81
f 81/81/81 73/73/73 77/77/77
f 80/80/80 76/76/76 81/81/81
f 82/82/82 77/77/77 45/45/45
f 81/81/81 77/77/77 82/82/82
f 79/79/79 78/78/78 83/83/83
f 84/84/84 79/79/79 83/83/83
f 78/78/78 80/80/80 85/85/85
f 83/83/83 78/78/78 85/85/85
f 80/80/80 81/81/81 86/86/86
f 86/86/86 81/81/81 82/82/82
f 85/85/85 80/80/80 86/86/86
f 86/86/86 82/82/82 87/87/87
f 88/88/88 86/86/86 87/87/87
f 85/85/85 86/86/86 88/88/88
f 82/82/82 45/45/45 89/89/89
f 89/89/89 45/45/45 46/46/46
f 90/90/90 82/82/82 89/89/89
f 89/89/89 46/46/46 41/41/41
f 84/84/84 83/83/83 91/91/91
f 92/92/92 84/84/84 91/91/91
f 83/83/83 85/85/85 93/93/93
f 93/93/93 85/85/85 88/88/88
f 91/91/91 83/83/83 93/93/93
f 90/90/90 89/89/89 94/94/94
f 94/94/94 89/89/89 41/41/41
f 92/92/92 91/91/91 95/95/95
f 96/96/96 92/92/92 95/95/95
f 88/88/88 90/90/90 97/97/97
f 97/97/97 90/90/90 94/94/94
f 91/91/91 93/93/93 98/98/98
f 95/95/95 91/91/91 98/98/98
f 93/93/93 88/88/88 99/99/99
f 99/99/99 88/88/88 97/97/97
f 98/98/98 93/93/93 99/99/99
f 99/99/99 97/97/97 100/100/100
f 94/94/94 41/41/41 101/101/101
f 101/101/101 41/41/41 42/42/42
f 97/97/97 94/94/94 102/102/102
f 100/100/100 97/97/97 102/102/102
f 102/102/102 94/94/94 101/101/101
f 96/96/96 95/95/95 103/103/103
f 104/104/104 96/96/96 103/103/103
f 105/105/105 104/104/104 103/103/103
f 95/95/95 98/98/98 106/106/106
f 103/103/103 95/95/95 106/106/106
f 98/98/98 99/99/99 107/107/107
f 107/107/107 99/99/99 100/100/100
f 106/106/106 98/98/98 107/107/107
f 108/108/108 105/105/105 103/103/103
f 108/108/108 103/103/103 106/106/106
f 109/109/109 105/105/105 108/108/108
f 106/106/106 107/107/107 110/110/110
f 110/110/110 108/108/108 106/106/106
f 111/111/111 109/109/109 108/108/108
f 111/111/111 108/108/108 110/110/110
f 112/112/112 109/109/109 111/111/111
f 107/107/107 113/113/113 110/110/110
f 107/107/107 100/100/100 113/113/113
f 110/110/110 113/113/113 114/114/114
f 113/113/113 115/115/115 114/114/114
f 116/116/116 111/111/111 110/110/110
f 117/117/117 112/112/112 111/111/111
f 117/117/117 111/111/111 116/116/116
f 118/118/118 112/112/112 117/117/117
f 113/113/113 119/119/119 115/115/115
f 100/100/100 119/119/119 113/113/113
f 119/119/119 120/120/120 115/115/115
f 121/121/121 117/117/117 116/116/116
f 121/121/121 116/116/116 122/122/122
f 123/123/123 118/118/118 117/117/117
f 123/123/123 117/117/117 121/121/121
f 124/124/124 121/121/121 122/122/122
f 124/124/124 122/122/122 125/125/125
f 118/118/118 123/123/123 126/126/126
f 127/127/127 118/118/118 126/126/126
f 128/128/128 123/123/123 121/121/121
f 128/128/128 121/121/121 124/124/124
f 127/127/127 126/126/126 129/129/129
f 130/130/130 127/127/127 129/129/129
f 126/126/126 123/123/123 131/131/131
f 123/123/123 128/128/128 131/131/131
f 130/130/130 129/129/129 132/132/132
f 133/133/133 130/130/130 132/132/132
f 129/129/129 126/126/126 134/134/134
f 126/126/126 131/131/131 134/134/134
f 133/133/133 132/132/132 135/135/135
f 136/136/136 133/133/133 135/135/135
f 135/135/135 132/132/132 137/137/137
f 132/132/132 129/129/129 138/138/138
f 132/132/132 138/138/138 137/137/137
f 129/129/129 134/134/134 138/138/138
f 137/137/137 138/138/138 139/139/139
f 138/138/138 140/140/140 139/139/139
f 138/138/138 134/134/134 140/140/140
f 139/139/139 140/140/140 141/141/141
f 134/134/134 131/131/131 142/142/142
f 134/134/134 142/142/142 140/140/140
f 140/140/140 143/143/143 141/141/141
f 140/140/140 142/142/142 143/143/143
f 131/131/131 144/144/144 142/142/142
f 131/131/131 128/128/128 144/144/144
f 142/142/142 145/145/145 143/143/143
f 142/142/142 144/144/144 145/145/145
f 128/128/128 146/146/146 144/144/144
f 146/146/146 128/128/128 124/124/124
f 144/144/144 147/147/147 145/145/145
f 144/144/144 146/146/146 147/147/147
f 146/146/146 124/124/124 148/148/148
f 148/148/148 124/124/124 125/125/125
f 146/146/146 149/149/149 147/147/147
f 149/149/149 146/146/146 148/148/148
f 147/147/147 149/149/149 150/150/150
f 149/149/149 148/148/148 150/150/150
f 145/145/145 147/147/147 151/151/151
f 147/147/147 150/150/150 151/151/151
f 143/143/143 145/145/145 152/152/152
f 145/145/145 151/151/151 152/152/152
f 148/148/148 125/125/125 153/153/153
f 150/150/150 148/148/148 153/153/153
f 151/151/151 150/150/150 154/154/154
f 150/150/150 153/153/153 154/154/154
f 151/151/151 154/154/154 155/155/155
f 152/152/152 151/151/151 155/155/155
f 154/154/154 153/153/153 156/156/156
f 152/152/152 155/155/155 157/157/157
f 143/143/143 152/152/152 158/158/158
f 158/158/158 152/152/152 157/157/157
f 141/141/141 143/143/143 158/158/158
f 153/153/153 125/125/125 159/159/159
f 153/153/153 159/159/159 156/156/156
f 125/125/125 119/119/119 159/159/159
f 156/156/156 159/159/159 160/160/160
f 159/159/159 119/119/119 161/161/161
f 159/159/159 161/161/161 160/160/160
f 119/119/119 100/100/100 161/161/161
f 158/158/158 157/157/157 162/162/162
f 141/141/141 158/158/158 163/163/163
f 163/163/163 158/158/158 162/162/162
f 164/164/164 141/141/141 163/163/163
f 163/163/163 162/162/162 165/165/165
f 164/164/164 163/163/163 166/166/166
f 166/166/166 163/163/163 165/165/165
f 167/167/167 164/164/164 166/166/166
f 161/161/161 100/100/100 168/168/168
f 100/100/100 102/102/102 168/168/168
f 160/160/160 161/161/161 169/169/169
f 161/161/161 168/168/168 169/169/169
f 167/167/167 166/166/166 170/170/170
f 171/171/171 167/167/167 170/170/170
f 168/168/168 102/102/102 172/172/172
f 102/102/102 101/101/101 172/172/172
f 169/169/169 168/168/168 173/173/173
f 168/168/168 172/172/172 173/173/173
f 169/169/169 173/173/173 174/174/174
f 160/160/160 169/169/169 175/175/175
f 175/175/175 169/169/169 174/174/174
f 176/176/176 160/160/160 175/175/175
f 171/171/171 170/170/170 177/177/177
f 178/178/178 171/171/171 177/177/177
f 177/177/177 170/170/170 179/179/179
f 170/170/170 180/180/180 179/179/179
f 170/170/170 166/166/166 180/180/180
f 179/179/179 180/180/180 181/181/181
f 166/166/166 165/165/165 180/180/180
f 180/180/180 182/182/182 181/181/181
f 180/180/180 165/165/165 182/182/182
f 181/181/181 182/182/182 183/183/183
f 182/182/182 184/184/184 183/183/183
f 165/165/165 185/185/185 182/182/182
f 182/182/182 185/185/185 184/184/184
f 186/186/186 185/185/185 165/165/165
f 187/187/187 186/186/186 165/165/165
f 188/188/188 186/186/186 187/187/187
f 157/157/157 188/188/188 187/187/187
f 186/186/186 189/189/189 185/185/185
f 185/185/185 190/190/190 184/184/184
f 189/189/189 190/190/190 185/185/185
f 188/188/188 191/191/191 186/186/186
f 191/191/191 189/189/189 186/186/186
f 184/184/184 190/190/190 192/192/192
f 190/190/190 189/189/189 193/193/193
f 192/192/192 190/190/190 193/193/193
f 189/189/189 191/191/191 194/194/194
f 193/193/193 189/189/189 194/194/194
f 195/195/195 184/184/184 192/192/192
f 196/196/196 184/184/184 195/195/195
f 197/197/197 196/196/196 195/195/195
f 197/197/197 195/195/195 198/198/198
f 199/199/199 197/197/197 198/198/198
f 198/198/198 195/195/195 200/200/200
f 195/195/195 192/192/192 200/200/200
f 200/200/200 192/192/192 201/201/201
f 192/192/192 193/193/193 201/201/201
f 201/201/201 193/193/193 202/202/202
f 193/193/193 194/194/194 202/202/202
f 202/202/202 194/194/194 203/203/203
f 194/194/194 204/204/204 203/203/203
f 194/194/194 191/191/191 204/204/204
f 203/203/203 204/204/204 205/205/205
f 204/204/204 206/206/206 205/205/205
f 205/205/205 206/206/206 207/207/207
f 191/191/191 208/208/208 204/204/204
f 204/204/204 208/208/208 206/206/206
f 206/206/206 209/209/209 207/207/207
f 207/207/207 209/209/209 210/210/210
f 209/209/209 211/211/211 210/210/210
f 206/206/206 212/212/212 209/209/209
f 208/208/208 212/212/212 206/206/206
f 212/212/212 213/213/213 209/209/209
f 191/191/191 176/176/176 208/208/208
f 191/191/191 188/188/188 176/176/176
f 208/208/208 175/175/175 212/212/212
f 176/176/176 175/175/175 208/208/208
f 175/175/175 174/174/174 212/212/212
f 212/212/212 174/174/174 213/213/213
f 174/174/174 214/214/214 213/213/213
f 174/174/174 215/215/215 214/214/214
f 188/188/188 216/216/216 176/176/176
f 176/176/176 216/216/216 217/217/217
f 188/188/188 218/218/218 216/216/216
f 216/216/216 219/219/219 217/217/217
f 218/218/218 220/220/220 216/216/216
f 216/216/216 220/220/220 219/219/219
f 220/220/220 221/221/221 219/219/219
f 215/215/215 222/222/222 214/214/214
f 214/214/214 222/222/222 223/223/223
f 215/215/215 172/172/172 222/222/222
f 222/222/222 224/224/224 223/223/223
f 172/172/172 225/225/225 222/222/222
f 222/222/222 225/225/225 224/224/224
f 172/172/172 101/101/101 225/225/225
f 225/225/225 226/226/226 224/224/224
f 101/101/101 42/42/42 225/225/225
f 225/225/225 42/42/42 226/226/226
f 42/42/42 227/227/227 226/226/226
f 230/230/230 229/229/229 228/228/228
f 229/229/229 231/231/231 228/228/228
f 229/229/229 232/232/232 231/231/231
f 228/228/228 231/231/231 233/233/233
f 232/232/232 234/234/234 231/231/231
f 231/231/231 235/235/235 233/233/233
f 231/231/231 234/234/234 235/235/235
f 233/233/233 235/235/235 236/236/236
f 234/234/234 237/237/237 235/235/235
f 235/235/235 238/238/238 236/236/236
f 235/235/235 237/237/237 238/238/238
f 237/237/237 239/239/239 238/238/238
f 236/236/236 238/238/238 240/240/240
f 238/238/238 239/239/239 241/241/241
f 238/238/238 241/241/241 240/240/240
f 239/239/239 242/242/242 241/241/241
f 242/242/242 243/243/243 241/241/241
f 241/241/241 244/244/244 240/240/240
f 243/243/243 244/244/244 241/241/241
f 244/244/244 245/245/245 240/240/240
f 243/243/243 246/246/246 244/244/244
f 244/244/244 247/247/247 245/245/245
f 246/246/246 247/247/247 244/244/244
f 247/247/247 248/248/248 245/245/245
f 246/246/246 249/249/249 247/247/247
f 247/247/247 250/250/250 248/248/248
f 249/249/249 250/250/250 247/247/247
f 250/250/250 251/251/251 248/248/248
f 249/249/249 252/252/252 250/250/250
f 250/250/250 253/253/253 251/251/251
f 252/252/252 253/253/253 250/250/250
f 253/253/253 254/254/254 251/251/251
f 252/252/252 255/255/255 253/253/253
f 253/253/253 256/256/256 254/254/254
f 255/255/255 256/256/256 253/253/253
f 256/256/256 257/257/257 254/254/254
f 255/255/255 258/258/258 256/256/256
f 256/256/256 259/259/259 257/257/257
f 258/258/258 259/259/259 256/256/256
f 259/259/259 260/260/260 257/257/257
f 258/258/258 261/261/261 259/259/259
f 259/259/259 262/262/262 260/260/260
f 261/261/261 262/262/262 259/259/259
f 262/262/262 263/263/263 260/260/260
f 261/261/261 264/264/264 262/262/262
f 262/262/262 265/265/265 263/263/263
f 264/264/264 265/265/265 262/262/262
f 265/265/265 266/266/266 263/263/263
f 264/264/264 267/267/267 265/265/265
f 265/265/265 268/268/268 266/266/266
f 267/267/267 268/268/268 265/265/265
f 267/267/267 269/269/269 268/268/268
f 268/268/268 270/270/270 266/266/266
f 269/269/269 271/271/271 268/268/268
f 268/268/268 271/271/271 270/270/270
f 271/271/271 272/272/272 270/270/270
f 275/275/275 274/274/274 273/273/273
f 274/274/274 276/276/276 273/273/273
f 273/273/273 276/276/276 277/277/277
f 276/276/276 278/278/278 277/277/277
f 274/274/274 279/279/279 276/276/276
f 276/276/276 280/280/280 278/278/278
f 279/279/279 280/280/280 276/276/276
f 280/280/280 281/281/281 278/278/278
f 282/282/282 281/281/281 280/280/280
f 283/283/283 280/280/280 279/279/279
f 283/283/283 282/282/282 280/280/280
f 284/284/284 283/283/283 279/279/279
f 285/285/285 282/282/282 283/283/283
f 286/286/286 283/283/283 284/284/284
f 286/286/286 285/285/285 283/283/283
f 287/287/287 286/286/286 284/284/284
f 288/288/288 285/285/285 286/286/286
f 289/289/289 286/286/286 287/287/287
f 289/289/289 288/288/288 286/286/286
f 290/290/290 289/289/289 287/287/287
f 291/291/291 288/288/288 289/289/289
f 292/292/292 289/289/289 290/290/290
f 292/292/292 291/291/291 289/289/289
f 293/293/293 292/292/292 290/290/290
f 293/293/293 294/294/294 292/292/292
f 292/292/292 295/295/295 291/291/291
f 294/294/294 295/295/295 292/292/292
f 295/295/295 296/296/296 291/291/291
f 294/294/294 297/297/297 295/295/295
f 295/295/295 298/298/298 296/296/296
f 297/297/297 298/298/298 295/295/295
f 298/298/298 299/299/299 296/296/296
f 297/297/297 300/300/300 298/298/298
f 298/298/298 301/301/301 299/299/299
f 300/300/300 301/301/301 298/298/298
f 300/300/300 302/302/302 301/301/301
f 301/301/301 303/303/303 299/299/299
f 302/302/302 304/304/304 301/301/301
f 301/301/301 304/304/304 303/303/303
f 304/304/304 305/305/305 303/303/303
f 308/308/308 307/307/307 306/306/306
f 307/307/307 309/309/309 306/306/306
f 306/306/306 309/309/309 310/310/310
f 307/307/307 311/311/311 309/309/309
f 309/309/309 312/312/312 310/310/310
f 311/311/311 313/313/313 309/309/309
f 309/309/309 313/313/313 312/312/312
f 314/314/314 313/313/313 311/311/311
f 315/315/315 314/314/314 311/311/311
f 316/316/316 314/314/314 315/315/315
f 317/317/317 316/316/316 315/315/315
f 316/316/316 318/318/318 314/314/314
f 318/318/318 319/319/319 314/314/314
f 314/314/314 319/319/319 313/313/313
f 313/313/313 320/320/320 312/312/312
f 319/319/319 320/320/320 313/313/313
f 312/312/312 320/320/320 321/321/321
f 320/320/320 319/319/319 322/322/322
f 321/321/321 320/320/320 322/322/322
f 322/322/322 319/319/319 323/323/323
f 319/319/319 324/324/324 323/323/323
f 322/322/322 323/323/323 325/325/325
f 326/326/326 322/322/322 325/325/325
f 321/321/321 322/322/322 326/326/326
f 327/327/327 312/312/312 321/321/321
f 328/328/328 312/312/312 327/327/327
f 329/329/329 328/328/328 327/327/327
f 329/329/329 327/327/327 330/330/330
f 331/331/331 329/329/329 330/330/330
f 330/330/330 327/327/327 332/332/332
f 327/327/327 321/321/321 332/332/332
f 332/332/332 321/321/321 326/326/326
f 333/333/333 326/326/326 325/325/325
f 334/334/334 333/333/333 325/325/325
f 335/335/335 332/332/332 326/326/326
f 333/333/333 335/335/335 326/326/326
f 336/336/336 333/333/333 334/334/334
f 337/337/337 336/336/336 334/334/334
f 335/335/335 338/338/338 332/332/332
f 338/338/338 339/339/339 332/332/332
f 340/340/340 331/331/331 339/339/339
f 338/338/338 340/340/340 339/339/339
f 341/341/341 340/340/340 338/338/338
f 342/342/342 341/341/341 338/338/338
f 342/342/342 338/338/338 335/335/335
f 343/343/343 341/341/341 342/342/342
f 344/344/344 335/335/335 333/333/333
f 344/344/344 342/342/342 335/335/335
f 336/336/336 344/344/344 333/333/333
f 345/345/345 343/343/343 342/342/342
f 345/345/345 342/342/342 344/344/344
f 346/346/346 343/343/343 345/345/345
f 347/347/347 346/346/346 345/345/345
f 348/348/348 345/345/345 344/344/344
f 347/347/347 345/345/345 348/348/348
f 348/348/348 344/344/344 336/336/336
f 349/349/349 347/347/347 348/348/348
f 350/350/350 348/348/348 336/336/336
f 349/349/349 348/348/348 350/350/350
f 350/350/350 336/336/336 337/337/337
f 351/351/351 349/349/349 350/350/350
f 352/352/352 350/350/350 337/337/337
f 351/351/351 350/350/350 352/352/352
f 353/353/353 351/351/351 352/352/352
f 356/356/356 355/355/355 354/354/354
f 357/357/357 356/356/356 354/354/354
f 357/357/357 354/354/354 358/358/358
f 359/359/359 357/357/357 358/358/358
f 362/362/362 361/361/361 360/360/360
f 363/363/363 362/362/362 360/360/360
f 366/366/366 365/365/365 364/364/364
f 365/365/365 367/367/367 364/364/364
f 364/364/364 367/367/367 368/368/368
f 365/365/365 369/369/369 367/367/367
f 369/369/369 370/370/370 367/367/367
f 367/367/367 370/370/370 371/371/371
f 367/367/367 371/371/371 368/368/368
f 370/370/370 372/372/372 371/371/371
f 368/368/368 371/371/371 373/373/373
f 368/368/368 373/373/373 374/374/374
f 371/371/371 372/372/372 375/375/375
f 371/371/371 375/375/375 373/373/373
f 373/373/373 376/376/376 374/374/374
f 374/374/374 376/376/376 377/377/377
f 376/376/376 378/378/378 377/377/377
f 373/373/373 379/379/379 376/376/376
f 373/373/373 375/375/375 379/379/379
f 376/376/376 380/380/380 378/378/378
f 379/379/379 380/380/380 376/376/376
f 380/380/380 381/381/381 378/378/378
f 372/372/372 382/382/382 375/375/375
f 372/372/372 383/383/383 382/382/382
f 375/375/375 384/384/384 379/379/379
f 375/375/375 382/382/382 384/384/384
f 380/380/380 385/385/385 381/381/381
f 385/385/385 386/386/386 381/381/381
f 379/379/379 387/387/387 380/380/380
f 379/379/379 384/384/384 387/387/387
f 387/387/387 385/385/385 380/380/380
f 387/387/387 388/388/388 385/385/385
f 388/388/388 389/389/389 385/385/385
f 385/385/385 389/389/389 386/386/386
f 389/389/389 390/390/390 386/386/386
f 383/383/383 391/391/391 382/382/382
f 383/383/383 392/392/392 391/391/391
f 384/384/384 393/393/393 387/387/387
f 387/387/387 393/393/393 388/388/388
f 382/382/382 394/394/394 384/384/384
f 382/382/382 391/391/391 394/394/394
f 384/384/384 394/394/394 393/393/393
f 391/391/391 395/395/395 394/394/394
f 394/394/394 396/396/396 393/393/393
f 391/391/391 397/397/397 395/395/395
f 392/392/392 397/397/397 391/391/391
f 397/397/397 398/398/398 395/395/395
f 389/389/389 399/399/399 390/390/390
f 399/399/399 400/400/400 390/390/390
f 393/393/393 401/401/401 388/388/388
f 393/393/393 396/396/396 401/401/401
f 402/402/402 399/399/399 389/389/389
f 388/388/388 402/402/402 389/389/389
f 399/399/399 403/403/403 400/400/400
f 403/403/403 404/404/404 400/400/400
f 402/402/402 405/405/405 399/399/399
f 405/405/405 403/403/403 399/399/399
f 403/403/403 406/406/406 404/404/404
f 406/406/406 407/407/407 404/404/404
f 405/405/405 408/408/408 403/403/403
f 408/408/408 406/406/406 403/403/403
f 406/406/406 409/409/409 407/407/407
f 409/409/409 410/410/410 407/407/407
f 408/408/408 411/411/411 406/406/406
f 411/411/411 409/409/409 406/406/406
f 409/409/409 412/412/412 410/410/410
f 412/412/412 413/413/413 410/410/410
f 411/411/411 414/414/414 409/409/409
f 414/414/414 412/412/412 409/409/409
f 412/412/412 415/415/415 413/413/413
f 415/415/415 416/416/416 413/413/413
f 414/414/414 417/417/417 412/412/412
f 417/417/417 415/415/415 412/412/412
f 415/415/415 418/418/418 416/416/416
f 418/418/418 419/419/419 416/416/416
f 417/417/417 420/420/420 415/415/415
f 420/420/420 418/418/418 415/415/415
f 420/420/420 421/421/421 418/418/418
f 421/421/421 422/422/422 418/418/418
f 418/418/418 422/422/422 419/419/419
f 422/422/422 423/423/423 419/419/419
f 422/422/422 424/424/424 423/423/423
f 424/424/424 425/425/425 423/423/423
f 421/421/421 426/426/426 422/422/422
f 426/426/426 424/424/424 422/422/422
f 424/424/424 427/427/427 425/425/425
f 427/427/427 428/428/428 425/425/425
f 426/426/426 429/429/429 424/424/424
f 429/429/429 427/427/427 424/424/424
f 427/427/427 430/430/430 428/428/428
f 430/430/430 431/431/431 428/428/428
f 430/430/430 432/432/432 431/431/431
f 432/432/432 433/433/433 431/431/431
f 434/434/434 432/432/432 430/430/430
f 435/435/435 434/434/434 430/430/430
f 435/435/435 430/430/430 427/427/427
f 429/429/429 435/435/435 427/427/427
f 426/426/426 436/436/436 429/429/429
f 429/429/429 437/437/437 435/435/435
f 436/436/436 437/437/437 429/429/429
f 421/421/421 438/438/438 426/426/426
f 438/438/438 436/436/436 426/426/426
f 437/437/437 439/439/439 435/435/435
f 435/435/435 439/439/439 440/440/440
f 439/439/439 441/441/441 440/440/440
f 440/440/440 441/441/441 442/442/442
f 441/441/441 443/443/443 442/442/442
f 442/442/442 443/443/443 444/444/444
f 439/439/439 445/445/445 441/441/441
f 445/445/445 446/446/446 441/441/441
f 441/441/441 446/446/446 443/443/443
f 447/447/447 445/445/445 439/439/439
f 437/437/437 447/447/447 439/439/439
f 436/436/436 448/448/448 437/437/437
f 448/448/448 447/447/447 437/437/437
f 446/446/446 449/449/449 443/443/443
f 446/446/446 450/450/450 449/449/449
f 443/443/443 451/451/451 444/444/444
f 443/443/443 449/449/449 451/451/451
f 450/450/450 452/452/452 449/449/449
f 450/450/450 453/453/453 452/452/452
f 453/453/453 454/454/454 452/452/452
f 449/449/449 452/452/452 455/455/455
f 449/449/449 455/455/455 451/451/451
f 451/451/451 456/456/456 444/444/444
f 456/456/456 457/457/457 444/444/444
f 456/456/456 458/458/458 457/457/457
f 458/458/458 459/459/459 457/457/457
f 460/460/460 458/458/458 456/456/456
f 461/461/461 456/456/456 451/451/451
f 461/461/461 460/460/460 456/456/456
f 455/455/455 461/461/461 451/451/451
f 462/462/462 460/460/460 461/461/461
f 463/463/463 462/462/462 461/461/461
f 463/463/463 461/461/461 455/455/455
f 464/464/464 462/462/462 463/463/463
f 452/452/452 465/465/465 455/455/455
f 465/465/465 463/463/463 455/455/455
f 452/452/452 454/454/454 465/465/465
f 466/466/466 464/464/464 463/463/463
f 466/466/466 463/463/463 465/465/465
f 467/467/467 464/464/464 466/466/466
f 468/468/468 466/466/466 465/465/465
f 454/454/454 468/468/468 465/465/465
f 469/469/469 467/467/467 466/466/466
f 469/469/469 466/466/466 468/468/468
f 470/470/470 467/467/467 469/469/469
f 471/471/471 468/468/468 454/454/454
f 471/471/471 469/469/469 468/468/468
f 472/472/472 470/470/470 469/469/469
f 472/472/472 469/469/469 471/471/471
f 473/473/473 470/470/470 472/472/472
f 474/474/474 471/471/471 454/454/454
f 474/474/474 454/454/454 447/447/447
f 448/448/448 474/474/474 447/447/447
f 475/475/475 472/472/472 471/471/471
f 475/475/475 471/471/471 474/474/474
f 476/476/476 473/473/473 472/472/472
f 476/476/476 472/472/472 475/475/475
f 477/477/477 473/473/473 476/476/476
f 478/478/478 474/474/474 448/448/448
f 478/478/478 475/475/475 474/474/474
f 479/479/479 478/478/478 448/448/448
f 479/479/479 448/448/448 436/436/436
f 438/438/438 479/479/479 436/436/436
f 480/480/480 479/479/479 438/438/438
f 481/481/481 480/480/480 438/438/438
f 475/475/475 480/480/480 481/481/481
f 481/481/481 438/438/438 421/421/421
f 482/482/482 476/476/476 475/475/475
f 482/482/482 475/475/475 481/481/481
f 483/483/483 477/477/477 476/476/476
f 483/483/483 476/476/476 482/482/482
f 484/484/484 477/477/477 483/483/483
f 482/482/482 481/481/481 485/485/485
f 485/485/485 481/481/481 421/421/421
f 486/486/486 484/484/484 483/483/483
f 487/487/487 484/484/484 486/486/486
f 488/488/488 483/483/483 482/482/482
f 488/488/488 482/482/482 485/485/485
f 486/486/486 483/483/483 488/488/488
f 489/489/489 487/487/487 486/486/486
f 490/490/490 487/487/487 489/489/489
f 491/491/491 486/486/486 488/488/488
f 489/489/489 486/486/486 491/491/491
f 485/485/485 492/492/492 488/488/488
f 492/492/492 491/491/491 488/488/488
f 421/421/421 493/493/493 485/485/485
f 493/493/493 492/492/492 485/485/485
f 494/494/494 490/490/490 489/489/489
f 495/495/495 490/490/490 494/494/494
f 496/496/496 489/489/489 491/491/491
f 494/494/494 489/489/489 496/496/496
f 492/492/492 497/497/497 491/491/491
f 497/497/497 496/496/496 491/491/491
f 498/498/498 495/495/495 494/494/494
f 499/499/499 495/495/495 498/498/498
f 500/500/500 494/494/494 496/496/496
f 498/498/498 494/494/494 500/500/500
f 501/501/501 499/499/499 498/498/498
f 502/502/502 499/499/499 501/501/501
f 503/503/503 493/493/493 421/421/421
f 420/420/420 503/503/503 421/421/421
f 493/493/493 504/504/504 492/492/492
f 504/504/504 497/497/497 492/492/492
f 505/505/505 504/504/504 493/493/493
f 504/504/504 505/505/505 497/497/497
f 503/503/503 505/505/505 493/493/493
f 497/497/497 506/506/506 496/496/496
f 505/505/505 506/506/506 497/497/497
f 506/506/506 500/500/500 496/496/496
f 507/507/507 498/498/498 500/500/500
f 501/501/501 498/498/498 507/507/507
f 506/506/506 508/508/508 500/500/500
f 508/508/508 507/507/507 500/500/500
f 509/509/509 508/508/508 506/506/506
f 505/505/505 509/509/509 506/506/506
f 509/509/509 505/505/505 503/503/503
f 510/510/510 503/503/503 420/420/420
f 510/510/510 509/509/509 503/503/503
f 417/417/417 510/510/510 420/420/420
f 511/511/511 501/501/501 507/507/507
f 511/511/511 507/507/507 512/512/512
f 513/513/513 512/512/512 509/509/509
f 513/513/513 511/511/511 512/512/512
f 514/514/514 510/510/510 417/417/417
f 414/414/414 514/514/514 417/417/417
f 515/515/515 509/509/509 510/510/510
f 515/515/515 513/513/513 509/509/509
f 514/514/514 515/515/515 510/510/510
f 516/516/516 501/501/501 511/511/511
f 516/516/516 502/502/502 501/501/501
f 517/517/517 502/502/502 516/516/516
f 518/518/518 514/514/514 414/414/414
f 519/519/519 518/518/518 414/414/414
f 520/520/520 511/511/511 513/513/513
f 520/520/520 516/516/516 511/511/511
f 521/521/521 517/517/517 516/516/516
f 521/521/521 516/516/516 520/520/520
f 522/522/522 517/517/517 521/521/521
f 523/523/523 520/520/520 513/513/513
f 523/523/523 513/513/513 515/515/515
f 524/524/524 521/521/521 520/520/520
f 525/525/525 515/515/515 514/514/514
f 518/518/518 525/525/525 514/514/514
f 525/525/525 523/523/523 515/515/515
f 523/523/523 525/525/525 518/518/518
f 526/526/526 518/518/518 519/519/519
f 526/526/526 523/523/523 518/518/518
f 527/527/527 523/523/523 526/526/526
f 524/524/524 527/527/527 526/526/526
f 528/528/528 526/526/526 519/519/519
f 524/524/524 526/526/526 528/528/528
f 529/529/529 524/524/524 528/528/528
f 530/530/530 522/522/522 521/521/521
f 530/530/530 521/521/521 524/524/524
f 529/529/529 530/530/530 524/524/524
f 531/531/531 522/522/522 530/530/530
f 532/532/532 531/531/531 530/530/530
f 532/532/532 530/530/530 529/529/529
f 533/533/533 531/531/531 532/532/532
f 534/534/534 533/533/533 532/532/532
f 535/535/535 533/533/533 534/534/534
f 536/536/536 532/532/532 529/529/529
f 534/534/534 532/532/532 536/536/536
f 537/537/537 535/535/535 534/534/534
f 538/538/538 535/535/535 537/537/537
f 539/539/539 536/536/536 529/529/529
f 540/540/540 539/539/539 529/529/529
f 541/541/541 534/534/534 536/536/536
f 537/537/537 534/534/534 541/541/541
f 542/542/542 538/538/538 537/537/537
f 543/543/543 538/538/538 542/542/542
f 544/544/544 539/539/539 540/540/540
f 411/411/411 544/544/544 540/540/540
f 539/539/539 545/545/545 536/536/536
f 545/545/545 541/541/541 536/536/536
f 546/546/546 537/537/537 541/541/541
f 542/542/542 537/537/537 546/546/546
f 547/547/547 543/543/543 542/542/542
f 548/548/548 543/543/543 547/547/547
f 544/544/544 549/549/549 539/539/539
f 549/549/549 545/545/545 539/539/539
f 550/550/550 544/544/544 411/411/411
f 408/408/408 550/550/550 411/411/411
f 551/551/551 549/549/549 544/544/544
f 549/549/549 551/551/551 545/545/545
f 550/550/550 551/551/551 544/544/544
f 545/545/545 552/552/552 541/541/541
f 551/551/551 552/552/552 545/545/545
f 552/552/552 546/546/546 541/541/541
f 551/551/551 553/553/553 552/552/552
f 553/553/553 554/554/554 552/552/552
f 552/552/552 554/554/554 546/546/546
f 554/554/554 555/555/555 546/546/546
f 555/555/555 542/542/542 546/546/546
f 556/556/556 551/551/551 550/550/550
f 547/547/547 542/542/542 555/555/555
f 557/557/557 550/550/550 408/408/408
f 557/557/557 556/556/556 550/550/550
f 405/405/405 557/557/557 408/408/408
f 558/558/558 547/547/547 555/555/555
f 558/558/558 555/555/555 559/559/559
f 560/560/560 559/559/559 556/556/556
f 560/560/560 558/558/558 559/559/559
f 561/561/561 557/557/557 405/405/405
f 402/402/402 561/561/561 405/405/405
f 562/562/562 556/556/556 557/557/557
f 562/562/562 560/560/560 556/556/556
f 561/561/561 562/562/562 557/557/557
f 563/563/563 547/547/547 558/558/558
f 563/563/563 548/548/548 547/547/547
f 564/564/564 548/548/548 563/563/563
f 565/565/565 561/561/561 402/402/402
f 388/388/388 565/565/565 402/402/402
f 566/566/566 558/558/558 560/560/560
f 566/566/566 563/563/563 558/558/558
f 567/567/567 564/564/564 563/563/563
f 567/567/567 563/563/563 566/566/566
f 568/568/568 564/564/564 567/567/567
f 569/569/569 560/560/560 562/562/562
f 569/569/569 566/566/566 560/560/560
f 570/570/570 562/562/562 561/561/561
f 565/565/565 570/570/570 561/561/561
f 570/570/570 569/569/569 562/562/562
f 569/569/569 570/570/570 565/565/565
f 571/571/571 569/569/569 565/565/565
f 571/571/571 565/565/565 388/388/388
f 566/566/566 569/569/569 571/571/571
f 572/572/572 567/567/567 566/566/566
f 572/572/572 566/566/566 571/571/571
f 573/573/573 568/568/568 567/567/567
f 573/573/573 567/567/567 572/572/572
f 574/574/574 568/568/568 573/573/573
f 575/575/575 571/571/571 388/388/388
f 572/572/572 571/571/571 575/575/575
f 388/388/388 401/401/401 575/575/575
f 576/576/576 574/574/574 573/573/573
f 577/577/577 574/574/574 576/576/576
f 578/578/578 573/573/573 572/572/572
f 578/578/578 572/572/572 575/575/575
f 576/576/576 573/573/573 578/578/578
f 401/401/401 579/579/579 575/575/575
f 575/575/575 579/579/579 578/578/578
f 580/580/580 577/577/577 576/576/576
f 581/581/581 577/577/577 580/580/580
f 582/582/582 576/576/576 578/578/578
f 579/579/579 582/582/582 578/578/578
f 580/580/580 576/576/576 582/582/582
f 401/401/401 583/583/583 579/579/579
f 396/396/396 583/583/583 401/401/401
f 583/583/583 584/584/584 579/579/579
f 579/579/579 584/584/584 582/582/582
f 583/583/583 396/396/396 584/584/584
f 585/585/585 581/581/581 580/580/580
f 586/586/586 581/581/581 585/585/585
f 587/587/587 580/580/580 582/582/582
f 584/584/584 587/587/587 582/582/582
f 585/585/585 580/580/580 587/587/587
f 396/396/396 588/588/588 584/584/584
f 584/584/584 588/588/588 587/587/587
f 396/396/396 589/589/589 588/588/588
f 589/589/589 590/590/590 588/588/588
f 588/588/588 591/591/591 587/587/587
f 588/588/588 590/590/590 591/591/591
f 591/591/591 585/585/585 587/587/587
f 590/590/590 398/398/398 591/591/591
f 592/592/592 586/586/586 585/585/585
f 592/592/592 585/585/585 591/591/591
f 398/398/398 592/592/592 591/591/591
f 593/593/593 586/586/586 592/592/592
f 594/594/594 592/592/592 398/398/398
f 594/594/594 593/593/593 592/592/592
f 397/397/397 594/594/594 398/398/398
f 595/595/595 593/593/593 594/594/594
f 596/596/596 594/594/594 397/397/397
f 596/596/596 595/595/595 594/594/594
f 392/392/392 596/596/596 397/397/397
f 597/597/597 595/595/595 596/596/596
f 598/598/598 596/596/596 392/392/392
f 598/598/598 597/597/597 596/596/596
f 599/599/599 597/597/597 598/598/598
f 365/365/365 598/598/598 392/392/392
f 600/600/600 599/599/599 598/598/598
f 600/600/600 598/598/598 365/365/365
f 601/601/601 600/600/600 365/365/365
f 604/604/604 603/603/603 602/602/602
f 603/603/603 605/605/605 602/602/602
f 602/602/602 605/605/605 606/606/606
f 603/603/603 607/607/607 605/605/605
f 605/605/605 608/608/608 606/606/606
f 606/606/606 608/608/608 609/609/609
f 607/607/607 610/610/610 605/605/605
f 605/605/605 610/610/610 608/608/608
f 607/607/607 611/611/611 610/610/610
f 608/608/608 612/612/612 609/609/609
f 609/609/609 612/612/612 613/613/613
f 610/610/610 614/614/614 608/608/608
f 608/608/608 614/614/614 612/612/612
f 611/611/611 615/615/615 610/610/610
f 610/610/610 615/615/615 614/614/614
f 611/611/611 616/616/616 615/615/615
f 616/616/616 617/617/617 615/615/615
f 615/615/615 617/617/617 618/618/618
f 615/615/615 618/618/618 614/614/614
f 617/617/617 619/619/619 618/618/618
f 612/612/612 620/620/620 613/613/613
f 613/613/613 620/620/620 621/621/621
f 614/614/614 622/622/622 612/612/612
f 614/614/614 618/618/618 622/622/622
f 612/612/612 622/622/622 620/620/620
f 618/618/618 619/619/619 623/623/623
f 618/618/618 623/623/623 622/622/622
f 619/619/619 624/624/624 623/623/623
f 620/620/620 625/625/625 621/621/621
f 621/621/621 625/625/625 626/626/626
f 622/622/622 627/627/627 620/620/620
f 622/622/622 623/623/623 627/627/627
f 620/620/620 627/627/627 625/625/625
f 623/623/623 624/624/624 628/628/628
f 623/623/623 628/628/628 627/627/627
f 624/624/624 629/629/629 628/628/628
f 625/625/625 630/630/630 626/626/626
f 626/626/626 630/630/630 631/631/631
f 627/627/627 632/632/632 625/625/625
f 627/627/627 628/628/628 632/632/632
f 625/625/625 632/632/632 630/630/630
f 628/628/628 629/629/629 633/633/633
f 628/628/628 633/633/633 632/632/632
f 629/629/629 634/634/634 633/633/633
f 630/630/630 635/635/635 631/631/631
f 631/631/631 635/635/635 636/636/636
f 632/632/632 637/637/637 630/630/630
f 632/632/632 633/633/633 637/637/637
f 630/630/630 637/637/637 635/635/635
f 633/633/633 634/634/634 638/638/638
f 633/633/633 638/638/638 637/637/637
f 634/634/634 639/639/639 638/638/638
f 635/635/635 640/640/640 636/636/636
f 636/636/636 640/640/640 641/641/641
f 637/637/637 642/642/642 635/635/635
f 637/637/637 638/638/638 642/642/642
f 635/635/635 642/642/642 640/640/640
f 638/638/638 639/639/639 643/643/643
f 638/638/638 643/643/643 642/642/642
f 639/639/639 644/644/644 643/643/643
f 640/640/640 645/645/645 641/641/641
f 641/641/641 645/645/645 646/646/646
f 642/642/642 647/647/647 640/640/640
f 642/642/642 643/643/643 647/647/647
f 640/640/640 647/647/647 645/645/645
f 643/643/643 644/644/644 648/648/648
f 643/643/643 648/648/648 647/647/647
f 644/644/644 649/649/649 648/648/648
f 645/645/645 650/650/650 646/646/646
f 646/646/646 650/650/650 651/651/651
f 647/647/647 652/652/652 645/645/645
f 647/647/647 648/648/648 652/652/652
f 645/645/645 652/652/652 650/650/650
f 648/648/648 649/649/649 653/653/653
f 648/648/648 653/653/653 652/652/652
f 649/649/649 654/654/654 653/653/653
f 650/650/650 655/655/655 651/651/651
f 651/651/651 655/655/655 656/656/656
f 652/652/652 657/657/657 650/650/650
f 652/652/652 653/653/653 657/657/657
f 650/650/650 657/657/657 655/655/655
f 653/653/653 654/654/654 658/658/658
f 653/653/653 658/658/658 657/657/657
f 654/654/654 659/659/659 658/658/658
f 655/655/655 660/660/660 656/656/656
f 656/656/656 660/660/660 661/661/661
f 657/657/657 662/662/662 655/655/655
f 657/657/657 658/658/658 662/662/662
f 655/655/655 662/662/662 660/660/660
f 658/658/658 659/659/659 663/663/663
f 658/658/658 663/663/663 662/662/662
f 659/659/659 664/664/664 663/663/663
f 660/660/660 665/665/665 661/661/661
f 661/661/661 665/665/665 666/666/666
f 662/662/662 667/667/667 660/660/660
f 662/662/662 663/663/663 667/667/667
f 660/660/660 667/667/667 665/665/665
f 663/663/663 664/664/664 668/668/668
f 663/663/663 668/668/668 667/667/667
f 664/664/664 669/669/669 668/668/668
f 665/665/665 670/670/670 666/666/666
f 666/666/666 670/670/670 671/671/671
f 667/667/667 672/672/672 665/665/665
f 667/667/667 668/668/668 672/672/672
f 665/665/665 672/672/672 670/670/670
f 668/668/668 669/669/669 673/673/673
f 668/668/668 673/673/673 672/672/672
f 669/669/669 674/674/674 673/673/673
f 670/670/670 675/675/675 671/671/671
f 671/671/671 675/675/675 676/676/676
f 672/672/672 677/677/677 670/670/670
f 672/672/672 673/673/673 677/677/677
f 670/670/670 677/677/677 675/675/675
f 673/673/673 674/674/674 678/678/678
f 673/673/673 678/678/678 677/677/677
f 674/674/674 679/679/679 678/678/678
f 675/675/675 680/680/680 676/676/676
f 676/676/676 680/680/680 681/681/681
f 677/677/677 682/682/682 675/675/675
f 677/677/677 678/678/678 682/682/682
f 675/675/675 682/682/682 680/680/680
f 678/678/678 679/679/679 683/683/683
f 678/678/678 683/683/683 682/682/682
f 679/679/679 684/684/684 683/683/683
f 680/680/680 685/685/685 681/681/681
f 681/681/681 685/685/685 686/686/686
f 682/682/682 687/687/687 680/680/680
f 682/682/682 683/683/683 687/687/687
f 680/680/680 687/687/687 685/685/685
f 683/683/683 684/684/684 688/688/688
f 683/683/683 688/688/688 687/687/687
f 684/684/684 689/689/689 688/688/688
f 685/685/685 690/690/690 686/686/686
f 686/686/686 690/690/690 691/691/691
f 687/687/687 692/692/692 685/685/685
f 687/687/687 688/688/688 692/692/692
f 685/685/685 692/692/692 690/690/690
f 688/688/688 689/689/689 693/693/693
f 688/688/688 693/693/693 692/692/692
f 689/689/689 694/694/694 693/693/693
f 690/690/690 695/695/695 691/691/691
f 691/691/691 695/695/695 696/696/696
f 692/692/692 697/697/697 690/690/690
f 692/692/692 693/693/693 697/697/697
f 690/690/690 697/697/697 695/695/695
f 693/693/693 694/694/694 698/698/698
f 693/693/693 698/698/698 697/697/697
f 694/694/694 699/699/699 698/698/698
f 695/695/695 700/700/700 696/696/696
f 696/696/696 700/700/700 701/701/701
f 697/697/697 702/702/702 695/695/695
f 697/697/697 698/698/698 702/702/702
f 695/695/695 702/702/702 700/700/700
f 698/698/698 699/699/699 703/703/703
f 698/698/698 703/703/703 702/702/702
f 699/699/699 704/704/704 703/703/703
f 700/700/700 705/705/705 701/701/701
f 701/701/701 705/705/705 706/706/706
f 702/702/702 707/707/707 700/700/700
f 702/702/702 703/703/703 707/707/707
f 700/700/700 707/707/707 705/705/705
f 703/703/703 704/704/704 708/708/708
f 703/703/703 708/708/708 707/707/707
f 704/704/704 709/709/709 708/708/708
f 705/705/705 710/710/710 706/706/706
f 706/706/706 710/710/710 711/711/711
f 707/707/707 712/712/712 705/705/705
f 707/707/707 708/708/708 712/712/712
f 705/705/705 712/712/712 710/710/710
f 708/708/708 709/709/709 713/713/713
f 708/708/708 713/713/713 712/712/712
f 709/709/709 714/714/714 713/713/713
f 710/710/710 715/715/715 711/711/711
f 711/711/711 715/715/715 716/716/716
f 712/712/712 717/717/717 710/710/710
f 712/712/712 713/713/713 717/717/717
f 710/710/710 717/717/717 715/715/715
f 713/713/713 714/714/714 718/718/718
f 713/713/713 718/718/718 717/717/717
f 714/714/714 719/719/719 718/718/718
f 715/715/715 720/720/720 716/716/716
f 716/716/716 720/720/720 721/721/721
f 717/717/717 722/722/722 715/715/715
f 717/717/717 718/718/718 722/722/722
f 715/715/715 722/722/722 720/720/720
f 718/718/718 719/719/719 723/723/723
f 718/718/718 723/723/723 722/722/722
f 719/719/719 724/724/724 723/723/723
f 720/720/720 725/725/725 721/721/721
f 721/721/721 725/725/725 726/726/726
f 722/722/722 727/727/727 720/720/720
f 722/722/722 723/723/723 727/727/727
f 720/720/720 727/727/727 725/725/725
f 723/723/723 724/724/724 728/728/728
f 723/723/723 728/728/728 727/727/727
f 724/724/724 729/729/729 728/728/728
f 725/725/725 730/730/730 726/726/726
f 726/726/726 730/730/730 731/731/731
f 727/727/727 732/732/732 725/725/725
f 727/727/727 728/728/728 732/732/732
f 725/725/725 732/732/732 730/730/730
f 728/728/728 729/729/729 733/733/733
f 728/728/728 733/733/733 732/732/732
f 729/729/729 734/734/734 733/733/733
f 730/730/730 735/735/735 731/731/731
f 731/731/731 735/735/735 736/736/736
f 732/732/732 737/737/737 730/730/730
f 732/732/732 733/733/733 737/737/737
f 730/730/730 737/737/737 735/735/735
f 733/733/733 734/734/734 738/738/738
f 733/733/733 738/738/738 737/737/737
f 734/734/734 739/739/739 738/738/738
f 735/735/735 740/740/740 736/736/736
f 736/736/736 740/740/740 741/741/741
f 737/737/737 742/742/742 735/735/735
f 737/737/737 738/738/738 742/742/742
f 735/735/735 742/742/742 740/740/740
f 738/738/738 739/739/739 743/743/743
f 738/738/738 743/743/743 742/742/742
f 739/739/739 744/744/744 743/743/743
f 740/740/740 745/745/745 741/741/741
f 741/741/741 745/745/745 746/746/746
f 742/742/742 747/747/747 740/740/740
f 742/742/742 743/743/743 747/747/747
f 740/740/740 747/747/747 745/745/745
f 743/743/743 744/744/744 748/748/748
f 743/743/743 748/748/748 747/747/747
f 744/744/744 749/749/749 748/748/748
f 745/745/745 750/750/750 746/746/746
f 746/746/746 750/750/750 751/751/751
f 747/747/747 752/752/752 745/745/745
f 747/747/747 748/748/748 752/752/752
f 745/745/745 752/752/752 750/750/750
f 748/748/748 749/749/749 753/753/753
f 748/748/748 753/753/753 752/752/752
f 749/749/749 754/754/754 753/753/753
f 750/750/750 755/755/755 751/751/751
f 751/751/751 755/755/755 756/756/756
f 755/755/755 757/757/757 756/756/756
f 752/752/752 758/758/758 750/750/750
f 752/752/752 753/753/753 758/758/758
f 750/750/750 758/758/758 755/755/755
f 753/753/753 754/754/754 759/759/759
f 753/753/753 759/759/759 758/758/758
f 754/754/754 760/760/760 759/759/759
f 755/755/755 761/761/761 757/757/757
f 758/758/758 761/761/761 755/755/755
f 758/758/758 759/759/759 761/761/761
f 761/761/761 762/762/762 757/757/757
f 759/759/759 760/760/760 763/763/763
f 759/759/759 763/763/763 761/761/761
f 761/761/761 763/763/763 762/762/762
f 760/760/760 764/764/764 763/763/763
f 763/763/763 765/765/765 762/762/762
f 763/763/763 764/764/764 765/765/765
f 764/764/764 766/766/766 765/765/765
f 769/769/769 768/768/768 767/767/767
f 770/770/770 769/769/769 767/767/767
f 771/771/771 769/769/769 770/770/770
f 770/770/770 767/767/767 772/772/772
f 773/773/773 771/771/771 770/770/770
f 774/774/774 770/770/770 772/772/772
f 773/773/773 770/770/770 774/774/774
f 775/775/775 772/772/772 767/767/767
f 776/776/776 775/775/775 767/767/767
f 776/776/776 767/767/767 777/777/777
f 778/778/778 776/776/776 777/777/777
f 778/778/778 777/777/777 779/779/779
f 780/780/780 779/779/779 771/771/771
f 780/780/780 778/778/778 779/779/779
f 781/781/781 776/776/776 778/778/778
f 782/782/782 781/781/781 778/778/778
f 782/782/782 778/778/778 780/780/780
f 781/781/781 783/783/783 776/776/776
f 783/783/783 775/775/775 776/776/776
f 784/784/784 782/782/782 780/780/780
f 783/783/783 785/785/785 775/775/775
f 784/784/784 780/780/780 786/786/786
f 786/786/786 780/780/780 771/771/771
f 787/787/787 784/784/784 786/786/786
f 785/785/785 788/788/788 775/775/775
f 775/775/775 788/788/788 772/772/772
f 785/785/785 789/789/789 788/788/788
f 786/786/786 771/771/771 790/790/790
f 790/790/790 771/771/771 773/773/773
f 787/787/787 786/786/786 791/791/791
f 791/791/791 786/786/786 790/790/790
f 792/792/792 787/787/787 791/791/791
f 788/788/788 793/793/793 772/772/772
f 774/774/774 772/772/772 793/793/793
f 789/789/789 794/794/794 788/788/788
f 788/788/788 794/794/794 793/793/793
f 789/789/789 795/795/795 794/794/794
f 792/792/792 791/791/791 796/796/796
f 797/797/797 792/792/792 796/796/796
f 791/791/791 790/790/790 798/798/798
f 796/796/796 791/791/791 798/798/798
f 795/795/795 799/799/799 794/794/794
f 795/795/795 800/800/800 799/799/799
f 794/794/794 801/801/801 793/793/793
f 794/794/794 799/799/799 801/801/801
f 802/802/802 774/774/774 793/793/793
f 802/802/802 793/793/793 801/801/801
f 797/797/797 796/796/796 803/803/803
f 804/804/804 797/797/797 803/803/803
f 798/798/798 790/790/790 805/805/805
f 805/805/805 790/790/790 773/773/773
f 806/806/806 773/773/773 774/774/774
f 806/806/806 774/774/774 802/802/802
f 805/805/805 773/773/773 806/806/806
f 796/796/796 798/798/798 807/807/807
f 807/807/807 798/798/798 805/805/805
f 803/803/803 796/796/796 807/807/807
f 799/799/799 808/808/808 801/801/801
f 808/808/808 802/802/802 801/801/801
f 804/804/804 803/803/803 809/809/809
f 810/810/810 804/804/804 809/809/809
f 811/811/811 805/805/805 806/806/806
f 807/807/807 805/805/805 811/811/811
f 812/812/812 806/806/806 802/802/802
f 812/812/812 802/802/802 808/808/808
f 811/811/811 806/806/806 812/812/812
f 803/803/803 807/807/807 813/813/813
f 813/813/813 807/807/807 811/811/811
f 809/809/809 803/803/803 813/813/813
f 799/799/799 814/814/814 808/808/808
f 800/800/800 814/814/814 799/799/799
f 800/800/800 815/815/815 814/814/814
f 810/810/810 809/809/809 816/816/816
f 817/817/817 810/810/810 816/816/816
f 818/818/818 811/811/811 812/812/812
f 813/813/813 811/811/811 818/818/818
f 819/819/819 812/812/812 808/808/808
f 814/814/814 819/819/819 808/808/808
f 818/818/818 812/812/812 819/819/819
f 815/815/815 820/820/820 814/814/814
f 814/814/814 820/820/820 819/819/819
f 815/815/815 821/821/821 820/820/820
f 809/809/809 813/813/813 822/822/822
f 822/822/822 813/813/813 818/818/818
f 816/816/816 809/809/809 822/822/822
f 823/823/823 818/818/818 819/819/819
f 822/822/822 818/818/818 823/823/823
f 824/824/824 822/822/822 823/823/823
f 816/816/816 822/822/822 824/824/824
f 820/820/820 825/825/825 819/819/819
f 821/821/821 826/826/826 820/820/820
f 820/820/820 826/826/826 825/825/825
f 826/826/826 824/824/824 825/825/825
f 826/826/826 816/816/816 824/824/824
f 821/821/821 817/817/817 826/826/826
f 817/817/817 816/816/816 826/826/826
f 829/829/829 828/828/828 827/827/827
f 828/828/828 830/830/830 827/827/827
f 827/827/827 830/830/830 831/831/831
f 828/828/828 832/832/832 830/830/830
f 830/830/830 833/833/833 831/831/831
f 831/831/831 833/833/833 834/834/834
f 832/832/832 835/835/835 830/830/830
f 830/830/830 835/835/835 833/833/833
f 832/832/832 836/836/836 835/835/835
f 833/833/833 837/837/837 834/834/834
f 834/834/834 837/837/837 838/838/838
f 837/837/837 839/839/839 838/838/838
f 835/835/835 840/840/840 833/833/833
f 833/833/833 840/840/840 837/837/837
f 836/836/836 841/841/841 835/835/835
f 835/835/835 841/841/841 840/840/840
f 836/836/836 842/842/842 841/841/841
f 840/840/840 843/843/843 837/837/837
f 837/837/837 843/843/843 839/839/839
f 841/841/841 844/844/844 840/840/840
f 840/840/840 844/844/844 843/843/843
f 842/842/842 845/845/845 841/841/841
f 841/841/841 845/845/845 844/844/844
f 844/844/844 846/846/846 843/843/843
f 843/843/843 847/847/847 839/839/839
f 843/843/843 846/846/846 847/847/847
f 845/845/845 848/848/848 844/844/844
f 844/844/844 848/848/848 846/846/846
f 842/842/842 849/849/849 845/845/845
f 845/845/845 850/850/850 848/848/848
f 849/849/849 850/850/850 845/845/845
f 848/848/848 851/851/851 846/846/846
f 846/846/846 852/852/852 847/847/847
f 846/846/846 851/851/851 852/852/852
f 850/850/850 853/853/853 848/848/848
f 848/848/848 853/853/853 851/851/851
f 839/839/839 847/847/847 854/854/854
f 847/847/847 852/852/852 855/855/855
f 847/847/847 855/855/855 854/854/854
f 839/839/839 854/854/854 856/856/856
f 857/857/857 839/839/839 856/856/856
f 849/849/849 858/858/858 850/850/850
f 858/858/858 859/859/859 850/850/850
f 850/850/850 859/859/859 853/853/853
f 860/860/860 858/858/858 849/849/849
f 859/859/859 861/861/861 853/853/853
f 862/862/862 860/860/860 849/849/849
f 863/863/863 860/860/860 862/862/862
f 862/862/862 849/849/849 842/842/842
f 864/864/864 863/863/863 862/862/862
f 853/853/853 861/861/861 865/865/865
f 853/853/853 865/865/865 851/851/851
f 861/861/861 866/866/866 865/865/865
f 867/867/867 862/862/862 842/842/842
f 864/864/864 862/862/862 867/867/867
f 867/867/867 842/842/842 868/868/868
f 869/869/869 864/864/864 867/867/867
f 870/870/870 867/867/867 868/868/868
f 869/869/869 867/867/867 870/870/870
f 870/870/870 868/868/868 871/871/871
f 872/872/872 869/869/869 870/870/870
f 873/873/873 870/870/870 871/871/871
f 872/872/872 870/870/870 873/873/873
f 873/873/873 871/871/871 874/874/874
f 875/875/875 872/872/872 873/873/873
f 876/876/876 873/873/873 874/874/874
f 875/875/875 873/873/873 876/876/876
f 877/877/877 875/875/875 876/876/876
f 876/876/876 874/874/874 878/878/878
f 877/877/877 876/876/876 879/879/879
f 879/879/879 876/876/876 878/878/878
f 880/880/880 877/877/877 879/879/879
f 880/880/880 879/879/879 881/881/881
f 882/882/882 880/880/880 881/881/881
f 879/879/879 878/878/878 883/883/883
f 881/881/881 879/879/879 883/883/883
f 882/882/882 881/881/881 884/884/884
f 885/885/885 882/882/882 884/884/884
f 884/884/884 881/881/881 886/886/886
f 881/881/881 883/883/883 886/886/886
f 886/886/886 883/883/883 887/887/887
f 883/883/883 878/878/878 888/888/888
f 883/883/883 888/888/888 887/887/887
f 878/878/878 889/889/889 888/888/888
f 887/887/887 888/888/888 890/890/890
f 888/888/888 889/889/889 891/891/891
f 888/888/888 891/891/891 890/890/890
f 889/889/889 892/892/892 891/891/891
f 890/890/890 891/891/891 893/893/893
f 891/891/891 892/892/892 894/894/894
f 891/891/891 894/894/894 893/893/893
f 892/892/892 895/895/895 894/894/894
f 893/893/893 894/894/894 896/896/896
f 894/894/894 895/895/895 897/897/897
f 894/894/894 897/897/897 896/896/896
f 895/895/895 857/857/857 897/897/897
f 896/896/896 897/897/897 898/898/898
f 897/897/897 857/857/857 899/899/899
f 897/897/897 899/899/899 898/898/898
f 898/898/898 899/899/899 900/900/900
f 857/857/857 856/856/856 899/899/899
f 899/899/899 901/901/901 900/900/900
f 899/899/899 856/856/856 901/901/901
f 900/900/900 901/901/901 902/902/902
f 901/901/901 903/903/903 902/902/902
f 856/856/856 904/904/904 901/901/901
f 901/901/901 904/904/904 903/903/903
f 904/904/904 905/905/905 903/903/903
f 903/903/903 905/905/905 906/906/906
f 905/905/905 907/907/907 906/906/906
f 906/906/906 907/907/907 908/908/908
f 906/906/906 908/908/908 909/909/909
f 910/910/910 906/906/906 909/909/909
f 909/909/909 908/908/908 911/911/911
f 908/908/908 912/912/912 911/911/911
f 911/911/911 912/912/912 913/913/913
f 912/912/912 914/914/914 913/913/913
f 908/908/908 915/915/915 912/912/912
f 907/907/907 915/915/915 908/908/908
f 912/912/912 916/916/916 914/914/914
f 915/915/915 916/916/916 912/912/912
f 916/916/916 917/917/917 914/914/914
f 914/914/914 917/917/917 918/918/918
f 917/917/917 919/919/919 918/918/918
f 918/918/918 919/919/919 920/920/920
f 905/905/905 921/921/921 907/907/907
f 907/907/907 922/922/922 915/915/915
f 921/921/921 922/922/922 907/907/907
f 923/923/923 921/921/921 905/905/905
f 924/924/924 923/923/923 905/905/905
f 854/854/854 923/923/923 924/924/924
f 856/856/856 854/854/854 924/924/924
f 854/854/854 855/855/855 923/923/923
f 923/923/923 925/925/925 921/921/921
f 855/855/855 925/925/925 923/923/923
f 925/925/925 926/926/926 921/921/921
f 921/921/921 926/926/926 922/922/922
f 926/926/926 927/927/927 922/922/922
f 925/925/925 928/928/928 926/926/926
f 922/922/922 929/929/929 915/915/915
f 922/922/922 927/927/927 929/929/929
f 915/915/915 929/929/929 930/930/930
f 929/929/929 931/931/931 930/930/930
f 930/930/930 931/931/931 917/917/917
f 926/926/926 932/932/932 927/927/927
f 928/928/928 932/932/932 926/926/926
f 927/927/927 933/933/933 929/929/929
f 929/929/929 933/933/933 931/931/931
f 931/931/931 934/934/934 917/917/917
f 917/917/917 934/934/934 919/919/919
f 933/933/933 935/935/935 931/931/931
f 931/931/931 935/935/935 934/934/934
f 934/934/934 936/936/936 919/919/919
f 935/935/935 937/937/937 934/934/934
f 934/934/934 937/937/937 936/936/936
f 933/933/933 938/938/938 935/935/935
f 938/938/938 939/939/939 935/935/935
f 927/927/927 940/940/940 933/933/933
f 940/940/940 938/938/938 933/933/933
f 938/938/938 941/941/941 939/939/939
f 941/941/941 942/942/942 939/939/939
f 919/919/919 936/936/936 943/943/943
f 919/919/919 943/943/943 920/920/920
f 940/940/940 944/944/944 938/938/938
f 944/944/944 941/941/941 938/938/938
f 940/940/940 927/927/927 945/945/945
f 940/940/940 945/945/945 946/946/946
f 947/947/947 940/940/940 946/946/946
f 946/946/946 945/945/945 948/948/948
f 945/945/945 949/949/949 948/948/948
f 927/927/927 950/950/950 945/945/945
f 945/945/945 950/950/950 949/949/949
f 932/932/932 950/950/950 927/927/927
f 920/920/920 943/943/943 951/951/951
f 920/920/920 951/951/951 952/952/952
f 953/953/953 920/920/920 952/952/952
f 943/943/943 954/954/954 951/951/951
f 943/943/943 955/955/955 954/954/954
f 955/955/955 956/956/956 954/954/954
f 936/936/936 955/955/955 943/943/943
f 955/955/955 957/957/957 956/956/956
f 957/957/957 958/958/958 956/956/956
f 936/936/936 959/959/959 955/955/955
f 959/959/959 957/957/957 955/955/955
f 937/937/937 959/959/959 936/936/936
f 959/959/959 960/960/960 957/957/957
f 957/957/957 961/961/961 958/958/958
f 960/960/960 961/961/961 957/957/957
f 961/961/961 962/962/962 958/958/958
f 961/961/961 963/963/963 962/962/962
f 963/963/963 964/964/964 962/962/962
f 960/960/960 965/965/965 961/961/961
f 965/965/965 963/963/963 961/961/961
f 963/963/963 966/966/966 964/964/964
f 966/966/966 967/967/967 964/964/964
f 965/965/965 968/968/968 963/963/963
f 968/968/968 966/966/966 963/963/963
f 966/966/966 969/969/969 967/967/967
f 969/969/969 970/970/970 967/967/967
f 971/971/971 969/969/969 966/966/966
f 968/968/968 971/971/971 966/966/966
f 965/965/965 960/960/960 972/972/972
f 965/965/965 972/972/972 968/968/968
f 960/960/960 973/973/973 972/972/972
f 960/960/960 974/974/974 973/973/973
f 974/974/974 975/975/975 973/973/973
f 973/973/973 975/975/975 976/976/976
f 975/975/975 977/977/977 976/976/976
f 973/973/973 976/976/976 978/978/978
f 972/972/972 973/973/973 978/978/978
f 972/972/972 979/979/979 968/968/968
f 972/972/972 978/978/978 979/979/979
f 968/968/968 979/979/979 980/980/980
f 979/979/979 981/981/981 980/980/980
f 979/979/979 982/982/982 981/981/981
f 978/978/978 982/982/982 979/979/979
f 982/982/982 983/983/983 981/981/981
f 982/982/982 984/984/984 983/983/983
f 984/984/984 985/985/985 983/983/983
f 978/978/978 986/986/986 982/982/982
f 986/986/986 984/984/984 982/982/982
f 984/984/984 987/987/987 985/985/985
f 987/987/987 988/988/988 985/985/985
f 989/989/989 987/987/987 984/984/984
f 986/986/986 989/989/989 984/984/984
f 990/990/990 989/989/989 986/986/986
f 991/991/991 986/986/986 978/978/978
f 991/991/991 990/990/990 986/986/986
f 992/992/992 991/991/991 978/978/978
f 993/993/993 990/990/990 991/991/991
f 994/994/994 991/991/991 992/992/992
f 994/994/994 993/993/993 991/991/991
f 977/977/977 994/994/994 992/992/992
f 995/995/995 994/994/994 977/977/977
f 996/996/996 995/995/995 977/977/977
f 997/997/997 993/993/993 994/994/994
f 995/995/995 997/997/997 994/994/994
f 998/998/998 995/995/995 996/996/996
f 942/942/942 998/998/998 996/996/996
f 997/997/997 999/999/999 993/993/993
f 999/999/999 1000/1000/1000 993/993/993
f 1001/1001/1001 997/997/997 995/995/995
f 998/998/998 1001/1001/1001 995/995/995
f 1002/1002/1002 998/998/998 942/942/942
f 941/941/941 1002/1002/1002 942/942/942
f 999/999/999 1003/1003/1003 1000/1000/1000
f 1003/1003/1003 1004/1004/1004 1000/1000/1000
f 1005/1005/1005 999/999/999 997/997/997
f 1001/1001/1001 1005/1005/1005 997/997/997
f 1006/1006/1006 1001/1001/1001 998/998/998
f 1002/1002/1002 1006/1006/1006 998/998/998
f 1007/1007/1007 1002/1002/1002 941/941/941
f 944/944/944 1007/1007/1007 941/941/941
f 1003/1003/1003 1008/1008/1008 1004/1004/1004
f 1008/1008/1008 1009/1009/1009 1004/1004/1004
f 1010/1010/1010 1003/1003/1003 999/999/999
f 1005/1005/1005 1010/1010/1010 999/999/999
f 1011/1011/1011 1005/1005/1005 1001/1001/1001
f 1006/1006/1006 1011/1011/1011 1001/1001/1001
f 1012/1012/1012 1006/1006/1006 1002/1002/1002
f 1007/1007/1007 1012/1012/1012 1002/1002/1002
f 1012/1012/1012 1013/1013/1013 1006/1006/1006
f 1013/1013/1013 1012/1012/1012 1007/1007/1007
f 1013/1013/1013 1011/1011/1011 1006/1006/1006
f 1014/1014/1014 1007/1007/1007 944/944/944
f 1014/1014/1014 1013/1013/1013 1007/1007/1007
f 1015/1015/1015 1014/1014/1014 944/944/944
f 1013/1013/1013 1016/1016/1016 1011/1011/1011
f 1017/1017/1017 1013/1013/1013 1014/1014/1014
f 1011/1011/1011 1018/1018/1018 1005/1005/1005
f 1016/1016/1016 1018/1018/1018 1011/1011/1011
f 1018/1018/1018 1010/1010/1010 1005/1005/1005
f 1016/1016/1016 1019/1019/1019 1018/1018/1018
f 1020/1020/1020 1014/1014/1014 1015/1015/1015
f 1020/1020/1020 1017/1017/1017 1014/1014/1014
f 1021/1021/1021 1017/1017/1017 1020/1020/1020
f 1022/1022/1022 1020/1020/1020 1015/1015/1015
f 1019/1019/1019 1023/1023/1023 1018/1018/1018
f 1018/1018/1018 1023/1023/1023 1010/1010/1010
f 1019/1019/1019 1024/1024/1024 1023/1023/1023
f 1025/1025/1025 1021/1021/1021 1020/1020/1020
f 1025/1025/1025 1020/1020/1020 1022/1022/1022
f 1024/1024/1024 1021/1021/1021 1025/1025/1025
f 1024/1024/1024 1026/1026/1026 1023/1023/1023
f 1027/1027/1027 1024/1024/1024 1025/1025/1025
f 1023/1023/1023 1028/1028/1028 1010/1010/1010
f 1023/1023/1023 1026/1026/1026 1028/1028/1028
f 1010/1010/1010 1028/1028/1028 1003/1003/1003
f 1026/1026/1026 1029/1029/1029 1028/1028/1028
f 1028/1028/1028 1008/1008/1008 1003/1003/1003
f 1028/1028/1028 1029/1029/1029 1008/1008/1008
f 1029/1029/1029 1030/1030/1030 1008/1008/1008
f 1008/1008/1008 1030/1030/1030 1009/1009/1009
f 1030/1030/1030 1031/1031/1031 1009/1009/1009
f 1032/1032/1032 1025/1025/1025 1022/1022/1022
f 1027/1027/1027 1025/1025/1025 1032/1032/1032
f 1033/1033/1033 1027/1027/1027 1032/1032/1032
f 1032/1032/1032 1022/1022/1022 949/949/949
f 1033/1033/1033 1032/1032/1032 1034/1034/1034
f 1034/1034/1034 1032/1032/1032 949/949/949
f 1035/1035/1035 1033/1033/1033 1034/1034/1034
f 1034/1034/1034 949/949/949 1036/1036/1036
f 950/950/950 1036/1036/1036 949/949/949
f 1035/1035/1035 1034/1034/1034 1037/1037/1037
f 1037/1037/1037 1034/1034/1034 1036/1036/1036
f 1038/1038/1038 1035/1035/1035 1037/1037/1037
f 1039/1039/1039 1038/1038/1038 1037/1037/1037
f 1040/1040/1040 1039/1039/1039 1037/1037/1037
f 1040/1040/1040 1037/1037/1037 1036/1036/1036
f 1041/1041/1041 1039/1039/1039 1040/1040/1040
f 1042/1042/1042 1036/1036/1036 950/950/950
f 1042/1042/1042 1040/1040/1040 1036/1036/1036
f 932/932/932 1042/1042/1042 950/950/950
f 1043/1043/1043 1041/1041/1041 1040/1040/1040
f 1043/1043/1043 1040/1040/1040 1042/1042/1042
f 1044/1044/1044 1041/1041/1041 1043/1043/1043
f 1045/1045/1045 1042/1042/1042 932/932/932
f 1045/1045/1045 1043/1043/1043 1042/1042/1042
f 928/928/928 1045/1045/1045 932/932/932
f 1046/1046/1046 1044/1044/1044 1043/1043/1043
f 1046/1046/1046 1043/1043/1043 1045/1045/1045
f 1047/1047/1047 1044/1044/1044 1046/1046/1046
f 1048/1048/1048 1045/1045/1045 928/928/928
f 1048/1048/1048 1046/1046/1046 1045/1045/1045
f 1049/1049/1049 1047/1047/1047 1046/1046/1046
f 1049/1049/1049 1046/1046/1046 1048/1048/1048
f 866/866/866 1047/1047/1047 1049/1049/1049
f 865/865/865 866/866/866 1049/1049/1049
f 865/865/865 1049/1049/1049 1050/1050/1050
f 1050/1050/1050 1049/1049/1049 1048/1048/1048
f 851/851/851 865/865/865 1050/1050/1050
f 851/851/851 1050/1050/1050 852/852/852
f 1051/1051/1051 1048/1048/1048 928/928/928
f 1050/1050/1050 1048/1048/1048 1051/1051/1051
f 852/852/852 1050/1050/1050 1051/1051/1051
f 1051/1051/1051 928/928/928 1052/1052/1052
f 852/852/852 1051/1051/1051 855/855/855
f 855/855/855 1051/1051/1051 1052/1052/1052
f 1055/1055/1055 1054/1054/1054 1053/1053/1053
f 1056/1056/1056 1055/1055/1055 1053/1053/1053
f 1056/1056/1056 1053/1053/1053 1057/1057/1057
f 1058/1058/1058 1056/1056/1056 1057/1057/1057
f 1059/1059/1059 1055/1055/1055 1056/1056/1056
f 1060/1060/1060 1056/1056/1056 1058/1058/1058
f 1060/1060/1060 1059/1059/1059 1056/1056/1056
f 1061/1061/1061 1060/1060/1060 1058/1058/1058
f 1061/1061/1061 1062/1062/1062 1060/1060/1060
f 1060/1060/1060 1063/1063/1063 1059/1059/1059
f 1062/1062/1062 1063/1063/1063 1060/1060/1060
f 1063/1063/1063 1064/1064/1064 1059/1059/1059
f 1062/1062/1062 1065/1065/1065 1063/1063/1063
f 1063/1063/1063 1066/1066/1066 1064/1064/1064
f 1065/1065/1065 1066/1066/1066 1063/1063/1063
f 1066/1066/1066 1067/1067/1067 1064/1064/1064
f 1065/1065/1065 1068/1068/1068 1066/1066/1066
f 1066/1066/1066 1069/1069/1069 1067/1067/1067
f 1068/1068/1068 1069/1069/1069 1066/1066/1066
f 1069/1069/1069 1070/1070/1070 1067/1067/1067
f 1068/1068/1068 1071/1071/1071 1069/1069/1069
f 1069/1069/1069 1072/1072/1072 1070/1070/1070
f 1071/1071/1071 1072/1072/1072 1069/1069/1069
f 1072/1072/1072 1073/1073/1073 1070/1070/1070
f 1074/1074/1074 1072/1072/1072 1071/1071/1071
f 1075/1075/1075 1074/1074/1074 1071/1071/1071
f 1074/1074/1074 1076/1076/1076 1072/1072/1072
f 1076/1076/1076 1077/1077/1077 1072/1072/1072
f 1078/1078/1078 1076/1076/1076 1074/1074/1074
f 1079/1079/1079 1074/1074/1074 1075/1075/1075
f 1079/1079/1079 1078/1078/1078 1074/1074/1074
f 1080/1080/1080 1079/1079/1079 1075/1075/1075
f 1081/1081/1081 1078/1078/1078 1079/1079/1079
f 1082/1082/1082 1079/1079/1079 1080/1080/1080
f 1082/1082/1082 1081/1081/1081 1079/1079/1079
f 1083/1083/1083 1082/1082/1082 1080/1080/1080
f 1084/1084/1084 1081/1081/1081 1082/1082/1082
f 1085/1085/1085 1082/1082/1082 1083/1083/1083
f 1085/1085/1085 1084/1084/1084 1082/1082/1082
f 1086/1086/1086 1085/1085/1085 1083/1083/1083
f 1085/1085/1085 1086/1086/1086 1087/1087/1087
f 1084/1084/1084 1085/1085/1085 1088/1088/1088
f 1088/1088/1088 1085/1085/1085 1087/1087/1087
f 1089/1089/1089 1084/1084/1084 1088/1088/1088
f 1088/1088/1088 1087/1087/1087 1090/1090/1090
f 1089/1089/1089 1088/1088/1088 1091/1091/1091
f 1091/1091/1091 1088/1088/1088 1090/1090/1090
f 1092/1092/1092 1089/1089/1089 1091/1091/1091
f 1091/1091/1091 1090/1090/1090 1093/1093/1093
f 1092/1092/1092 1091/1091/1091 1094/1094/1094
f 1094/1094/1094 1091/1091/1091 1093/1093/1093
f 1095/1095/1095 1092/1092/1092 1094/1094/1094
f 1094/1094/1094 1093/1093/1093 1096/1096/1096
f 1095/1095/1095 1094/1094/1094 1097/1097/1097
f 1097/1097/1097 1094/1094/1094 1096/1096/1096
f 1098/1098/1098 1095/1095/1095 1097/1097/1097
f 1099/1099/1099 1098/1098/1098 1097/1097/1097
f 1100/1100/1100 1097/1097/1097 1096/1096/1096
f 1100/1100/1100 1099/1099/1099 1097/1097/1097
f 1101/1101/1101 1100/1100/1100 1096/1096/1096
f 1102/1102/1102 1099/1099/1099 1100/1100/1100
f 1103/1103/1103 1100/1100/1100 1101/1101/1101
f 1103/1103/1103 1102/1102/1102 1100/1100/1100
f 1104/1104/1104 1103/1103/1103 1101/1101/1101
f 1105/1105/1105 1102/1102/1102 1103/1103/1103
f 1106/1106/1106 1103/1103/1103 1104/1104/1104
f 1106/1106/1106 1105/1105/1105 1103/1103/1103
f 1107/1107/1107 1106/1106/1106 1104/1104/1104
f 1108/1108/1108 1105/1105/1105 1106/1106/1106
f 1109/1109/1109 1106/1106/1106 1107/1107/1107
f 1109/1109/1109 1108/1108/1108 1106/1106/1106
f 1110/1110/1110 1109/1109/1109 1107/1107/1107
f 1111/1111/1111 1108/1108/1108 1109/1109/1109
f 1112/1112/1112 1109/1109/1109 1110/1110/1110
f 1112/1112/1112 1111/1111/1111 1109/1109/1109
f 1113/1113/1113 1112/1112/1112 1110/1110/1110
f 1114/1114/1114 1111/1111/1111 1112/1112/1112
f 1115/1115/1115 1112/1112/1112 1113/1113/1113
f 1115/1115/1115 1114/1114/1114 1112/1112/1112
f 1116/1116/1116 1115/1115/1115 1113/1113/1113
f 1117/1117/1117 1114/1114/1114 1115/1115/1115
f 1118/1118/1118 1115/1115/1115 1116/1116/1116
f 1118/1118/1118 1117/1117/1117 1115/1115/1115
f 1119/1119/1119 1118/1118/1118 1116/1116/1116
f 1120/1120/1120 1117/1117/1117 1118/1118/1118
f 1121/1121/1121 1118/1118/1118 1119/1119/1119
f 1121/1121/1121 1120/1120/1120 1118/1118/1118
f 1122/1122/1122 1121/1121/1121 1119/1119/1119
f 1123/1123/1123 1120/1120/1120 1121/1121/1121
f 1124/1124/1124 1121/1121/1121 1122/1122/1122
f 1124/1124/1124 1123/1123/1123 1121/1121/1121
f 1125/1125/1125 1123/1123/1123 1124/1124/1124
f 1126/1126/1126 1124/1124/1124 1122/1122/1122
f 1127/1127/1127 1125/1125/1125 1124/1124/1124
f 1127/1127/1127 1124/1124/1124 1126/1126/1126
f 1128/1128/1128 1127/1127/1127 1126/1126/1126
f 1131/1131/1131 1130/1130/1130 1129/1129/1129
f 1132/1132/1132 1131/1131/1131 1129/1129/1129
f 1133/1133/1133 1131/1131/1131 1132/1132/1132
f 1134/1134/1134 1133/1133/1133 1132/1132/1132
f 1132/1132/1132 1129/1129/1129 1135/1135/1135
f 1134/1134/1134 1132/1132/1132 1136/1136/1136
f 1136/1136/1136 1132/1132/1132 1135/1135/1135
f 1137/1137/1137 1134/1134/1134 1136/1136/1136
f 1136/1136/1136 1135/1135/1135 1138/1138/1138
f 1135/1135/1135 1139/1139/1139 1138/1138/1138
f 1137/1137/1137 1136/1136/1136 1140/1140/1140
f 1136/1136/1136 1138/1138/1138 1140/1140/1140
f 1138/1138/1138 1139/1139/1139 1141/1141/1141
f 1139/1139/1139 1142/1142/1142 1141/1141/1141
f 1142/1142/1142 1143/1143/1143 1141/1141/1141
f 1138/1138/1138 1141/1141/1141 1144/1144/1144
f 1140/1140/1140 1138/1138/1138 1144/1144/1144
f 1143/1143/1143 1145/1145/1145 1141/1141/1141
f 1141/1141/1141 1145/1145/1145 1144/1144/1144
f 1143/1143/1143 1146/1146/1146 1145/1145/1145
f 1146/1146/1146 1147/1147/1147 1145/1145/1145
f 1146/1146/1146 1148/1148/1148 1147/1147/1147
f 1145/1145/1145 1149/1149/1149 1144/1144/1144
f 1145/1145/1145 1147/1147/1147 1149/1149/1149
f 1140/1140/1140 1144/1144/1144 1150/1150/1150
f 1144/1144/1144 1149/1149/1149 1150/1150/1150
f 1137/1137/1137 1140/1140/1140 1151/1151/1151
f 1151/1151/1151 1140/1140/1140 1150/1150/1150
f 1148/1148/1148 1152/1152/1152 1147/1147/1147
f 1148/1148/1148 1153/1153/1153 1152/1152/1152
f 1153/1153/1153 1154/1154/1154 1152/1152/1152
f 1147/1147/1147 1155/1155/1155 1149/1149/1149
f 1147/1147/1147 1152/1152/1152 1155/1155/1155
f 1152/1152/1152 1154/1154/1154 1156/1156/1156
f 1152/1152/1152 1156/1156/1156 1155/1155/1155
f 1154/1154/1154 1157/1157/1157 1156/1156/1156
f 1149/1149/1149 1158/1158/1158 1150/1150/1150
f 1149/1149/1149 1155/1155/1155 1158/1158/1158
f 1155/1155/1155 1156/1156/1156 1159/1159/1159
f 1155/1155/1155 1159/1159/1159 1158/1158/1158
f 1156/1156/1156 1157/1157/1157 1160/1160/1160
f 1156/1156/1156 1160/1160/1160 1159/1159/1159
f 1157/1157/1157 1161/1161/1161 1160/1160/1160
f 1160/1160/1160 1161/1161/1161 1162/1162/1162
f 1161/1161/1161 1163/1163/1163 1162/1162/1162
f 1160/1160/1160 1162/1162/1162 1164/1164/1164
f 1159/1159/1159 1160/1160/1160 1164/1164/1164
f 1159/1159/1159 1164/1164/1164 1165/1165/1165
f 1158/1158/1158 1159/1159/1159 1165/1165/1165
f 1158/1158/1158 1165/1165/1165 1166/1166/1166
f 1150/1150/1150 1158/1158/1158 1166/1166/1166
f 1151/1151/1151 1150/1150/1150 1166/1166/1166
f 1167/1167/1167 1151/1151/1151 1166/1166/1166
f 1168/1168/1168 1151/1151/1151 1167/1167/1167
f 1168/1168/1168 1137/1137/1137 1151/1151/1151
f 1169/1169/1169 1168/1168/1168 1167/1167/1167
f 1137/1137/1137 1168/1168/1168 1170/1170/1170
f 1168/1168/1168 1169/1169/1169 1171/1171/1171
f 1168/1168/1168 1171/1171/1171 1170/1170/1170
f 1170/1170/1170 1171/1171/1171 1172/1172/1172
f 1169/1169/1169 1173/1173/1173 1171/1171/1171
f 1171/1171/1171 1174/1174/1174 1172/1172/1172
f 1171/1171/1171 1173/1173/1173 1174/1174/1174
f 1173/1173/1173 1175/1175/1175 1174/1174/1174
f 1178/1178/1178 1177/1177/1177 1176/1176/1176
f 1177/1177/1177 1179/1179/1179 1176/1176/1176
f 1176/1176/1176 1179/1179/1179 1180/1180/1180
f 1177/1177/1177 1181/1181/1181 1179/1179/1179
f 1179/1179/1179 937/937/937 1180/1180/1180
f 1181/1181/1181 1182/1182/1182 1179/1179/1179
f 1179/1179/1179 1182/1182/1182 937/937/937
f 1182/1182/1182 1183/1183/1183 937/937/937
f 1186/1186/1186 1185/1185/1185 1184/1184/1184
f 1185/1185/1185 1187/1187/1187 1184/1184/1184
f 1184/1184/1184 1187/1187/1187 1188/1188/1188
f 1187/1187/1187 1189/1189/1189 1188/1188/1188
f 1192/1192/1192 1191/1191/1191 1190/1190/1190
f 1193/1193/1193 1192/1192/1192 1190/1190/1190
f 1196/1196/1196 1195/1195/1195 1194/1194/1194
f 1197/1197/1197 1196/1196/1196 1194/1194/1194
f 1197/1197/1197 1194/1194/1194 1198/1198/1198
f 1199/1199/1199 1196/1196/1196 1197/1197/1197
f 1200/1200/1200 1199/1199/1199 1197/1197/1197
f 1200/1200/1200 1197/1197/1197 1201/1201/1201
f 1201/1201/1201 1197/1197/1197 1198/1198/1198
f 1202/1202/1202 1200/1200/1200 1201/1201/1201
f 1202/1202/1202 1201/1201/1201 1203/1203/1203
f 1201/1201/1201 1198/1198/1198 1204/1204/1204
f 1203/1203/1203 1201/1201/1201 1204/1204/1204
f 1205/1205/1205 1202/1202/1202 1203/1203/1203
f 1206/1206/1206 1202/1202/1202 1205/1205/1205
f 1199/1199/1199 1206/1206/1206 1207/1207/1207
f 1207/1207/1207 1206/1206/1206 1205/1205/1205
f 1203/1203/1203 1204/1204/1204 1208/1208/1208
f 1209/1209/1209 1203/1203/1203 1208/1208/1208
f 1205/1205/1205 1203/1203/1203 1209/1209/1209
f 1209/1209/1209 1208/1208/1208 1210/1210/1210
f 1211/1211/1211 1205/1205/1205 1209/1209/1209
f 1207/1207/1207 1205/1205/1205 1211/1211/1211
f 1212/1212/1212 1209/1209/1209 1210/1210/1210
f 1211/1211/1211 1209/1209/1209 1212/1212/1212
f 1212/1212/1212 1210/1210/1210 1213/1213/1213
f 1214/1214/1214 1212/1212/1212 1213/1213/1213
f 1215/1215/1215 1211/1211/1211 1212/1212/1212
f 1215/1215/1215 1212/1212/1212 1214/1214/1214
f 1216/1216/1216 1207/1207/1207 1211/1211/1211
f 1217/1217/1217 1199/1199/1199 1207/1207/1207
f 1217/1217/1217 1207/1207/1207 1216/1216/1216
f 1218/1218/1218 1199/1199/1199 1217/1217/1217
f 1218/1218/1218 1219/1219/1219 1199/1199/1199
f 1219/1219/1219 1220/1220/1220 1199/1199/1199
f 1219/1219/1219 1221/1221/1221 1220/1220/1220
f 1221/1221/1221 1222/1222/1222 1220/1220/1220
f 1221/1221/1221 1223/1223/1223 1222/1222/1222
f 1223/1223/1223 1224/1224/1224 1222/1222/1222
f 1225/1225/1225 1221/1221/1221 1219/1219/1219
f 1226/1226/1226 1225/1225/1225 1219/1219/1219
f 1226/1226/1226 1219/1219/1219 1218/1218/1218
f 1225/1225/1225 1227/1227/1227 1221/1221/1221
f 1227/1227/1227 1223/1223/1223 1221/1221/1221
f 1228/1228/1228 1226/1226/1226 1218/1218/1218
f 1227/1227/1227 1229/1229/1229 1223/1223/1223
f 1228/1228/1228 1218/1218/1218 1230/1230/1230
f 1230/1230/1230 1218/1218/1218 1217/1217/1217
f 1231/1231/1231 1228/1228/1228 1230/1230/1230
f 1229/1229/1229 1232/1232/1232 1223/1223/1223
f 1223/1223/1223 1232/1232/1232 1224/1224/1224
f 1229/1229/1229 1233/1233/1233 1232/1232/1232
f 1230/1230/1230 1217/1217/1217 1234/1234/1234
f 1234/1234/1234 1217/1217/1217 1216/1216/1216
f 1231/1231/1231 1230/1230/1230 1235/1235/1235
f 1235/1235/1235 1230/1230/1230 1234/1234/1234
f 1236/1236/1236 1231/1231/1231 1235/1235/1235
f 1233/1233/1233 1237/1237/1237 1232/1232/1232
f 1233/1233/1233 1238/1238/1238 1237/1237/1237
f 1234/1234/1234 1216/1216/1216 1239/1239/1239
f 1235/1235/1235 1234/1234/1234 1239/1239/1239
f 1236/1236/1236 1235/1235/1235 1240/1240/1240
f 1240/1240/1240 1235/1235/1235 1239/1239/1239
f 1241/1241/1241 1236/1236/1236 1240/1240/1240
f 1216/1216/1216 1242/1242/1242 1239/1239/1239
f 1216/1216/1216 1243/1243/1243 1242/1242/1242
f 1243/1243/1243 1215/1215/1215 1242/1242/1242
f 1240/1240/1240 1239/1239/1239 1244/1244/1244
f 1239/1239/1239 1242/1242/1242 1244/1244/1244
f 1241/1241/1241 1240/1240/1240 1245/1245/1245
f 1245/1245/1245 1240/1240/1240 1244/1244/1244
f 1246/1246/1246 1241/1241/1241 1245/1245/1245
f 1242/1242/1242 1215/1215/1215 1247/1247/1247
f 1242/1242/1242 1247/1247/1247 1244/1244/1244
f 1246/1246/1246 1245/1245/1245 1248/1248/1248
f 1249/1249/1249 1246/1246/1246 1248/1248/1248
f 1245/1245/1245 1244/1244/1244 1250/1250/1250
f 1244/1244/1244 1247/1247/1247 1250/1250/1250
f 1248/1248/1248 1245/1245/1245 1250/1250/1250
f 1215/1215/1215 1251/1251/1251 1247/1247/1247
f 1251/1251/1251 1215/1215/1215 1214/1214/1214
f 1247/1247/1247 1251/1251/1251 1252/1252/1252
f 1247/1247/1247 1252/1252/1252 1250/1250/1250
f 1251/1251/1251 1214/1214/1214 1252/1252/1252
f 1249/1249/1249 1248/1248/1248 1253/1253/1253
f 1254/1254/1254 1249/1249/1249 1253/1253/1253
f 1248/1248/1248 1250/1250/1250 1255/1255/1255
f 1250/1250/1250 1252/1252/1252 1255/1255/1255
f 1253/1253/1253 1248/1248/1248 1255/1255/1255
f 1252/1252/1252 1214/1214/1214 1256/1256/1256
f 1252/1252/1252 1256/1256/1256 1255/1255/1255
f 1214/1214/1214 1213/1213/1213 1256/1256/1256
f 1254/1254/1254 1253/1253/1253 1257/1257/1257
f 1258/1258/1258 1254/1254/1254 1257/1257/1257
f 1253/1253/1253 1255/1255/1255 1259/1259/1259
f 1259/1259/1259 1255/1255/1255 1256/1256/1256
f 1257/1257/1257 1253/1253/1253 1259/1259/1259
f 1258/1258/1258 1257/1257/1257 1260/1260/1260
f 1261/1261/1261 1258/1258/1258 1260/1260/1260
f 1262/1262/1262 1259/1259/1259 1256/1256/1256
f 1262/1262/1262 1256/1256/1256 1213/1213/1213
f 1257/1257/1257 1259/1259/1259 1263/1263/1263
f 1260/1260/1260 1257/1257/1257 1263/1263/1263
f 1263/1263/1263 1259/1259/1259 1262/1262/1262
f 1261/1261/1261 1260/1260/1260 1264/1264/1264
f 1265/1265/1265 1261/1261/1261 1264/1264/1264
f 1260/1260/1260 1263/1263/1263 1266/1266/1266
f 1264/1264/1264 1260/1260/1260 1266/1266/1266
f 1265/1265/1265 1264/1264/1264 1267/1267/1267
f 1268/1268/1268 1265/1265/1265 1267/1267/1267
f 1264/1264/1264 1266/1266/1266 1269/1269/1269
f 1267/1267/1267 1264/1264/1264 1269/1269/1269
f 1268/1268/1268 1267/1267/1267 1270/1270/1270
f 1271/1271/1271 1268/1268/1268 1270/1270/1270
f 1267/1267/1267 1269/1269/1269 1272/1272/1272
f 1270/1270/1270 1267/1267/1267 1272/1272/1272
f 1269/1269/1269 1266/1266/1266 1273/1273/1273
f 1269/1269/1269 1273/1273/1273 1272/1272/1272
f 1266/1266/1266 1263/1263/1263 1274/1274/1274
f 1266/1266/1266 1274/1274/1274 1273/1273/1273
f 1275/1275/1275 1263/1263/1263 1262/1262/1262
f 1263/1263/1263 1275/1275/1275 1274/1274/1274
f 1271/1271/1271 1270/1270/1270 1276/1276/1276
f 1277/1277/1277 1271/1271/1271 1276/1276/1276
f 1270/1270/1270 1272/1272/1272 1278/1278/1278
f 1276/1276/1276 1270/1270/1270 1278/1278/1278
f 1273/1273/1273 1279/1279/1279 1272/1272/1272
f 1272/1272/1272 1279/1279/1279 1278/1278/1278
f 1273/1273/1273 1280/1280/1280 1279/1279/1279
f 1273/1273/1273 1274/1274/1274 1281/1281/1281
f 1280/1280/1280 1282/1282/1282 1279/1279/1279
f 1277/1277/1277 1276/1276/1276 1283/1283/1283
f 1284/1284/1284 1277/1277/1277 1283/1283/1283
f 1279/1279/1279 1285/1285/1285 1278/1278/1278
f 1279/1279/1279 1282/1282/1282 1285/1285/1285
f 1276/1276/1276 1278/1278/1278 1286/1286/1286
f 1283/1283/1283 1276/1276/1276 1286/1286/1286
f 1278/1278/1278 1285/1285/1285 1286/1286/1286
f 1284/1284/1284 1283/1283/1283 1287/1287/1287
f 1288/1288/1288 1284/1284/1284 1287/1287/1287
f 1283/1283/1283 1286/1286/1286 1289/1289/1289
f 1287/1287/1287 1283/1283/1283 1289/1289/1289
f 1285/1285/1285 1290/1290/1290 1286/1286/1286
f 1286/1286/1286 1290/1290/1290 1289/1289/1289
f 1288/1288/1288 1287/1287/1287 1291/1291/1291
f 1292/1292/1292 1288/1288/1288 1291/1291/1291
f 1287/1287/1287 1289/1289/1289 1293/1293/1293
f 1291/1291/1291 1287/1287/1287 1293/1293/1293
f 1292/1292/1292 1291/1291/1291 1294/1294/1294
f 1295/1295/1295 1292/1292/1292 1294/1294/1294
f 1285/1285/1285 1296/1296/1296 1290/1290/1290
f 1282/1282/1282 1296/1296/1296 1285/1285/1285
f 1290/1290/1290 1297/1297/1297 1289/1289/1289
f 1293/1293/1293 1289/1289/1289 1297/1297/1297
f 1296/1296/1296 1298/1298/1298 1290/1290/1290
f 1296/1296/1296 1282/1282/1282 1298/1298/1298
f 1290/1290/1290 1298/1298/1298 1297/1297/1297
f 1298/1298/1298 1299/1299/1299 1297/1297/1297
f 1300/1300/1300 1297/1297/1297 1299/1299/1299
f 1300/1300/1300 1293/1293/1293 1297/1297/1297
f 1291/1291/1291 1293/1293/1293 1301/1301/1301
f 1294/1294/1294 1291/1291/1291 1301/1301/1301
f 1302/1302/1302 1293/1293/1293 1300/1300/1300
f 1303/1303/1303 1302/1302/1302 1300/1300/1300
f 1282/1282/1282 1304/1304/1304 1298/1298/1298
f 1298/1298/1298 1304/1304/1304 1299/1299/1299
f 1282/1282/1282 1281/1281/1281 1304/1304/1304
f 1305/1305/1305 1300/1300/1300 1299/1299/1299
f 1303/1303/1303 1300/1300/1300 1305/1305/1305
f 1294/1294/1294 1301/1301/1301 1306/1306/1306
f 1301/1301/1301 1303/1303/1303 1307/1307/1307
f 1306/1306/1306 1301/1301/1301 1307/1307/1307
f 1308/1308/1308 1294/1294/1294 1306/1306/1306
f 1295/1295/1295 1294/1294/1294 1308/1308/1308
f 1309/1309/1309 1295/1295/1295 1308/1308/1308
f 1309/1309/1309 1308/1308/1308 1310/1310/1310
f 1311/1311/1311 1309/1309/1309 1310/1310/1310
f 1308/1308/1308 1306/1306/1306 1312/1312/1312
f 1310/1310/1310 1308/1308/1308 1312/1312/1312
f 1311/1311/1311 1310/1310/1310 1313/1313/1313
f 1314/1314/1314 1311/1311/1311 1313/1313/1313
f 1312/1312/1312 1306/1306/1306 1315/1315/1315
f 1306/1306/1306 1307/1307/1307 1315/1315/1315
f 1310/1310/1310 1312/1312/1312 1316/1316/1316
f 1313/1313/1313 1310/1310/1310 1316/1316/1316
f 1312/1312/1312 1315/1315/1315 1316/1316/1316
f 1314/1314/1314 1313/1313/1313 1317/1317/1317
f 1318/1318/1318 1314/1314/1314 1317/1317/1317
f 1313/1313/1313 1316/1316/1316 1319/1319/1319
f 1317/1317/1317 1313/1313/1313 1319/1319/1319
f 1315/1315/1315 1320/1320/1320 1316/1316/1316
f 1316/1316/1316 1320/1320/1320 1319/1319/1319
f 1315/1315/1315 1307/1307/1307 1321/1321/1321
f 1315/1315/1315 1321/1321/1321 1320/1320/1320
f 1318/1318/1318 1317/1317/1317 1322/1322/1322
f 1323/1323/1323 1318/1318/1318 1322/1322/1322
f 1317/1317/1317 1319/1319/1319 1324/1324/1324
f 1322/1322/1322 1317/1317/1317 1324/1324/1324
f 1323/1323/1323 1322/1322/1322 1325/1325/1325
f 1326/1326/1326 1323/1323/1323 1325/1325/1325
f 1325/1325/1325 1322/1322/1322 1327/1327/1327
f 1322/1322/1322 1324/1324/1324 1327/1327/1327
f 1320/1320/1320 1328/1328/1328 1319/1319/1319
f 1319/1319/1319 1328/1328/1328 1324/1324/1324
f 1324/1324/1324 1329/1329/1329 1327/1327/1327
f 1328/1328/1328 1329/1329/1329 1324/1324/1324
f 1329/1329/1329 1330/1330/1330 1327/1327/1327
f 1320/1320/1320 1331/1331/1331 1328/1328/1328
f 1321/1321/1321 1331/1331/1331 1320/1320/1320
f 1331/1331/1331 1332/1332/1332 1328/1328/1328
f 1328/1328/1328 1332/1332/1332 1329/1329/1329
f 1329/1329/1329 1333/1333/1333 1330/1330/1330
f 1332/1332/1332 1333/1333/1333 1329/1329/1329
f 1332/1332/1332 1334/1334/1334 1333/1333/1333
f 1333/1333/1333 1335/1335/1335 1330/1330/1330
f 1334/1334/1334 1336/1336/1336 1333/1333/1333
f 1334/1334/1334 1321/1321/1321 1336/1336/1336
f 1333/1333/1333 1336/1336/1336 1335/1335/1335
f 1321/1321/1321 1337/1337/1337 1336/1336/1336
f 1336/1336/1336 1338/1338/1338 1335/1335/1335
f 1336/1336/1336 1337/1337/1337 1338/1338/1338
f 1321/1321/1321 1339/1339/1339 1337/1337/1337
f 1307/1307/1307 1339/1339/1339 1321/1321/1321
f 1307/1307/1307 1303/1303/1303 1339/1339/1339
f 1303/1303/1303 1340/1340/1340 1339/1339/1339
f 1340/1340/1340 1303/1303/1303 1305/1305/1305
f 1339/1339/1339 1340/1340/1340 1341/1341/1341
f 1339/1339/1339 1341/1341/1341 1337/1337/1337
f 1340/1340/1340 1305/1305/1305 1341/1341/1341
f 1337/1337/1337 1341/1341/1341 1342/1342/1342
f 1337/1337/1337 1342/1342/1342 1338/1338/1338
f 1341/1341/1341 1305/1305/1305 1343/1343/1343
f 1341/1341/1341 1343/1343/1343 1342/1342/1342
f 1305/1305/1305 1299/1299/1299 1343/1343/1343
f 1335/1335/1335 1338/1338/1338 1344/1344/1344
f 1345/1345/1345 1335/1335/1335 1344/1344/1344
f 1338/1338/1338 1342/1342/1342 1346/1346/1346
f 1344/1344/1344 1338/1338/1338 1346/1346/1346
f 1345/1345/1345 1344/1344/1344 1347/1347/1347
f 1348/1348/1348 1345/1345/1345 1347/1347/1347
f 1347/1347/1347 1344/1344/1344 1349/1349/1349
f 1344/1344/1344 1346/1346/1346 1349/1349/1349
f 1349/1349/1349 1346/1346/1346 1350/1350/1350
f 1346/1346/1346 1342/1342/1342 1351/1351/1351
f 1346/1346/1346 1351/1351/1351 1350/1350/1350
f 1342/1342/1342 1343/1343/1343 1351/1351/1351
f 1350/1350/1350 1351/1351/1351 1352/1352/1352
f 1351/1351/1351 1343/1343/1343 1353/1353/1353
f 1351/1351/1351 1353/1353/1353 1352/1352/1352
f 1343/1343/1343 1299/1299/1299 1353/1353/1353
f 1352/1352/1352 1353/1353/1353 1354/1354/1354
f 1353/1353/1353 1355/1355/1355 1354/1354/1354
f 1353/1353/1353 1299/1299/1299 1355/1355/1355
f 1354/1354/1354 1355/1355/1355 1356/1356/1356
f 1299/1299/1299 1357/1357/1357 1355/1355/1355
f 1304/1304/1304 1357/1357/1357 1299/1299/1299
f 1355/1355/1355 1358/1358/1358 1356/1356/1356
f 1355/1355/1355 1357/1357/1357 1358/1358/1358
f 1356/1356/1356 1358/1358/1358 1359/1359/1359
f 1304/1304/1304 1360/1360/1360 1357/1357/1357
f 1281/1281/1281 1360/1360/1360 1304/1304/1304
f 1358/1358/1358 1361/1361/1361 1359/1359/1359
f 1359/1359/1359 1361/1361/1361 1362/1362/1362
f 1357/1357/1357 1363/1363/1363 1358/1358/1358
f 1360/1360/1360 1363/1363/1363 1357/1357/1357
f 1358/1358/1358 1363/1363/1363 1361/1361/1361
f 1281/1281/1281 1364/1364/1364 1360/1360/1360
f 1274/1274/1274 1364/1364/1364 1281/1281/1281
f 1274/1274/1274 1275/1275/1275 1364/1364/1364
f 1361/1361/1361 1365/1365/1365 1362/1362/1362
f 1362/1362/1362 1365/1365/1365 1366/1366/1366
f 1360/1360/1360 1367/1367/1367 1363/1363/1363
f 1364/1364/1364 1367/1367/1367 1360/1360/1360
f 1363/1363/1363 1368/1368/1368 1361/1361/1361
f 1361/1361/1361 1368/1368/1368 1365/1365/1365
f 1367/1367/1367 1368/1368/1368 1363/1363/1363
f 1275/1275/1275 1369/1369/1369 1364/1364/1364
f 1364/1364/1364 1369/1369/1369 1367/1367/1367
f 1369/1369/1369 1275/1275/1275 1370/1370/1370
f 1369/1369/1369 1370/1370/1370 1367/1367/1367
f 1367/1367/1367 1370/1370/1370 1368/1368/1368
f 1275/1275/1275 1262/1262/1262 1370/1370/1370
f 1370/1370/1370 1262/1262/1262 1213/1213/1213
f 1370/1370/1370 1213/1213/1213 1368/1368/1368
f 1368/1368/1368 1213/1213/1213 1365/1365/1365
f 1365/1365/1365 1371/1371/1371 1366/1366/1366
f 1365/1365/1365 1213/1213/1213 1371/1371/1371
f 1366/1366/1366 1371/1371/1371 1372/1372/1372
f 1213/1213/1213 1373/1373/1373 1371/1371/1371
f 1371/1371/1371 1374/1374/1374 1372/1372/1372
f 1371/1371/1371 1373/1373/1373 1374/1374/1374
f 1372/1372/1372 1374/1374/1374 1375/1375/1375
f 1373/1373/1373 1376/1376/1376 1374/1374/1374
f 1374/1374/1374 1377/1377/1377 1375/1375/1375
f 1374/1374/1374 1376/1376/1376 1377/1377/1377
f 1375/1375/1375 1377/1377/1377 1378/1378/1378
f 1376/1376/1376 1204/1204/1204 1377/1377/1377
f 1377/1377/1377 1379/1379/1379 1378/1378/1378
f 1377/1377/1377 1204/1204/1204 1379/1379/1379
f 1378/1378/1378 1379/1379/1379 1380/1380/1380
f 1204/1204/1204 1198/1198/1198 1379/1379/1379
f 1379/1379/1379 1381/1381/1381 1380/1380/1380
f 1379/1379/1379 1198/1198/1198 1381/1381/1381
f 1380/1380/1380 1381/1381/1381 1382/1382/1382
f 1198/1198/1198 1383/1383/1383 1381/1381/1381
f 1381/1381/1381 1384/1384/1384 1382/1382/1382
f 1381/1381/1381 1383/1383/1383 1384/1384/1384
f 1382/1382/1382 1384/1384/1384 1385/1385/1385
f 1384/1384/1384 1386/1386/1386 1385/1385/1385
f 1385/1385/1385 1386/1386/1386 1387/1387/1387
f 1386/1386/1386 1388/1388/1388 1387/1387/1387
f 1384/1384/1384 1389/1389/1389 1386/1386/1386
f 1383/1383/1383 1389/1389/1389 1384/1384/1384
f 1386/1386/1386 1390/1390/1390 1388/1388/1388
f 1389/1389/1389 1390/1390/1390 1386/1386/1386
f 1390/1390/1390 1391/1391/1391 1388/1388/1388
f 1392/1392/1392 1389/1389/1389 1383/1383/1383
f 1393/1393/1393 1390/1390/1390 1389/1389/1389
f 1392/1392/1392 1393/1393/1393 1389/1389/1389
f 1394/1394/1394 1391/1391/1391 1390/1390/1390
f 1393/1393/1393 1394/1394/1394 1390/1390/1390
f 1395/1395/1395 1392/1392/1392 1383/1383/1383
f 1395/1395/1395 1383/1383/1383 1396/1396/1396
f 1394/1394/1394 1397/1397/1397 1391/1391/1391
f 1397/1397/1397 1398/1398/1398 1391/1391/1391
f 1399/1399/1399 1395/1395/1395 1396/1396/1396
f 1399/1399/1399 1396/1396/1396 1400/1400/1400
f 1397/1397/1397 1401/1401/1401 1398/1398/1398
f 1401/1401/1401 1402/1402/1402 1398/1398/1398
f 1403/1403/1403 1402/1402/1402 1401/1401/1401
f 1404/1404/1404 1403/1403/1403 1401/1401/1401
f 1405/1405/1405 1403/1403/1403 1404/1404/1404
f 1406/1406/1406 1405/1405/1405 1404/1404/1404
f 1407/1407/1407 1401/1401/1401 1397/1397/1397
f 1404/1404/1404 1401/1401/1401 1407/1407/1407
f 1406/1406/1406 1404/1404/1404 1408/1408/1408
f 1408/1408/1408 1404/1404/1404 1407/1407/1407
f 1409/1409/1409 1406/1406/1406 1408/1408/1408
f 1409/1409/1409 1408/1408/1408 1410/1410/1410
f 1411/1411/1411 1409/1409/1409 1410/1410/1410
f 1412/1412/1412 1399/1399/1399 1400/1400/1400
f 1412/1412/1412 1400/1400/1400 1413/1413/1413
f 1224/1224/1224 1412/1412/1412 1413/1413/1413
f 1414/1414/1414 1407/1407/1407 1397/1397/1397
f 1414/1414/1414 1397/1397/1397 1394/1394/1394
f 1408/1408/1408 1407/1407/1407 1415/1415/1415
f 1410/1410/1410 1408/1408/1408 1415/1415/1415
f 1411/1411/1411 1410/1410/1410 1416/1416/1416
f 1238/1238/1238 1411/1411/1411 1416/1416/1416
f 1238/1238/1238 1416/1416/1416 1237/1237/1237
f 1416/1416/1416 1410/1410/1410 1417/1417/1417
f 1410/1410/1410 1415/1415/1415 1417/1417/1417
f 1415/1415/1415 1407/1407/1407 1418/1418/1418
f 1407/1407/1407 1414/1414/1414 1418/1418/1418
f 1417/1417/1417 1415/1415/1415 1419/1419/1419
f 1415/1415/1415 1418/1418/1418 1419/1419/1419
f 1419/1419/1419 1418/1418/1418 1420/1420/1420
f 1416/1416/1416 1417/1417/1417 1421/1421/1421
f 1237/1237/1237 1416/1416/1416 1421/1421/1421
f 1417/1417/1417 1422/1422/1422 1421/1421/1421
f 1418/1418/1418 1414/1414/1414 1423/1423/1423
f 1418/1418/1418 1423/1423/1423 1420/1420/1420
f 1237/1237/1237 1421/1421/1421 1424/1424/1424
f 1232/1232/1232 1237/1237/1237 1424/1424/1424
f 1232/1232/1232 1424/1424/1424 1224/1224/1224
f 1422/1422/1422 1425/1425/1425 1421/1421/1421
f 1421/1421/1421 1425/1425/1425 1424/1424/1424
f 1422/1422/1422 1420/1420/1420 1425/1425/1425
f 1424/1424/1424 1426/1426/1426 1224/1224/1224
f 1425/1425/1425 1426/1426/1426 1424/1424/1424
f 1426/1426/1426 1412/1412/1412 1224/1224/1224
f 1425/1425/1425 1427/1427/1427 1426/1426/1426
f 1420/1420/1420 1427/1427/1427 1425/1425/1425
f 1427/1427/1427 1428/1428/1428 1426/1426/1426
f 1426/1426/1426 1428/1428/1428 1412/1412/1412
f 1428/1428/1428 1399/1399/1399 1412/1412/1412
f 1428/1428/1428 1429/1429/1429 1399/1399/1399
f 1429/1429/1429 1395/1395/1395 1399/1399/1399
f 1429/1429/1429 1420/1420/1420 1395/1395/1395
f 1420/1420/1420 1392/1392/1392 1395/1395/1395
f 1420/1420/1420 1423/1423/1423 1392/1392/1392
f 1423/1423/1423 1393/1393/1393 1392/1392/1392
f 1423/1423/1423 1430/1430/1430 1393/1393/1393
f 1430/1430/1430 1394/1394/1394 1393/1393/1393
f 1414/1414/1414 1430/1430/1430 1423/1423/1423
f 1430/1430/1430 1414/1414/1414 1394/1394/1394
f 1433/1433/1433 1432/1432/1432 1431/1431/1431
f 1434/1434/1434 1433/1433/1433 1431/1431/1431
f 1434/1434/1434 1431/1431/1431 1435/1435/1435
f 1436/1436/1436 1433/1433/1433 1434/1434/1434
f 1437/1437/1437 1434/1434/1434 1435/1435/1435
f 1437/1437/1437 1435/1435/1435 1438/1438/1438
f 1439/1439/1439 1436/1436/1436 1434/1434/1434
f 1439/1439/1439 1434/1434/1434 1437/1437/1437
f 1440/1440/1440 1436/1436/1436 1439/1439/1439
f 1441/1441/1441 1437/1437/1437 1438/1438/1438
f 1441/1441/1441 1438/1438/1438 1442/1442/1442
f 1443/1443/1443 1439/1439/1439 1437/1437/1437
f 1443/1443/1443 1437/1437/1437 1441/1441/1441
f 1444/1444/1444 1440/1440/1440 1439/1439/1439
f 1444/1444/1444 1439/1439/1439 1443/1443/1443
f 1445/1445/1445 1440/1440/1440 1444/1444/1444
f 1446/1446/1446 1445/1445/1445 1444/1444/1444
f 1446/1446/1446 1444/1444/1444 1447/1447/1447
f 1447/1447/1447 1444/1444/1444 1443/1443/1443
f 1448/1448/1448 1446/1446/1446 1447/1447/1447
f 1449/1449/1449 1441/1441/1441 1442/1442/1442
f 1449/1449/1449 1442/1442/1442 1450/1450/1450
f 1451/1451/1451 1443/1443/1443 1441/1441/1441
f 1447/1447/1447 1443/1443/1443 1451/1451/1451
f 1451/1451/1451 1441/1441/1441 1449/1449/1449
f 1448/1448/1448 1447/1447/1447 1452/1452/1452
f 1452/1452/1452 1447/1447/1447 1451/1451/1451
f 1453/1453/1453 1448/1448/1448 1452/1452/1452
f 1454/1454/1454 1449/1449/1449 1450/1450/1450
f 1454/1454/1454 1450/1450/1450 1455/1455/1455
f 1456/1456/1456 1451/1451/1451 1449/1449/1449
f 1452/1452/1452 1451/1451/1451 1456/1456/1456
f 1456/1456/1456 1449/1449/1449 1454/1454/1454
f 1453/1453/1453 1452/1452/1452 1457/1457/1457
f 1457/1457/1457 1452/1452/1452 1456/1456/1456
f 1458/1458/1458 1453/1453/1453 1457/1457/1457
f 1459/1459/1459 1454/1454/1454 1455/1455/1455
f 1459/1459/1459 1455/1455/1455 1460/1460/1460
f 1461/1461/1461 1456/1456/1456 1454/1454/1454
f 1457/1457/1457 1456/1456/1456 1461/1461/1461
f 1461/1461/1461 1454/1454/1454 1459/1459/1459
f 1458/1458/1458 1457/1457/1457 1462/1462/1462
f 1462/1462/1462 1457/1457/1457 1461/1461/1461
f 1463/1463/1463 1458/1458/1458 1462/1462/1462
f 1464/1464/1464 1459/1459/1459 1460/1460/1460
f 1464/1464/1464 1460/1460/1460 1465/1465/1465
f 1466/1466/1466 1461/1461/1461 1459/1459/1459
f 1462/1462/1462 1461/1461/1461 1466/1466/1466
f 1466/1466/1466 1459/1459/1459 1464/1464/1464
f 1463/1463/1463 1462/1462/1462 1467/1467/1467
f 1467/1467/1467 1462/1462/1462 1466/1466/1466
f 1468/1468/1468 1463/1463/1463 1467/1467/1467
f 1469/1469/1469 1464/1464/1464 1465/1465/1465
f 1469/1469/1469 1465/1465/1465 1470/1470/1470
f 1471/1471/1471 1466/1466/1466 1464/1464/1464
f 1467/1467/1467 1466/1466/1466 1471/1471/1471
f 1471/1471/1471 1464/1464/1464 1469/1469/1469
f 1468/1468/1468 1467/1467/1467 1472/1472/1472
f 1472/1472/1472 1467/1467/1467 1471/1471/1471
f 1473/1473/1473 1468/1468/1468 1472/1472/1472
f 1474/1474/1474 1469/1469/1469 1470/1470/1470
f 1474/1474/1474 1470/1470/1470 1475/1475/1475
f 1476/1476/1476 1471/1471/1471 1469/1469/1469
f 1472/1472/1472 1471/1471/1471 1476/1476/1476
f 1476/1476/1476 1469/1469/1469 1474/1474/1474
f 1473/1473/1473 1472/1472/1472 1477/1477/1477
f 1477/1477/1477 1472/1472/1472 1476/1476/1476
f 1478/1478/1478 1473/1473/1473 1477/1477/1477
f 1479/1479/1479 1474/1474/1474 1475/1475/1475
f 1479/1479/1479 1475/1475/1475 1480/1480/1480
f 1481/1481/1481 1476/1476/1476 1474/1474/1474
f 1477/1477/1477 1476/1476/1476 1481/1481/1481
f 1481/1481/1481 1474/1474/1474 1479/1479/1479
f 1478/1478/1478 1477/1477/1477 1482/1482/1482
f 1482/1482/1482 1477/1477/1477 1481/1481/1481
f 1483/1483/1483 1478/1478/1478 1482/1482/1482
f 1484/1484/1484 1479/1479/1479 1480/1480/1480
f 1484/1484/1484 1480/1480/1480 1485/1485/1485
f 1486/1486/1486 1481/1481/1481 1479/1479/1479
f 1482/1482/1482 1481/1481/1481 1486/1486/1486
f 1486/1486/1486 1479/1479/1479 1484/1484/1484
f 1483/1483/1483 1482/1482/1482 1487/1487/1487
f 1487/1487/1487 1482/1482/1482 1486/1486/1486
f 1488/1488/1488 1483/1483/1483 1487/1487/1487
f 1489/1489/1489 1484/1484/1484 1485/1485/1485
f 1489/1489/1489 1485/1485/1485 1490/1490/1490
f 1491/1491/1491 1486/1486/1486 1484/1484/1484
f 1487/1487/1487 1486/1486/1486 1491/1491/1491
f 1491/1491/1491 1484/1484/1484 1489/1489/1489
f 1488/1488/1488 1487/1487/1487 1492/1492/1492
f 1492/1492/1492 1487/1487/1487 1491/1491/1491
f 1493/1493/1493 1488/1488/1488 1492/1492/1492
f 1494/1494/1494 1489/1489/1489 1490/1490/1490
f 1494/1494/1494 1490/1490/1490 1495/1495/1495
f 1496/1496/1496 1491/1491/1491 1489/1489/1489
f 1492/1492/1492 1491/1491/1491 1496/1496/1496
f 1496/1496/1496 1489/1489/1489 1494/1494/1494
f 1493/1493/1493 1492/1492/1492 1497/1497/1497
f 1497/1497/1497 1492/1492/1492 1496/1496/1496
f 1498/1498/1498 1493/1493/1493 1497/1497/1497
f 1499/1499/1499 1494/1494/1494 1495/1495/1495
f 1499/1499/1499 1495/1495/1495 1500/1500/1500
f 1501/1501/1501 1496/1496/1496 1494/1494/1494
f 1497/1497/1497 1496/1496/1496 1501/1501/1501
f 1501/1501/1501 1494/1494/1494 1499/1499/1499
f 1498/1498/1498 1497/1497/1497 1502/1502/1502
f 1502/1502/1502 1497/1497/1497 1501/1501/1501
f 1503/1503/1503 1498/1498/1498 1502/1502/1502
f 1504/1504/1504 1499/1499/1499 1500/1500/1500
f 1504/1504/1504 1500/1500/1500 1505/1505/1505
f 1506/1506/1506 1501/1501/1501 1499/1499/1499
f 1502/1502/1502 1501/1501/1501 1506/1506/1506
f 1506/1506/1506 1499/1499/1499 1504/1504/1504
f 1503/1503/1503 1502/1502/1502 1507/1507/1507
f 1507/1507/1507 1502/1502/1502 1506/1506/1506
f 1508/1508/1508 1503/1503/1503 1507/1507/1507
f 1509/1509/1509 1504/1504/1504 1505/1505/1505
f 1509/1509/1509 1505/1505/1505 1510/1510/1510
f 1511/1511/1511 1506/1506/1506 1504/1504/1504
f 1507/1507/1507 1506/1506/1506 1511/1511/1511
f 1511/1511/1511 1504/1504/1504 1509/1509/1509
f 1508/1508/1508 1507/1507/1507 1512/1512/1512
f 1512/1512/1512 1507/1507/1507 1511/1511/1511
f 1513/1513/1513 1508/1508/1508 1512/1512/1512
f 1514/1514/1514 1509/1509/1509 1510/1510/1510
f 1514/1514/1514 1510/1510/1510 1515/1515/1515
f 1516/1516/1516 1511/1511/1511 1509/1509/1509
f 1512/1512/1512 1511/1511/1511 1516/1516/1516
f 1516/1516/1516 1509/1509/1509 1514/1514/1514
f 1513/1513/1513 1512/1512/1512 1517/1517/1517
f 1517/1517/1517 1512/1512/1512 1516/1516/1516
f 1518/1518/1518 1513/1513/1513 1517/1517/1517
f 1519/1519/1519 1514/1514/1514 1515/1515/1515
f 1519/1519/1519 1515/1515/1515 1520/1520/1520
f 1521/1521/1521 1516/1516/1516 1514/1514/1514
f 1517/1517/1517 1516/1516/1516 1521/1521/1521
f 1521/1521/1521 1514/1514/1514 1519/1519/1519
f 1518/1518/1518 1517/1517/1517 1522/1522/1522
f 1522/1522/1522 1517/1517/1517 1521/1521/1521
f 1523/1523/1523 1518/1518/1518 1522/1522/1522
f 1524/1524/1524 1519/1519/1519 1520/1520/1520
f 1524/1524/1524 1520/1520/1520 1525/1525/1525
f 1526/1526/1526 1521/1521/1521 1519/1519/1519
f 1522/1522/1522 1521/1521/1521 1526/1526/1526
f 1526/1526/1526 1519/1519/1519 1524/1524/1524
f 1523/1523/1523 1522/1522/1522 1527/1527/1527
f 1527/1527/1527 1522/1522/1522 1526/1526/1526
f 1528/1528/1528 1523/1523/1523 1527/1527/1527
f 1529/1529/1529 1524/1524/1524 1525/1525/1525
f 1529/1529/1529 1525/1525/1525 1530/1530/1530
f 1531/1531/1531 1526/1526/1526 1524/1524/1524
f 1527/1527/1527 1526/1526/1526 1531/1531/1531
f 1531/1531/1531 1524/1524/1524 1529/1529/1529
f 1528/1528/1528 1527/1527/1527 1532/1532/1532
f 1532/1532/1532 1527/1527/1527 1531/1531/1531
f 1533/1533/1533 1528/1528/1528 1532/1532/1532
f 1534/1534/1534 1529/1529/1529 1530/1530/1530
f 1534/1534/1534 1530/1530/1530 1535/1535/1535
f 1536/1536/1536 1531/1531/1531 1529/1529/1529
f 1532/1532/1532 1531/1531/1531 1536/1536/1536
f 1536/1536/1536 1529/1529/1529 1534/1534/1534
f 1533/1533/1533 1532/1532/1532 1537/1537/1537
f 1537/1537/1537 1532/1532/1532 1536/1536/1536
f 1538/1538/1538 1533/1533/1533 1537/1537/1537
f 1539/1539/1539 1534/1534/1534 1535/1535/1535
f 1539/1539/1539 1535/1535/1535 1540/1540/1540
f 1541/1541/1541 1536/1536/1536 1534/1534/1534
f 1537/1537/1537 1536/1536/1536 1541/1541/1541
f 1541/1541/1541 1534/1534/1534 1539/1539/1539
f 1538/1538/1538 1537/1537/1537 1542/1542/1542
f 1542/1542/1542 1537/1537/1537 1541/1541/1541
f 1543/1543/1543 1538/1538/1538 1542/1542/1542
f 1544/1544/1544 1539/1539/1539 1540/1540/1540
f 1544/1544/1544 1540/1540/1540 1545/1545/1545
f 1546/1546/1546 1541/1541/1541 1539/1539/1539
f 1542/1542/1542 1541/1541/1541 1546/1546/1546
f 1546/1546/1546 1539/1539/1539 1544/1544/1544
f 1543/1543/1543 1542/1542/1542 1547/1547/1547
f 1547/1547/1547 1542/1542/1542 1546/1546/1546
f 1548/1548/1548 1543/1543/1543 1547/1547/1547
f 1549/1549/1549 1544/1544/1544 1545/1545/1545
f 1549/1549/1549 1545/1545/1545 1550/1550/1550
f 1551/1551/1551 1546/1546/1546 1544/1544/1544
f 1547/1547/1547 1546/1546/1546 1551/1551/1551
f 1551/1551/1551 1544/1544/1544 1549/1549/1549
f 1548/1548/1548 1547/1547/1547 1552/1552/1552
f 1552/1552/1552 1547/1547/1547 1551/1551/1551
f 1553/1553/1553 1548/1548/1548 1552/1552/1552
f 1554/1554/1554 1549/1549/1549 1550/1550/1550
f 1554/1554/1554 1550/1550/1550 1555/1555/1555
f 1556/1556/1556 1551/1551/1551 1549/1549/1549
f 1552/1552/1552 1551/1551/1551 1556/1556/1556
f 1556/1556/1556 1549/1549/1549 1554/1554/1554
f 1553/1553/1553 1552/1552/1552 1557/1557/1557
f 1557/1557/1557 1552/1552/1552 1556/1556/1556
f 1558/1558/1558 1553/1553/1553 1557/1557/1557
f 1559/1559/1559 1554/1554/1554 1555/1555/1555
f 1559/1559/1559 1555/1555/1555 1560/1560/1560
f 1561/1561/1561 1556/1556/1556 1554/1554/1554
f 1557/1557/1557 1556/1556/1556 1561/1561/1561
f 1561/1561/1561 1554/1554/1554 1559/1559/1559
f 1558/1558/1558 1557/1557/1557 1562/1562/1562
f 1562/1562/1562 1557/1557/1557 1561/1561/1561
f 1563/1563/1563 1558/1558/1558 1562/1562/1562
f 1564/1564/1564 1559/1559/1559 1560/1560/1560
f 1564/1564/1564 1560/1560/1560 1565/1565/1565
f 1566/1566/1566 1561/1561/1561 1559/1559/1559
f 1562/1562/1562 1561/1561/1561 1566/1566/1566
f 1566/1566/1566 1559/1559/1559 1564/1564/1564
f 1563/1563/1563 1562/1562/1562 1567/1567/1567
f 1567/1567/1567 1562/1562/1562 1566/1566/1566
f 1568/1568/1568 1563/1563/1563 1567/1567/1567
f 1569/1569/1569 1564/1564/1564 1565/1565/1565
f 1569/1569/1569 1565/1565/1565 1570/1570/1570
f 1571/1571/1571 1566/1566/1566 1564/1564/1564
f 1567/1567/1567 1566/1566/1566 1571/1571/1571
f 1571/1571/1571 1564/1564/1564 1569/1569/1569
f 1568/1568/1568 1567/1567/1567 1572/1572/1572
f 1572/1572/1572 1567/1567/1567 1571/1571/1571
f 1573/1573/1573 1568/1568/1568 1572/1572/1572
f 1574/1574/1574 1569/1569/1569 1570/1570/1570
f 1574/1574/1574 1570/1570/1570 1575/1575/1575
f 1576/1576/1576 1571/1571/1571 1569/1569/1569
f 1572/1572/1572 1571/1571/1571 1576/1576/1576
f 1576/1576/1576 1569/1569/1569 1574/1574/1574
f 1573/1573/1573 1572/1572/1572 1577/1577/1577
f 1577/1577/1577 1572/1572/1572 1576/1576/1576
f 1578/1578/1578 1573/1573/1573 1577/1577/1577
f 1579/1579/1579 1574/1574/1574 1575/1575/1575
f 1579/1579/1579 1575/1575/1575 1580/1580/1580
f 1581/1581/1581 1576/1576/1576 1574/1574/1574
f 1577/1577/1577 1576/1576/1576 1581/1581/1581
f 1581/1581/1581 1574/1574/1574 1579/1579/1579
f 1578/1578/1578 1577/1577/1577 1582/1582/1582
f 1582/1582/1582 1577/1577/1577 1581/1581/1581
f 1583/1583/1583 1578/1578/1578 1582/1582/1582
f 1584/1584/1584 1579/1579/1579 1580/1580/1580
f 1584/1584/1584 1580/1580/1580 1585/1585/1585
f 1586/1586/1586 1584/1584/1584 1585/1585/1585
f 1587/1587/1587 1581/1581/1581 1579/1579/1579
f 1582/1582/1582 1581/1581/1581 1587/1587/1587
f 1587/1587/1587 1579/1579/1579 1584/1584/1584
f 1583/1583/1583 1582/1582/1582 1588/1588/1588
f 1588/1588/1588 1582/1582/1582 1587/1587/1587
f 1589/1589/1589 1583/1583/1583 1588/1588/1588
f 1590/1590/1590 1584/1584/1584 1586/1586/1586
f 1590/1590/1590 1587/1587/1587 1584/1584/1584
f 1588/1588/1588 1587/1587/1587 1590/1590/1590
f 1591/1591/1591 1590/1590/1590 1586/1586/1586
f 1589/1589/1589 1588/1588/1588 1592/1592/1592
f 1592/1592/1592 1588/1588/1588 1590/1590/1590
f 1592/1592/1592 1590/1590/1590 1591/1591/1591
f 1593/1593/1593 1589/1589/1589 1592/1592/1592
f 1594/1594/1594 1592/1592/1592 1591/1591/1591
f 1593/1593/1593 1592/1592/1592 1594/1594/1594
f 1595/1595/1595 1593/1593/1593 1594/1594/1594
f 1598/1598/1598 1597/1597/1597 1596/1596/1596
f 1599/1599/1599 1598/1598/1598 1596/1596/1596
f 1600/1600/1600 1598/1598/1598 1599/1599/1599
f 1596/1596/1596 1597/1597/1597 1601/1601/1601
f 1597/1597/1597 1602/1602/1602 1601/1601/1601
f 1603/1603/1603 1600/1600/1600 1599/1599/1599
f 1604/1604/1604 1600/1600/1600 1603/1603/1603
f 1601/1601/1601 1602/1602/1602 1605/1605/1605
f 1602/1602/1602 1606/1606/1606 1605/1605/1605
f 1607/1607/1607 1604/1604/1604 1603/1603/1603
f 1608/1608/1608 1604/1604/1604 1607/1607/1607
f 1605/1605/1605 1606/1606/1606 1609/1609/1609
f 1606/1606/1606 1610/1610/1610 1609/1609/1609
f 1611/1611/1611 1608/1608/1608 1607/1607/1607
f 1612/1612/1612 1608/1608/1608 1611/1611/1611
f 1609/1609/1609 1610/1610/1610 1613/1613/1613
f 1610/1610/1610 1614/1614/1614 1613/1613/1613
f 1615/1615/1615 1612/1612/1612 1611/1611/1611
f 1616/1616/1616 1612/1612/1612 1615/1615/1615
f 1613/1613/1613 1614/1614/1614 1617/1617/1617
f 1614/1614/1614 1618/1618/1618 1617/1617/1617
f 1619/1619/1619 1616/1616/1616 1615/1615/1615
f 1620/1620/1620 1616/1616/1616 1619/1619/1619
f 1617/1617/1617 1618/1618/1618 1621/1621/1621
f 1618/1618/1618 1622/1622/1622 1621/1621/1621
f 1623/1623/1623 1620/1620/1620 1619/1619/1619
f 1624/1624/1624 1620/1620/1620 1623/1623/1623
f 1621/1621/1621 1622/1622/1622 1625/1625/1625
f 1622/1622/1622 1626/1626/1626 1625/1625/1625
f 1626/1626/1626 1624/1624/1624 1627/1627/1627
f 1627/1627/1627 1624/1624/1624 1623/1623/1623
f 1625/1625/1625 1626/1626/1626 1627/1627/1627
f 1621/1621/1621 1625/1625/1625 1628/1628/1628
f 1628/1628/1628 1625/1625/1625 1629/1629/1629
f 1625/1625/1625 1627/1627/1627 1629/1629/1629
f 1630/1630/1630 1621/1621/1621 1628/1628/1628
f 1617/1617/1617 1621/1621/1621 1630/1630/1630
f 1631/1631/1631 1617/1617/1617 1630/1630/1630
f 1630/1630/1630 1632/1632/1632 1631/1631/1631
f 1613/1613/1613 1617/1617/1617 1631/1631/1631
f 1627/1627/1627 1623/1623/1623 1633/1633/1633
f 1629/1629/1629 1627/1627/1627 1633/1633/1633
f 1632/1632/1632 1634/1634/1634 1631/1631/1631
f 1632/1632/1632 1629/1629/1629 1634/1634/1634
f 1635/1635/1635 1613/1613/1613 1631/1631/1631
f 1631/1631/1631 1634/1634/1634 1635/1635/1635
f 1609/1609/1609 1613/1613/1613 1635/1635/1635
f 1629/1629/1629 1636/1636/1636 1634/1634/1634
f 1629/1629/1629 1633/1633/1633 1636/1636/1636
f 1633/1633/1633 1623/1623/1623 1637/1637/1637
f 1623/1623/1623 1619/1619/1619 1637/1637/1637
f 1634/1634/1634 1638/1638/1638 1635/1635/1635
f 1634/1634/1634 1636/1636/1636 1638/1638/1638
f 1639/1639/1639 1609/1609/1609 1635/1635/1635
f 1635/1635/1635 1638/1638/1638 1639/1639/1639
f 1605/1605/1605 1609/1609/1609 1639/1639/1639
f 1633/1633/1633 1640/1640/1640 1636/1636/1636
f 1633/1633/1633 1637/1637/1637 1640/1640/1640
f 1637/1637/1637 1619/1619/1619 1641/1641/1641
f 1637/1637/1637 1641/1641/1641 1640/1640/1640
f 1619/1619/1619 1615/1615/1615 1641/1641/1641
f 1636/1636/1636 1642/1642/1642 1638/1638/1638
f 1636/1636/1636 1640/1640/1640 1642/1642/1642
f 1643/1643/1643 1605/1605/1605 1639/1639/1639
f 1601/1601/1601 1605/1605/1605 1643/1643/1643
f 1638/1638/1638 1644/1644/1644 1639/1639/1639
f 1639/1639/1639 1644/1644/1644 1643/1643/1643
f 1638/1638/1638 1642/1642/1642 1644/1644/1644
f 1645/1645/1645 1601/1601/1601 1643/1643/1643
f 1644/1644/1644 1645/1645/1645 1643/1643/1643
f 1596/1596/1596 1601/1601/1601 1645/1645/1645
f 1640/1640/1640 1641/1641/1641 1646/1646/1646
f 1640/1640/1640 1646/1646/1646 1642/1642/1642
f 1641/1641/1641 1615/1615/1615 1647/1647/1647
f 1641/1641/1641 1647/1647/1647 1646/1646/1646
f 1615/1615/1615 1611/1611/1611 1647/1647/1647
f 1642/1642/1642 1648/1648/1648 1644/1644/1644
f 1644/1644/1644 1648/1648/1648 1645/1645/1645
f 1642/1642/1642 1646/1646/1646 1648/1648/1648
f 1649/1649/1649 1596/1596/1596 1645/1645/1645
f 1648/1648/1648 1649/1649/1649 1645/1645/1645
f 1599/1599/1599 1596/1596/1596 1649/1649/1649
f 1646/1646/1646 1650/1650/1650 1648/1648/1648
f 1646/1646/1646 1647/1647/1647 1650/1650/1650
f 1648/1648/1648 1650/1650/1650 1649/1649/1649
f 1647/1647/1647 1611/1611/1611 1651/1651/1651
f 1647/1647/1647 1651/1651/1651 1650/1650/1650
f 1611/1611/1611 1607/1607/1607 1651/1651/1651
f 1652/1652/1652 1599/1599/1599 1649/1649/1649
f 1650/1650/1650 1652/1652/1652 1649/1649/1649
f 1650/1650/1650 1651/1651/1651 1652/1652/1652
f 1603/1603/1603 1599/1599/1599 1652/1652/1652
f 1607/1607/1607 1603/1603/1603 1653/1653/1653
f 1651/1651/1651 1607/1607/1607 1653/1653/1653
f 1653/1653/1653 1603/1603/1603 1652/1652/1652
f 1651/1651/1651 1653/1653/1653 1652/1652/1652

